----------------------
00:00,503

Intellect
	 Rating: 139947
	 Multiplicative Factor: 8,15%
Stamina
	 Rating: 866353
	 Multiplicative Factor: 11,3%
Crit
	 Rating: 21821
	 Multiplicative Factor: 0%
	 DR Bracket: 1
	 Base: 5%
	 Effective Percent: 36,06%
	 Crit Inc Heal: 2
	 Crit Inc Damage: 2
Haste
	 Rating: 24118
	 Multiplicative Factor: 0%
	 DR Bracket: 1
	 Base: 30%
	 Effective Percent: 76,65%
Vers
	 Rating: 876
	 Multiplicative Factor: 0%
	 DR Bracket: 0
	 Base: 3%
	 Effective Percent: 4,12%
Leech
	 Rating: 3060
	 Multiplicative Factor: 0%
	 DR Bracket: 0
	 Base: 0%
	 Effective Percent: 3%
Avoidance
	 Rating: 0
	 Multiplicative Factor: 0%
	 DR Bracket: 0
	 Base: 0%
	 Effective Percent: 0%
Mastery
	 Rating: 12479
	 Multiplicative Factor: 0%
	 DR Bracket: 0
	 Base: 19,8%
	 Effective Percent: 51,89%
----------------------
00:00,526

Intellect
	 Rating: 146944
	 Multiplicative Factor: 13,56%
Stamina
	 Rating: 866353
	 Multiplicative Factor: 11,3%
Crit
	 Rating: 21821
	 Multiplicative Factor: 0%
	 DR Bracket: 1
	 Base: 5%
	 Effective Percent: 36,06%
	 Crit Inc Heal: 2
	 Crit Inc Damage: 2
Haste
	 Rating: 24118
	 Multiplicative Factor: 0%
	 DR Bracket: 1
	 Base: 30%
	 Effective Percent: 76,65%
Vers
	 Rating: 876
	 Multiplicative Factor: 0%
	 DR Bracket: 0
	 Base: 3%
	 Effective Percent: 4,12%
Leech
	 Rating: 3060
	 Multiplicative Factor: 0%
	 DR Bracket: 0
	 Base: 0%
	 Effective Percent: 3%
Avoidance
	 Rating: 0
	 Multiplicative Factor: 0%
	 DR Bracket: 0
	 Base: 0%
	 Effective Percent: 0%
Mastery
	 Rating: 12479
	 Multiplicative Factor: 0%
	 DR Bracket: 0
	 Base: 19,8%
	 Effective Percent: 51,89%
----------------------
00:00,874

Intellect
	 Rating: 146944
	 Multiplicative Factor: 13,56%
Stamina
	 Rating: 866353
	 Multiplicative Factor: 11,3%
Crit
	 Rating: 21821
	 Multiplicative Factor: 0%
	 DR Bracket: 1
	 Base: 5%
	 Effective Percent: 36,06%
	 Crit Inc Heal: 2
	 Crit Inc Damage: 2
Haste
	 Rating: 24118
	 Multiplicative Factor: 0%
	 DR Bracket: 1
	 Base: 31%
	 Effective Percent: 78,01%
Vers
	 Rating: 876
	 Multiplicative Factor: 0%
	 DR Bracket: 0
	 Base: 3%
	 Effective Percent: 4,12%
Leech
	 Rating: 3060
	 Multiplicative Factor: 0%
	 DR Bracket: 0
	 Base: 0%
	 Effective Percent: 3%
Avoidance
	 Rating: 0
	 Multiplicative Factor: 0%
	 DR Bracket: 0
	 Base: 0%
	 Effective Percent: 0%
Mastery
	 Rating: 12479
	 Multiplicative Factor: 0%
	 DR Bracket: 0
	 Base: 19,8%
	 Effective Percent: 51,89%
----------------------
00:01,885

Intellect
	 Rating: 146944
	 Multiplicative Factor: 13,56%
Stamina
	 Rating: 866353
	 Multiplicative Factor: 11,3%
Crit
	 Rating: 21821
	 Multiplicative Factor: 0%
	 DR Bracket: 1
	 Base: 5%
	 Effective Percent: 36,06%
	 Crit Inc Heal: 2
	 Crit Inc Damage: 2
Haste
	 Rating: 24118
	 Multiplicative Factor: 0%
	 DR Bracket: 1
	 Base: 59%
	 Effective Percent: 116,06%
Vers
	 Rating: 876
	 Multiplicative Factor: 0%
	 DR Bracket: 0
	 Base: 3%
	 Effective Percent: 4,12%
Leech
	 Rating: 3060
	 Multiplicative Factor: 0%
	 DR Bracket: 0
	 Base: 0%
	 Effective Percent: 3%
Avoidance
	 Rating: 0
	 Multiplicative Factor: 0%
	 DR Bracket: 0
	 Base: 0%
	 Effective Percent: 0%
Mastery
	 Rating: 12479
	 Multiplicative Factor: 0%
	 DR Bracket: 0
	 Base: 19,8%
	 Effective Percent: 51,89%
----------------------
00:02,885

Intellect
	 Rating: 146944
	 Multiplicative Factor: 13,56%
Stamina
	 Rating: 866353
	 Multiplicative Factor: 11,3%
Crit
	 Rating: 21821
	 Multiplicative Factor: 0%
	 DR Bracket: 1
	 Base: 5%
	 Effective Percent: 36,06%
	 Crit Inc Heal: 2
	 Crit Inc Damage: 2
Haste
	 Rating: 24118
	 Multiplicative Factor: 0%
	 DR Bracket: 1
	 Base: 58%
	 Effective Percent: 114,7%
Vers
	 Rating: 876
	 Multiplicative Factor: 0%
	 DR Bracket: 0
	 Base: 3%
	 Effective Percent: 4,12%
Leech
	 Rating: 3060
	 Multiplicative Factor: 0%
	 DR Bracket: 0
	 Base: 0%
	 Effective Percent: 3%
Avoidance
	 Rating: 0
	 Multiplicative Factor: 0%
	 DR Bracket: 0
	 Base: 0%
	 Effective Percent: 0%
Mastery
	 Rating: 12479
	 Multiplicative Factor: 0%
	 DR Bracket: 0
	 Base: 19,8%
	 Effective Percent: 51,89%
----------------------
00:03,894

Intellect
	 Rating: 146944
	 Multiplicative Factor: 13,56%
Stamina
	 Rating: 866353
	 Multiplicative Factor: 11,3%
Crit
	 Rating: 21821
	 Multiplicative Factor: 0%
	 DR Bracket: 1
	 Base: 5%
	 Effective Percent: 36,06%
	 Crit Inc Heal: 2
	 Crit Inc Damage: 2
Haste
	 Rating: 24118
	 Multiplicative Factor: 0%
	 DR Bracket: 1
	 Base: 57%
	 Effective Percent: 113,34%
Vers
	 Rating: 876
	 Multiplicative Factor: 0%
	 DR Bracket: 0
	 Base: 3%
	 Effective Percent: 4,12%
Leech
	 Rating: 3060
	 Multiplicative Factor: 0%
	 DR Bracket: 0
	 Base: 0%
	 Effective Percent: 3%
Avoidance
	 Rating: 0
	 Multiplicative Factor: 0%
	 DR Bracket: 0
	 Base: 0%
	 Effective Percent: 0%
Mastery
	 Rating: 12479
	 Multiplicative Factor: 0%
	 DR Bracket: 0
	 Base: 19,8%
	 Effective Percent: 51,89%
----------------------
00:04,870

Intellect
	 Rating: 146944
	 Multiplicative Factor: 13,56%
Stamina
	 Rating: 866353
	 Multiplicative Factor: 11,3%
Crit
	 Rating: 21821
	 Multiplicative Factor: 0%
	 DR Bracket: 1
	 Base: 5%
	 Effective Percent: 36,06%
	 Crit Inc Heal: 2
	 Crit Inc Damage: 2
Haste
	 Rating: 24118
	 Multiplicative Factor: 0%
	 DR Bracket: 1
	 Base: 56%
	 Effective Percent: 111,99%
Vers
	 Rating: 876
	 Multiplicative Factor: 0%
	 DR Bracket: 0
	 Base: 3%
	 Effective Percent: 4,12%
Leech
	 Rating: 3060
	 Multiplicative Factor: 0%
	 DR Bracket: 0
	 Base: 0%
	 Effective Percent: 3%
Avoidance
	 Rating: 0
	 Multiplicative Factor: 0%
	 DR Bracket: 0
	 Base: 0%
	 Effective Percent: 0%
Mastery
	 Rating: 12479
	 Multiplicative Factor: 0%
	 DR Bracket: 0
	 Base: 19,8%
	 Effective Percent: 51,89%
----------------------
00:05,880

Intellect
	 Rating: 146944
	 Multiplicative Factor: 13,56%
Stamina
	 Rating: 866353
	 Multiplicative Factor: 11,3%
Crit
	 Rating: 21821
	 Multiplicative Factor: 0%
	 DR Bracket: 1
	 Base: 5%
	 Effective Percent: 36,06%
	 Crit Inc Heal: 2
	 Crit Inc Damage: 2
Haste
	 Rating: 24118
	 Multiplicative Factor: 0%
	 DR Bracket: 1
	 Base: 55%
	 Effective Percent: 110,63%
Vers
	 Rating: 876
	 Multiplicative Factor: 0%
	 DR Bracket: 0
	 Base: 3%
	 Effective Percent: 4,12%
Leech
	 Rating: 3060
	 Multiplicative Factor: 0%
	 DR Bracket: 0
	 Base: 0%
	 Effective Percent: 3%
Avoidance
	 Rating: 0
	 Multiplicative Factor: 0%
	 DR Bracket: 0
	 Base: 0%
	 Effective Percent: 0%
Mastery
	 Rating: 12479
	 Multiplicative Factor: 0%
	 DR Bracket: 0
	 Base: 19,8%
	 Effective Percent: 51,89%
----------------------
00:06,871

Intellect
	 Rating: 146944
	 Multiplicative Factor: 13,56%
Stamina
	 Rating: 866353
	 Multiplicative Factor: 11,3%
Crit
	 Rating: 21821
	 Multiplicative Factor: 0%
	 DR Bracket: 1
	 Base: 5%
	 Effective Percent: 36,06%
	 Crit Inc Heal: 2
	 Crit Inc Damage: 2
Haste
	 Rating: 24118
	 Multiplicative Factor: 0%
	 DR Bracket: 1
	 Base: 54%
	 Effective Percent: 109,27%
Vers
	 Rating: 876
	 Multiplicative Factor: 0%
	 DR Bracket: 0
	 Base: 3%
	 Effective Percent: 4,12%
Leech
	 Rating: 3060
	 Multiplicative Factor: 0%
	 DR Bracket: 0
	 Base: 0%
	 Effective Percent: 3%
Avoidance
	 Rating: 0
	 Multiplicative Factor: 0%
	 DR Bracket: 0
	 Base: 0%
	 Effective Percent: 0%
Mastery
	 Rating: 12479
	 Multiplicative Factor: 0%
	 DR Bracket: 0
	 Base: 19,8%
	 Effective Percent: 51,89%
----------------------
00:07,869

Intellect
	 Rating: 146944
	 Multiplicative Factor: 13,56%
Stamina
	 Rating: 866353
	 Multiplicative Factor: 11,3%
Crit
	 Rating: 21821
	 Multiplicative Factor: 0%
	 DR Bracket: 1
	 Base: 5%
	 Effective Percent: 36,06%
	 Crit Inc Heal: 2
	 Crit Inc Damage: 2
Haste
	 Rating: 24118
	 Multiplicative Factor: 0%
	 DR Bracket: 1
	 Base: 53%
	 Effective Percent: 107,91%
Vers
	 Rating: 876
	 Multiplicative Factor: 0%
	 DR Bracket: 0
	 Base: 3%
	 Effective Percent: 4,12%
Leech
	 Rating: 3060
	 Multiplicative Factor: 0%
	 DR Bracket: 0
	 Base: 0%
	 Effective Percent: 3%
Avoidance
	 Rating: 0
	 Multiplicative Factor: 0%
	 DR Bracket: 0
	 Base: 0%
	 Effective Percent: 0%
Mastery
	 Rating: 12479
	 Multiplicative Factor: 0%
	 DR Bracket: 0
	 Base: 19,8%
	 Effective Percent: 51,89%
----------------------
00:08,900

Intellect
	 Rating: 146944
	 Multiplicative Factor: 13,56%
Stamina
	 Rating: 866353
	 Multiplicative Factor: 11,3%
Crit
	 Rating: 21821
	 Multiplicative Factor: 0%
	 DR Bracket: 1
	 Base: 5%
	 Effective Percent: 36,06%
	 Crit Inc Heal: 2
	 Crit Inc Damage: 2
Haste
	 Rating: 24118
	 Multiplicative Factor: 0%
	 DR Bracket: 1
	 Base: 52%
	 Effective Percent: 106,55%
Vers
	 Rating: 876
	 Multiplicative Factor: 0%
	 DR Bracket: 0
	 Base: 3%
	 Effective Percent: 4,12%
Leech
	 Rating: 3060
	 Multiplicative Factor: 0%
	 DR Bracket: 0
	 Base: 0%
	 Effective Percent: 3%
Avoidance
	 Rating: 0
	 Multiplicative Factor: 0%
	 DR Bracket: 0
	 Base: 0%
	 Effective Percent: 0%
Mastery
	 Rating: 12479
	 Multiplicative Factor: 0%
	 DR Bracket: 0
	 Base: 19,8%
	 Effective Percent: 51,89%
----------------------
00:09,878

Intellect
	 Rating: 146944
	 Multiplicative Factor: 13,56%
Stamina
	 Rating: 866353
	 Multiplicative Factor: 11,3%
Crit
	 Rating: 21821
	 Multiplicative Factor: 0%
	 DR Bracket: 1
	 Base: 5%
	 Effective Percent: 36,06%
	 Crit Inc Heal: 2
	 Crit Inc Damage: 2
Haste
	 Rating: 24118
	 Multiplicative Factor: 0%
	 DR Bracket: 1
	 Base: 51%
	 Effective Percent: 105,19%
Vers
	 Rating: 876
	 Multiplicative Factor: 0%
	 DR Bracket: 0
	 Base: 3%
	 Effective Percent: 4,12%
Leech
	 Rating: 3060
	 Multiplicative Factor: 0%
	 DR Bracket: 0
	 Base: 0%
	 Effective Percent: 3%
Avoidance
	 Rating: 0
	 Multiplicative Factor: 0%
	 DR Bracket: 0
	 Base: 0%
	 Effective Percent: 0%
Mastery
	 Rating: 12479
	 Multiplicative Factor: 0%
	 DR Bracket: 0
	 Base: 19,8%
	 Effective Percent: 51,89%
----------------------
00:10,893

Intellect
	 Rating: 146944
	 Multiplicative Factor: 13,56%
Stamina
	 Rating: 866353
	 Multiplicative Factor: 11,3%
Crit
	 Rating: 21821
	 Multiplicative Factor: 0%
	 DR Bracket: 1
	 Base: 5%
	 Effective Percent: 36,06%
	 Crit Inc Heal: 2
	 Crit Inc Damage: 2
Haste
	 Rating: 24118
	 Multiplicative Factor: 0%
	 DR Bracket: 1
	 Base: 50%
	 Effective Percent: 103,83%
Vers
	 Rating: 876
	 Multiplicative Factor: 0%
	 DR Bracket: 0
	 Base: 3%
	 Effective Percent: 4,12%
Leech
	 Rating: 3060
	 Multiplicative Factor: 0%
	 DR Bracket: 0
	 Base: 0%
	 Effective Percent: 3%
Avoidance
	 Rating: 0
	 Multiplicative Factor: 0%
	 DR Bracket: 0
	 Base: 0%
	 Effective Percent: 0%
Mastery
	 Rating: 12479
	 Multiplicative Factor: 0%
	 DR Bracket: 0
	 Base: 19,8%
	 Effective Percent: 51,89%
----------------------
00:11,874

Intellect
	 Rating: 146944
	 Multiplicative Factor: 13,56%
Stamina
	 Rating: 866353
	 Multiplicative Factor: 11,3%
Crit
	 Rating: 21821
	 Multiplicative Factor: 0%
	 DR Bracket: 1
	 Base: 5%
	 Effective Percent: 36,06%
	 Crit Inc Heal: 2
	 Crit Inc Damage: 2
Haste
	 Rating: 24118
	 Multiplicative Factor: 0%
	 DR Bracket: 1
	 Base: 49%
	 Effective Percent: 102,47%
Vers
	 Rating: 876
	 Multiplicative Factor: 0%
	 DR Bracket: 0
	 Base: 3%
	 Effective Percent: 4,12%
Leech
	 Rating: 3060
	 Multiplicative Factor: 0%
	 DR Bracket: 0
	 Base: 0%
	 Effective Percent: 3%
Avoidance
	 Rating: 0
	 Multiplicative Factor: 0%
	 DR Bracket: 0
	 Base: 0%
	 Effective Percent: 0%
Mastery
	 Rating: 12479
	 Multiplicative Factor: 0%
	 DR Bracket: 0
	 Base: 19,8%
	 Effective Percent: 51,89%
----------------------
00:12,889

Intellect
	 Rating: 146944
	 Multiplicative Factor: 13,56%
Stamina
	 Rating: 866353
	 Multiplicative Factor: 11,3%
Crit
	 Rating: 21821
	 Multiplicative Factor: 0%
	 DR Bracket: 1
	 Base: 5%
	 Effective Percent: 36,06%
	 Crit Inc Heal: 2
	 Crit Inc Damage: 2
Haste
	 Rating: 24118
	 Multiplicative Factor: 0%
	 DR Bracket: 1
	 Base: 48%
	 Effective Percent: 101,11%
Vers
	 Rating: 876
	 Multiplicative Factor: 0%
	 DR Bracket: 0
	 Base: 3%
	 Effective Percent: 4,12%
Leech
	 Rating: 3060
	 Multiplicative Factor: 0%
	 DR Bracket: 0
	 Base: 0%
	 Effective Percent: 3%
Avoidance
	 Rating: 0
	 Multiplicative Factor: 0%
	 DR Bracket: 0
	 Base: 0%
	 Effective Percent: 0%
Mastery
	 Rating: 12479
	 Multiplicative Factor: 0%
	 DR Bracket: 0
	 Base: 19,8%
	 Effective Percent: 51,89%
----------------------
00:13,891

Intellect
	 Rating: 146944
	 Multiplicative Factor: 13,56%
Stamina
	 Rating: 866353
	 Multiplicative Factor: 11,3%
Crit
	 Rating: 21821
	 Multiplicative Factor: 0%
	 DR Bracket: 1
	 Base: 5%
	 Effective Percent: 36,06%
	 Crit Inc Heal: 2
	 Crit Inc Damage: 2
Haste
	 Rating: 24118
	 Multiplicative Factor: 0%
	 DR Bracket: 1
	 Base: 47%
	 Effective Percent: 99,76%
Vers
	 Rating: 876
	 Multiplicative Factor: 0%
	 DR Bracket: 0
	 Base: 3%
	 Effective Percent: 4,12%
Leech
	 Rating: 3060
	 Multiplicative Factor: 0%
	 DR Bracket: 0
	 Base: 0%
	 Effective Percent: 3%
Avoidance
	 Rating: 0
	 Multiplicative Factor: 0%
	 DR Bracket: 0
	 Base: 0%
	 Effective Percent: 0%
Mastery
	 Rating: 12479
	 Multiplicative Factor: 0%
	 DR Bracket: 0
	 Base: 19,8%
	 Effective Percent: 51,89%
----------------------
00:14,877

Intellect
	 Rating: 146944
	 Multiplicative Factor: 13,56%
Stamina
	 Rating: 866353
	 Multiplicative Factor: 11,3%
Crit
	 Rating: 21821
	 Multiplicative Factor: 0%
	 DR Bracket: 1
	 Base: 5%
	 Effective Percent: 36,06%
	 Crit Inc Heal: 2
	 Crit Inc Damage: 2
Haste
	 Rating: 24118
	 Multiplicative Factor: 0%
	 DR Bracket: 1
	 Base: 46%
	 Effective Percent: 98,4%
Vers
	 Rating: 876
	 Multiplicative Factor: 0%
	 DR Bracket: 0
	 Base: 3%
	 Effective Percent: 4,12%
Leech
	 Rating: 3060
	 Multiplicative Factor: 0%
	 DR Bracket: 0
	 Base: 0%
	 Effective Percent: 3%
Avoidance
	 Rating: 0
	 Multiplicative Factor: 0%
	 DR Bracket: 0
	 Base: 0%
	 Effective Percent: 0%
Mastery
	 Rating: 12479
	 Multiplicative Factor: 0%
	 DR Bracket: 0
	 Base: 19,8%
	 Effective Percent: 51,89%
----------------------
00:15,881

Intellect
	 Rating: 146944
	 Multiplicative Factor: 13,56%
Stamina
	 Rating: 866353
	 Multiplicative Factor: 11,3%
Crit
	 Rating: 21821
	 Multiplicative Factor: 0%
	 DR Bracket: 1
	 Base: 5%
	 Effective Percent: 36,06%
	 Crit Inc Heal: 2
	 Crit Inc Damage: 2
Haste
	 Rating: 24118
	 Multiplicative Factor: 0%
	 DR Bracket: 1
	 Base: 45%
	 Effective Percent: 97,04%
Vers
	 Rating: 876
	 Multiplicative Factor: 0%
	 DR Bracket: 0
	 Base: 3%
	 Effective Percent: 4,12%
Leech
	 Rating: 3060
	 Multiplicative Factor: 0%
	 DR Bracket: 0
	 Base: 0%
	 Effective Percent: 3%
Avoidance
	 Rating: 0
	 Multiplicative Factor: 0%
	 DR Bracket: 0
	 Base: 0%
	 Effective Percent: 0%
Mastery
	 Rating: 12479
	 Multiplicative Factor: 0%
	 DR Bracket: 0
	 Base: 19,8%
	 Effective Percent: 51,89%
----------------------
00:16,883

Intellect
	 Rating: 146944
	 Multiplicative Factor: 13,56%
Stamina
	 Rating: 866353
	 Multiplicative Factor: 11,3%
Crit
	 Rating: 21821
	 Multiplicative Factor: 0%
	 DR Bracket: 1
	 Base: 5%
	 Effective Percent: 36,06%
	 Crit Inc Heal: 2
	 Crit Inc Damage: 2
Haste
	 Rating: 24118
	 Multiplicative Factor: 0%
	 DR Bracket: 1
	 Base: 44%
	 Effective Percent: 95,68%
Vers
	 Rating: 876
	 Multiplicative Factor: 0%
	 DR Bracket: 0
	 Base: 3%
	 Effective Percent: 4,12%
Leech
	 Rating: 3060
	 Multiplicative Factor: 0%
	 DR Bracket: 0
	 Base: 0%
	 Effective Percent: 3%
Avoidance
	 Rating: 0
	 Multiplicative Factor: 0%
	 DR Bracket: 0
	 Base: 0%
	 Effective Percent: 0%
Mastery
	 Rating: 12479
	 Multiplicative Factor: 0%
	 DR Bracket: 0
	 Base: 19,8%
	 Effective Percent: 51,89%
----------------------
00:17,894

Intellect
	 Rating: 146944
	 Multiplicative Factor: 13,56%
Stamina
	 Rating: 866353
	 Multiplicative Factor: 11,3%
Crit
	 Rating: 21821
	 Multiplicative Factor: 0%
	 DR Bracket: 1
	 Base: 5%
	 Effective Percent: 36,06%
	 Crit Inc Heal: 2
	 Crit Inc Damage: 2
Haste
	 Rating: 24118
	 Multiplicative Factor: 0%
	 DR Bracket: 1
	 Base: 43%
	 Effective Percent: 94,32%
Vers
	 Rating: 876
	 Multiplicative Factor: 0%
	 DR Bracket: 0
	 Base: 3%
	 Effective Percent: 4,12%
Leech
	 Rating: 3060
	 Multiplicative Factor: 0%
	 DR Bracket: 0
	 Base: 0%
	 Effective Percent: 3%
Avoidance
	 Rating: 0
	 Multiplicative Factor: 0%
	 DR Bracket: 0
	 Base: 0%
	 Effective Percent: 0%
Mastery
	 Rating: 12479
	 Multiplicative Factor: 0%
	 DR Bracket: 0
	 Base: 19,8%
	 Effective Percent: 51,89%
----------------------
00:18,884

Intellect
	 Rating: 146944
	 Multiplicative Factor: 13,56%
Stamina
	 Rating: 866353
	 Multiplicative Factor: 11,3%
Crit
	 Rating: 21821
	 Multiplicative Factor: 0%
	 DR Bracket: 1
	 Base: 5%
	 Effective Percent: 36,06%
	 Crit Inc Heal: 2
	 Crit Inc Damage: 2
Haste
	 Rating: 24118
	 Multiplicative Factor: 0%
	 DR Bracket: 1
	 Base: 42%
	 Effective Percent: 92,96%
Vers
	 Rating: 876
	 Multiplicative Factor: 0%
	 DR Bracket: 0
	 Base: 3%
	 Effective Percent: 4,12%
Leech
	 Rating: 3060
	 Multiplicative Factor: 0%
	 DR Bracket: 0
	 Base: 0%
	 Effective Percent: 3%
Avoidance
	 Rating: 0
	 Multiplicative Factor: 0%
	 DR Bracket: 0
	 Base: 0%
	 Effective Percent: 0%
Mastery
	 Rating: 12479
	 Multiplicative Factor: 0%
	 DR Bracket: 0
	 Base: 19,8%
	 Effective Percent: 51,89%
----------------------
00:19,902

Intellect
	 Rating: 146944
	 Multiplicative Factor: 13,56%
Stamina
	 Rating: 866353
	 Multiplicative Factor: 11,3%
Crit
	 Rating: 21821
	 Multiplicative Factor: 0%
	 DR Bracket: 1
	 Base: 5%
	 Effective Percent: 36,06%
	 Crit Inc Heal: 2
	 Crit Inc Damage: 2
Haste
	 Rating: 24118
	 Multiplicative Factor: 0%
	 DR Bracket: 1
	 Base: 41%
	 Effective Percent: 91,6%
Vers
	 Rating: 876
	 Multiplicative Factor: 0%
	 DR Bracket: 0
	 Base: 3%
	 Effective Percent: 4,12%
Leech
	 Rating: 3060
	 Multiplicative Factor: 0%
	 DR Bracket: 0
	 Base: 0%
	 Effective Percent: 3%
Avoidance
	 Rating: 0
	 Multiplicative Factor: 0%
	 DR Bracket: 0
	 Base: 0%
	 Effective Percent: 0%
Mastery
	 Rating: 12479
	 Multiplicative Factor: 0%
	 DR Bracket: 0
	 Base: 19,8%
	 Effective Percent: 51,89%
----------------------
00:20,892

Intellect
	 Rating: 146944
	 Multiplicative Factor: 13,56%
Stamina
	 Rating: 866353
	 Multiplicative Factor: 11,3%
Crit
	 Rating: 21821
	 Multiplicative Factor: 0%
	 DR Bracket: 1
	 Base: 5%
	 Effective Percent: 36,06%
	 Crit Inc Heal: 2
	 Crit Inc Damage: 2
Haste
	 Rating: 24118
	 Multiplicative Factor: 0%
	 DR Bracket: 1
	 Base: 40%
	 Effective Percent: 90,24%
Vers
	 Rating: 876
	 Multiplicative Factor: 0%
	 DR Bracket: 0
	 Base: 3%
	 Effective Percent: 4,12%
Leech
	 Rating: 3060
	 Multiplicative Factor: 0%
	 DR Bracket: 0
	 Base: 0%
	 Effective Percent: 3%
Avoidance
	 Rating: 0
	 Multiplicative Factor: 0%
	 DR Bracket: 0
	 Base: 0%
	 Effective Percent: 0%
Mastery
	 Rating: 12479
	 Multiplicative Factor: 0%
	 DR Bracket: 0
	 Base: 19,8%
	 Effective Percent: 51,89%
----------------------
00:21,884

Intellect
	 Rating: 146944
	 Multiplicative Factor: 13,56%
Stamina
	 Rating: 866353
	 Multiplicative Factor: 11,3%
Crit
	 Rating: 21821
	 Multiplicative Factor: 0%
	 DR Bracket: 1
	 Base: 5%
	 Effective Percent: 36,06%
	 Crit Inc Heal: 2
	 Crit Inc Damage: 2
Haste
	 Rating: 24118
	 Multiplicative Factor: 0%
	 DR Bracket: 1
	 Base: 39%
	 Effective Percent: 88,88%
Vers
	 Rating: 876
	 Multiplicative Factor: 0%
	 DR Bracket: 0
	 Base: 3%
	 Effective Percent: 4,12%
Leech
	 Rating: 3060
	 Multiplicative Factor: 0%
	 DR Bracket: 0
	 Base: 0%
	 Effective Percent: 3%
Avoidance
	 Rating: 0
	 Multiplicative Factor: 0%
	 DR Bracket: 0
	 Base: 0%
	 Effective Percent: 0%
Mastery
	 Rating: 12479
	 Multiplicative Factor: 0%
	 DR Bracket: 0
	 Base: 19,8%
	 Effective Percent: 51,89%
----------------------
00:22,878

Intellect
	 Rating: 146944
	 Multiplicative Factor: 13,56%
Stamina
	 Rating: 866353
	 Multiplicative Factor: 11,3%
Crit
	 Rating: 21821
	 Multiplicative Factor: 0%
	 DR Bracket: 1
	 Base: 5%
	 Effective Percent: 36,06%
	 Crit Inc Heal: 2
	 Crit Inc Damage: 2
Haste
	 Rating: 24118
	 Multiplicative Factor: 0%
	 DR Bracket: 1
	 Base: 38%
	 Effective Percent: 87,53%
Vers
	 Rating: 876
	 Multiplicative Factor: 0%
	 DR Bracket: 0
	 Base: 3%
	 Effective Percent: 4,12%
Leech
	 Rating: 3060
	 Multiplicative Factor: 0%
	 DR Bracket: 0
	 Base: 0%
	 Effective Percent: 3%
Avoidance
	 Rating: 0
	 Multiplicative Factor: 0%
	 DR Bracket: 0
	 Base: 0%
	 Effective Percent: 0%
Mastery
	 Rating: 12479
	 Multiplicative Factor: 0%
	 DR Bracket: 0
	 Base: 19,8%
	 Effective Percent: 51,89%
----------------------
00:23,882

Intellect
	 Rating: 146944
	 Multiplicative Factor: 13,56%
Stamina
	 Rating: 866353
	 Multiplicative Factor: 11,3%
Crit
	 Rating: 21821
	 Multiplicative Factor: 0%
	 DR Bracket: 1
	 Base: 5%
	 Effective Percent: 36,06%
	 Crit Inc Heal: 2
	 Crit Inc Damage: 2
Haste
	 Rating: 24118
	 Multiplicative Factor: 0%
	 DR Bracket: 1
	 Base: 37%
	 Effective Percent: 86,17%
Vers
	 Rating: 876
	 Multiplicative Factor: 0%
	 DR Bracket: 0
	 Base: 3%
	 Effective Percent: 4,12%
Leech
	 Rating: 3060
	 Multiplicative Factor: 0%
	 DR Bracket: 0
	 Base: 0%
	 Effective Percent: 3%
Avoidance
	 Rating: 0
	 Multiplicative Factor: 0%
	 DR Bracket: 0
	 Base: 0%
	 Effective Percent: 0%
Mastery
	 Rating: 12479
	 Multiplicative Factor: 0%
	 DR Bracket: 0
	 Base: 19,8%
	 Effective Percent: 51,89%
----------------------
00:24,885

Intellect
	 Rating: 146944
	 Multiplicative Factor: 13,56%
Stamina
	 Rating: 866353
	 Multiplicative Factor: 11,3%
Crit
	 Rating: 21821
	 Multiplicative Factor: 0%
	 DR Bracket: 1
	 Base: 5%
	 Effective Percent: 36,06%
	 Crit Inc Heal: 2
	 Crit Inc Damage: 2
Haste
	 Rating: 24118
	 Multiplicative Factor: 0%
	 DR Bracket: 1
	 Base: 36%
	 Effective Percent: 84,81%
Vers
	 Rating: 876
	 Multiplicative Factor: 0%
	 DR Bracket: 0
	 Base: 3%
	 Effective Percent: 4,12%
Leech
	 Rating: 3060
	 Multiplicative Factor: 0%
	 DR Bracket: 0
	 Base: 0%
	 Effective Percent: 3%
Avoidance
	 Rating: 0
	 Multiplicative Factor: 0%
	 DR Bracket: 0
	 Base: 0%
	 Effective Percent: 0%
Mastery
	 Rating: 12479
	 Multiplicative Factor: 0%
	 DR Bracket: 0
	 Base: 19,8%
	 Effective Percent: 51,89%
----------------------
00:25,887

Intellect
	 Rating: 146944
	 Multiplicative Factor: 13,56%
Stamina
	 Rating: 866353
	 Multiplicative Factor: 11,3%
Crit
	 Rating: 21821
	 Multiplicative Factor: 0%
	 DR Bracket: 1
	 Base: 5%
	 Effective Percent: 36,06%
	 Crit Inc Heal: 2
	 Crit Inc Damage: 2
Haste
	 Rating: 24118
	 Multiplicative Factor: 0%
	 DR Bracket: 1
	 Base: 35%
	 Effective Percent: 83,45%
Vers
	 Rating: 876
	 Multiplicative Factor: 0%
	 DR Bracket: 0
	 Base: 3%
	 Effective Percent: 4,12%
Leech
	 Rating: 3060
	 Multiplicative Factor: 0%
	 DR Bracket: 0
	 Base: 0%
	 Effective Percent: 3%
Avoidance
	 Rating: 0
	 Multiplicative Factor: 0%
	 DR Bracket: 0
	 Base: 0%
	 Effective Percent: 0%
Mastery
	 Rating: 12479
	 Multiplicative Factor: 0%
	 DR Bracket: 0
	 Base: 19,8%
	 Effective Percent: 51,89%
----------------------
00:26,901

Intellect
	 Rating: 146944
	 Multiplicative Factor: 13,56%
Stamina
	 Rating: 866353
	 Multiplicative Factor: 11,3%
Crit
	 Rating: 21821
	 Multiplicative Factor: 0%
	 DR Bracket: 1
	 Base: 5%
	 Effective Percent: 36,06%
	 Crit Inc Heal: 2
	 Crit Inc Damage: 2
Haste
	 Rating: 24118
	 Multiplicative Factor: 0%
	 DR Bracket: 1
	 Base: 34%
	 Effective Percent: 82,09%
Vers
	 Rating: 876
	 Multiplicative Factor: 0%
	 DR Bracket: 0
	 Base: 3%
	 Effective Percent: 4,12%
Leech
	 Rating: 3060
	 Multiplicative Factor: 0%
	 DR Bracket: 0
	 Base: 0%
	 Effective Percent: 3%
Avoidance
	 Rating: 0
	 Multiplicative Factor: 0%
	 DR Bracket: 0
	 Base: 0%
	 Effective Percent: 0%
Mastery
	 Rating: 12479
	 Multiplicative Factor: 0%
	 DR Bracket: 0
	 Base: 19,8%
	 Effective Percent: 51,89%
----------------------
00:27,876

Intellect
	 Rating: 146944
	 Multiplicative Factor: 13,56%
Stamina
	 Rating: 866353
	 Multiplicative Factor: 11,3%
Crit
	 Rating: 21821
	 Multiplicative Factor: 0%
	 DR Bracket: 1
	 Base: 5%
	 Effective Percent: 36,06%
	 Crit Inc Heal: 2
	 Crit Inc Damage: 2
Haste
	 Rating: 24118
	 Multiplicative Factor: 0%
	 DR Bracket: 1
	 Base: 33%
	 Effective Percent: 80,73%
Vers
	 Rating: 876
	 Multiplicative Factor: 0%
	 DR Bracket: 0
	 Base: 3%
	 Effective Percent: 4,12%
Leech
	 Rating: 3060
	 Multiplicative Factor: 0%
	 DR Bracket: 0
	 Base: 0%
	 Effective Percent: 3%
Avoidance
	 Rating: 0
	 Multiplicative Factor: 0%
	 DR Bracket: 0
	 Base: 0%
	 Effective Percent: 0%
Mastery
	 Rating: 12479
	 Multiplicative Factor: 0%
	 DR Bracket: 0
	 Base: 19,8%
	 Effective Percent: 51,89%
----------------------
00:28,897

Intellect
	 Rating: 146944
	 Multiplicative Factor: 13,56%
Stamina
	 Rating: 866353
	 Multiplicative Factor: 11,3%
Crit
	 Rating: 21821
	 Multiplicative Factor: 0%
	 DR Bracket: 1
	 Base: 5%
	 Effective Percent: 36,06%
	 Crit Inc Heal: 2
	 Crit Inc Damage: 2
Haste
	 Rating: 24118
	 Multiplicative Factor: 0%
	 DR Bracket: 1
	 Base: 32%
	 Effective Percent: 79,37%
Vers
	 Rating: 876
	 Multiplicative Factor: 0%
	 DR Bracket: 0
	 Base: 3%
	 Effective Percent: 4,12%
Leech
	 Rating: 3060
	 Multiplicative Factor: 0%
	 DR Bracket: 0
	 Base: 0%
	 Effective Percent: 3%
Avoidance
	 Rating: 0
	 Multiplicative Factor: 0%
	 DR Bracket: 0
	 Base: 0%
	 Effective Percent: 0%
Mastery
	 Rating: 12479
	 Multiplicative Factor: 0%
	 DR Bracket: 0
	 Base: 19,8%
	 Effective Percent: 51,89%
----------------------
00:29,884

Intellect
	 Rating: 146944
	 Multiplicative Factor: 13,56%
Stamina
	 Rating: 866353
	 Multiplicative Factor: 11,3%
Crit
	 Rating: 21821
	 Multiplicative Factor: 0%
	 DR Bracket: 1
	 Base: 5%
	 Effective Percent: 36,06%
	 Crit Inc Heal: 2
	 Crit Inc Damage: 2
Haste
	 Rating: 24118
	 Multiplicative Factor: 0%
	 DR Bracket: 1
	 Base: 31%
	 Effective Percent: 78,01%
Vers
	 Rating: 876
	 Multiplicative Factor: 0%
	 DR Bracket: 0
	 Base: 3%
	 Effective Percent: 4,12%
Leech
	 Rating: 3060
	 Multiplicative Factor: 0%
	 DR Bracket: 0
	 Base: 0%
	 Effective Percent: 3%
Avoidance
	 Rating: 0
	 Multiplicative Factor: 0%
	 DR Bracket: 0
	 Base: 0%
	 Effective Percent: 0%
Mastery
	 Rating: 12479
	 Multiplicative Factor: 0%
	 DR Bracket: 0
	 Base: 19,8%
	 Effective Percent: 51,89%
----------------------
00:29,885

Intellect
	 Rating: 139947
	 Multiplicative Factor: 8,15%
Stamina
	 Rating: 866353
	 Multiplicative Factor: 11,3%
Crit
	 Rating: 21821
	 Multiplicative Factor: 0%
	 DR Bracket: 1
	 Base: 5%
	 Effective Percent: 36,06%
	 Crit Inc Heal: 2
	 Crit Inc Damage: 2
Haste
	 Rating: 24118
	 Multiplicative Factor: 0%
	 DR Bracket: 1
	 Base: 31%
	 Effective Percent: 78,01%
Vers
	 Rating: 876
	 Multiplicative Factor: 0%
	 DR Bracket: 0
	 Base: 3%
	 Effective Percent: 4,12%
Leech
	 Rating: 3060
	 Multiplicative Factor: 0%
	 DR Bracket: 0
	 Base: 0%
	 Effective Percent: 3%
Avoidance
	 Rating: 0
	 Multiplicative Factor: 0%
	 DR Bracket: 0
	 Base: 0%
	 Effective Percent: 0%
Mastery
	 Rating: 12479
	 Multiplicative Factor: 0%
	 DR Bracket: 0
	 Base: 19,8%
	 Effective Percent: 51,89%
----------------------
00:30,879

Intellect
	 Rating: 139947
	 Multiplicative Factor: 8,15%
Stamina
	 Rating: 866353
	 Multiplicative Factor: 11,3%
Crit
	 Rating: 21821
	 Multiplicative Factor: 0%
	 DR Bracket: 1
	 Base: 5%
	 Effective Percent: 36,06%
	 Crit Inc Heal: 2
	 Crit Inc Damage: 2
Haste
	 Rating: 24118
	 Multiplicative Factor: 0%
	 DR Bracket: 1
	 Base: 30%
	 Effective Percent: 76,65%
Vers
	 Rating: 876
	 Multiplicative Factor: 0%
	 DR Bracket: 0
	 Base: 3%
	 Effective Percent: 4,12%
Leech
	 Rating: 3060
	 Multiplicative Factor: 0%
	 DR Bracket: 0
	 Base: 0%
	 Effective Percent: 3%
Avoidance
	 Rating: 0
	 Multiplicative Factor: 0%
	 DR Bracket: 0
	 Base: 0%
	 Effective Percent: 0%
Mastery
	 Rating: 12479
	 Multiplicative Factor: 0%
	 DR Bracket: 0
	 Base: 19,8%
	 Effective Percent: 51,89%
----------------------
00:37,113

Intellect
	 Rating: 139947
	 Multiplicative Factor: 8,15%
Stamina
	 Rating: 866353
	 Multiplicative Factor: 11,3%
Crit
	 Rating: 27748
	 Multiplicative Factor: 0%
	 DR Bracket: 1
	 Base: 5%
	 Effective Percent: 43,68%
	 Crit Inc Heal: 2
	 Crit Inc Damage: 2
Haste
	 Rating: 24118
	 Multiplicative Factor: 0%
	 DR Bracket: 1
	 Base: 30%
	 Effective Percent: 76,65%
Vers
	 Rating: 876
	 Multiplicative Factor: 0%
	 DR Bracket: 0
	 Base: 3%
	 Effective Percent: 4,12%
Leech
	 Rating: 3060
	 Multiplicative Factor: 0%
	 DR Bracket: 0
	 Base: 0%
	 Effective Percent: 3%
Avoidance
	 Rating: 0
	 Multiplicative Factor: 0%
	 DR Bracket: 0
	 Base: 0%
	 Effective Percent: 0%
Mastery
	 Rating: 12479
	 Multiplicative Factor: 0%
	 DR Bracket: 0
	 Base: 19,8%
	 Effective Percent: 51,89%
----------------------
00:38,073

Intellect
	 Rating: 139947
	 Multiplicative Factor: 8,15%
Stamina
	 Rating: 866353
	 Multiplicative Factor: 11,3%
Crit
	 Rating: 27748
	 Multiplicative Factor: 0%
	 DR Bracket: 1
	 Base: 5%
	 Effective Percent: 43,68%
	 Crit Inc Heal: 2
	 Crit Inc Damage: 2
Haste
	 Rating: 24118
	 Multiplicative Factor: 0%
	 DR Bracket: 1
	 Base: 60%
	 Effective Percent: 117,42%
Vers
	 Rating: 876
	 Multiplicative Factor: 0%
	 DR Bracket: 0
	 Base: 3%
	 Effective Percent: 4,12%
Leech
	 Rating: 3060
	 Multiplicative Factor: 0%
	 DR Bracket: 0
	 Base: 0%
	 Effective Percent: 3%
Avoidance
	 Rating: 0
	 Multiplicative Factor: 0%
	 DR Bracket: 0
	 Base: 0%
	 Effective Percent: 0%
Mastery
	 Rating: 12479
	 Multiplicative Factor: 0%
	 DR Bracket: 0
	 Base: 19,8%
	 Effective Percent: 51,89%
----------------------
00:38,073

Intellect
	 Rating: 139947
	 Multiplicative Factor: 8,15%
Stamina
	 Rating: 866353
	 Multiplicative Factor: 11,3%
Crit
	 Rating: 27748
	 Multiplicative Factor: 0%
	 DR Bracket: 1
	 Base: 5%
	 Effective Percent: 43,68%
	 Crit Inc Heal: 2
	 Crit Inc Damage: 2
Haste
	 Rating: 24118
	 Multiplicative Factor: 0%
	 DR Bracket: 1
	 Base: 30%
	 Effective Percent: 76,65%
Vers
	 Rating: 876
	 Multiplicative Factor: 0%
	 DR Bracket: 0
	 Base: 3%
	 Effective Percent: 4,12%
Leech
	 Rating: 3060
	 Multiplicative Factor: 0%
	 DR Bracket: 0
	 Base: 0%
	 Effective Percent: 3%
Avoidance
	 Rating: 0
	 Multiplicative Factor: 0%
	 DR Bracket: 0
	 Base: 0%
	 Effective Percent: 0%
Mastery
	 Rating: 12479
	 Multiplicative Factor: 0%
	 DR Bracket: 0
	 Base: 19,8%
	 Effective Percent: 51,89%
----------------------
00:40,528

Intellect
	 Rating: 139947
	 Multiplicative Factor: 8,15%
Stamina
	 Rating: 866353
	 Multiplicative Factor: 11,3%
Crit
	 Rating: 27748
	 Multiplicative Factor: 0%
	 DR Bracket: 1
	 Base: 5%
	 Effective Percent: 43,68%
	 Crit Inc Heal: 2
	 Crit Inc Damage: 2
Haste
	 Rating: 24118
	 Multiplicative Factor: 0%
	 DR Bracket: 1
	 Base: 0%
	 Effective Percent: 35,89%
Vers
	 Rating: 876
	 Multiplicative Factor: 0%
	 DR Bracket: 0
	 Base: 3%
	 Effective Percent: 4,12%
Leech
	 Rating: 3060
	 Multiplicative Factor: 0%
	 DR Bracket: 0
	 Base: 0%
	 Effective Percent: 3%
Avoidance
	 Rating: 0
	 Multiplicative Factor: 0%
	 DR Bracket: 0
	 Base: 0%
	 Effective Percent: 0%
Mastery
	 Rating: 12479
	 Multiplicative Factor: 0%
	 DR Bracket: 0
	 Base: 19,8%
	 Effective Percent: 51,89%
----------------------
00:47,113

Intellect
	 Rating: 139947
	 Multiplicative Factor: 8,15%
Stamina
	 Rating: 866353
	 Multiplicative Factor: 11,3%
Crit
	 Rating: 21821
	 Multiplicative Factor: 0%
	 DR Bracket: 1
	 Base: 5%
	 Effective Percent: 36,06%
	 Crit Inc Heal: 2
	 Crit Inc Damage: 2
Haste
	 Rating: 24118
	 Multiplicative Factor: 0%
	 DR Bracket: 1
	 Base: 0%
	 Effective Percent: 35,89%
Vers
	 Rating: 876
	 Multiplicative Factor: 0%
	 DR Bracket: 0
	 Base: 3%
	 Effective Percent: 4,12%
Leech
	 Rating: 3060
	 Multiplicative Factor: 0%
	 DR Bracket: 0
	 Base: 0%
	 Effective Percent: 3%
Avoidance
	 Rating: 0
	 Multiplicative Factor: 0%
	 DR Bracket: 0
	 Base: 0%
	 Effective Percent: 0%
Mastery
	 Rating: 12479
	 Multiplicative Factor: 0%
	 DR Bracket: 0
	 Base: 19,8%
	 Effective Percent: 51,89%
----------------------
00:53,241

Intellect
	 Rating: 139947
	 Multiplicative Factor: 8,15%
Stamina
	 Rating: 866353
	 Multiplicative Factor: 11,3%
Crit
	 Rating: 21821
	 Multiplicative Factor: 0%
	 DR Bracket: 1
	 Base: 5%
	 Effective Percent: 36,06%
	 Crit Inc Heal: 2
	 Crit Inc Damage: 2
Haste
	 Rating: 24118
	 Multiplicative Factor: 0%
	 DR Bracket: 1
	 Base: 1%
	 Effective Percent: 37,25%
Vers
	 Rating: 876
	 Multiplicative Factor: 0%
	 DR Bracket: 0
	 Base: 3%
	 Effective Percent: 4,12%
Leech
	 Rating: 3060
	 Multiplicative Factor: 0%
	 DR Bracket: 0
	 Base: 0%
	 Effective Percent: 3%
Avoidance
	 Rating: 0
	 Multiplicative Factor: 0%
	 DR Bracket: 0
	 Base: 0%
	 Effective Percent: 0%
Mastery
	 Rating: 12479
	 Multiplicative Factor: 0%
	 DR Bracket: 0
	 Base: 19,8%
	 Effective Percent: 51,89%
----------------------
00:53,242

Intellect
	 Rating: 146944
	 Multiplicative Factor: 13,56%
Stamina
	 Rating: 866353
	 Multiplicative Factor: 11,3%
Crit
	 Rating: 21821
	 Multiplicative Factor: 0%
	 DR Bracket: 1
	 Base: 5%
	 Effective Percent: 36,06%
	 Crit Inc Heal: 2
	 Crit Inc Damage: 2
Haste
	 Rating: 24118
	 Multiplicative Factor: 0%
	 DR Bracket: 1
	 Base: 1%
	 Effective Percent: 37,25%
Vers
	 Rating: 876
	 Multiplicative Factor: 0%
	 DR Bracket: 0
	 Base: 3%
	 Effective Percent: 4,12%
Leech
	 Rating: 3060
	 Multiplicative Factor: 0%
	 DR Bracket: 0
	 Base: 0%
	 Effective Percent: 3%
Avoidance
	 Rating: 0
	 Multiplicative Factor: 0%
	 DR Bracket: 0
	 Base: 0%
	 Effective Percent: 0%
Mastery
	 Rating: 12479
	 Multiplicative Factor: 0%
	 DR Bracket: 0
	 Base: 19,8%
	 Effective Percent: 51,89%
----------------------
00:53,480

Intellect
	 Rating: 146944
	 Multiplicative Factor: 13,56%
Stamina
	 Rating: 866353
	 Multiplicative Factor: 11,3%
Crit
	 Rating: 21821
	 Multiplicative Factor: 0%
	 DR Bracket: 1
	 Base: 5%
	 Effective Percent: 36,06%
	 Crit Inc Heal: 2
	 Crit Inc Damage: 2
Haste
	 Rating: 24118
	 Multiplicative Factor: 0%
	 DR Bracket: 1
	 Base: 10%
	 Effective Percent: 49,48%
Vers
	 Rating: 876
	 Multiplicative Factor: 0%
	 DR Bracket: 0
	 Base: 3%
	 Effective Percent: 4,12%
Leech
	 Rating: 3060
	 Multiplicative Factor: 0%
	 DR Bracket: 0
	 Base: 0%
	 Effective Percent: 3%
Avoidance
	 Rating: 0
	 Multiplicative Factor: 0%
	 DR Bracket: 0
	 Base: 0%
	 Effective Percent: 0%
Mastery
	 Rating: 12479
	 Multiplicative Factor: 0%
	 DR Bracket: 0
	 Base: 19,8%
	 Effective Percent: 51,89%
----------------------
00:53,480

Intellect
	 Rating: 146944
	 Multiplicative Factor: 13,56%
Stamina
	 Rating: 866353
	 Multiplicative Factor: 11,3%
Crit
	 Rating: 21821
	 Multiplicative Factor: 0%
	 DR Bracket: 1
	 Base: 5%
	 Effective Percent: 36,06%
	 Crit Inc Heal: 2
	 Crit Inc Damage: 2
Haste
	 Rating: 24118
	 Multiplicative Factor: 0%
	 DR Bracket: 1
	 Base: 7%
	 Effective Percent: 45,4%
Vers
	 Rating: 876
	 Multiplicative Factor: 0%
	 DR Bracket: 0
	 Base: 3%
	 Effective Percent: 4,12%
Leech
	 Rating: 3060
	 Multiplicative Factor: 0%
	 DR Bracket: 0
	 Base: 0%
	 Effective Percent: 3%
Avoidance
	 Rating: 0
	 Multiplicative Factor: 0%
	 DR Bracket: 0
	 Base: 0%
	 Effective Percent: 0%
Mastery
	 Rating: 12479
	 Multiplicative Factor: 0%
	 DR Bracket: 0
	 Base: 19,8%
	 Effective Percent: 51,89%
----------------------
00:53,480

Intellect
	 Rating: 146944
	 Multiplicative Factor: 13,56%
Stamina
	 Rating: 866353
	 Multiplicative Factor: 11,3%
Crit
	 Rating: 21821
	 Multiplicative Factor: 0%
	 DR Bracket: 1
	 Base: 5%
	 Effective Percent: 36,06%
	 Crit Inc Heal: 2
	 Crit Inc Damage: 2
Haste
	 Rating: 24118
	 Multiplicative Factor: 0%
	 DR Bracket: 1
	 Base: 10%
	 Effective Percent: 49,48%
Vers
	 Rating: 876
	 Multiplicative Factor: 0%
	 DR Bracket: 0
	 Base: 3%
	 Effective Percent: 4,12%
Leech
	 Rating: 3060
	 Multiplicative Factor: 0%
	 DR Bracket: 0
	 Base: 0%
	 Effective Percent: 3%
Avoidance
	 Rating: 0
	 Multiplicative Factor: 0%
	 DR Bracket: 0
	 Base: 0%
	 Effective Percent: 0%
Mastery
	 Rating: 12479
	 Multiplicative Factor: 0%
	 DR Bracket: 0
	 Base: 19,8%
	 Effective Percent: 51,89%
----------------------
00:00,000

Intellect
	 Rating: 146944
	 Multiplicative Factor: 13,56%
Stamina
	 Rating: 866353
	 Multiplicative Factor: 11,3%
Crit
	 Rating: 21821
	 Multiplicative Factor: 0%
	 DR Bracket: 1
	 Base: 5%
	 Effective Percent: 36,06%
	 Crit Inc Heal: 2
	 Crit Inc Damage: 2
Haste
	 Rating: 24118
	 Multiplicative Factor: 0%
	 DR Bracket: 1
	 Base: 4%
	 Effective Percent: 41,32%
Vers
	 Rating: 876
	 Multiplicative Factor: 0%
	 DR Bracket: 0
	 Base: 3%
	 Effective Percent: 4,12%
Leech
	 Rating: 3060
	 Multiplicative Factor: 0%
	 DR Bracket: 0
	 Base: 0%
	 Effective Percent: 3%
Avoidance
	 Rating: 0
	 Multiplicative Factor: 0%
	 DR Bracket: 0
	 Base: 0%
	 Effective Percent: 0%
Mastery
	 Rating: 12479
	 Multiplicative Factor: 0%
	 DR Bracket: 0
	 Base: 19,8%
	 Effective Percent: 51,89%
----------------------
00:54,238

Intellect
	 Rating: 146944
	 Multiplicative Factor: 13,56%
Stamina
	 Rating: 866353
	 Multiplicative Factor: 11,3%
Crit
	 Rating: 21821
	 Multiplicative Factor: 0%
	 DR Bracket: 1
	 Base: 5%
	 Effective Percent: 36,06%
	 Crit Inc Heal: 2
	 Crit Inc Damage: 2
Haste
	 Rating: 24118
	 Multiplicative Factor: 0%
	 DR Bracket: 1
	 Base: 32%
	 Effective Percent: 79,37%
Vers
	 Rating: 876
	 Multiplicative Factor: 0%
	 DR Bracket: 0
	 Base: 3%
	 Effective Percent: 4,12%
Leech
	 Rating: 3060
	 Multiplicative Factor: 0%
	 DR Bracket: 0
	 Base: 0%
	 Effective Percent: 3%
Avoidance
	 Rating: 0
	 Multiplicative Factor: 0%
	 DR Bracket: 0
	 Base: 0%
	 Effective Percent: 0%
Mastery
	 Rating: 12479
	 Multiplicative Factor: 0%
	 DR Bracket: 0
	 Base: 19,8%
	 Effective Percent: 51,89%
----------------------
00:55,244

Intellect
	 Rating: 146944
	 Multiplicative Factor: 13,56%
Stamina
	 Rating: 866353
	 Multiplicative Factor: 11,3%
Crit
	 Rating: 21821
	 Multiplicative Factor: 0%
	 DR Bracket: 1
	 Base: 5%
	 Effective Percent: 36,06%
	 Crit Inc Heal: 2
	 Crit Inc Damage: 2
Haste
	 Rating: 24118
	 Multiplicative Factor: 0%
	 DR Bracket: 1
	 Base: 31%
	 Effective Percent: 78,01%
Vers
	 Rating: 876
	 Multiplicative Factor: 0%
	 DR Bracket: 0
	 Base: 3%
	 Effective Percent: 4,12%
Leech
	 Rating: 3060
	 Multiplicative Factor: 0%
	 DR Bracket: 0
	 Base: 0%
	 Effective Percent: 3%
Avoidance
	 Rating: 0
	 Multiplicative Factor: 0%
	 DR Bracket: 0
	 Base: 0%
	 Effective Percent: 0%
Mastery
	 Rating: 12479
	 Multiplicative Factor: 0%
	 DR Bracket: 0
	 Base: 19,8%
	 Effective Percent: 51,89%
----------------------
00:56,243

Intellect
	 Rating: 146944
	 Multiplicative Factor: 13,56%
Stamina
	 Rating: 866353
	 Multiplicative Factor: 11,3%
Crit
	 Rating: 21821
	 Multiplicative Factor: 0%
	 DR Bracket: 1
	 Base: 5%
	 Effective Percent: 36,06%
	 Crit Inc Heal: 2
	 Crit Inc Damage: 2
Haste
	 Rating: 24118
	 Multiplicative Factor: 0%
	 DR Bracket: 1
	 Base: 30%
	 Effective Percent: 76,65%
Vers
	 Rating: 876
	 Multiplicative Factor: 0%
	 DR Bracket: 0
	 Base: 3%
	 Effective Percent: 4,12%
Leech
	 Rating: 3060
	 Multiplicative Factor: 0%
	 DR Bracket: 0
	 Base: 0%
	 Effective Percent: 3%
Avoidance
	 Rating: 0
	 Multiplicative Factor: 0%
	 DR Bracket: 0
	 Base: 0%
	 Effective Percent: 0%
Mastery
	 Rating: 12479
	 Multiplicative Factor: 0%
	 DR Bracket: 0
	 Base: 19,8%
	 Effective Percent: 51,89%
----------------------
00:57,232

Intellect
	 Rating: 146944
	 Multiplicative Factor: 13,56%
Stamina
	 Rating: 866353
	 Multiplicative Factor: 11,3%
Crit
	 Rating: 21821
	 Multiplicative Factor: 0%
	 DR Bracket: 1
	 Base: 5%
	 Effective Percent: 36,06%
	 Crit Inc Heal: 2
	 Crit Inc Damage: 2
Haste
	 Rating: 24118
	 Multiplicative Factor: 0%
	 DR Bracket: 1
	 Base: 29%
	 Effective Percent: 75,3%
Vers
	 Rating: 876
	 Multiplicative Factor: 0%
	 DR Bracket: 0
	 Base: 3%
	 Effective Percent: 4,12%
Leech
	 Rating: 3060
	 Multiplicative Factor: 0%
	 DR Bracket: 0
	 Base: 0%
	 Effective Percent: 3%
Avoidance
	 Rating: 0
	 Multiplicative Factor: 0%
	 DR Bracket: 0
	 Base: 0%
	 Effective Percent: 0%
Mastery
	 Rating: 12479
	 Multiplicative Factor: 0%
	 DR Bracket: 0
	 Base: 19,8%
	 Effective Percent: 51,89%
----------------------
00:58,245

Intellect
	 Rating: 146944
	 Multiplicative Factor: 13,56%
Stamina
	 Rating: 866353
	 Multiplicative Factor: 11,3%
Crit
	 Rating: 21821
	 Multiplicative Factor: 0%
	 DR Bracket: 1
	 Base: 5%
	 Effective Percent: 36,06%
	 Crit Inc Heal: 2
	 Crit Inc Damage: 2
Haste
	 Rating: 24118
	 Multiplicative Factor: 0%
	 DR Bracket: 1
	 Base: 28%
	 Effective Percent: 73,94%
Vers
	 Rating: 876
	 Multiplicative Factor: 0%
	 DR Bracket: 0
	 Base: 3%
	 Effective Percent: 4,12%
Leech
	 Rating: 3060
	 Multiplicative Factor: 0%
	 DR Bracket: 0
	 Base: 0%
	 Effective Percent: 3%
Avoidance
	 Rating: 0
	 Multiplicative Factor: 0%
	 DR Bracket: 0
	 Base: 0%
	 Effective Percent: 0%
Mastery
	 Rating: 12479
	 Multiplicative Factor: 0%
	 DR Bracket: 0
	 Base: 19,8%
	 Effective Percent: 51,89%
----------------------
00:59,224

Intellect
	 Rating: 146944
	 Multiplicative Factor: 13,56%
Stamina
	 Rating: 866353
	 Multiplicative Factor: 11,3%
Crit
	 Rating: 21821
	 Multiplicative Factor: 0%
	 DR Bracket: 1
	 Base: 5%
	 Effective Percent: 36,06%
	 Crit Inc Heal: 2
	 Crit Inc Damage: 2
Haste
	 Rating: 24118
	 Multiplicative Factor: 0%
	 DR Bracket: 1
	 Base: 27%
	 Effective Percent: 72,58%
Vers
	 Rating: 876
	 Multiplicative Factor: 0%
	 DR Bracket: 0
	 Base: 3%
	 Effective Percent: 4,12%
Leech
	 Rating: 3060
	 Multiplicative Factor: 0%
	 DR Bracket: 0
	 Base: 0%
	 Effective Percent: 3%
Avoidance
	 Rating: 0
	 Multiplicative Factor: 0%
	 DR Bracket: 0
	 Base: 0%
	 Effective Percent: 0%
Mastery
	 Rating: 12479
	 Multiplicative Factor: 0%
	 DR Bracket: 0
	 Base: 19,8%
	 Effective Percent: 51,89%
----------------------
01:00,237

Intellect
	 Rating: 146944
	 Multiplicative Factor: 13,56%
Stamina
	 Rating: 866353
	 Multiplicative Factor: 11,3%
Crit
	 Rating: 21821
	 Multiplicative Factor: 0%
	 DR Bracket: 1
	 Base: 5%
	 Effective Percent: 36,06%
	 Crit Inc Heal: 2
	 Crit Inc Damage: 2
Haste
	 Rating: 24118
	 Multiplicative Factor: 0%
	 DR Bracket: 1
	 Base: 26%
	 Effective Percent: 71,22%
Vers
	 Rating: 876
	 Multiplicative Factor: 0%
	 DR Bracket: 0
	 Base: 3%
	 Effective Percent: 4,12%
Leech
	 Rating: 3060
	 Multiplicative Factor: 0%
	 DR Bracket: 0
	 Base: 0%
	 Effective Percent: 3%
Avoidance
	 Rating: 0
	 Multiplicative Factor: 0%
	 DR Bracket: 0
	 Base: 0%
	 Effective Percent: 0%
Mastery
	 Rating: 12479
	 Multiplicative Factor: 0%
	 DR Bracket: 0
	 Base: 19,8%
	 Effective Percent: 51,89%
----------------------
01:01,232

Intellect
	 Rating: 146944
	 Multiplicative Factor: 13,56%
Stamina
	 Rating: 866353
	 Multiplicative Factor: 11,3%
Crit
	 Rating: 21821
	 Multiplicative Factor: 0%
	 DR Bracket: 1
	 Base: 5%
	 Effective Percent: 36,06%
	 Crit Inc Heal: 2
	 Crit Inc Damage: 2
Haste
	 Rating: 24118
	 Multiplicative Factor: 0%
	 DR Bracket: 1
	 Base: 25%
	 Effective Percent: 69,86%
Vers
	 Rating: 876
	 Multiplicative Factor: 0%
	 DR Bracket: 0
	 Base: 3%
	 Effective Percent: 4,12%
Leech
	 Rating: 3060
	 Multiplicative Factor: 0%
	 DR Bracket: 0
	 Base: 0%
	 Effective Percent: 3%
Avoidance
	 Rating: 0
	 Multiplicative Factor: 0%
	 DR Bracket: 0
	 Base: 0%
	 Effective Percent: 0%
Mastery
	 Rating: 12479
	 Multiplicative Factor: 0%
	 DR Bracket: 0
	 Base: 19,8%
	 Effective Percent: 51,89%
----------------------
01:01,501

Intellect
	 Rating: 146944
	 Multiplicative Factor: 13,56%
Stamina
	 Rating: 866353
	 Multiplicative Factor: 11,3%
Crit
	 Rating: 21821
	 Multiplicative Factor: 0%
	 DR Bracket: 1
	 Base: 5%
	 Effective Percent: 36,06%
	 Crit Inc Heal: 2
	 Crit Inc Damage: 2
Haste
	 Rating: 24118
	 Multiplicative Factor: 0%
	 DR Bracket: 1
	 Base: 22%
	 Effective Percent: 65,78%
Vers
	 Rating: 876
	 Multiplicative Factor: 0%
	 DR Bracket: 0
	 Base: 3%
	 Effective Percent: 4,12%
Leech
	 Rating: 3060
	 Multiplicative Factor: 0%
	 DR Bracket: 0
	 Base: 0%
	 Effective Percent: 3%
Avoidance
	 Rating: 0
	 Multiplicative Factor: 0%
	 DR Bracket: 0
	 Base: 0%
	 Effective Percent: 0%
Mastery
	 Rating: 12479
	 Multiplicative Factor: 0%
	 DR Bracket: 0
	 Base: 19,8%
	 Effective Percent: 51,89%
----------------------
01:02,237

Intellect
	 Rating: 146944
	 Multiplicative Factor: 13,56%
Stamina
	 Rating: 866353
	 Multiplicative Factor: 11,3%
Crit
	 Rating: 21821
	 Multiplicative Factor: 0%
	 DR Bracket: 1
	 Base: 5%
	 Effective Percent: 36,06%
	 Crit Inc Heal: 2
	 Crit Inc Damage: 2
Haste
	 Rating: 24118
	 Multiplicative Factor: 0%
	 DR Bracket: 1
	 Base: 21%
	 Effective Percent: 64,42%
Vers
	 Rating: 876
	 Multiplicative Factor: 0%
	 DR Bracket: 0
	 Base: 3%
	 Effective Percent: 4,12%
Leech
	 Rating: 3060
	 Multiplicative Factor: 0%
	 DR Bracket: 0
	 Base: 0%
	 Effective Percent: 3%
Avoidance
	 Rating: 0
	 Multiplicative Factor: 0%
	 DR Bracket: 0
	 Base: 0%
	 Effective Percent: 0%
Mastery
	 Rating: 12479
	 Multiplicative Factor: 0%
	 DR Bracket: 0
	 Base: 19,8%
	 Effective Percent: 51,89%
----------------------
01:03,253

Intellect
	 Rating: 146944
	 Multiplicative Factor: 13,56%
Stamina
	 Rating: 866353
	 Multiplicative Factor: 11,3%
Crit
	 Rating: 21821
	 Multiplicative Factor: 0%
	 DR Bracket: 1
	 Base: 5%
	 Effective Percent: 36,06%
	 Crit Inc Heal: 2
	 Crit Inc Damage: 2
Haste
	 Rating: 24118
	 Multiplicative Factor: 0%
	 DR Bracket: 1
	 Base: 20%
	 Effective Percent: 63,07%
Vers
	 Rating: 876
	 Multiplicative Factor: 0%
	 DR Bracket: 0
	 Base: 3%
	 Effective Percent: 4,12%
Leech
	 Rating: 3060
	 Multiplicative Factor: 0%
	 DR Bracket: 0
	 Base: 0%
	 Effective Percent: 3%
Avoidance
	 Rating: 0
	 Multiplicative Factor: 0%
	 DR Bracket: 0
	 Base: 0%
	 Effective Percent: 0%
Mastery
	 Rating: 12479
	 Multiplicative Factor: 0%
	 DR Bracket: 0
	 Base: 19,8%
	 Effective Percent: 51,89%
----------------------
01:04,230

Intellect
	 Rating: 146944
	 Multiplicative Factor: 13,56%
Stamina
	 Rating: 866353
	 Multiplicative Factor: 11,3%
Crit
	 Rating: 21821
	 Multiplicative Factor: 0%
	 DR Bracket: 1
	 Base: 5%
	 Effective Percent: 36,06%
	 Crit Inc Heal: 2
	 Crit Inc Damage: 2
Haste
	 Rating: 24118
	 Multiplicative Factor: 0%
	 DR Bracket: 1
	 Base: 19%
	 Effective Percent: 61,71%
Vers
	 Rating: 876
	 Multiplicative Factor: 0%
	 DR Bracket: 0
	 Base: 3%
	 Effective Percent: 4,12%
Leech
	 Rating: 3060
	 Multiplicative Factor: 0%
	 DR Bracket: 0
	 Base: 0%
	 Effective Percent: 3%
Avoidance
	 Rating: 0
	 Multiplicative Factor: 0%
	 DR Bracket: 0
	 Base: 0%
	 Effective Percent: 0%
Mastery
	 Rating: 12479
	 Multiplicative Factor: 0%
	 DR Bracket: 0
	 Base: 19,8%
	 Effective Percent: 51,89%
----------------------
01:05,235

Intellect
	 Rating: 146944
	 Multiplicative Factor: 13,56%
Stamina
	 Rating: 866353
	 Multiplicative Factor: 11,3%
Crit
	 Rating: 21821
	 Multiplicative Factor: 0%
	 DR Bracket: 1
	 Base: 5%
	 Effective Percent: 36,06%
	 Crit Inc Heal: 2
	 Crit Inc Damage: 2
Haste
	 Rating: 24118
	 Multiplicative Factor: 0%
	 DR Bracket: 1
	 Base: 18%
	 Effective Percent: 60,35%
Vers
	 Rating: 876
	 Multiplicative Factor: 0%
	 DR Bracket: 0
	 Base: 3%
	 Effective Percent: 4,12%
Leech
	 Rating: 3060
	 Multiplicative Factor: 0%
	 DR Bracket: 0
	 Base: 0%
	 Effective Percent: 3%
Avoidance
	 Rating: 0
	 Multiplicative Factor: 0%
	 DR Bracket: 0
	 Base: 0%
	 Effective Percent: 0%
Mastery
	 Rating: 12479
	 Multiplicative Factor: 0%
	 DR Bracket: 0
	 Base: 19,8%
	 Effective Percent: 51,89%
----------------------
01:06,241

Intellect
	 Rating: 146944
	 Multiplicative Factor: 13,56%
Stamina
	 Rating: 866353
	 Multiplicative Factor: 11,3%
Crit
	 Rating: 21821
	 Multiplicative Factor: 0%
	 DR Bracket: 1
	 Base: 5%
	 Effective Percent: 36,06%
	 Crit Inc Heal: 2
	 Crit Inc Damage: 2
Haste
	 Rating: 24118
	 Multiplicative Factor: 0%
	 DR Bracket: 1
	 Base: 17%
	 Effective Percent: 58,99%
Vers
	 Rating: 876
	 Multiplicative Factor: 0%
	 DR Bracket: 0
	 Base: 3%
	 Effective Percent: 4,12%
Leech
	 Rating: 3060
	 Multiplicative Factor: 0%
	 DR Bracket: 0
	 Base: 0%
	 Effective Percent: 3%
Avoidance
	 Rating: 0
	 Multiplicative Factor: 0%
	 DR Bracket: 0
	 Base: 0%
	 Effective Percent: 0%
Mastery
	 Rating: 12479
	 Multiplicative Factor: 0%
	 DR Bracket: 0
	 Base: 19,8%
	 Effective Percent: 51,89%
----------------------
01:07,231

Intellect
	 Rating: 146944
	 Multiplicative Factor: 13,56%
Stamina
	 Rating: 866353
	 Multiplicative Factor: 11,3%
Crit
	 Rating: 21821
	 Multiplicative Factor: 0%
	 DR Bracket: 1
	 Base: 5%
	 Effective Percent: 36,06%
	 Crit Inc Heal: 2
	 Crit Inc Damage: 2
Haste
	 Rating: 24118
	 Multiplicative Factor: 0%
	 DR Bracket: 1
	 Base: 16%
	 Effective Percent: 57,63%
Vers
	 Rating: 876
	 Multiplicative Factor: 0%
	 DR Bracket: 0
	 Base: 3%
	 Effective Percent: 4,12%
Leech
	 Rating: 3060
	 Multiplicative Factor: 0%
	 DR Bracket: 0
	 Base: 0%
	 Effective Percent: 3%
Avoidance
	 Rating: 0
	 Multiplicative Factor: 0%
	 DR Bracket: 0
	 Base: 0%
	 Effective Percent: 0%
Mastery
	 Rating: 12479
	 Multiplicative Factor: 0%
	 DR Bracket: 0
	 Base: 19,8%
	 Effective Percent: 51,89%
----------------------
01:08,242

Intellect
	 Rating: 146944
	 Multiplicative Factor: 13,56%
Stamina
	 Rating: 866353
	 Multiplicative Factor: 11,3%
Crit
	 Rating: 21821
	 Multiplicative Factor: 0%
	 DR Bracket: 1
	 Base: 5%
	 Effective Percent: 36,06%
	 Crit Inc Heal: 2
	 Crit Inc Damage: 2
Haste
	 Rating: 24118
	 Multiplicative Factor: 0%
	 DR Bracket: 1
	 Base: 15%
	 Effective Percent: 56,27%
Vers
	 Rating: 876
	 Multiplicative Factor: 0%
	 DR Bracket: 0
	 Base: 3%
	 Effective Percent: 4,12%
Leech
	 Rating: 3060
	 Multiplicative Factor: 0%
	 DR Bracket: 0
	 Base: 0%
	 Effective Percent: 3%
Avoidance
	 Rating: 0
	 Multiplicative Factor: 0%
	 DR Bracket: 0
	 Base: 0%
	 Effective Percent: 0%
Mastery
	 Rating: 12479
	 Multiplicative Factor: 0%
	 DR Bracket: 0
	 Base: 19,8%
	 Effective Percent: 51,89%
----------------------
01:09,246

Intellect
	 Rating: 146944
	 Multiplicative Factor: 13,56%
Stamina
	 Rating: 866353
	 Multiplicative Factor: 11,3%
Crit
	 Rating: 21821
	 Multiplicative Factor: 0%
	 DR Bracket: 1
	 Base: 5%
	 Effective Percent: 36,06%
	 Crit Inc Heal: 2
	 Crit Inc Damage: 2
Haste
	 Rating: 24118
	 Multiplicative Factor: 0%
	 DR Bracket: 1
	 Base: 14%
	 Effective Percent: 54,91%
Vers
	 Rating: 876
	 Multiplicative Factor: 0%
	 DR Bracket: 0
	 Base: 3%
	 Effective Percent: 4,12%
Leech
	 Rating: 3060
	 Multiplicative Factor: 0%
	 DR Bracket: 0
	 Base: 0%
	 Effective Percent: 3%
Avoidance
	 Rating: 0
	 Multiplicative Factor: 0%
	 DR Bracket: 0
	 Base: 0%
	 Effective Percent: 0%
Mastery
	 Rating: 12479
	 Multiplicative Factor: 0%
	 DR Bracket: 0
	 Base: 19,8%
	 Effective Percent: 51,89%
----------------------
01:10,243

Intellect
	 Rating: 146944
	 Multiplicative Factor: 13,56%
Stamina
	 Rating: 866353
	 Multiplicative Factor: 11,3%
Crit
	 Rating: 21821
	 Multiplicative Factor: 0%
	 DR Bracket: 1
	 Base: 5%
	 Effective Percent: 36,06%
	 Crit Inc Heal: 2
	 Crit Inc Damage: 2
Haste
	 Rating: 24118
	 Multiplicative Factor: 0%
	 DR Bracket: 1
	 Base: 13%
	 Effective Percent: 53,55%
Vers
	 Rating: 876
	 Multiplicative Factor: 0%
	 DR Bracket: 0
	 Base: 3%
	 Effective Percent: 4,12%
Leech
	 Rating: 3060
	 Multiplicative Factor: 0%
	 DR Bracket: 0
	 Base: 0%
	 Effective Percent: 3%
Avoidance
	 Rating: 0
	 Multiplicative Factor: 0%
	 DR Bracket: 0
	 Base: 0%
	 Effective Percent: 0%
Mastery
	 Rating: 12479
	 Multiplicative Factor: 0%
	 DR Bracket: 0
	 Base: 19,8%
	 Effective Percent: 51,89%
----------------------
01:10,531

Intellect
	 Rating: 146944
	 Multiplicative Factor: 13,56%
Stamina
	 Rating: 866353
	 Multiplicative Factor: 11,3%
Crit
	 Rating: 27748
	 Multiplicative Factor: 0%
	 DR Bracket: 1
	 Base: 5%
	 Effective Percent: 43,68%
	 Crit Inc Heal: 2
	 Crit Inc Damage: 2
Haste
	 Rating: 24118
	 Multiplicative Factor: 0%
	 DR Bracket: 1
	 Base: 13%
	 Effective Percent: 53,55%
Vers
	 Rating: 876
	 Multiplicative Factor: 0%
	 DR Bracket: 0
	 Base: 3%
	 Effective Percent: 4,12%
Leech
	 Rating: 3060
	 Multiplicative Factor: 0%
	 DR Bracket: 0
	 Base: 0%
	 Effective Percent: 3%
Avoidance
	 Rating: 0
	 Multiplicative Factor: 0%
	 DR Bracket: 0
	 Base: 0%
	 Effective Percent: 0%
Mastery
	 Rating: 12479
	 Multiplicative Factor: 0%
	 DR Bracket: 0
	 Base: 19,8%
	 Effective Percent: 51,89%
----------------------
01:11,234

Intellect
	 Rating: 146944
	 Multiplicative Factor: 13,56%
Stamina
	 Rating: 866353
	 Multiplicative Factor: 11,3%
Crit
	 Rating: 27748
	 Multiplicative Factor: 0%
	 DR Bracket: 1
	 Base: 5%
	 Effective Percent: 43,68%
	 Crit Inc Heal: 2
	 Crit Inc Damage: 2
Haste
	 Rating: 24118
	 Multiplicative Factor: 0%
	 DR Bracket: 1
	 Base: 12%
	 Effective Percent: 52,19%
Vers
	 Rating: 876
	 Multiplicative Factor: 0%
	 DR Bracket: 0
	 Base: 3%
	 Effective Percent: 4,12%
Leech
	 Rating: 3060
	 Multiplicative Factor: 0%
	 DR Bracket: 0
	 Base: 0%
	 Effective Percent: 3%
Avoidance
	 Rating: 0
	 Multiplicative Factor: 0%
	 DR Bracket: 0
	 Base: 0%
	 Effective Percent: 0%
Mastery
	 Rating: 12479
	 Multiplicative Factor: 0%
	 DR Bracket: 0
	 Base: 19,8%
	 Effective Percent: 51,89%
----------------------
01:12,242

Intellect
	 Rating: 146944
	 Multiplicative Factor: 13,56%
Stamina
	 Rating: 866353
	 Multiplicative Factor: 11,3%
Crit
	 Rating: 27748
	 Multiplicative Factor: 0%
	 DR Bracket: 1
	 Base: 5%
	 Effective Percent: 43,68%
	 Crit Inc Heal: 2
	 Crit Inc Damage: 2
Haste
	 Rating: 24118
	 Multiplicative Factor: 0%
	 DR Bracket: 1
	 Base: 11%
	 Effective Percent: 50,84%
Vers
	 Rating: 876
	 Multiplicative Factor: 0%
	 DR Bracket: 0
	 Base: 3%
	 Effective Percent: 4,12%
Leech
	 Rating: 3060
	 Multiplicative Factor: 0%
	 DR Bracket: 0
	 Base: 0%
	 Effective Percent: 3%
Avoidance
	 Rating: 0
	 Multiplicative Factor: 0%
	 DR Bracket: 0
	 Base: 0%
	 Effective Percent: 0%
Mastery
	 Rating: 12479
	 Multiplicative Factor: 0%
	 DR Bracket: 0
	 Base: 19,8%
	 Effective Percent: 51,89%
----------------------
01:13,235

Intellect
	 Rating: 146944
	 Multiplicative Factor: 13,56%
Stamina
	 Rating: 866353
	 Multiplicative Factor: 11,3%
Crit
	 Rating: 27748
	 Multiplicative Factor: 0%
	 DR Bracket: 1
	 Base: 5%
	 Effective Percent: 43,68%
	 Crit Inc Heal: 2
	 Crit Inc Damage: 2
Haste
	 Rating: 24118
	 Multiplicative Factor: 0%
	 DR Bracket: 1
	 Base: 10%
	 Effective Percent: 49,48%
Vers
	 Rating: 876
	 Multiplicative Factor: 0%
	 DR Bracket: 0
	 Base: 3%
	 Effective Percent: 4,12%
Leech
	 Rating: 3060
	 Multiplicative Factor: 0%
	 DR Bracket: 0
	 Base: 0%
	 Effective Percent: 3%
Avoidance
	 Rating: 0
	 Multiplicative Factor: 0%
	 DR Bracket: 0
	 Base: 0%
	 Effective Percent: 0%
Mastery
	 Rating: 12479
	 Multiplicative Factor: 0%
	 DR Bracket: 0
	 Base: 19,8%
	 Effective Percent: 51,89%
----------------------
01:13,262

Intellect
	 Rating: 139947
	 Multiplicative Factor: 8,15%
Stamina
	 Rating: 866353
	 Multiplicative Factor: 11,3%
Crit
	 Rating: 27748
	 Multiplicative Factor: 0%
	 DR Bracket: 1
	 Base: 5%
	 Effective Percent: 43,68%
	 Crit Inc Heal: 2
	 Crit Inc Damage: 2
Haste
	 Rating: 24118
	 Multiplicative Factor: 0%
	 DR Bracket: 1
	 Base: 10%
	 Effective Percent: 49,48%
Vers
	 Rating: 876
	 Multiplicative Factor: 0%
	 DR Bracket: 0
	 Base: 3%
	 Effective Percent: 4,12%
Leech
	 Rating: 3060
	 Multiplicative Factor: 0%
	 DR Bracket: 0
	 Base: 0%
	 Effective Percent: 3%
Avoidance
	 Rating: 0
	 Multiplicative Factor: 0%
	 DR Bracket: 0
	 Base: 0%
	 Effective Percent: 0%
Mastery
	 Rating: 12479
	 Multiplicative Factor: 0%
	 DR Bracket: 0
	 Base: 19,8%
	 Effective Percent: 51,89%
----------------------
01:13,264

Intellect
	 Rating: 146944
	 Multiplicative Factor: 13,56%
Stamina
	 Rating: 866353
	 Multiplicative Factor: 11,3%
Crit
	 Rating: 27748
	 Multiplicative Factor: 0%
	 DR Bracket: 1
	 Base: 5%
	 Effective Percent: 43,68%
	 Crit Inc Heal: 2
	 Crit Inc Damage: 2
Haste
	 Rating: 24118
	 Multiplicative Factor: 0%
	 DR Bracket: 1
	 Base: 10%
	 Effective Percent: 49,48%
Vers
	 Rating: 876
	 Multiplicative Factor: 0%
	 DR Bracket: 0
	 Base: 3%
	 Effective Percent: 4,12%
Leech
	 Rating: 3060
	 Multiplicative Factor: 0%
	 DR Bracket: 0
	 Base: 0%
	 Effective Percent: 3%
Avoidance
	 Rating: 0
	 Multiplicative Factor: 0%
	 DR Bracket: 0
	 Base: 0%
	 Effective Percent: 0%
Mastery
	 Rating: 12479
	 Multiplicative Factor: 0%
	 DR Bracket: 0
	 Base: 19,8%
	 Effective Percent: 51,89%
----------------------
01:14,256

Intellect
	 Rating: 146944
	 Multiplicative Factor: 13,56%
Stamina
	 Rating: 866353
	 Multiplicative Factor: 11,3%
Crit
	 Rating: 27748
	 Multiplicative Factor: 0%
	 DR Bracket: 1
	 Base: 5%
	 Effective Percent: 43,68%
	 Crit Inc Heal: 2
	 Crit Inc Damage: 2
Haste
	 Rating: 24118
	 Multiplicative Factor: 0%
	 DR Bracket: 1
	 Base: 9%
	 Effective Percent: 48,12%
Vers
	 Rating: 876
	 Multiplicative Factor: 0%
	 DR Bracket: 0
	 Base: 3%
	 Effective Percent: 4,12%
Leech
	 Rating: 3060
	 Multiplicative Factor: 0%
	 DR Bracket: 0
	 Base: 0%
	 Effective Percent: 3%
Avoidance
	 Rating: 0
	 Multiplicative Factor: 0%
	 DR Bracket: 0
	 Base: 0%
	 Effective Percent: 0%
Mastery
	 Rating: 12479
	 Multiplicative Factor: 0%
	 DR Bracket: 0
	 Base: 19,8%
	 Effective Percent: 51,89%
----------------------
01:15,264

Intellect
	 Rating: 146944
	 Multiplicative Factor: 13,56%
Stamina
	 Rating: 866353
	 Multiplicative Factor: 11,3%
Crit
	 Rating: 27748
	 Multiplicative Factor: 0%
	 DR Bracket: 1
	 Base: 5%
	 Effective Percent: 43,68%
	 Crit Inc Heal: 2
	 Crit Inc Damage: 2
Haste
	 Rating: 24118
	 Multiplicative Factor: 0%
	 DR Bracket: 1
	 Base: 8%
	 Effective Percent: 46,76%
Vers
	 Rating: 876
	 Multiplicative Factor: 0%
	 DR Bracket: 0
	 Base: 3%
	 Effective Percent: 4,12%
Leech
	 Rating: 3060
	 Multiplicative Factor: 0%
	 DR Bracket: 0
	 Base: 0%
	 Effective Percent: 3%
Avoidance
	 Rating: 0
	 Multiplicative Factor: 0%
	 DR Bracket: 0
	 Base: 0%
	 Effective Percent: 0%
Mastery
	 Rating: 12479
	 Multiplicative Factor: 0%
	 DR Bracket: 0
	 Base: 19,8%
	 Effective Percent: 51,89%
----------------------
01:16,243

Intellect
	 Rating: 146944
	 Multiplicative Factor: 13,56%
Stamina
	 Rating: 866353
	 Multiplicative Factor: 11,3%
Crit
	 Rating: 27748
	 Multiplicative Factor: 0%
	 DR Bracket: 1
	 Base: 5%
	 Effective Percent: 43,68%
	 Crit Inc Heal: 2
	 Crit Inc Damage: 2
Haste
	 Rating: 24118
	 Multiplicative Factor: 0%
	 DR Bracket: 1
	 Base: 7%
	 Effective Percent: 45,4%
Vers
	 Rating: 876
	 Multiplicative Factor: 0%
	 DR Bracket: 0
	 Base: 3%
	 Effective Percent: 4,12%
Leech
	 Rating: 3060
	 Multiplicative Factor: 0%
	 DR Bracket: 0
	 Base: 0%
	 Effective Percent: 3%
Avoidance
	 Rating: 0
	 Multiplicative Factor: 0%
	 DR Bracket: 0
	 Base: 0%
	 Effective Percent: 0%
Mastery
	 Rating: 12479
	 Multiplicative Factor: 0%
	 DR Bracket: 0
	 Base: 19,8%
	 Effective Percent: 51,89%
----------------------
01:17,246

Intellect
	 Rating: 146944
	 Multiplicative Factor: 13,56%
Stamina
	 Rating: 866353
	 Multiplicative Factor: 11,3%
Crit
	 Rating: 27748
	 Multiplicative Factor: 0%
	 DR Bracket: 1
	 Base: 5%
	 Effective Percent: 43,68%
	 Crit Inc Heal: 2
	 Crit Inc Damage: 2
Haste
	 Rating: 24118
	 Multiplicative Factor: 0%
	 DR Bracket: 1
	 Base: 6%
	 Effective Percent: 44,04%
Vers
	 Rating: 876
	 Multiplicative Factor: 0%
	 DR Bracket: 0
	 Base: 3%
	 Effective Percent: 4,12%
Leech
	 Rating: 3060
	 Multiplicative Factor: 0%
	 DR Bracket: 0
	 Base: 0%
	 Effective Percent: 3%
Avoidance
	 Rating: 0
	 Multiplicative Factor: 0%
	 DR Bracket: 0
	 Base: 0%
	 Effective Percent: 0%
Mastery
	 Rating: 12479
	 Multiplicative Factor: 0%
	 DR Bracket: 0
	 Base: 19,8%
	 Effective Percent: 51,89%
----------------------
01:18,228

Intellect
	 Rating: 146944
	 Multiplicative Factor: 13,56%
Stamina
	 Rating: 866353
	 Multiplicative Factor: 11,3%
Crit
	 Rating: 27748
	 Multiplicative Factor: 0%
	 DR Bracket: 1
	 Base: 5%
	 Effective Percent: 43,68%
	 Crit Inc Heal: 2
	 Crit Inc Damage: 2
Haste
	 Rating: 24118
	 Multiplicative Factor: 0%
	 DR Bracket: 1
	 Base: 5%
	 Effective Percent: 42,68%
Vers
	 Rating: 876
	 Multiplicative Factor: 0%
	 DR Bracket: 0
	 Base: 3%
	 Effective Percent: 4,12%
Leech
	 Rating: 3060
	 Multiplicative Factor: 0%
	 DR Bracket: 0
	 Base: 0%
	 Effective Percent: 3%
Avoidance
	 Rating: 0
	 Multiplicative Factor: 0%
	 DR Bracket: 0
	 Base: 0%
	 Effective Percent: 0%
Mastery
	 Rating: 12479
	 Multiplicative Factor: 0%
	 DR Bracket: 0
	 Base: 19,8%
	 Effective Percent: 51,89%
----------------------
01:19,268

Intellect
	 Rating: 146944
	 Multiplicative Factor: 13,56%
Stamina
	 Rating: 866353
	 Multiplicative Factor: 11,3%
Crit
	 Rating: 27748
	 Multiplicative Factor: 0%
	 DR Bracket: 1
	 Base: 5%
	 Effective Percent: 43,68%
	 Crit Inc Heal: 2
	 Crit Inc Damage: 2
Haste
	 Rating: 24118
	 Multiplicative Factor: 0%
	 DR Bracket: 1
	 Base: 4%
	 Effective Percent: 41,32%
Vers
	 Rating: 876
	 Multiplicative Factor: 0%
	 DR Bracket: 0
	 Base: 3%
	 Effective Percent: 4,12%
Leech
	 Rating: 3060
	 Multiplicative Factor: 0%
	 DR Bracket: 0
	 Base: 0%
	 Effective Percent: 3%
Avoidance
	 Rating: 0
	 Multiplicative Factor: 0%
	 DR Bracket: 0
	 Base: 0%
	 Effective Percent: 0%
Mastery
	 Rating: 12479
	 Multiplicative Factor: 0%
	 DR Bracket: 0
	 Base: 19,8%
	 Effective Percent: 51,89%
----------------------
01:20,241

Intellect
	 Rating: 146944
	 Multiplicative Factor: 13,56%
Stamina
	 Rating: 866353
	 Multiplicative Factor: 11,3%
Crit
	 Rating: 27748
	 Multiplicative Factor: 0%
	 DR Bracket: 1
	 Base: 5%
	 Effective Percent: 43,68%
	 Crit Inc Heal: 2
	 Crit Inc Damage: 2
Haste
	 Rating: 24118
	 Multiplicative Factor: 0%
	 DR Bracket: 1
	 Base: 3%
	 Effective Percent: 39,96%
Vers
	 Rating: 876
	 Multiplicative Factor: 0%
	 DR Bracket: 0
	 Base: 3%
	 Effective Percent: 4,12%
Leech
	 Rating: 3060
	 Multiplicative Factor: 0%
	 DR Bracket: 0
	 Base: 0%
	 Effective Percent: 3%
Avoidance
	 Rating: 0
	 Multiplicative Factor: 0%
	 DR Bracket: 0
	 Base: 0%
	 Effective Percent: 0%
Mastery
	 Rating: 12479
	 Multiplicative Factor: 0%
	 DR Bracket: 0
	 Base: 19,8%
	 Effective Percent: 51,89%
----------------------
01:20,547

Intellect
	 Rating: 146944
	 Multiplicative Factor: 13,56%
Stamina
	 Rating: 866353
	 Multiplicative Factor: 11,3%
Crit
	 Rating: 21821
	 Multiplicative Factor: 0%
	 DR Bracket: 1
	 Base: 5%
	 Effective Percent: 36,06%
	 Crit Inc Heal: 2
	 Crit Inc Damage: 2
Haste
	 Rating: 24118
	 Multiplicative Factor: 0%
	 DR Bracket: 1
	 Base: 3%
	 Effective Percent: 39,96%
Vers
	 Rating: 876
	 Multiplicative Factor: 0%
	 DR Bracket: 0
	 Base: 3%
	 Effective Percent: 4,12%
Leech
	 Rating: 3060
	 Multiplicative Factor: 0%
	 DR Bracket: 0
	 Base: 0%
	 Effective Percent: 3%
Avoidance
	 Rating: 0
	 Multiplicative Factor: 0%
	 DR Bracket: 0
	 Base: 0%
	 Effective Percent: 0%
Mastery
	 Rating: 12479
	 Multiplicative Factor: 0%
	 DR Bracket: 0
	 Base: 19,8%
	 Effective Percent: 51,89%
----------------------
01:21,241

Intellect
	 Rating: 146944
	 Multiplicative Factor: 13,56%
Stamina
	 Rating: 866353
	 Multiplicative Factor: 11,3%
Crit
	 Rating: 21821
	 Multiplicative Factor: 0%
	 DR Bracket: 1
	 Base: 5%
	 Effective Percent: 36,06%
	 Crit Inc Heal: 2
	 Crit Inc Damage: 2
Haste
	 Rating: 24118
	 Multiplicative Factor: 0%
	 DR Bracket: 1
	 Base: 2%
	 Effective Percent: 38,61%
Vers
	 Rating: 876
	 Multiplicative Factor: 0%
	 DR Bracket: 0
	 Base: 3%
	 Effective Percent: 4,12%
Leech
	 Rating: 3060
	 Multiplicative Factor: 0%
	 DR Bracket: 0
	 Base: 0%
	 Effective Percent: 3%
Avoidance
	 Rating: 0
	 Multiplicative Factor: 0%
	 DR Bracket: 0
	 Base: 0%
	 Effective Percent: 0%
Mastery
	 Rating: 12479
	 Multiplicative Factor: 0%
	 DR Bracket: 0
	 Base: 19,8%
	 Effective Percent: 51,89%
----------------------
01:22,233

Intellect
	 Rating: 146944
	 Multiplicative Factor: 13,56%
Stamina
	 Rating: 866353
	 Multiplicative Factor: 11,3%
Crit
	 Rating: 21821
	 Multiplicative Factor: 0%
	 DR Bracket: 1
	 Base: 5%
	 Effective Percent: 36,06%
	 Crit Inc Heal: 2
	 Crit Inc Damage: 2
Haste
	 Rating: 24118
	 Multiplicative Factor: 0%
	 DR Bracket: 1
	 Base: 1%
	 Effective Percent: 37,25%
Vers
	 Rating: 876
	 Multiplicative Factor: 0%
	 DR Bracket: 0
	 Base: 3%
	 Effective Percent: 4,12%
Leech
	 Rating: 3060
	 Multiplicative Factor: 0%
	 DR Bracket: 0
	 Base: 0%
	 Effective Percent: 3%
Avoidance
	 Rating: 0
	 Multiplicative Factor: 0%
	 DR Bracket: 0
	 Base: 0%
	 Effective Percent: 0%
Mastery
	 Rating: 12479
	 Multiplicative Factor: 0%
	 DR Bracket: 0
	 Base: 19,8%
	 Effective Percent: 51,89%
----------------------
01:23,263

Intellect
	 Rating: 146944
	 Multiplicative Factor: 13,56%
Stamina
	 Rating: 866353
	 Multiplicative Factor: 11,3%
Crit
	 Rating: 21821
	 Multiplicative Factor: 0%
	 DR Bracket: 1
	 Base: 5%
	 Effective Percent: 36,06%
	 Crit Inc Heal: 2
	 Crit Inc Damage: 2
Haste
	 Rating: 24118
	 Multiplicative Factor: 0%
	 DR Bracket: 1
	 Base: 0%
	 Effective Percent: 35,89%
Vers
	 Rating: 876
	 Multiplicative Factor: 0%
	 DR Bracket: 0
	 Base: 3%
	 Effective Percent: 4,12%
Leech
	 Rating: 3060
	 Multiplicative Factor: 0%
	 DR Bracket: 0
	 Base: 0%
	 Effective Percent: 3%
Avoidance
	 Rating: 0
	 Multiplicative Factor: 0%
	 DR Bracket: 0
	 Base: 0%
	 Effective Percent: 0%
Mastery
	 Rating: 12479
	 Multiplicative Factor: 0%
	 DR Bracket: 0
	 Base: 19,8%
	 Effective Percent: 51,89%
----------------------
01:31,285

Intellect
	 Rating: 139947
	 Multiplicative Factor: 8,15%
Stamina
	 Rating: 866353
	 Multiplicative Factor: 11,3%
Crit
	 Rating: 21821
	 Multiplicative Factor: 0%
	 DR Bracket: 1
	 Base: 5%
	 Effective Percent: 36,06%
	 Crit Inc Heal: 2
	 Crit Inc Damage: 2
Haste
	 Rating: 24118
	 Multiplicative Factor: 0%
	 DR Bracket: 1
	 Base: 0%
	 Effective Percent: 35,89%
Vers
	 Rating: 876
	 Multiplicative Factor: 0%
	 DR Bracket: 0
	 Base: 3%
	 Effective Percent: 4,12%
Leech
	 Rating: 3060
	 Multiplicative Factor: 0%
	 DR Bracket: 0
	 Base: 0%
	 Effective Percent: 3%
Avoidance
	 Rating: 0
	 Multiplicative Factor: 0%
	 DR Bracket: 0
	 Base: 0%
	 Effective Percent: 0%
Mastery
	 Rating: 12479
	 Multiplicative Factor: 0%
	 DR Bracket: 0
	 Base: 19,8%
	 Effective Percent: 51,89%
----------------------
01:38,147

Intellect
	 Rating: 139947
	 Multiplicative Factor: 8,15%
Stamina
	 Rating: 866353
	 Multiplicative Factor: 11,3%
Crit
	 Rating: 21821
	 Multiplicative Factor: 0%
	 DR Bracket: 1
	 Base: 5%
	 Effective Percent: 36,06%
	 Crit Inc Heal: 2
	 Crit Inc Damage: 2
Haste
	 Rating: 24118
	 Multiplicative Factor: 0%
	 DR Bracket: 1
	 Base: 3%
	 Effective Percent: 39,96%
Vers
	 Rating: 876
	 Multiplicative Factor: 0%
	 DR Bracket: 0
	 Base: 3%
	 Effective Percent: 4,12%
Leech
	 Rating: 3060
	 Multiplicative Factor: 0%
	 DR Bracket: 0
	 Base: 0%
	 Effective Percent: 3%
Avoidance
	 Rating: 0
	 Multiplicative Factor: 0%
	 DR Bracket: 0
	 Base: 0%
	 Effective Percent: 0%
Mastery
	 Rating: 12479
	 Multiplicative Factor: 0%
	 DR Bracket: 0
	 Base: 19,8%
	 Effective Percent: 51,89%
----------------------
01:38,167

Intellect
	 Rating: 139947
	 Multiplicative Factor: 8,15%
Stamina
	 Rating: 866353
	 Multiplicative Factor: 11,3%
Crit
	 Rating: 21821
	 Multiplicative Factor: 0%
	 DR Bracket: 1
	 Base: 5%
	 Effective Percent: 36,06%
	 Crit Inc Heal: 2
	 Crit Inc Damage: 2
Haste
	 Rating: 24118
	 Multiplicative Factor: 0%
	 DR Bracket: 1
	 Base: 6%
	 Effective Percent: 44,04%
Vers
	 Rating: 876
	 Multiplicative Factor: 0%
	 DR Bracket: 0
	 Base: 3%
	 Effective Percent: 4,12%
Leech
	 Rating: 3060
	 Multiplicative Factor: 0%
	 DR Bracket: 0
	 Base: 0%
	 Effective Percent: 3%
Avoidance
	 Rating: 0
	 Multiplicative Factor: 0%
	 DR Bracket: 0
	 Base: 0%
	 Effective Percent: 0%
Mastery
	 Rating: 12479
	 Multiplicative Factor: 0%
	 DR Bracket: 0
	 Base: 19,8%
	 Effective Percent: 51,89%
----------------------
01:38,168

Intellect
	 Rating: 139947
	 Multiplicative Factor: 8,15%
Stamina
	 Rating: 866353
	 Multiplicative Factor: 11,3%
Crit
	 Rating: 21821
	 Multiplicative Factor: 0%
	 DR Bracket: 1
	 Base: 5%
	 Effective Percent: 36,06%
	 Crit Inc Heal: 2
	 Crit Inc Damage: 2
Haste
	 Rating: 24118
	 Multiplicative Factor: 0%
	 DR Bracket: 1
	 Base: 9%
	 Effective Percent: 48,12%
Vers
	 Rating: 876
	 Multiplicative Factor: 0%
	 DR Bracket: 0
	 Base: 3%
	 Effective Percent: 4,12%
Leech
	 Rating: 3060
	 Multiplicative Factor: 0%
	 DR Bracket: 0
	 Base: 0%
	 Effective Percent: 3%
Avoidance
	 Rating: 0
	 Multiplicative Factor: 0%
	 DR Bracket: 0
	 Base: 0%
	 Effective Percent: 0%
Mastery
	 Rating: 12479
	 Multiplicative Factor: 0%
	 DR Bracket: 0
	 Base: 19,8%
	 Effective Percent: 51,89%
----------------------
01:46,166

Intellect
	 Rating: 139947
	 Multiplicative Factor: 8,15%
Stamina
	 Rating: 866353
	 Multiplicative Factor: 11,3%
Crit
	 Rating: 21821
	 Multiplicative Factor: 0%
	 DR Bracket: 1
	 Base: 5%
	 Effective Percent: 36,06%
	 Crit Inc Heal: 2
	 Crit Inc Damage: 2
Haste
	 Rating: 24118
	 Multiplicative Factor: 0%
	 DR Bracket: 1
	 Base: 0%
	 Effective Percent: 35,89%
Vers
	 Rating: 876
	 Multiplicative Factor: 0%
	 DR Bracket: 0
	 Base: 3%
	 Effective Percent: 4,12%
Leech
	 Rating: 3060
	 Multiplicative Factor: 0%
	 DR Bracket: 0
	 Base: 0%
	 Effective Percent: 3%
Avoidance
	 Rating: 0
	 Multiplicative Factor: 0%
	 DR Bracket: 0
	 Base: 0%
	 Effective Percent: 0%
Mastery
	 Rating: 12479
	 Multiplicative Factor: 0%
	 DR Bracket: 0
	 Base: 19,8%
	 Effective Percent: 51,89%
----------------------
01:47,248

Intellect
	 Rating: 139947
	 Multiplicative Factor: 8,15%
Stamina
	 Rating: 866353
	 Multiplicative Factor: 11,3%
Crit
	 Rating: 21821
	 Multiplicative Factor: 0%
	 DR Bracket: 1
	 Base: 5%
	 Effective Percent: 36,06%
	 Crit Inc Heal: 2
	 Crit Inc Damage: 2
Haste
	 Rating: 24118
	 Multiplicative Factor: 0%
	 DR Bracket: 1
	 Base: 1%
	 Effective Percent: 37,25%
Vers
	 Rating: 876
	 Multiplicative Factor: 0%
	 DR Bracket: 0
	 Base: 3%
	 Effective Percent: 4,12%
Leech
	 Rating: 3060
	 Multiplicative Factor: 0%
	 DR Bracket: 0
	 Base: 0%
	 Effective Percent: 3%
Avoidance
	 Rating: 0
	 Multiplicative Factor: 0%
	 DR Bracket: 0
	 Base: 0%
	 Effective Percent: 0%
Mastery
	 Rating: 12479
	 Multiplicative Factor: 0%
	 DR Bracket: 0
	 Base: 19,8%
	 Effective Percent: 51,89%
----------------------
01:47,249

Intellect
	 Rating: 146944
	 Multiplicative Factor: 13,56%
Stamina
	 Rating: 866353
	 Multiplicative Factor: 11,3%
Crit
	 Rating: 21821
	 Multiplicative Factor: 0%
	 DR Bracket: 1
	 Base: 5%
	 Effective Percent: 36,06%
	 Crit Inc Heal: 2
	 Crit Inc Damage: 2
Haste
	 Rating: 24118
	 Multiplicative Factor: 0%
	 DR Bracket: 1
	 Base: 1%
	 Effective Percent: 37,25%
Vers
	 Rating: 876
	 Multiplicative Factor: 0%
	 DR Bracket: 0
	 Base: 3%
	 Effective Percent: 4,12%
Leech
	 Rating: 3060
	 Multiplicative Factor: 0%
	 DR Bracket: 0
	 Base: 0%
	 Effective Percent: 3%
Avoidance
	 Rating: 0
	 Multiplicative Factor: 0%
	 DR Bracket: 0
	 Base: 0%
	 Effective Percent: 0%
Mastery
	 Rating: 12479
	 Multiplicative Factor: 0%
	 DR Bracket: 0
	 Base: 19,8%
	 Effective Percent: 51,89%
----------------------
01:48,249

Intellect
	 Rating: 146944
	 Multiplicative Factor: 13,56%
Stamina
	 Rating: 866353
	 Multiplicative Factor: 11,3%
Crit
	 Rating: 21821
	 Multiplicative Factor: 0%
	 DR Bracket: 1
	 Base: 5%
	 Effective Percent: 36,06%
	 Crit Inc Heal: 2
	 Crit Inc Damage: 2
Haste
	 Rating: 24118
	 Multiplicative Factor: 0%
	 DR Bracket: 1
	 Base: 29%
	 Effective Percent: 75,3%
Vers
	 Rating: 876
	 Multiplicative Factor: 0%
	 DR Bracket: 0
	 Base: 3%
	 Effective Percent: 4,12%
Leech
	 Rating: 3060
	 Multiplicative Factor: 0%
	 DR Bracket: 0
	 Base: 0%
	 Effective Percent: 3%
Avoidance
	 Rating: 0
	 Multiplicative Factor: 0%
	 DR Bracket: 0
	 Base: 0%
	 Effective Percent: 0%
Mastery
	 Rating: 12479
	 Multiplicative Factor: 0%
	 DR Bracket: 0
	 Base: 19,8%
	 Effective Percent: 51,89%
----------------------
01:49,253

Intellect
	 Rating: 146944
	 Multiplicative Factor: 13,56%
Stamina
	 Rating: 866353
	 Multiplicative Factor: 11,3%
Crit
	 Rating: 21821
	 Multiplicative Factor: 0%
	 DR Bracket: 1
	 Base: 5%
	 Effective Percent: 36,06%
	 Crit Inc Heal: 2
	 Crit Inc Damage: 2
Haste
	 Rating: 24118
	 Multiplicative Factor: 0%
	 DR Bracket: 1
	 Base: 28%
	 Effective Percent: 73,94%
Vers
	 Rating: 876
	 Multiplicative Factor: 0%
	 DR Bracket: 0
	 Base: 3%
	 Effective Percent: 4,12%
Leech
	 Rating: 3060
	 Multiplicative Factor: 0%
	 DR Bracket: 0
	 Base: 0%
	 Effective Percent: 3%
Avoidance
	 Rating: 0
	 Multiplicative Factor: 0%
	 DR Bracket: 0
	 Base: 0%
	 Effective Percent: 0%
Mastery
	 Rating: 12479
	 Multiplicative Factor: 0%
	 DR Bracket: 0
	 Base: 19,8%
	 Effective Percent: 51,89%
----------------------
01:50,254

Intellect
	 Rating: 146944
	 Multiplicative Factor: 13,56%
Stamina
	 Rating: 866353
	 Multiplicative Factor: 11,3%
Crit
	 Rating: 21821
	 Multiplicative Factor: 0%
	 DR Bracket: 1
	 Base: 5%
	 Effective Percent: 36,06%
	 Crit Inc Heal: 2
	 Crit Inc Damage: 2
Haste
	 Rating: 24118
	 Multiplicative Factor: 0%
	 DR Bracket: 1
	 Base: 27%
	 Effective Percent: 72,58%
Vers
	 Rating: 876
	 Multiplicative Factor: 0%
	 DR Bracket: 0
	 Base: 3%
	 Effective Percent: 4,12%
Leech
	 Rating: 3060
	 Multiplicative Factor: 0%
	 DR Bracket: 0
	 Base: 0%
	 Effective Percent: 3%
Avoidance
	 Rating: 0
	 Multiplicative Factor: 0%
	 DR Bracket: 0
	 Base: 0%
	 Effective Percent: 0%
Mastery
	 Rating: 12479
	 Multiplicative Factor: 0%
	 DR Bracket: 0
	 Base: 19,8%
	 Effective Percent: 51,89%
----------------------
01:51,261

Intellect
	 Rating: 146944
	 Multiplicative Factor: 13,56%
Stamina
	 Rating: 866353
	 Multiplicative Factor: 11,3%
Crit
	 Rating: 21821
	 Multiplicative Factor: 0%
	 DR Bracket: 1
	 Base: 5%
	 Effective Percent: 36,06%
	 Crit Inc Heal: 2
	 Crit Inc Damage: 2
Haste
	 Rating: 24118
	 Multiplicative Factor: 0%
	 DR Bracket: 1
	 Base: 26%
	 Effective Percent: 71,22%
Vers
	 Rating: 876
	 Multiplicative Factor: 0%
	 DR Bracket: 0
	 Base: 3%
	 Effective Percent: 4,12%
Leech
	 Rating: 3060
	 Multiplicative Factor: 0%
	 DR Bracket: 0
	 Base: 0%
	 Effective Percent: 3%
Avoidance
	 Rating: 0
	 Multiplicative Factor: 0%
	 DR Bracket: 0
	 Base: 0%
	 Effective Percent: 0%
Mastery
	 Rating: 12479
	 Multiplicative Factor: 0%
	 DR Bracket: 0
	 Base: 19,8%
	 Effective Percent: 51,89%
----------------------
01:52,255

Intellect
	 Rating: 146944
	 Multiplicative Factor: 13,56%
Stamina
	 Rating: 866353
	 Multiplicative Factor: 11,3%
Crit
	 Rating: 21821
	 Multiplicative Factor: 0%
	 DR Bracket: 1
	 Base: 5%
	 Effective Percent: 36,06%
	 Crit Inc Heal: 2
	 Crit Inc Damage: 2
Haste
	 Rating: 24118
	 Multiplicative Factor: 0%
	 DR Bracket: 1
	 Base: 25%
	 Effective Percent: 69,86%
Vers
	 Rating: 876
	 Multiplicative Factor: 0%
	 DR Bracket: 0
	 Base: 3%
	 Effective Percent: 4,12%
Leech
	 Rating: 3060
	 Multiplicative Factor: 0%
	 DR Bracket: 0
	 Base: 0%
	 Effective Percent: 3%
Avoidance
	 Rating: 0
	 Multiplicative Factor: 0%
	 DR Bracket: 0
	 Base: 0%
	 Effective Percent: 0%
Mastery
	 Rating: 12479
	 Multiplicative Factor: 0%
	 DR Bracket: 0
	 Base: 19,8%
	 Effective Percent: 51,89%
----------------------
01:53,251

Intellect
	 Rating: 146944
	 Multiplicative Factor: 13,56%
Stamina
	 Rating: 866353
	 Multiplicative Factor: 11,3%
Crit
	 Rating: 21821
	 Multiplicative Factor: 0%
	 DR Bracket: 1
	 Base: 5%
	 Effective Percent: 36,06%
	 Crit Inc Heal: 2
	 Crit Inc Damage: 2
Haste
	 Rating: 24118
	 Multiplicative Factor: 0%
	 DR Bracket: 1
	 Base: 24%
	 Effective Percent: 68,5%
Vers
	 Rating: 876
	 Multiplicative Factor: 0%
	 DR Bracket: 0
	 Base: 3%
	 Effective Percent: 4,12%
Leech
	 Rating: 3060
	 Multiplicative Factor: 0%
	 DR Bracket: 0
	 Base: 0%
	 Effective Percent: 3%
Avoidance
	 Rating: 0
	 Multiplicative Factor: 0%
	 DR Bracket: 0
	 Base: 0%
	 Effective Percent: 0%
Mastery
	 Rating: 12479
	 Multiplicative Factor: 0%
	 DR Bracket: 0
	 Base: 19,8%
	 Effective Percent: 51,89%
----------------------
01:54,257

Intellect
	 Rating: 146944
	 Multiplicative Factor: 13,56%
Stamina
	 Rating: 866353
	 Multiplicative Factor: 11,3%
Crit
	 Rating: 21821
	 Multiplicative Factor: 0%
	 DR Bracket: 1
	 Base: 5%
	 Effective Percent: 36,06%
	 Crit Inc Heal: 2
	 Crit Inc Damage: 2
Haste
	 Rating: 24118
	 Multiplicative Factor: 0%
	 DR Bracket: 1
	 Base: 23%
	 Effective Percent: 67,14%
Vers
	 Rating: 876
	 Multiplicative Factor: 0%
	 DR Bracket: 0
	 Base: 3%
	 Effective Percent: 4,12%
Leech
	 Rating: 3060
	 Multiplicative Factor: 0%
	 DR Bracket: 0
	 Base: 0%
	 Effective Percent: 3%
Avoidance
	 Rating: 0
	 Multiplicative Factor: 0%
	 DR Bracket: 0
	 Base: 0%
	 Effective Percent: 0%
Mastery
	 Rating: 12479
	 Multiplicative Factor: 0%
	 DR Bracket: 0
	 Base: 19,8%
	 Effective Percent: 51,89%
----------------------
01:55,260

Intellect
	 Rating: 146944
	 Multiplicative Factor: 13,56%
Stamina
	 Rating: 866353
	 Multiplicative Factor: 11,3%
Crit
	 Rating: 21821
	 Multiplicative Factor: 0%
	 DR Bracket: 1
	 Base: 5%
	 Effective Percent: 36,06%
	 Crit Inc Heal: 2
	 Crit Inc Damage: 2
Haste
	 Rating: 24118
	 Multiplicative Factor: 0%
	 DR Bracket: 1
	 Base: 22%
	 Effective Percent: 65,78%
Vers
	 Rating: 876
	 Multiplicative Factor: 0%
	 DR Bracket: 0
	 Base: 3%
	 Effective Percent: 4,12%
Leech
	 Rating: 3060
	 Multiplicative Factor: 0%
	 DR Bracket: 0
	 Base: 0%
	 Effective Percent: 3%
Avoidance
	 Rating: 0
	 Multiplicative Factor: 0%
	 DR Bracket: 0
	 Base: 0%
	 Effective Percent: 0%
Mastery
	 Rating: 12479
	 Multiplicative Factor: 0%
	 DR Bracket: 0
	 Base: 19,8%
	 Effective Percent: 51,89%
----------------------
01:56,252

Intellect
	 Rating: 146944
	 Multiplicative Factor: 13,56%
Stamina
	 Rating: 866353
	 Multiplicative Factor: 11,3%
Crit
	 Rating: 21821
	 Multiplicative Factor: 0%
	 DR Bracket: 1
	 Base: 5%
	 Effective Percent: 36,06%
	 Crit Inc Heal: 2
	 Crit Inc Damage: 2
Haste
	 Rating: 24118
	 Multiplicative Factor: 0%
	 DR Bracket: 1
	 Base: 21%
	 Effective Percent: 64,42%
Vers
	 Rating: 876
	 Multiplicative Factor: 0%
	 DR Bracket: 0
	 Base: 3%
	 Effective Percent: 4,12%
Leech
	 Rating: 3060
	 Multiplicative Factor: 0%
	 DR Bracket: 0
	 Base: 0%
	 Effective Percent: 3%
Avoidance
	 Rating: 0
	 Multiplicative Factor: 0%
	 DR Bracket: 0
	 Base: 0%
	 Effective Percent: 0%
Mastery
	 Rating: 12479
	 Multiplicative Factor: 0%
	 DR Bracket: 0
	 Base: 19,8%
	 Effective Percent: 51,89%
----------------------
01:57,237

Intellect
	 Rating: 146944
	 Multiplicative Factor: 13,56%
Stamina
	 Rating: 866353
	 Multiplicative Factor: 11,3%
Crit
	 Rating: 21821
	 Multiplicative Factor: 0%
	 DR Bracket: 1
	 Base: 5%
	 Effective Percent: 36,06%
	 Crit Inc Heal: 2
	 Crit Inc Damage: 2
Haste
	 Rating: 24118
	 Multiplicative Factor: 0%
	 DR Bracket: 1
	 Base: 20%
	 Effective Percent: 63,07%
Vers
	 Rating: 876
	 Multiplicative Factor: 0%
	 DR Bracket: 0
	 Base: 3%
	 Effective Percent: 4,12%
Leech
	 Rating: 3060
	 Multiplicative Factor: 0%
	 DR Bracket: 0
	 Base: 0%
	 Effective Percent: 3%
Avoidance
	 Rating: 0
	 Multiplicative Factor: 0%
	 DR Bracket: 0
	 Base: 0%
	 Effective Percent: 0%
Mastery
	 Rating: 12479
	 Multiplicative Factor: 0%
	 DR Bracket: 0
	 Base: 19,8%
	 Effective Percent: 51,89%
----------------------
01:58,256

Intellect
	 Rating: 146944
	 Multiplicative Factor: 13,56%
Stamina
	 Rating: 866353
	 Multiplicative Factor: 11,3%
Crit
	 Rating: 21821
	 Multiplicative Factor: 0%
	 DR Bracket: 1
	 Base: 5%
	 Effective Percent: 36,06%
	 Crit Inc Heal: 2
	 Crit Inc Damage: 2
Haste
	 Rating: 24118
	 Multiplicative Factor: 0%
	 DR Bracket: 1
	 Base: 19%
	 Effective Percent: 61,71%
Vers
	 Rating: 876
	 Multiplicative Factor: 0%
	 DR Bracket: 0
	 Base: 3%
	 Effective Percent: 4,12%
Leech
	 Rating: 3060
	 Multiplicative Factor: 0%
	 DR Bracket: 0
	 Base: 0%
	 Effective Percent: 3%
Avoidance
	 Rating: 0
	 Multiplicative Factor: 0%
	 DR Bracket: 0
	 Base: 0%
	 Effective Percent: 0%
Mastery
	 Rating: 12479
	 Multiplicative Factor: 0%
	 DR Bracket: 0
	 Base: 19,8%
	 Effective Percent: 51,89%
----------------------
01:59,275

Intellect
	 Rating: 146944
	 Multiplicative Factor: 13,56%
Stamina
	 Rating: 866353
	 Multiplicative Factor: 11,3%
Crit
	 Rating: 21821
	 Multiplicative Factor: 0%
	 DR Bracket: 1
	 Base: 5%
	 Effective Percent: 36,06%
	 Crit Inc Heal: 2
	 Crit Inc Damage: 2
Haste
	 Rating: 24118
	 Multiplicative Factor: 0%
	 DR Bracket: 1
	 Base: 18%
	 Effective Percent: 60,35%
Vers
	 Rating: 876
	 Multiplicative Factor: 0%
	 DR Bracket: 0
	 Base: 3%
	 Effective Percent: 4,12%
Leech
	 Rating: 3060
	 Multiplicative Factor: 0%
	 DR Bracket: 0
	 Base: 0%
	 Effective Percent: 3%
Avoidance
	 Rating: 0
	 Multiplicative Factor: 0%
	 DR Bracket: 0
	 Base: 0%
	 Effective Percent: 0%
Mastery
	 Rating: 12479
	 Multiplicative Factor: 0%
	 DR Bracket: 0
	 Base: 19,8%
	 Effective Percent: 51,89%
----------------------
02:00,256

Intellect
	 Rating: 146944
	 Multiplicative Factor: 13,56%
Stamina
	 Rating: 866353
	 Multiplicative Factor: 11,3%
Crit
	 Rating: 21821
	 Multiplicative Factor: 0%
	 DR Bracket: 1
	 Base: 5%
	 Effective Percent: 36,06%
	 Crit Inc Heal: 2
	 Crit Inc Damage: 2
Haste
	 Rating: 24118
	 Multiplicative Factor: 0%
	 DR Bracket: 1
	 Base: 17%
	 Effective Percent: 58,99%
Vers
	 Rating: 876
	 Multiplicative Factor: 0%
	 DR Bracket: 0
	 Base: 3%
	 Effective Percent: 4,12%
Leech
	 Rating: 3060
	 Multiplicative Factor: 0%
	 DR Bracket: 0
	 Base: 0%
	 Effective Percent: 3%
Avoidance
	 Rating: 0
	 Multiplicative Factor: 0%
	 DR Bracket: 0
	 Base: 0%
	 Effective Percent: 0%
Mastery
	 Rating: 12479
	 Multiplicative Factor: 0%
	 DR Bracket: 0
	 Base: 19,8%
	 Effective Percent: 51,89%
----------------------
02:00,278

Intellect
	 Rating: 146944
	 Multiplicative Factor: 13,56%
Stamina
	 Rating: 866353
	 Multiplicative Factor: 11,3%
Crit
	 Rating: 27748
	 Multiplicative Factor: 0%
	 DR Bracket: 1
	 Base: 5%
	 Effective Percent: 43,68%
	 Crit Inc Heal: 2
	 Crit Inc Damage: 2
Haste
	 Rating: 24118
	 Multiplicative Factor: 0%
	 DR Bracket: 1
	 Base: 17%
	 Effective Percent: 58,99%
Vers
	 Rating: 876
	 Multiplicative Factor: 0%
	 DR Bracket: 0
	 Base: 3%
	 Effective Percent: 4,12%
Leech
	 Rating: 3060
	 Multiplicative Factor: 0%
	 DR Bracket: 0
	 Base: 0%
	 Effective Percent: 3%
Avoidance
	 Rating: 0
	 Multiplicative Factor: 0%
	 DR Bracket: 0
	 Base: 0%
	 Effective Percent: 0%
Mastery
	 Rating: 12479
	 Multiplicative Factor: 0%
	 DR Bracket: 0
	 Base: 19,8%
	 Effective Percent: 51,89%
----------------------
02:01,174

Intellect
	 Rating: 146944
	 Multiplicative Factor: 13,56%
Stamina
	 Rating: 866353
	 Multiplicative Factor: 11,3%
Crit
	 Rating: 27748
	 Multiplicative Factor: 0%
	 DR Bracket: 1
	 Base: 5%
	 Effective Percent: 43,68%
	 Crit Inc Heal: 2
	 Crit Inc Damage: 2
Haste
	 Rating: 24118
	 Multiplicative Factor: 0%
	 DR Bracket: 1
	 Base: 20%
	 Effective Percent: 63,07%
Vers
	 Rating: 876
	 Multiplicative Factor: 0%
	 DR Bracket: 0
	 Base: 3%
	 Effective Percent: 4,12%
Leech
	 Rating: 3060
	 Multiplicative Factor: 0%
	 DR Bracket: 0
	 Base: 0%
	 Effective Percent: 3%
Avoidance
	 Rating: 0
	 Multiplicative Factor: 0%
	 DR Bracket: 0
	 Base: 0%
	 Effective Percent: 0%
Mastery
	 Rating: 12479
	 Multiplicative Factor: 0%
	 DR Bracket: 0
	 Base: 19,8%
	 Effective Percent: 51,89%
----------------------
02:01,192

Intellect
	 Rating: 146944
	 Multiplicative Factor: 13,56%
Stamina
	 Rating: 866353
	 Multiplicative Factor: 11,3%
Crit
	 Rating: 27748
	 Multiplicative Factor: 0%
	 DR Bracket: 1
	 Base: 5%
	 Effective Percent: 43,68%
	 Crit Inc Heal: 2
	 Crit Inc Damage: 2
Haste
	 Rating: 24118
	 Multiplicative Factor: 0%
	 DR Bracket: 1
	 Base: 23%
	 Effective Percent: 67,14%
Vers
	 Rating: 876
	 Multiplicative Factor: 0%
	 DR Bracket: 0
	 Base: 3%
	 Effective Percent: 4,12%
Leech
	 Rating: 3060
	 Multiplicative Factor: 0%
	 DR Bracket: 0
	 Base: 0%
	 Effective Percent: 3%
Avoidance
	 Rating: 0
	 Multiplicative Factor: 0%
	 DR Bracket: 0
	 Base: 0%
	 Effective Percent: 0%
Mastery
	 Rating: 12479
	 Multiplicative Factor: 0%
	 DR Bracket: 0
	 Base: 19,8%
	 Effective Percent: 51,89%
----------------------
02:01,192

Intellect
	 Rating: 146944
	 Multiplicative Factor: 13,56%
Stamina
	 Rating: 866353
	 Multiplicative Factor: 11,3%
Crit
	 Rating: 27748
	 Multiplicative Factor: 0%
	 DR Bracket: 1
	 Base: 5%
	 Effective Percent: 43,68%
	 Crit Inc Heal: 2
	 Crit Inc Damage: 2
Haste
	 Rating: 24118
	 Multiplicative Factor: 0%
	 DR Bracket: 1
	 Base: 26%
	 Effective Percent: 71,22%
Vers
	 Rating: 876
	 Multiplicative Factor: 0%
	 DR Bracket: 0
	 Base: 3%
	 Effective Percent: 4,12%
Leech
	 Rating: 3060
	 Multiplicative Factor: 0%
	 DR Bracket: 0
	 Base: 0%
	 Effective Percent: 3%
Avoidance
	 Rating: 0
	 Multiplicative Factor: 0%
	 DR Bracket: 0
	 Base: 0%
	 Effective Percent: 0%
Mastery
	 Rating: 12479
	 Multiplicative Factor: 0%
	 DR Bracket: 0
	 Base: 19,8%
	 Effective Percent: 51,89%
----------------------
02:01,257

Intellect
	 Rating: 146944
	 Multiplicative Factor: 13,56%
Stamina
	 Rating: 866353
	 Multiplicative Factor: 11,3%
Crit
	 Rating: 27748
	 Multiplicative Factor: 0%
	 DR Bracket: 1
	 Base: 5%
	 Effective Percent: 43,68%
	 Crit Inc Heal: 2
	 Crit Inc Damage: 2
Haste
	 Rating: 24118
	 Multiplicative Factor: 0%
	 DR Bracket: 1
	 Base: 25%
	 Effective Percent: 69,86%
Vers
	 Rating: 876
	 Multiplicative Factor: 0%
	 DR Bracket: 0
	 Base: 3%
	 Effective Percent: 4,12%
Leech
	 Rating: 3060
	 Multiplicative Factor: 0%
	 DR Bracket: 0
	 Base: 0%
	 Effective Percent: 3%
Avoidance
	 Rating: 0
	 Multiplicative Factor: 0%
	 DR Bracket: 0
	 Base: 0%
	 Effective Percent: 0%
Mastery
	 Rating: 12479
	 Multiplicative Factor: 0%
	 DR Bracket: 0
	 Base: 19,8%
	 Effective Percent: 51,89%
----------------------
02:02,243

Intellect
	 Rating: 146944
	 Multiplicative Factor: 13,56%
Stamina
	 Rating: 866353
	 Multiplicative Factor: 11,3%
Crit
	 Rating: 27748
	 Multiplicative Factor: 0%
	 DR Bracket: 1
	 Base: 5%
	 Effective Percent: 43,68%
	 Crit Inc Heal: 2
	 Crit Inc Damage: 2
Haste
	 Rating: 24118
	 Multiplicative Factor: 0%
	 DR Bracket: 1
	 Base: 24%
	 Effective Percent: 68,5%
Vers
	 Rating: 876
	 Multiplicative Factor: 0%
	 DR Bracket: 0
	 Base: 3%
	 Effective Percent: 4,12%
Leech
	 Rating: 3060
	 Multiplicative Factor: 0%
	 DR Bracket: 0
	 Base: 0%
	 Effective Percent: 3%
Avoidance
	 Rating: 0
	 Multiplicative Factor: 0%
	 DR Bracket: 0
	 Base: 0%
	 Effective Percent: 0%
Mastery
	 Rating: 12479
	 Multiplicative Factor: 0%
	 DR Bracket: 0
	 Base: 19,8%
	 Effective Percent: 51,89%
----------------------
02:03,265

Intellect
	 Rating: 146944
	 Multiplicative Factor: 13,56%
Stamina
	 Rating: 866353
	 Multiplicative Factor: 11,3%
Crit
	 Rating: 27748
	 Multiplicative Factor: 0%
	 DR Bracket: 1
	 Base: 5%
	 Effective Percent: 43,68%
	 Crit Inc Heal: 2
	 Crit Inc Damage: 2
Haste
	 Rating: 24118
	 Multiplicative Factor: 0%
	 DR Bracket: 1
	 Base: 23%
	 Effective Percent: 67,14%
Vers
	 Rating: 876
	 Multiplicative Factor: 0%
	 DR Bracket: 0
	 Base: 3%
	 Effective Percent: 4,12%
Leech
	 Rating: 3060
	 Multiplicative Factor: 0%
	 DR Bracket: 0
	 Base: 0%
	 Effective Percent: 3%
Avoidance
	 Rating: 0
	 Multiplicative Factor: 0%
	 DR Bracket: 0
	 Base: 0%
	 Effective Percent: 0%
Mastery
	 Rating: 12479
	 Multiplicative Factor: 0%
	 DR Bracket: 0
	 Base: 19,8%
	 Effective Percent: 51,89%
----------------------
02:04,251

Intellect
	 Rating: 146944
	 Multiplicative Factor: 13,56%
Stamina
	 Rating: 866353
	 Multiplicative Factor: 11,3%
Crit
	 Rating: 27748
	 Multiplicative Factor: 0%
	 DR Bracket: 1
	 Base: 5%
	 Effective Percent: 43,68%
	 Crit Inc Heal: 2
	 Crit Inc Damage: 2
Haste
	 Rating: 24118
	 Multiplicative Factor: 0%
	 DR Bracket: 1
	 Base: 22%
	 Effective Percent: 65,78%
Vers
	 Rating: 876
	 Multiplicative Factor: 0%
	 DR Bracket: 0
	 Base: 3%
	 Effective Percent: 4,12%
Leech
	 Rating: 3060
	 Multiplicative Factor: 0%
	 DR Bracket: 0
	 Base: 0%
	 Effective Percent: 3%
Avoidance
	 Rating: 0
	 Multiplicative Factor: 0%
	 DR Bracket: 0
	 Base: 0%
	 Effective Percent: 0%
Mastery
	 Rating: 12479
	 Multiplicative Factor: 0%
	 DR Bracket: 0
	 Base: 19,8%
	 Effective Percent: 51,89%
----------------------
02:05,253

Intellect
	 Rating: 146944
	 Multiplicative Factor: 13,56%
Stamina
	 Rating: 866353
	 Multiplicative Factor: 11,3%
Crit
	 Rating: 27748
	 Multiplicative Factor: 0%
	 DR Bracket: 1
	 Base: 5%
	 Effective Percent: 43,68%
	 Crit Inc Heal: 2
	 Crit Inc Damage: 2
Haste
	 Rating: 24118
	 Multiplicative Factor: 0%
	 DR Bracket: 1
	 Base: 21%
	 Effective Percent: 64,42%
Vers
	 Rating: 876
	 Multiplicative Factor: 0%
	 DR Bracket: 0
	 Base: 3%
	 Effective Percent: 4,12%
Leech
	 Rating: 3060
	 Multiplicative Factor: 0%
	 DR Bracket: 0
	 Base: 0%
	 Effective Percent: 3%
Avoidance
	 Rating: 0
	 Multiplicative Factor: 0%
	 DR Bracket: 0
	 Base: 0%
	 Effective Percent: 0%
Mastery
	 Rating: 12479
	 Multiplicative Factor: 0%
	 DR Bracket: 0
	 Base: 19,8%
	 Effective Percent: 51,89%
----------------------
02:06,258

Intellect
	 Rating: 146944
	 Multiplicative Factor: 13,56%
Stamina
	 Rating: 866353
	 Multiplicative Factor: 11,3%
Crit
	 Rating: 27748
	 Multiplicative Factor: 0%
	 DR Bracket: 1
	 Base: 5%
	 Effective Percent: 43,68%
	 Crit Inc Heal: 2
	 Crit Inc Damage: 2
Haste
	 Rating: 24118
	 Multiplicative Factor: 0%
	 DR Bracket: 1
	 Base: 20%
	 Effective Percent: 63,07%
Vers
	 Rating: 876
	 Multiplicative Factor: 0%
	 DR Bracket: 0
	 Base: 3%
	 Effective Percent: 4,12%
Leech
	 Rating: 3060
	 Multiplicative Factor: 0%
	 DR Bracket: 0
	 Base: 0%
	 Effective Percent: 3%
Avoidance
	 Rating: 0
	 Multiplicative Factor: 0%
	 DR Bracket: 0
	 Base: 0%
	 Effective Percent: 0%
Mastery
	 Rating: 12479
	 Multiplicative Factor: 0%
	 DR Bracket: 0
	 Base: 19,8%
	 Effective Percent: 51,89%
----------------------
02:07,261

Intellect
	 Rating: 146944
	 Multiplicative Factor: 13,56%
Stamina
	 Rating: 866353
	 Multiplicative Factor: 11,3%
Crit
	 Rating: 27748
	 Multiplicative Factor: 0%
	 DR Bracket: 1
	 Base: 5%
	 Effective Percent: 43,68%
	 Crit Inc Heal: 2
	 Crit Inc Damage: 2
Haste
	 Rating: 24118
	 Multiplicative Factor: 0%
	 DR Bracket: 1
	 Base: 19%
	 Effective Percent: 61,71%
Vers
	 Rating: 876
	 Multiplicative Factor: 0%
	 DR Bracket: 0
	 Base: 3%
	 Effective Percent: 4,12%
Leech
	 Rating: 3060
	 Multiplicative Factor: 0%
	 DR Bracket: 0
	 Base: 0%
	 Effective Percent: 3%
Avoidance
	 Rating: 0
	 Multiplicative Factor: 0%
	 DR Bracket: 0
	 Base: 0%
	 Effective Percent: 0%
Mastery
	 Rating: 12479
	 Multiplicative Factor: 0%
	 DR Bracket: 0
	 Base: 19,8%
	 Effective Percent: 51,89%
----------------------
02:08,250

Intellect
	 Rating: 146944
	 Multiplicative Factor: 13,56%
Stamina
	 Rating: 866353
	 Multiplicative Factor: 11,3%
Crit
	 Rating: 27748
	 Multiplicative Factor: 0%
	 DR Bracket: 1
	 Base: 5%
	 Effective Percent: 43,68%
	 Crit Inc Heal: 2
	 Crit Inc Damage: 2
Haste
	 Rating: 24118
	 Multiplicative Factor: 0%
	 DR Bracket: 1
	 Base: 18%
	 Effective Percent: 60,35%
Vers
	 Rating: 876
	 Multiplicative Factor: 0%
	 DR Bracket: 0
	 Base: 3%
	 Effective Percent: 4,12%
Leech
	 Rating: 3060
	 Multiplicative Factor: 0%
	 DR Bracket: 0
	 Base: 0%
	 Effective Percent: 3%
Avoidance
	 Rating: 0
	 Multiplicative Factor: 0%
	 DR Bracket: 0
	 Base: 0%
	 Effective Percent: 0%
Mastery
	 Rating: 12479
	 Multiplicative Factor: 0%
	 DR Bracket: 0
	 Base: 19,8%
	 Effective Percent: 51,89%
----------------------
02:09,280

Intellect
	 Rating: 146944
	 Multiplicative Factor: 13,56%
Stamina
	 Rating: 866353
	 Multiplicative Factor: 11,3%
Crit
	 Rating: 27748
	 Multiplicative Factor: 0%
	 DR Bracket: 1
	 Base: 5%
	 Effective Percent: 43,68%
	 Crit Inc Heal: 2
	 Crit Inc Damage: 2
Haste
	 Rating: 24118
	 Multiplicative Factor: 0%
	 DR Bracket: 1
	 Base: 17%
	 Effective Percent: 58,99%
Vers
	 Rating: 876
	 Multiplicative Factor: 0%
	 DR Bracket: 0
	 Base: 3%
	 Effective Percent: 4,12%
Leech
	 Rating: 3060
	 Multiplicative Factor: 0%
	 DR Bracket: 0
	 Base: 0%
	 Effective Percent: 3%
Avoidance
	 Rating: 0
	 Multiplicative Factor: 0%
	 DR Bracket: 0
	 Base: 0%
	 Effective Percent: 0%
Mastery
	 Rating: 12479
	 Multiplicative Factor: 0%
	 DR Bracket: 0
	 Base: 19,8%
	 Effective Percent: 51,89%
----------------------
02:09,424

Intellect
	 Rating: 146944
	 Multiplicative Factor: 13,56%
Stamina
	 Rating: 866353
	 Multiplicative Factor: 11,3%
Crit
	 Rating: 27748
	 Multiplicative Factor: 0%
	 DR Bracket: 1
	 Base: 5%
	 Effective Percent: 43,68%
	 Crit Inc Heal: 2
	 Crit Inc Damage: 2
Haste
	 Rating: 24118
	 Multiplicative Factor: 0%
	 DR Bracket: 1
	 Base: 8%
	 Effective Percent: 46,76%
Vers
	 Rating: 876
	 Multiplicative Factor: 0%
	 DR Bracket: 0
	 Base: 3%
	 Effective Percent: 4,12%
Leech
	 Rating: 3060
	 Multiplicative Factor: 0%
	 DR Bracket: 0
	 Base: 0%
	 Effective Percent: 3%
Avoidance
	 Rating: 0
	 Multiplicative Factor: 0%
	 DR Bracket: 0
	 Base: 0%
	 Effective Percent: 0%
Mastery
	 Rating: 12479
	 Multiplicative Factor: 0%
	 DR Bracket: 0
	 Base: 19,8%
	 Effective Percent: 51,89%
----------------------
02:10,259

Intellect
	 Rating: 146944
	 Multiplicative Factor: 13,56%
Stamina
	 Rating: 866353
	 Multiplicative Factor: 11,3%
Crit
	 Rating: 27748
	 Multiplicative Factor: 0%
	 DR Bracket: 1
	 Base: 5%
	 Effective Percent: 43,68%
	 Crit Inc Heal: 2
	 Crit Inc Damage: 2
Haste
	 Rating: 24118
	 Multiplicative Factor: 0%
	 DR Bracket: 1
	 Base: 7%
	 Effective Percent: 45,4%
Vers
	 Rating: 876
	 Multiplicative Factor: 0%
	 DR Bracket: 0
	 Base: 3%
	 Effective Percent: 4,12%
Leech
	 Rating: 3060
	 Multiplicative Factor: 0%
	 DR Bracket: 0
	 Base: 0%
	 Effective Percent: 3%
Avoidance
	 Rating: 0
	 Multiplicative Factor: 0%
	 DR Bracket: 0
	 Base: 0%
	 Effective Percent: 0%
Mastery
	 Rating: 12479
	 Multiplicative Factor: 0%
	 DR Bracket: 0
	 Base: 19,8%
	 Effective Percent: 51,89%
----------------------
02:10,283

Intellect
	 Rating: 146944
	 Multiplicative Factor: 13,56%
Stamina
	 Rating: 866353
	 Multiplicative Factor: 11,3%
Crit
	 Rating: 21821
	 Multiplicative Factor: 0%
	 DR Bracket: 1
	 Base: 5%
	 Effective Percent: 36,06%
	 Crit Inc Heal: 2
	 Crit Inc Damage: 2
Haste
	 Rating: 24118
	 Multiplicative Factor: 0%
	 DR Bracket: 1
	 Base: 7%
	 Effective Percent: 45,4%
Vers
	 Rating: 876
	 Multiplicative Factor: 0%
	 DR Bracket: 0
	 Base: 3%
	 Effective Percent: 4,12%
Leech
	 Rating: 3060
	 Multiplicative Factor: 0%
	 DR Bracket: 0
	 Base: 0%
	 Effective Percent: 3%
Avoidance
	 Rating: 0
	 Multiplicative Factor: 0%
	 DR Bracket: 0
	 Base: 0%
	 Effective Percent: 0%
Mastery
	 Rating: 12479
	 Multiplicative Factor: 0%
	 DR Bracket: 0
	 Base: 19,8%
	 Effective Percent: 51,89%
----------------------
02:11,267

Intellect
	 Rating: 146944
	 Multiplicative Factor: 13,56%
Stamina
	 Rating: 866353
	 Multiplicative Factor: 11,3%
Crit
	 Rating: 21821
	 Multiplicative Factor: 0%
	 DR Bracket: 1
	 Base: 5%
	 Effective Percent: 36,06%
	 Crit Inc Heal: 2
	 Crit Inc Damage: 2
Haste
	 Rating: 24118
	 Multiplicative Factor: 0%
	 DR Bracket: 1
	 Base: 6%
	 Effective Percent: 44,04%
Vers
	 Rating: 876
	 Multiplicative Factor: 0%
	 DR Bracket: 0
	 Base: 3%
	 Effective Percent: 4,12%
Leech
	 Rating: 3060
	 Multiplicative Factor: 0%
	 DR Bracket: 0
	 Base: 0%
	 Effective Percent: 3%
Avoidance
	 Rating: 0
	 Multiplicative Factor: 0%
	 DR Bracket: 0
	 Base: 0%
	 Effective Percent: 0%
Mastery
	 Rating: 12479
	 Multiplicative Factor: 0%
	 DR Bracket: 0
	 Base: 19,8%
	 Effective Percent: 51,89%
----------------------
02:12,259

Intellect
	 Rating: 146944
	 Multiplicative Factor: 13,56%
Stamina
	 Rating: 866353
	 Multiplicative Factor: 11,3%
Crit
	 Rating: 21821
	 Multiplicative Factor: 0%
	 DR Bracket: 1
	 Base: 5%
	 Effective Percent: 36,06%
	 Crit Inc Heal: 2
	 Crit Inc Damage: 2
Haste
	 Rating: 24118
	 Multiplicative Factor: 0%
	 DR Bracket: 1
	 Base: 5%
	 Effective Percent: 42,68%
Vers
	 Rating: 876
	 Multiplicative Factor: 0%
	 DR Bracket: 0
	 Base: 3%
	 Effective Percent: 4,12%
Leech
	 Rating: 3060
	 Multiplicative Factor: 0%
	 DR Bracket: 0
	 Base: 0%
	 Effective Percent: 3%
Avoidance
	 Rating: 0
	 Multiplicative Factor: 0%
	 DR Bracket: 0
	 Base: 0%
	 Effective Percent: 0%
Mastery
	 Rating: 12479
	 Multiplicative Factor: 0%
	 DR Bracket: 0
	 Base: 19,8%
	 Effective Percent: 51,89%
----------------------
02:13,275

Intellect
	 Rating: 146944
	 Multiplicative Factor: 13,56%
Stamina
	 Rating: 866353
	 Multiplicative Factor: 11,3%
Crit
	 Rating: 21821
	 Multiplicative Factor: 0%
	 DR Bracket: 1
	 Base: 5%
	 Effective Percent: 36,06%
	 Crit Inc Heal: 2
	 Crit Inc Damage: 2
Haste
	 Rating: 24118
	 Multiplicative Factor: 0%
	 DR Bracket: 1
	 Base: 4%
	 Effective Percent: 41,32%
Vers
	 Rating: 876
	 Multiplicative Factor: 0%
	 DR Bracket: 0
	 Base: 3%
	 Effective Percent: 4,12%
Leech
	 Rating: 3060
	 Multiplicative Factor: 0%
	 DR Bracket: 0
	 Base: 0%
	 Effective Percent: 3%
Avoidance
	 Rating: 0
	 Multiplicative Factor: 0%
	 DR Bracket: 0
	 Base: 0%
	 Effective Percent: 0%
Mastery
	 Rating: 12479
	 Multiplicative Factor: 0%
	 DR Bracket: 0
	 Base: 19,8%
	 Effective Percent: 51,89%
----------------------
02:14,263

Intellect
	 Rating: 146944
	 Multiplicative Factor: 13,56%
Stamina
	 Rating: 866353
	 Multiplicative Factor: 11,3%
Crit
	 Rating: 21821
	 Multiplicative Factor: 0%
	 DR Bracket: 1
	 Base: 5%
	 Effective Percent: 36,06%
	 Crit Inc Heal: 2
	 Crit Inc Damage: 2
Haste
	 Rating: 24118
	 Multiplicative Factor: 0%
	 DR Bracket: 1
	 Base: 3%
	 Effective Percent: 39,96%
Vers
	 Rating: 876
	 Multiplicative Factor: 0%
	 DR Bracket: 0
	 Base: 3%
	 Effective Percent: 4,12%
Leech
	 Rating: 3060
	 Multiplicative Factor: 0%
	 DR Bracket: 0
	 Base: 0%
	 Effective Percent: 3%
Avoidance
	 Rating: 0
	 Multiplicative Factor: 0%
	 DR Bracket: 0
	 Base: 0%
	 Effective Percent: 0%
Mastery
	 Rating: 12479
	 Multiplicative Factor: 0%
	 DR Bracket: 0
	 Base: 19,8%
	 Effective Percent: 51,89%
----------------------
02:15,266

Intellect
	 Rating: 146944
	 Multiplicative Factor: 13,56%
Stamina
	 Rating: 866353
	 Multiplicative Factor: 11,3%
Crit
	 Rating: 21821
	 Multiplicative Factor: 0%
	 DR Bracket: 1
	 Base: 5%
	 Effective Percent: 36,06%
	 Crit Inc Heal: 2
	 Crit Inc Damage: 2
Haste
	 Rating: 24118
	 Multiplicative Factor: 0%
	 DR Bracket: 1
	 Base: 2%
	 Effective Percent: 38,61%
Vers
	 Rating: 876
	 Multiplicative Factor: 0%
	 DR Bracket: 0
	 Base: 3%
	 Effective Percent: 4,12%
Leech
	 Rating: 3060
	 Multiplicative Factor: 0%
	 DR Bracket: 0
	 Base: 0%
	 Effective Percent: 3%
Avoidance
	 Rating: 0
	 Multiplicative Factor: 0%
	 DR Bracket: 0
	 Base: 0%
	 Effective Percent: 0%
Mastery
	 Rating: 12479
	 Multiplicative Factor: 0%
	 DR Bracket: 0
	 Base: 19,8%
	 Effective Percent: 51,89%
----------------------
02:15,912

Intellect
	 Rating: 146944
	 Multiplicative Factor: 13,56%
Stamina
	 Rating: 866353
	 Multiplicative Factor: 11,3%
Crit
	 Rating: 27748
	 Multiplicative Factor: 0%
	 DR Bracket: 1
	 Base: 5%
	 Effective Percent: 43,68%
	 Crit Inc Heal: 2
	 Crit Inc Damage: 2
Haste
	 Rating: 24118
	 Multiplicative Factor: 0%
	 DR Bracket: 1
	 Base: 2%
	 Effective Percent: 38,61%
Vers
	 Rating: 876
	 Multiplicative Factor: 0%
	 DR Bracket: 0
	 Base: 3%
	 Effective Percent: 4,12%
Leech
	 Rating: 3060
	 Multiplicative Factor: 0%
	 DR Bracket: 0
	 Base: 0%
	 Effective Percent: 3%
Avoidance
	 Rating: 0
	 Multiplicative Factor: 0%
	 DR Bracket: 0
	 Base: 0%
	 Effective Percent: 0%
Mastery
	 Rating: 12479
	 Multiplicative Factor: 0%
	 DR Bracket: 0
	 Base: 19,8%
	 Effective Percent: 51,89%
----------------------
02:16,271

Intellect
	 Rating: 146944
	 Multiplicative Factor: 13,56%
Stamina
	 Rating: 866353
	 Multiplicative Factor: 11,3%
Crit
	 Rating: 27748
	 Multiplicative Factor: 0%
	 DR Bracket: 1
	 Base: 5%
	 Effective Percent: 43,68%
	 Crit Inc Heal: 2
	 Crit Inc Damage: 2
Haste
	 Rating: 24118
	 Multiplicative Factor: 0%
	 DR Bracket: 1
	 Base: 1%
	 Effective Percent: 37,25%
Vers
	 Rating: 876
	 Multiplicative Factor: 0%
	 DR Bracket: 0
	 Base: 3%
	 Effective Percent: 4,12%
Leech
	 Rating: 3060
	 Multiplicative Factor: 0%
	 DR Bracket: 0
	 Base: 0%
	 Effective Percent: 3%
Avoidance
	 Rating: 0
	 Multiplicative Factor: 0%
	 DR Bracket: 0
	 Base: 0%
	 Effective Percent: 0%
Mastery
	 Rating: 12479
	 Multiplicative Factor: 0%
	 DR Bracket: 0
	 Base: 19,8%
	 Effective Percent: 51,89%
----------------------
02:17,259

Intellect
	 Rating: 146944
	 Multiplicative Factor: 13,56%
Stamina
	 Rating: 866353
	 Multiplicative Factor: 11,3%
Crit
	 Rating: 27748
	 Multiplicative Factor: 0%
	 DR Bracket: 1
	 Base: 5%
	 Effective Percent: 43,68%
	 Crit Inc Heal: 2
	 Crit Inc Damage: 2
Haste
	 Rating: 24118
	 Multiplicative Factor: 0%
	 DR Bracket: 1
	 Base: 0%
	 Effective Percent: 35,89%
Vers
	 Rating: 876
	 Multiplicative Factor: 0%
	 DR Bracket: 0
	 Base: 3%
	 Effective Percent: 4,12%
Leech
	 Rating: 3060
	 Multiplicative Factor: 0%
	 DR Bracket: 0
	 Base: 0%
	 Effective Percent: 3%
Avoidance
	 Rating: 0
	 Multiplicative Factor: 0%
	 DR Bracket: 0
	 Base: 0%
	 Effective Percent: 0%
Mastery
	 Rating: 12479
	 Multiplicative Factor: 0%
	 DR Bracket: 0
	 Base: 19,8%
	 Effective Percent: 51,89%
----------------------
02:23,103

Intellect
	 Rating: 139947
	 Multiplicative Factor: 8,15%
Stamina
	 Rating: 866353
	 Multiplicative Factor: 11,3%
Crit
	 Rating: 27748
	 Multiplicative Factor: 0%
	 DR Bracket: 1
	 Base: 5%
	 Effective Percent: 43,68%
	 Crit Inc Heal: 2
	 Crit Inc Damage: 2
Haste
	 Rating: 24118
	 Multiplicative Factor: 0%
	 DR Bracket: 1
	 Base: 0%
	 Effective Percent: 35,89%
Vers
	 Rating: 876
	 Multiplicative Factor: 0%
	 DR Bracket: 0
	 Base: 3%
	 Effective Percent: 4,12%
Leech
	 Rating: 3060
	 Multiplicative Factor: 0%
	 DR Bracket: 0
	 Base: 0%
	 Effective Percent: 3%
Avoidance
	 Rating: 0
	 Multiplicative Factor: 0%
	 DR Bracket: 0
	 Base: 0%
	 Effective Percent: 0%
Mastery
	 Rating: 12479
	 Multiplicative Factor: 0%
	 DR Bracket: 0
	 Base: 19,8%
	 Effective Percent: 51,89%
----------------------
02:25,897

Intellect
	 Rating: 139947
	 Multiplicative Factor: 8,15%
Stamina
	 Rating: 866353
	 Multiplicative Factor: 11,3%
Crit
	 Rating: 21821
	 Multiplicative Factor: 0%
	 DR Bracket: 1
	 Base: 5%
	 Effective Percent: 36,06%
	 Crit Inc Heal: 2
	 Crit Inc Damage: 2
Haste
	 Rating: 24118
	 Multiplicative Factor: 0%
	 DR Bracket: 1
	 Base: 0%
	 Effective Percent: 35,89%
Vers
	 Rating: 876
	 Multiplicative Factor: 0%
	 DR Bracket: 0
	 Base: 3%
	 Effective Percent: 4,12%
Leech
	 Rating: 3060
	 Multiplicative Factor: 0%
	 DR Bracket: 0
	 Base: 0%
	 Effective Percent: 3%
Avoidance
	 Rating: 0
	 Multiplicative Factor: 0%
	 DR Bracket: 0
	 Base: 0%
	 Effective Percent: 0%
Mastery
	 Rating: 12479
	 Multiplicative Factor: 0%
	 DR Bracket: 0
	 Base: 19,8%
	 Effective Percent: 51,89%
----------------------
02:27,269

Intellect
	 Rating: 139947
	 Multiplicative Factor: 8,15%
Stamina
	 Rating: 866353
	 Multiplicative Factor: 11,3%
Crit
	 Rating: 27748
	 Multiplicative Factor: 0%
	 DR Bracket: 1
	 Base: 5%
	 Effective Percent: 43,68%
	 Crit Inc Heal: 2
	 Crit Inc Damage: 2
Haste
	 Rating: 24118
	 Multiplicative Factor: 0%
	 DR Bracket: 1
	 Base: 0%
	 Effective Percent: 35,89%
Vers
	 Rating: 876
	 Multiplicative Factor: 0%
	 DR Bracket: 0
	 Base: 3%
	 Effective Percent: 4,12%
Leech
	 Rating: 3060
	 Multiplicative Factor: 0%
	 DR Bracket: 0
	 Base: 0%
	 Effective Percent: 3%
Avoidance
	 Rating: 0
	 Multiplicative Factor: 0%
	 DR Bracket: 0
	 Base: 0%
	 Effective Percent: 0%
Mastery
	 Rating: 12479
	 Multiplicative Factor: 0%
	 DR Bracket: 0
	 Base: 19,8%
	 Effective Percent: 51,89%
----------------------
02:34,794

Intellect
	 Rating: 146944
	 Multiplicative Factor: 13,56%
Stamina
	 Rating: 866353
	 Multiplicative Factor: 11,3%
Crit
	 Rating: 27748
	 Multiplicative Factor: 0%
	 DR Bracket: 1
	 Base: 5%
	 Effective Percent: 43,68%
	 Crit Inc Heal: 2
	 Crit Inc Damage: 2
Haste
	 Rating: 24118
	 Multiplicative Factor: 0%
	 DR Bracket: 1
	 Base: 0%
	 Effective Percent: 35,89%
Vers
	 Rating: 876
	 Multiplicative Factor: 0%
	 DR Bracket: 0
	 Base: 3%
	 Effective Percent: 4,12%
Leech
	 Rating: 3060
	 Multiplicative Factor: 0%
	 DR Bracket: 0
	 Base: 0%
	 Effective Percent: 3%
Avoidance
	 Rating: 0
	 Multiplicative Factor: 0%
	 DR Bracket: 0
	 Base: 0%
	 Effective Percent: 0%
Mastery
	 Rating: 12479
	 Multiplicative Factor: 0%
	 DR Bracket: 0
	 Base: 19,8%
	 Effective Percent: 51,89%
----------------------
02:37,281

Intellect
	 Rating: 146944
	 Multiplicative Factor: 13,56%
Stamina
	 Rating: 866353
	 Multiplicative Factor: 11,3%
Crit
	 Rating: 21821
	 Multiplicative Factor: 0%
	 DR Bracket: 1
	 Base: 5%
	 Effective Percent: 36,06%
	 Crit Inc Heal: 2
	 Crit Inc Damage: 2
Haste
	 Rating: 24118
	 Multiplicative Factor: 0%
	 DR Bracket: 1
	 Base: 0%
	 Effective Percent: 35,89%
Vers
	 Rating: 876
	 Multiplicative Factor: 0%
	 DR Bracket: 0
	 Base: 3%
	 Effective Percent: 4,12%
Leech
	 Rating: 3060
	 Multiplicative Factor: 0%
	 DR Bracket: 0
	 Base: 0%
	 Effective Percent: 3%
Avoidance
	 Rating: 0
	 Multiplicative Factor: 0%
	 DR Bracket: 0
	 Base: 0%
	 Effective Percent: 0%
Mastery
	 Rating: 12479
	 Multiplicative Factor: 0%
	 DR Bracket: 0
	 Base: 19,8%
	 Effective Percent: 51,89%
----------------------
02:43,052

Intellect
	 Rating: 146944
	 Multiplicative Factor: 13,56%
Stamina
	 Rating: 866353
	 Multiplicative Factor: 11,3%
Crit
	 Rating: 27748
	 Multiplicative Factor: 0%
	 DR Bracket: 1
	 Base: 5%
	 Effective Percent: 43,68%
	 Crit Inc Heal: 2
	 Crit Inc Damage: 2
Haste
	 Rating: 24118
	 Multiplicative Factor: 0%
	 DR Bracket: 1
	 Base: 0%
	 Effective Percent: 35,89%
Vers
	 Rating: 876
	 Multiplicative Factor: 0%
	 DR Bracket: 0
	 Base: 3%
	 Effective Percent: 4,12%
Leech
	 Rating: 3060
	 Multiplicative Factor: 0%
	 DR Bracket: 0
	 Base: 0%
	 Effective Percent: 3%
Avoidance
	 Rating: 0
	 Multiplicative Factor: 0%
	 DR Bracket: 0
	 Base: 0%
	 Effective Percent: 0%
Mastery
	 Rating: 12479
	 Multiplicative Factor: 0%
	 DR Bracket: 0
	 Base: 19,8%
	 Effective Percent: 51,89%
----------------------
02:44,923

Intellect
	 Rating: 146944
	 Multiplicative Factor: 13,56%
Stamina
	 Rating: 866353
	 Multiplicative Factor: 11,3%
Crit
	 Rating: 27748
	 Multiplicative Factor: 0%
	 DR Bracket: 1
	 Base: 5%
	 Effective Percent: 43,68%
	 Crit Inc Heal: 2
	 Crit Inc Damage: 2
Haste
	 Rating: 24118
	 Multiplicative Factor: 0%
	 DR Bracket: 1
	 Base: 1%
	 Effective Percent: 37,25%
Vers
	 Rating: 876
	 Multiplicative Factor: 0%
	 DR Bracket: 0
	 Base: 3%
	 Effective Percent: 4,12%
Leech
	 Rating: 3060
	 Multiplicative Factor: 0%
	 DR Bracket: 0
	 Base: 0%
	 Effective Percent: 3%
Avoidance
	 Rating: 0
	 Multiplicative Factor: 0%
	 DR Bracket: 0
	 Base: 0%
	 Effective Percent: 0%
Mastery
	 Rating: 12479
	 Multiplicative Factor: 0%
	 DR Bracket: 0
	 Base: 19,8%
	 Effective Percent: 51,89%
----------------------
02:45,936

Intellect
	 Rating: 146944
	 Multiplicative Factor: 13,56%
Stamina
	 Rating: 866353
	 Multiplicative Factor: 11,3%
Crit
	 Rating: 27748
	 Multiplicative Factor: 0%
	 DR Bracket: 1
	 Base: 5%
	 Effective Percent: 43,68%
	 Crit Inc Heal: 2
	 Crit Inc Damage: 2
Haste
	 Rating: 24118
	 Multiplicative Factor: 0%
	 DR Bracket: 1
	 Base: 29%
	 Effective Percent: 75,3%
Vers
	 Rating: 876
	 Multiplicative Factor: 0%
	 DR Bracket: 0
	 Base: 3%
	 Effective Percent: 4,12%
Leech
	 Rating: 3060
	 Multiplicative Factor: 0%
	 DR Bracket: 0
	 Base: 0%
	 Effective Percent: 3%
Avoidance
	 Rating: 0
	 Multiplicative Factor: 0%
	 DR Bracket: 0
	 Base: 0%
	 Effective Percent: 0%
Mastery
	 Rating: 12479
	 Multiplicative Factor: 0%
	 DR Bracket: 0
	 Base: 19,8%
	 Effective Percent: 51,89%
----------------------
02:46,947

Intellect
	 Rating: 146944
	 Multiplicative Factor: 13,56%
Stamina
	 Rating: 866353
	 Multiplicative Factor: 11,3%
Crit
	 Rating: 27748
	 Multiplicative Factor: 0%
	 DR Bracket: 1
	 Base: 5%
	 Effective Percent: 43,68%
	 Crit Inc Heal: 2
	 Crit Inc Damage: 2
Haste
	 Rating: 24118
	 Multiplicative Factor: 0%
	 DR Bracket: 1
	 Base: 28%
	 Effective Percent: 73,94%
Vers
	 Rating: 876
	 Multiplicative Factor: 0%
	 DR Bracket: 0
	 Base: 3%
	 Effective Percent: 4,12%
Leech
	 Rating: 3060
	 Multiplicative Factor: 0%
	 DR Bracket: 0
	 Base: 0%
	 Effective Percent: 3%
Avoidance
	 Rating: 0
	 Multiplicative Factor: 0%
	 DR Bracket: 0
	 Base: 0%
	 Effective Percent: 0%
Mastery
	 Rating: 12479
	 Multiplicative Factor: 0%
	 DR Bracket: 0
	 Base: 19,8%
	 Effective Percent: 51,89%
----------------------
02:47,929

Intellect
	 Rating: 146944
	 Multiplicative Factor: 13,56%
Stamina
	 Rating: 866353
	 Multiplicative Factor: 11,3%
Crit
	 Rating: 27748
	 Multiplicative Factor: 0%
	 DR Bracket: 1
	 Base: 5%
	 Effective Percent: 43,68%
	 Crit Inc Heal: 2
	 Crit Inc Damage: 2
Haste
	 Rating: 24118
	 Multiplicative Factor: 0%
	 DR Bracket: 1
	 Base: 27%
	 Effective Percent: 72,58%
Vers
	 Rating: 876
	 Multiplicative Factor: 0%
	 DR Bracket: 0
	 Base: 3%
	 Effective Percent: 4,12%
Leech
	 Rating: 3060
	 Multiplicative Factor: 0%
	 DR Bracket: 0
	 Base: 0%
	 Effective Percent: 3%
Avoidance
	 Rating: 0
	 Multiplicative Factor: 0%
	 DR Bracket: 0
	 Base: 0%
	 Effective Percent: 0%
Mastery
	 Rating: 12479
	 Multiplicative Factor: 0%
	 DR Bracket: 0
	 Base: 19,8%
	 Effective Percent: 51,89%
----------------------
02:48,930

Intellect
	 Rating: 146944
	 Multiplicative Factor: 13,56%
Stamina
	 Rating: 866353
	 Multiplicative Factor: 11,3%
Crit
	 Rating: 27748
	 Multiplicative Factor: 0%
	 DR Bracket: 1
	 Base: 5%
	 Effective Percent: 43,68%
	 Crit Inc Heal: 2
	 Crit Inc Damage: 2
Haste
	 Rating: 24118
	 Multiplicative Factor: 0%
	 DR Bracket: 1
	 Base: 26%
	 Effective Percent: 71,22%
Vers
	 Rating: 876
	 Multiplicative Factor: 0%
	 DR Bracket: 0
	 Base: 3%
	 Effective Percent: 4,12%
Leech
	 Rating: 3060
	 Multiplicative Factor: 0%
	 DR Bracket: 0
	 Base: 0%
	 Effective Percent: 3%
Avoidance
	 Rating: 0
	 Multiplicative Factor: 0%
	 DR Bracket: 0
	 Base: 0%
	 Effective Percent: 0%
Mastery
	 Rating: 12479
	 Multiplicative Factor: 0%
	 DR Bracket: 0
	 Base: 19,8%
	 Effective Percent: 51,89%
----------------------
02:49,924

Intellect
	 Rating: 146944
	 Multiplicative Factor: 13,56%
Stamina
	 Rating: 866353
	 Multiplicative Factor: 11,3%
Crit
	 Rating: 27748
	 Multiplicative Factor: 0%
	 DR Bracket: 1
	 Base: 5%
	 Effective Percent: 43,68%
	 Crit Inc Heal: 2
	 Crit Inc Damage: 2
Haste
	 Rating: 24118
	 Multiplicative Factor: 0%
	 DR Bracket: 1
	 Base: 25%
	 Effective Percent: 69,86%
Vers
	 Rating: 876
	 Multiplicative Factor: 0%
	 DR Bracket: 0
	 Base: 3%
	 Effective Percent: 4,12%
Leech
	 Rating: 3060
	 Multiplicative Factor: 0%
	 DR Bracket: 0
	 Base: 0%
	 Effective Percent: 3%
Avoidance
	 Rating: 0
	 Multiplicative Factor: 0%
	 DR Bracket: 0
	 Base: 0%
	 Effective Percent: 0%
Mastery
	 Rating: 12479
	 Multiplicative Factor: 0%
	 DR Bracket: 0
	 Base: 19,8%
	 Effective Percent: 51,89%
----------------------
02:50,586

Intellect
	 Rating: 146944
	 Multiplicative Factor: 13,56%
Stamina
	 Rating: 866353
	 Multiplicative Factor: 11,3%
Crit
	 Rating: 33676
	 Multiplicative Factor: 0%
	 DR Bracket: 2
	 Base: 5%
	 Effective Percent: 50,49%
	 Crit Inc Heal: 2
	 Crit Inc Damage: 2
Haste
	 Rating: 24118
	 Multiplicative Factor: 0%
	 DR Bracket: 1
	 Base: 25%
	 Effective Percent: 69,86%
Vers
	 Rating: 876
	 Multiplicative Factor: 0%
	 DR Bracket: 0
	 Base: 3%
	 Effective Percent: 4,12%
Leech
	 Rating: 3060
	 Multiplicative Factor: 0%
	 DR Bracket: 0
	 Base: 0%
	 Effective Percent: 3%
Avoidance
	 Rating: 0
	 Multiplicative Factor: 0%
	 DR Bracket: 0
	 Base: 0%
	 Effective Percent: 0%
Mastery
	 Rating: 12479
	 Multiplicative Factor: 0%
	 DR Bracket: 0
	 Base: 19,8%
	 Effective Percent: 51,89%
----------------------
02:50,924

Intellect
	 Rating: 146944
	 Multiplicative Factor: 13,56%
Stamina
	 Rating: 866353
	 Multiplicative Factor: 11,3%
Crit
	 Rating: 33676
	 Multiplicative Factor: 0%
	 DR Bracket: 2
	 Base: 5%
	 Effective Percent: 50,49%
	 Crit Inc Heal: 2
	 Crit Inc Damage: 2
Haste
	 Rating: 24118
	 Multiplicative Factor: 0%
	 DR Bracket: 1
	 Base: 24%
	 Effective Percent: 68,5%
Vers
	 Rating: 876
	 Multiplicative Factor: 0%
	 DR Bracket: 0
	 Base: 3%
	 Effective Percent: 4,12%
Leech
	 Rating: 3060
	 Multiplicative Factor: 0%
	 DR Bracket: 0
	 Base: 0%
	 Effective Percent: 3%
Avoidance
	 Rating: 0
	 Multiplicative Factor: 0%
	 DR Bracket: 0
	 Base: 0%
	 Effective Percent: 0%
Mastery
	 Rating: 12479
	 Multiplicative Factor: 0%
	 DR Bracket: 0
	 Base: 19,8%
	 Effective Percent: 51,89%
----------------------
02:51,928

Intellect
	 Rating: 146944
	 Multiplicative Factor: 13,56%
Stamina
	 Rating: 866353
	 Multiplicative Factor: 11,3%
Crit
	 Rating: 33676
	 Multiplicative Factor: 0%
	 DR Bracket: 2
	 Base: 5%
	 Effective Percent: 50,49%
	 Crit Inc Heal: 2
	 Crit Inc Damage: 2
Haste
	 Rating: 24118
	 Multiplicative Factor: 0%
	 DR Bracket: 1
	 Base: 23%
	 Effective Percent: 67,14%
Vers
	 Rating: 876
	 Multiplicative Factor: 0%
	 DR Bracket: 0
	 Base: 3%
	 Effective Percent: 4,12%
Leech
	 Rating: 3060
	 Multiplicative Factor: 0%
	 DR Bracket: 0
	 Base: 0%
	 Effective Percent: 3%
Avoidance
	 Rating: 0
	 Multiplicative Factor: 0%
	 DR Bracket: 0
	 Base: 0%
	 Effective Percent: 0%
Mastery
	 Rating: 12479
	 Multiplicative Factor: 0%
	 DR Bracket: 0
	 Base: 19,8%
	 Effective Percent: 51,89%
----------------------
02:52,926

Intellect
	 Rating: 146944
	 Multiplicative Factor: 13,56%
Stamina
	 Rating: 866353
	 Multiplicative Factor: 11,3%
Crit
	 Rating: 33676
	 Multiplicative Factor: 0%
	 DR Bracket: 2
	 Base: 5%
	 Effective Percent: 50,49%
	 Crit Inc Heal: 2
	 Crit Inc Damage: 2
Haste
	 Rating: 24118
	 Multiplicative Factor: 0%
	 DR Bracket: 1
	 Base: 22%
	 Effective Percent: 65,78%
Vers
	 Rating: 876
	 Multiplicative Factor: 0%
	 DR Bracket: 0
	 Base: 3%
	 Effective Percent: 4,12%
Leech
	 Rating: 3060
	 Multiplicative Factor: 0%
	 DR Bracket: 0
	 Base: 0%
	 Effective Percent: 3%
Avoidance
	 Rating: 0
	 Multiplicative Factor: 0%
	 DR Bracket: 0
	 Base: 0%
	 Effective Percent: 0%
Mastery
	 Rating: 12479
	 Multiplicative Factor: 0%
	 DR Bracket: 0
	 Base: 19,8%
	 Effective Percent: 51,89%
----------------------
02:53,053

Intellect
	 Rating: 146944
	 Multiplicative Factor: 13,56%
Stamina
	 Rating: 866353
	 Multiplicative Factor: 11,3%
Crit
	 Rating: 27748
	 Multiplicative Factor: 0%
	 DR Bracket: 1
	 Base: 5%
	 Effective Percent: 43,68%
	 Crit Inc Heal: 2
	 Crit Inc Damage: 2
Haste
	 Rating: 24118
	 Multiplicative Factor: 0%
	 DR Bracket: 1
	 Base: 22%
	 Effective Percent: 65,78%
Vers
	 Rating: 876
	 Multiplicative Factor: 0%
	 DR Bracket: 0
	 Base: 3%
	 Effective Percent: 4,12%
Leech
	 Rating: 3060
	 Multiplicative Factor: 0%
	 DR Bracket: 0
	 Base: 0%
	 Effective Percent: 3%
Avoidance
	 Rating: 0
	 Multiplicative Factor: 0%
	 DR Bracket: 0
	 Base: 0%
	 Effective Percent: 0%
Mastery
	 Rating: 12479
	 Multiplicative Factor: 0%
	 DR Bracket: 0
	 Base: 19,8%
	 Effective Percent: 51,89%
----------------------
02:53,936

Intellect
	 Rating: 146944
	 Multiplicative Factor: 13,56%
Stamina
	 Rating: 866353
	 Multiplicative Factor: 11,3%
Crit
	 Rating: 27748
	 Multiplicative Factor: 0%
	 DR Bracket: 1
	 Base: 5%
	 Effective Percent: 43,68%
	 Crit Inc Heal: 2
	 Crit Inc Damage: 2
Haste
	 Rating: 24118
	 Multiplicative Factor: 0%
	 DR Bracket: 1
	 Base: 21%
	 Effective Percent: 64,42%
Vers
	 Rating: 876
	 Multiplicative Factor: 0%
	 DR Bracket: 0
	 Base: 3%
	 Effective Percent: 4,12%
Leech
	 Rating: 3060
	 Multiplicative Factor: 0%
	 DR Bracket: 0
	 Base: 0%
	 Effective Percent: 3%
Avoidance
	 Rating: 0
	 Multiplicative Factor: 0%
	 DR Bracket: 0
	 Base: 0%
	 Effective Percent: 0%
Mastery
	 Rating: 12479
	 Multiplicative Factor: 0%
	 DR Bracket: 0
	 Base: 19,8%
	 Effective Percent: 51,89%
----------------------
02:54,928

Intellect
	 Rating: 146944
	 Multiplicative Factor: 13,56%
Stamina
	 Rating: 866353
	 Multiplicative Factor: 11,3%
Crit
	 Rating: 27748
	 Multiplicative Factor: 0%
	 DR Bracket: 1
	 Base: 5%
	 Effective Percent: 43,68%
	 Crit Inc Heal: 2
	 Crit Inc Damage: 2
Haste
	 Rating: 24118
	 Multiplicative Factor: 0%
	 DR Bracket: 1
	 Base: 20%
	 Effective Percent: 63,07%
Vers
	 Rating: 876
	 Multiplicative Factor: 0%
	 DR Bracket: 0
	 Base: 3%
	 Effective Percent: 4,12%
Leech
	 Rating: 3060
	 Multiplicative Factor: 0%
	 DR Bracket: 0
	 Base: 0%
	 Effective Percent: 3%
Avoidance
	 Rating: 0
	 Multiplicative Factor: 0%
	 DR Bracket: 0
	 Base: 0%
	 Effective Percent: 0%
Mastery
	 Rating: 12479
	 Multiplicative Factor: 0%
	 DR Bracket: 0
	 Base: 19,8%
	 Effective Percent: 51,89%
----------------------
02:55,937

Intellect
	 Rating: 146944
	 Multiplicative Factor: 13,56%
Stamina
	 Rating: 866353
	 Multiplicative Factor: 11,3%
Crit
	 Rating: 27748
	 Multiplicative Factor: 0%
	 DR Bracket: 1
	 Base: 5%
	 Effective Percent: 43,68%
	 Crit Inc Heal: 2
	 Crit Inc Damage: 2
Haste
	 Rating: 24118
	 Multiplicative Factor: 0%
	 DR Bracket: 1
	 Base: 19%
	 Effective Percent: 61,71%
Vers
	 Rating: 876
	 Multiplicative Factor: 0%
	 DR Bracket: 0
	 Base: 3%
	 Effective Percent: 4,12%
Leech
	 Rating: 3060
	 Multiplicative Factor: 0%
	 DR Bracket: 0
	 Base: 0%
	 Effective Percent: 3%
Avoidance
	 Rating: 0
	 Multiplicative Factor: 0%
	 DR Bracket: 0
	 Base: 0%
	 Effective Percent: 0%
Mastery
	 Rating: 12479
	 Multiplicative Factor: 0%
	 DR Bracket: 0
	 Base: 19,8%
	 Effective Percent: 51,89%
----------------------
02:56,926

Intellect
	 Rating: 146944
	 Multiplicative Factor: 13,56%
Stamina
	 Rating: 866353
	 Multiplicative Factor: 11,3%
Crit
	 Rating: 27748
	 Multiplicative Factor: 0%
	 DR Bracket: 1
	 Base: 5%
	 Effective Percent: 43,68%
	 Crit Inc Heal: 2
	 Crit Inc Damage: 2
Haste
	 Rating: 24118
	 Multiplicative Factor: 0%
	 DR Bracket: 1
	 Base: 18%
	 Effective Percent: 60,35%
Vers
	 Rating: 876
	 Multiplicative Factor: 0%
	 DR Bracket: 0
	 Base: 3%
	 Effective Percent: 4,12%
Leech
	 Rating: 3060
	 Multiplicative Factor: 0%
	 DR Bracket: 0
	 Base: 0%
	 Effective Percent: 3%
Avoidance
	 Rating: 0
	 Multiplicative Factor: 0%
	 DR Bracket: 0
	 Base: 0%
	 Effective Percent: 0%
Mastery
	 Rating: 12479
	 Multiplicative Factor: 0%
	 DR Bracket: 0
	 Base: 19,8%
	 Effective Percent: 51,89%
----------------------
02:57,927

Intellect
	 Rating: 146944
	 Multiplicative Factor: 13,56%
Stamina
	 Rating: 866353
	 Multiplicative Factor: 11,3%
Crit
	 Rating: 27748
	 Multiplicative Factor: 0%
	 DR Bracket: 1
	 Base: 5%
	 Effective Percent: 43,68%
	 Crit Inc Heal: 2
	 Crit Inc Damage: 2
Haste
	 Rating: 24118
	 Multiplicative Factor: 0%
	 DR Bracket: 1
	 Base: 17%
	 Effective Percent: 58,99%
Vers
	 Rating: 876
	 Multiplicative Factor: 0%
	 DR Bracket: 0
	 Base: 3%
	 Effective Percent: 4,12%
Leech
	 Rating: 3060
	 Multiplicative Factor: 0%
	 DR Bracket: 0
	 Base: 0%
	 Effective Percent: 3%
Avoidance
	 Rating: 0
	 Multiplicative Factor: 0%
	 DR Bracket: 0
	 Base: 0%
	 Effective Percent: 0%
Mastery
	 Rating: 12479
	 Multiplicative Factor: 0%
	 DR Bracket: 0
	 Base: 19,8%
	 Effective Percent: 51,89%
----------------------
02:58,919

Intellect
	 Rating: 146944
	 Multiplicative Factor: 13,56%
Stamina
	 Rating: 866353
	 Multiplicative Factor: 11,3%
Crit
	 Rating: 27748
	 Multiplicative Factor: 0%
	 DR Bracket: 1
	 Base: 5%
	 Effective Percent: 43,68%
	 Crit Inc Heal: 2
	 Crit Inc Damage: 2
Haste
	 Rating: 24118
	 Multiplicative Factor: 0%
	 DR Bracket: 1
	 Base: 16%
	 Effective Percent: 57,63%
Vers
	 Rating: 876
	 Multiplicative Factor: 0%
	 DR Bracket: 0
	 Base: 3%
	 Effective Percent: 4,12%
Leech
	 Rating: 3060
	 Multiplicative Factor: 0%
	 DR Bracket: 0
	 Base: 0%
	 Effective Percent: 3%
Avoidance
	 Rating: 0
	 Multiplicative Factor: 0%
	 DR Bracket: 0
	 Base: 0%
	 Effective Percent: 0%
Mastery
	 Rating: 12479
	 Multiplicative Factor: 0%
	 DR Bracket: 0
	 Base: 19,8%
	 Effective Percent: 51,89%
----------------------
02:59,926

Intellect
	 Rating: 146944
	 Multiplicative Factor: 13,56%
Stamina
	 Rating: 866353
	 Multiplicative Factor: 11,3%
Crit
	 Rating: 27748
	 Multiplicative Factor: 0%
	 DR Bracket: 1
	 Base: 5%
	 Effective Percent: 43,68%
	 Crit Inc Heal: 2
	 Crit Inc Damage: 2
Haste
	 Rating: 24118
	 Multiplicative Factor: 0%
	 DR Bracket: 1
	 Base: 15%
	 Effective Percent: 56,27%
Vers
	 Rating: 876
	 Multiplicative Factor: 0%
	 DR Bracket: 0
	 Base: 3%
	 Effective Percent: 4,12%
Leech
	 Rating: 3060
	 Multiplicative Factor: 0%
	 DR Bracket: 0
	 Base: 0%
	 Effective Percent: 3%
Avoidance
	 Rating: 0
	 Multiplicative Factor: 0%
	 DR Bracket: 0
	 Base: 0%
	 Effective Percent: 0%
Mastery
	 Rating: 12479
	 Multiplicative Factor: 0%
	 DR Bracket: 0
	 Base: 19,8%
	 Effective Percent: 51,89%
----------------------
03:00,598

Intellect
	 Rating: 146944
	 Multiplicative Factor: 13,56%
Stamina
	 Rating: 866353
	 Multiplicative Factor: 11,3%
Crit
	 Rating: 21821
	 Multiplicative Factor: 0%
	 DR Bracket: 1
	 Base: 5%
	 Effective Percent: 36,06%
	 Crit Inc Heal: 2
	 Crit Inc Damage: 2
Haste
	 Rating: 24118
	 Multiplicative Factor: 0%
	 DR Bracket: 1
	 Base: 15%
	 Effective Percent: 56,27%
Vers
	 Rating: 876
	 Multiplicative Factor: 0%
	 DR Bracket: 0
	 Base: 3%
	 Effective Percent: 4,12%
Leech
	 Rating: 3060
	 Multiplicative Factor: 0%
	 DR Bracket: 0
	 Base: 0%
	 Effective Percent: 3%
Avoidance
	 Rating: 0
	 Multiplicative Factor: 0%
	 DR Bracket: 0
	 Base: 0%
	 Effective Percent: 0%
Mastery
	 Rating: 12479
	 Multiplicative Factor: 0%
	 DR Bracket: 0
	 Base: 19,8%
	 Effective Percent: 51,89%
----------------------
03:00,931

Intellect
	 Rating: 146944
	 Multiplicative Factor: 13,56%
Stamina
	 Rating: 866353
	 Multiplicative Factor: 11,3%
Crit
	 Rating: 21821
	 Multiplicative Factor: 0%
	 DR Bracket: 1
	 Base: 5%
	 Effective Percent: 36,06%
	 Crit Inc Heal: 2
	 Crit Inc Damage: 2
Haste
	 Rating: 24118
	 Multiplicative Factor: 0%
	 DR Bracket: 1
	 Base: 14%
	 Effective Percent: 54,91%
Vers
	 Rating: 876
	 Multiplicative Factor: 0%
	 DR Bracket: 0
	 Base: 3%
	 Effective Percent: 4,12%
Leech
	 Rating: 3060
	 Multiplicative Factor: 0%
	 DR Bracket: 0
	 Base: 0%
	 Effective Percent: 3%
Avoidance
	 Rating: 0
	 Multiplicative Factor: 0%
	 DR Bracket: 0
	 Base: 0%
	 Effective Percent: 0%
Mastery
	 Rating: 12479
	 Multiplicative Factor: 0%
	 DR Bracket: 0
	 Base: 19,8%
	 Effective Percent: 51,89%
----------------------
03:01,943

Intellect
	 Rating: 146944
	 Multiplicative Factor: 13,56%
Stamina
	 Rating: 866353
	 Multiplicative Factor: 11,3%
Crit
	 Rating: 21821
	 Multiplicative Factor: 0%
	 DR Bracket: 1
	 Base: 5%
	 Effective Percent: 36,06%
	 Crit Inc Heal: 2
	 Crit Inc Damage: 2
Haste
	 Rating: 24118
	 Multiplicative Factor: 0%
	 DR Bracket: 1
	 Base: 13%
	 Effective Percent: 53,55%
Vers
	 Rating: 876
	 Multiplicative Factor: 0%
	 DR Bracket: 0
	 Base: 3%
	 Effective Percent: 4,12%
Leech
	 Rating: 3060
	 Multiplicative Factor: 0%
	 DR Bracket: 0
	 Base: 0%
	 Effective Percent: 3%
Avoidance
	 Rating: 0
	 Multiplicative Factor: 0%
	 DR Bracket: 0
	 Base: 0%
	 Effective Percent: 0%
Mastery
	 Rating: 12479
	 Multiplicative Factor: 0%
	 DR Bracket: 0
	 Base: 19,8%
	 Effective Percent: 51,89%
----------------------
03:02,948

Intellect
	 Rating: 146944
	 Multiplicative Factor: 13,56%
Stamina
	 Rating: 866353
	 Multiplicative Factor: 11,3%
Crit
	 Rating: 21821
	 Multiplicative Factor: 0%
	 DR Bracket: 1
	 Base: 5%
	 Effective Percent: 36,06%
	 Crit Inc Heal: 2
	 Crit Inc Damage: 2
Haste
	 Rating: 24118
	 Multiplicative Factor: 0%
	 DR Bracket: 1
	 Base: 12%
	 Effective Percent: 52,19%
Vers
	 Rating: 876
	 Multiplicative Factor: 0%
	 DR Bracket: 0
	 Base: 3%
	 Effective Percent: 4,12%
Leech
	 Rating: 3060
	 Multiplicative Factor: 0%
	 DR Bracket: 0
	 Base: 0%
	 Effective Percent: 3%
Avoidance
	 Rating: 0
	 Multiplicative Factor: 0%
	 DR Bracket: 0
	 Base: 0%
	 Effective Percent: 0%
Mastery
	 Rating: 12479
	 Multiplicative Factor: 0%
	 DR Bracket: 0
	 Base: 19,8%
	 Effective Percent: 51,89%
----------------------
03:03,940

Intellect
	 Rating: 146944
	 Multiplicative Factor: 13,56%
Stamina
	 Rating: 866353
	 Multiplicative Factor: 11,3%
Crit
	 Rating: 21821
	 Multiplicative Factor: 0%
	 DR Bracket: 1
	 Base: 5%
	 Effective Percent: 36,06%
	 Crit Inc Heal: 2
	 Crit Inc Damage: 2
Haste
	 Rating: 24118
	 Multiplicative Factor: 0%
	 DR Bracket: 1
	 Base: 11%
	 Effective Percent: 50,84%
Vers
	 Rating: 876
	 Multiplicative Factor: 0%
	 DR Bracket: 0
	 Base: 3%
	 Effective Percent: 4,12%
Leech
	 Rating: 3060
	 Multiplicative Factor: 0%
	 DR Bracket: 0
	 Base: 0%
	 Effective Percent: 3%
Avoidance
	 Rating: 0
	 Multiplicative Factor: 0%
	 DR Bracket: 0
	 Base: 0%
	 Effective Percent: 0%
Mastery
	 Rating: 12479
	 Multiplicative Factor: 0%
	 DR Bracket: 0
	 Base: 19,8%
	 Effective Percent: 51,89%
----------------------
03:04,927

Intellect
	 Rating: 146944
	 Multiplicative Factor: 13,56%
Stamina
	 Rating: 866353
	 Multiplicative Factor: 11,3%
Crit
	 Rating: 21821
	 Multiplicative Factor: 0%
	 DR Bracket: 1
	 Base: 5%
	 Effective Percent: 36,06%
	 Crit Inc Heal: 2
	 Crit Inc Damage: 2
Haste
	 Rating: 24118
	 Multiplicative Factor: 0%
	 DR Bracket: 1
	 Base: 10%
	 Effective Percent: 49,48%
Vers
	 Rating: 876
	 Multiplicative Factor: 0%
	 DR Bracket: 0
	 Base: 3%
	 Effective Percent: 4,12%
Leech
	 Rating: 3060
	 Multiplicative Factor: 0%
	 DR Bracket: 0
	 Base: 0%
	 Effective Percent: 3%
Avoidance
	 Rating: 0
	 Multiplicative Factor: 0%
	 DR Bracket: 0
	 Base: 0%
	 Effective Percent: 0%
Mastery
	 Rating: 12479
	 Multiplicative Factor: 0%
	 DR Bracket: 0
	 Base: 19,8%
	 Effective Percent: 51,89%
----------------------
03:05,929

Intellect
	 Rating: 146944
	 Multiplicative Factor: 13,56%
Stamina
	 Rating: 866353
	 Multiplicative Factor: 11,3%
Crit
	 Rating: 21821
	 Multiplicative Factor: 0%
	 DR Bracket: 1
	 Base: 5%
	 Effective Percent: 36,06%
	 Crit Inc Heal: 2
	 Crit Inc Damage: 2
Haste
	 Rating: 24118
	 Multiplicative Factor: 0%
	 DR Bracket: 1
	 Base: 9%
	 Effective Percent: 48,12%
Vers
	 Rating: 876
	 Multiplicative Factor: 0%
	 DR Bracket: 0
	 Base: 3%
	 Effective Percent: 4,12%
Leech
	 Rating: 3060
	 Multiplicative Factor: 0%
	 DR Bracket: 0
	 Base: 0%
	 Effective Percent: 3%
Avoidance
	 Rating: 0
	 Multiplicative Factor: 0%
	 DR Bracket: 0
	 Base: 0%
	 Effective Percent: 0%
Mastery
	 Rating: 12479
	 Multiplicative Factor: 0%
	 DR Bracket: 0
	 Base: 19,8%
	 Effective Percent: 51,89%
----------------------
03:06,950

Intellect
	 Rating: 146944
	 Multiplicative Factor: 13,56%
Stamina
	 Rating: 866353
	 Multiplicative Factor: 11,3%
Crit
	 Rating: 21821
	 Multiplicative Factor: 0%
	 DR Bracket: 1
	 Base: 5%
	 Effective Percent: 36,06%
	 Crit Inc Heal: 2
	 Crit Inc Damage: 2
Haste
	 Rating: 24118
	 Multiplicative Factor: 0%
	 DR Bracket: 1
	 Base: 8%
	 Effective Percent: 46,76%
Vers
	 Rating: 876
	 Multiplicative Factor: 0%
	 DR Bracket: 0
	 Base: 3%
	 Effective Percent: 4,12%
Leech
	 Rating: 3060
	 Multiplicative Factor: 0%
	 DR Bracket: 0
	 Base: 0%
	 Effective Percent: 3%
Avoidance
	 Rating: 0
	 Multiplicative Factor: 0%
	 DR Bracket: 0
	 Base: 0%
	 Effective Percent: 0%
Mastery
	 Rating: 12479
	 Multiplicative Factor: 0%
	 DR Bracket: 0
	 Base: 19,8%
	 Effective Percent: 51,89%
----------------------
03:06,950

Intellect
	 Rating: 139947
	 Multiplicative Factor: 8,15%
Stamina
	 Rating: 866353
	 Multiplicative Factor: 11,3%
Crit
	 Rating: 21821
	 Multiplicative Factor: 0%
	 DR Bracket: 1
	 Base: 5%
	 Effective Percent: 36,06%
	 Crit Inc Heal: 2
	 Crit Inc Damage: 2
Haste
	 Rating: 24118
	 Multiplicative Factor: 0%
	 DR Bracket: 1
	 Base: 8%
	 Effective Percent: 46,76%
Vers
	 Rating: 876
	 Multiplicative Factor: 0%
	 DR Bracket: 0
	 Base: 3%
	 Effective Percent: 4,12%
Leech
	 Rating: 3060
	 Multiplicative Factor: 0%
	 DR Bracket: 0
	 Base: 0%
	 Effective Percent: 3%
Avoidance
	 Rating: 0
	 Multiplicative Factor: 0%
	 DR Bracket: 0
	 Base: 0%
	 Effective Percent: 0%
Mastery
	 Rating: 12479
	 Multiplicative Factor: 0%
	 DR Bracket: 0
	 Base: 19,8%
	 Effective Percent: 51,89%
----------------------
03:07,944

Intellect
	 Rating: 139947
	 Multiplicative Factor: 8,15%
Stamina
	 Rating: 866353
	 Multiplicative Factor: 11,3%
Crit
	 Rating: 21821
	 Multiplicative Factor: 0%
	 DR Bracket: 1
	 Base: 5%
	 Effective Percent: 36,06%
	 Crit Inc Heal: 2
	 Crit Inc Damage: 2
Haste
	 Rating: 24118
	 Multiplicative Factor: 0%
	 DR Bracket: 1
	 Base: 7%
	 Effective Percent: 45,4%
Vers
	 Rating: 876
	 Multiplicative Factor: 0%
	 DR Bracket: 0
	 Base: 3%
	 Effective Percent: 4,12%
Leech
	 Rating: 3060
	 Multiplicative Factor: 0%
	 DR Bracket: 0
	 Base: 0%
	 Effective Percent: 3%
Avoidance
	 Rating: 0
	 Multiplicative Factor: 0%
	 DR Bracket: 0
	 Base: 0%
	 Effective Percent: 0%
Mastery
	 Rating: 12479
	 Multiplicative Factor: 0%
	 DR Bracket: 0
	 Base: 19,8%
	 Effective Percent: 51,89%
----------------------
03:08,927

Intellect
	 Rating: 139947
	 Multiplicative Factor: 8,15%
Stamina
	 Rating: 866353
	 Multiplicative Factor: 11,3%
Crit
	 Rating: 21821
	 Multiplicative Factor: 0%
	 DR Bracket: 1
	 Base: 5%
	 Effective Percent: 36,06%
	 Crit Inc Heal: 2
	 Crit Inc Damage: 2
Haste
	 Rating: 24118
	 Multiplicative Factor: 0%
	 DR Bracket: 1
	 Base: 6%
	 Effective Percent: 44,04%
Vers
	 Rating: 876
	 Multiplicative Factor: 0%
	 DR Bracket: 0
	 Base: 3%
	 Effective Percent: 4,12%
Leech
	 Rating: 3060
	 Multiplicative Factor: 0%
	 DR Bracket: 0
	 Base: 0%
	 Effective Percent: 3%
Avoidance
	 Rating: 0
	 Multiplicative Factor: 0%
	 DR Bracket: 0
	 Base: 0%
	 Effective Percent: 0%
Mastery
	 Rating: 12479
	 Multiplicative Factor: 0%
	 DR Bracket: 0
	 Base: 19,8%
	 Effective Percent: 51,89%
----------------------
03:09,929

Intellect
	 Rating: 139947
	 Multiplicative Factor: 8,15%
Stamina
	 Rating: 866353
	 Multiplicative Factor: 11,3%
Crit
	 Rating: 21821
	 Multiplicative Factor: 0%
	 DR Bracket: 1
	 Base: 5%
	 Effective Percent: 36,06%
	 Crit Inc Heal: 2
	 Crit Inc Damage: 2
Haste
	 Rating: 24118
	 Multiplicative Factor: 0%
	 DR Bracket: 1
	 Base: 5%
	 Effective Percent: 42,68%
Vers
	 Rating: 876
	 Multiplicative Factor: 0%
	 DR Bracket: 0
	 Base: 3%
	 Effective Percent: 4,12%
Leech
	 Rating: 3060
	 Multiplicative Factor: 0%
	 DR Bracket: 0
	 Base: 0%
	 Effective Percent: 3%
Avoidance
	 Rating: 0
	 Multiplicative Factor: 0%
	 DR Bracket: 0
	 Base: 0%
	 Effective Percent: 0%
Mastery
	 Rating: 12479
	 Multiplicative Factor: 0%
	 DR Bracket: 0
	 Base: 19,8%
	 Effective Percent: 51,89%
----------------------
03:10,939

Intellect
	 Rating: 139947
	 Multiplicative Factor: 8,15%
Stamina
	 Rating: 866353
	 Multiplicative Factor: 11,3%
Crit
	 Rating: 21821
	 Multiplicative Factor: 0%
	 DR Bracket: 1
	 Base: 5%
	 Effective Percent: 36,06%
	 Crit Inc Heal: 2
	 Crit Inc Damage: 2
Haste
	 Rating: 24118
	 Multiplicative Factor: 0%
	 DR Bracket: 1
	 Base: 4%
	 Effective Percent: 41,32%
Vers
	 Rating: 876
	 Multiplicative Factor: 0%
	 DR Bracket: 0
	 Base: 3%
	 Effective Percent: 4,12%
Leech
	 Rating: 3060
	 Multiplicative Factor: 0%
	 DR Bracket: 0
	 Base: 0%
	 Effective Percent: 3%
Avoidance
	 Rating: 0
	 Multiplicative Factor: 0%
	 DR Bracket: 0
	 Base: 0%
	 Effective Percent: 0%
Mastery
	 Rating: 12479
	 Multiplicative Factor: 0%
	 DR Bracket: 0
	 Base: 19,8%
	 Effective Percent: 51,89%
----------------------
03:11,929

Intellect
	 Rating: 139947
	 Multiplicative Factor: 8,15%
Stamina
	 Rating: 866353
	 Multiplicative Factor: 11,3%
Crit
	 Rating: 21821
	 Multiplicative Factor: 0%
	 DR Bracket: 1
	 Base: 5%
	 Effective Percent: 36,06%
	 Crit Inc Heal: 2
	 Crit Inc Damage: 2
Haste
	 Rating: 24118
	 Multiplicative Factor: 0%
	 DR Bracket: 1
	 Base: 3%
	 Effective Percent: 39,96%
Vers
	 Rating: 876
	 Multiplicative Factor: 0%
	 DR Bracket: 0
	 Base: 3%
	 Effective Percent: 4,12%
Leech
	 Rating: 3060
	 Multiplicative Factor: 0%
	 DR Bracket: 0
	 Base: 0%
	 Effective Percent: 3%
Avoidance
	 Rating: 0
	 Multiplicative Factor: 0%
	 DR Bracket: 0
	 Base: 0%
	 Effective Percent: 0%
Mastery
	 Rating: 12479
	 Multiplicative Factor: 0%
	 DR Bracket: 0
	 Base: 19,8%
	 Effective Percent: 51,89%
----------------------
03:12,929

Intellect
	 Rating: 139947
	 Multiplicative Factor: 8,15%
Stamina
	 Rating: 866353
	 Multiplicative Factor: 11,3%
Crit
	 Rating: 21821
	 Multiplicative Factor: 0%
	 DR Bracket: 1
	 Base: 5%
	 Effective Percent: 36,06%
	 Crit Inc Heal: 2
	 Crit Inc Damage: 2
Haste
	 Rating: 24118
	 Multiplicative Factor: 0%
	 DR Bracket: 1
	 Base: 2%
	 Effective Percent: 38,61%
Vers
	 Rating: 876
	 Multiplicative Factor: 0%
	 DR Bracket: 0
	 Base: 3%
	 Effective Percent: 4,12%
Leech
	 Rating: 3060
	 Multiplicative Factor: 0%
	 DR Bracket: 0
	 Base: 0%
	 Effective Percent: 3%
Avoidance
	 Rating: 0
	 Multiplicative Factor: 0%
	 DR Bracket: 0
	 Base: 0%
	 Effective Percent: 0%
Mastery
	 Rating: 12479
	 Multiplicative Factor: 0%
	 DR Bracket: 0
	 Base: 19,8%
	 Effective Percent: 51,89%
----------------------
03:13,933

Intellect
	 Rating: 139947
	 Multiplicative Factor: 8,15%
Stamina
	 Rating: 866353
	 Multiplicative Factor: 11,3%
Crit
	 Rating: 21821
	 Multiplicative Factor: 0%
	 DR Bracket: 1
	 Base: 5%
	 Effective Percent: 36,06%
	 Crit Inc Heal: 2
	 Crit Inc Damage: 2
Haste
	 Rating: 24118
	 Multiplicative Factor: 0%
	 DR Bracket: 1
	 Base: 1%
	 Effective Percent: 37,25%
Vers
	 Rating: 876
	 Multiplicative Factor: 0%
	 DR Bracket: 0
	 Base: 3%
	 Effective Percent: 4,12%
Leech
	 Rating: 3060
	 Multiplicative Factor: 0%
	 DR Bracket: 0
	 Base: 0%
	 Effective Percent: 3%
Avoidance
	 Rating: 0
	 Multiplicative Factor: 0%
	 DR Bracket: 0
	 Base: 0%
	 Effective Percent: 0%
Mastery
	 Rating: 12479
	 Multiplicative Factor: 0%
	 DR Bracket: 0
	 Base: 19,8%
	 Effective Percent: 51,89%
----------------------
03:14,784

Intellect
	 Rating: 139947
	 Multiplicative Factor: 8,15%
Stamina
	 Rating: 866353
	 Multiplicative Factor: 11,3%
Crit
	 Rating: 27748
	 Multiplicative Factor: 0%
	 DR Bracket: 1
	 Base: 5%
	 Effective Percent: 43,68%
	 Crit Inc Heal: 2
	 Crit Inc Damage: 2
Haste
	 Rating: 24118
	 Multiplicative Factor: 0%
	 DR Bracket: 1
	 Base: 1%
	 Effective Percent: 37,25%
Vers
	 Rating: 876
	 Multiplicative Factor: 0%
	 DR Bracket: 0
	 Base: 3%
	 Effective Percent: 4,12%
Leech
	 Rating: 3060
	 Multiplicative Factor: 0%
	 DR Bracket: 0
	 Base: 0%
	 Effective Percent: 3%
Avoidance
	 Rating: 0
	 Multiplicative Factor: 0%
	 DR Bracket: 0
	 Base: 0%
	 Effective Percent: 0%
Mastery
	 Rating: 12479
	 Multiplicative Factor: 0%
	 DR Bracket: 0
	 Base: 19,8%
	 Effective Percent: 51,89%
----------------------
03:14,922

Intellect
	 Rating: 139947
	 Multiplicative Factor: 8,15%
Stamina
	 Rating: 866353
	 Multiplicative Factor: 11,3%
Crit
	 Rating: 27748
	 Multiplicative Factor: 0%
	 DR Bracket: 1
	 Base: 5%
	 Effective Percent: 43,68%
	 Crit Inc Heal: 2
	 Crit Inc Damage: 2
Haste
	 Rating: 24118
	 Multiplicative Factor: 0%
	 DR Bracket: 1
	 Base: 0%
	 Effective Percent: 35,89%
Vers
	 Rating: 876
	 Multiplicative Factor: 0%
	 DR Bracket: 0
	 Base: 3%
	 Effective Percent: 4,12%
Leech
	 Rating: 3060
	 Multiplicative Factor: 0%
	 DR Bracket: 0
	 Base: 0%
	 Effective Percent: 3%
Avoidance
	 Rating: 0
	 Multiplicative Factor: 0%
	 DR Bracket: 0
	 Base: 0%
	 Effective Percent: 0%
Mastery
	 Rating: 12479
	 Multiplicative Factor: 0%
	 DR Bracket: 0
	 Base: 19,8%
	 Effective Percent: 51,89%
----------------------
03:23,837

Intellect
	 Rating: 139947
	 Multiplicative Factor: 8,15%
Stamina
	 Rating: 866353
	 Multiplicative Factor: 11,3%
Crit
	 Rating: 27748
	 Multiplicative Factor: 0%
	 DR Bracket: 1
	 Base: 5%
	 Effective Percent: 43,68%
	 Crit Inc Heal: 2
	 Crit Inc Damage: 2
Haste
	 Rating: 24118
	 Multiplicative Factor: 0%
	 DR Bracket: 1
	 Base: 3%
	 Effective Percent: 39,96%
Vers
	 Rating: 876
	 Multiplicative Factor: 0%
	 DR Bracket: 0
	 Base: 3%
	 Effective Percent: 4,12%
Leech
	 Rating: 3060
	 Multiplicative Factor: 0%
	 DR Bracket: 0
	 Base: 0%
	 Effective Percent: 3%
Avoidance
	 Rating: 0
	 Multiplicative Factor: 0%
	 DR Bracket: 0
	 Base: 0%
	 Effective Percent: 0%
Mastery
	 Rating: 12479
	 Multiplicative Factor: 0%
	 DR Bracket: 0
	 Base: 19,8%
	 Effective Percent: 51,89%
----------------------
03:23,855

Intellect
	 Rating: 139947
	 Multiplicative Factor: 8,15%
Stamina
	 Rating: 866353
	 Multiplicative Factor: 11,3%
Crit
	 Rating: 27748
	 Multiplicative Factor: 0%
	 DR Bracket: 1
	 Base: 5%
	 Effective Percent: 43,68%
	 Crit Inc Heal: 2
	 Crit Inc Damage: 2
Haste
	 Rating: 24118
	 Multiplicative Factor: 0%
	 DR Bracket: 1
	 Base: 6%
	 Effective Percent: 44,04%
Vers
	 Rating: 876
	 Multiplicative Factor: 0%
	 DR Bracket: 0
	 Base: 3%
	 Effective Percent: 4,12%
Leech
	 Rating: 3060
	 Multiplicative Factor: 0%
	 DR Bracket: 0
	 Base: 0%
	 Effective Percent: 3%
Avoidance
	 Rating: 0
	 Multiplicative Factor: 0%
	 DR Bracket: 0
	 Base: 0%
	 Effective Percent: 0%
Mastery
	 Rating: 12479
	 Multiplicative Factor: 0%
	 DR Bracket: 0
	 Base: 19,8%
	 Effective Percent: 51,89%
----------------------
03:23,855

Intellect
	 Rating: 139947
	 Multiplicative Factor: 8,15%
Stamina
	 Rating: 866353
	 Multiplicative Factor: 11,3%
Crit
	 Rating: 27748
	 Multiplicative Factor: 0%
	 DR Bracket: 1
	 Base: 5%
	 Effective Percent: 43,68%
	 Crit Inc Heal: 2
	 Crit Inc Damage: 2
Haste
	 Rating: 24118
	 Multiplicative Factor: 0%
	 DR Bracket: 1
	 Base: 9%
	 Effective Percent: 48,12%
Vers
	 Rating: 876
	 Multiplicative Factor: 0%
	 DR Bracket: 0
	 Base: 3%
	 Effective Percent: 4,12%
Leech
	 Rating: 3060
	 Multiplicative Factor: 0%
	 DR Bracket: 0
	 Base: 0%
	 Effective Percent: 3%
Avoidance
	 Rating: 0
	 Multiplicative Factor: 0%
	 DR Bracket: 0
	 Base: 0%
	 Effective Percent: 0%
Mastery
	 Rating: 12479
	 Multiplicative Factor: 0%
	 DR Bracket: 0
	 Base: 19,8%
	 Effective Percent: 51,89%
----------------------
03:24,807

Intellect
	 Rating: 139947
	 Multiplicative Factor: 8,15%
Stamina
	 Rating: 866353
	 Multiplicative Factor: 11,3%
Crit
	 Rating: 21821
	 Multiplicative Factor: 0%
	 DR Bracket: 1
	 Base: 5%
	 Effective Percent: 36,06%
	 Crit Inc Heal: 2
	 Crit Inc Damage: 2
Haste
	 Rating: 24118
	 Multiplicative Factor: 0%
	 DR Bracket: 1
	 Base: 9%
	 Effective Percent: 48,12%
Vers
	 Rating: 876
	 Multiplicative Factor: 0%
	 DR Bracket: 0
	 Base: 3%
	 Effective Percent: 4,12%
Leech
	 Rating: 3060
	 Multiplicative Factor: 0%
	 DR Bracket: 0
	 Base: 0%
	 Effective Percent: 3%
Avoidance
	 Rating: 0
	 Multiplicative Factor: 0%
	 DR Bracket: 0
	 Base: 0%
	 Effective Percent: 0%
Mastery
	 Rating: 12479
	 Multiplicative Factor: 0%
	 DR Bracket: 0
	 Base: 19,8%
	 Effective Percent: 51,89%
----------------------
03:31,860

Intellect
	 Rating: 139947
	 Multiplicative Factor: 8,15%
Stamina
	 Rating: 866353
	 Multiplicative Factor: 11,3%
Crit
	 Rating: 21821
	 Multiplicative Factor: 0%
	 DR Bracket: 1
	 Base: 5%
	 Effective Percent: 36,06%
	 Crit Inc Heal: 2
	 Crit Inc Damage: 2
Haste
	 Rating: 24118
	 Multiplicative Factor: 0%
	 DR Bracket: 1
	 Base: 0%
	 Effective Percent: 35,89%
Vers
	 Rating: 876
	 Multiplicative Factor: 0%
	 DR Bracket: 0
	 Base: 3%
	 Effective Percent: 4,12%
Leech
	 Rating: 3060
	 Multiplicative Factor: 0%
	 DR Bracket: 0
	 Base: 0%
	 Effective Percent: 3%
Avoidance
	 Rating: 0
	 Multiplicative Factor: 0%
	 DR Bracket: 0
	 Base: 0%
	 Effective Percent: 0%
Mastery
	 Rating: 12479
	 Multiplicative Factor: 0%
	 DR Bracket: 0
	 Base: 19,8%
	 Effective Percent: 51,89%
----------------------
03:39,778

Intellect
	 Rating: 139947
	 Multiplicative Factor: 8,15%
Stamina
	 Rating: 866353
	 Multiplicative Factor: 11,3%
Crit
	 Rating: 21821
	 Multiplicative Factor: 0%
	 DR Bracket: 1
	 Base: 5%
	 Effective Percent: 36,06%
	 Crit Inc Heal: 2
	 Crit Inc Damage: 2
Haste
	 Rating: 24118
	 Multiplicative Factor: 0%
	 DR Bracket: 1
	 Base: 1%
	 Effective Percent: 37,25%
Vers
	 Rating: 876
	 Multiplicative Factor: 0%
	 DR Bracket: 0
	 Base: 3%
	 Effective Percent: 4,12%
Leech
	 Rating: 3060
	 Multiplicative Factor: 0%
	 DR Bracket: 0
	 Base: 0%
	 Effective Percent: 3%
Avoidance
	 Rating: 0
	 Multiplicative Factor: 0%
	 DR Bracket: 0
	 Base: 0%
	 Effective Percent: 0%
Mastery
	 Rating: 12479
	 Multiplicative Factor: 0%
	 DR Bracket: 0
	 Base: 19,8%
	 Effective Percent: 51,89%
----------------------
03:39,779

Intellect
	 Rating: 146944
	 Multiplicative Factor: 13,56%
Stamina
	 Rating: 866353
	 Multiplicative Factor: 11,3%
Crit
	 Rating: 21821
	 Multiplicative Factor: 0%
	 DR Bracket: 1
	 Base: 5%
	 Effective Percent: 36,06%
	 Crit Inc Heal: 2
	 Crit Inc Damage: 2
Haste
	 Rating: 24118
	 Multiplicative Factor: 0%
	 DR Bracket: 1
	 Base: 1%
	 Effective Percent: 37,25%
Vers
	 Rating: 876
	 Multiplicative Factor: 0%
	 DR Bracket: 0
	 Base: 3%
	 Effective Percent: 4,12%
Leech
	 Rating: 3060
	 Multiplicative Factor: 0%
	 DR Bracket: 0
	 Base: 0%
	 Effective Percent: 3%
Avoidance
	 Rating: 0
	 Multiplicative Factor: 0%
	 DR Bracket: 0
	 Base: 0%
	 Effective Percent: 0%
Mastery
	 Rating: 12479
	 Multiplicative Factor: 0%
	 DR Bracket: 0
	 Base: 19,8%
	 Effective Percent: 51,89%
----------------------
03:40,787

Intellect
	 Rating: 146944
	 Multiplicative Factor: 13,56%
Stamina
	 Rating: 866353
	 Multiplicative Factor: 11,3%
Crit
	 Rating: 21821
	 Multiplicative Factor: 0%
	 DR Bracket: 1
	 Base: 5%
	 Effective Percent: 36,06%
	 Crit Inc Heal: 2
	 Crit Inc Damage: 2
Haste
	 Rating: 24118
	 Multiplicative Factor: 0%
	 DR Bracket: 1
	 Base: 29%
	 Effective Percent: 75,3%
Vers
	 Rating: 876
	 Multiplicative Factor: 0%
	 DR Bracket: 0
	 Base: 3%
	 Effective Percent: 4,12%
Leech
	 Rating: 3060
	 Multiplicative Factor: 0%
	 DR Bracket: 0
	 Base: 0%
	 Effective Percent: 3%
Avoidance
	 Rating: 0
	 Multiplicative Factor: 0%
	 DR Bracket: 0
	 Base: 0%
	 Effective Percent: 0%
Mastery
	 Rating: 12479
	 Multiplicative Factor: 0%
	 DR Bracket: 0
	 Base: 19,8%
	 Effective Percent: 51,89%
----------------------
03:41,778

Intellect
	 Rating: 146944
	 Multiplicative Factor: 13,56%
Stamina
	 Rating: 866353
	 Multiplicative Factor: 11,3%
Crit
	 Rating: 21821
	 Multiplicative Factor: 0%
	 DR Bracket: 1
	 Base: 5%
	 Effective Percent: 36,06%
	 Crit Inc Heal: 2
	 Crit Inc Damage: 2
Haste
	 Rating: 24118
	 Multiplicative Factor: 0%
	 DR Bracket: 1
	 Base: 28%
	 Effective Percent: 73,94%
Vers
	 Rating: 876
	 Multiplicative Factor: 0%
	 DR Bracket: 0
	 Base: 3%
	 Effective Percent: 4,12%
Leech
	 Rating: 3060
	 Multiplicative Factor: 0%
	 DR Bracket: 0
	 Base: 0%
	 Effective Percent: 3%
Avoidance
	 Rating: 0
	 Multiplicative Factor: 0%
	 DR Bracket: 0
	 Base: 0%
	 Effective Percent: 0%
Mastery
	 Rating: 12479
	 Multiplicative Factor: 0%
	 DR Bracket: 0
	 Base: 19,8%
	 Effective Percent: 51,89%
----------------------
03:42,777

Intellect
	 Rating: 146944
	 Multiplicative Factor: 13,56%
Stamina
	 Rating: 866353
	 Multiplicative Factor: 11,3%
Crit
	 Rating: 21821
	 Multiplicative Factor: 0%
	 DR Bracket: 1
	 Base: 5%
	 Effective Percent: 36,06%
	 Crit Inc Heal: 2
	 Crit Inc Damage: 2
Haste
	 Rating: 24118
	 Multiplicative Factor: 0%
	 DR Bracket: 1
	 Base: 27%
	 Effective Percent: 72,58%
Vers
	 Rating: 876
	 Multiplicative Factor: 0%
	 DR Bracket: 0
	 Base: 3%
	 Effective Percent: 4,12%
Leech
	 Rating: 3060
	 Multiplicative Factor: 0%
	 DR Bracket: 0
	 Base: 0%
	 Effective Percent: 3%
Avoidance
	 Rating: 0
	 Multiplicative Factor: 0%
	 DR Bracket: 0
	 Base: 0%
	 Effective Percent: 0%
Mastery
	 Rating: 12479
	 Multiplicative Factor: 0%
	 DR Bracket: 0
	 Base: 19,8%
	 Effective Percent: 51,89%
----------------------
03:43,780

Intellect
	 Rating: 146944
	 Multiplicative Factor: 13,56%
Stamina
	 Rating: 866353
	 Multiplicative Factor: 11,3%
Crit
	 Rating: 21821
	 Multiplicative Factor: 0%
	 DR Bracket: 1
	 Base: 5%
	 Effective Percent: 36,06%
	 Crit Inc Heal: 2
	 Crit Inc Damage: 2
Haste
	 Rating: 24118
	 Multiplicative Factor: 0%
	 DR Bracket: 1
	 Base: 26%
	 Effective Percent: 71,22%
Vers
	 Rating: 876
	 Multiplicative Factor: 0%
	 DR Bracket: 0
	 Base: 3%
	 Effective Percent: 4,12%
Leech
	 Rating: 3060
	 Multiplicative Factor: 0%
	 DR Bracket: 0
	 Base: 0%
	 Effective Percent: 3%
Avoidance
	 Rating: 0
	 Multiplicative Factor: 0%
	 DR Bracket: 0
	 Base: 0%
	 Effective Percent: 0%
Mastery
	 Rating: 12479
	 Multiplicative Factor: 0%
	 DR Bracket: 0
	 Base: 19,8%
	 Effective Percent: 51,89%
----------------------
03:44,790

Intellect
	 Rating: 146944
	 Multiplicative Factor: 13,56%
Stamina
	 Rating: 866353
	 Multiplicative Factor: 11,3%
Crit
	 Rating: 21821
	 Multiplicative Factor: 0%
	 DR Bracket: 1
	 Base: 5%
	 Effective Percent: 36,06%
	 Crit Inc Heal: 2
	 Crit Inc Damage: 2
Haste
	 Rating: 24118
	 Multiplicative Factor: 0%
	 DR Bracket: 1
	 Base: 25%
	 Effective Percent: 69,86%
Vers
	 Rating: 876
	 Multiplicative Factor: 0%
	 DR Bracket: 0
	 Base: 3%
	 Effective Percent: 4,12%
Leech
	 Rating: 3060
	 Multiplicative Factor: 0%
	 DR Bracket: 0
	 Base: 0%
	 Effective Percent: 3%
Avoidance
	 Rating: 0
	 Multiplicative Factor: 0%
	 DR Bracket: 0
	 Base: 0%
	 Effective Percent: 0%
Mastery
	 Rating: 12479
	 Multiplicative Factor: 0%
	 DR Bracket: 0
	 Base: 19,8%
	 Effective Percent: 51,89%
----------------------
03:45,777

Intellect
	 Rating: 146944
	 Multiplicative Factor: 13,56%
Stamina
	 Rating: 866353
	 Multiplicative Factor: 11,3%
Crit
	 Rating: 21821
	 Multiplicative Factor: 0%
	 DR Bracket: 1
	 Base: 5%
	 Effective Percent: 36,06%
	 Crit Inc Heal: 2
	 Crit Inc Damage: 2
Haste
	 Rating: 24118
	 Multiplicative Factor: 0%
	 DR Bracket: 1
	 Base: 24%
	 Effective Percent: 68,5%
Vers
	 Rating: 876
	 Multiplicative Factor: 0%
	 DR Bracket: 0
	 Base: 3%
	 Effective Percent: 4,12%
Leech
	 Rating: 3060
	 Multiplicative Factor: 0%
	 DR Bracket: 0
	 Base: 0%
	 Effective Percent: 3%
Avoidance
	 Rating: 0
	 Multiplicative Factor: 0%
	 DR Bracket: 0
	 Base: 0%
	 Effective Percent: 0%
Mastery
	 Rating: 12479
	 Multiplicative Factor: 0%
	 DR Bracket: 0
	 Base: 19,8%
	 Effective Percent: 51,89%
----------------------
03:46,782

Intellect
	 Rating: 146944
	 Multiplicative Factor: 13,56%
Stamina
	 Rating: 866353
	 Multiplicative Factor: 11,3%
Crit
	 Rating: 21821
	 Multiplicative Factor: 0%
	 DR Bracket: 1
	 Base: 5%
	 Effective Percent: 36,06%
	 Crit Inc Heal: 2
	 Crit Inc Damage: 2
Haste
	 Rating: 24118
	 Multiplicative Factor: 0%
	 DR Bracket: 1
	 Base: 23%
	 Effective Percent: 67,14%
Vers
	 Rating: 876
	 Multiplicative Factor: 0%
	 DR Bracket: 0
	 Base: 3%
	 Effective Percent: 4,12%
Leech
	 Rating: 3060
	 Multiplicative Factor: 0%
	 DR Bracket: 0
	 Base: 0%
	 Effective Percent: 3%
Avoidance
	 Rating: 0
	 Multiplicative Factor: 0%
	 DR Bracket: 0
	 Base: 0%
	 Effective Percent: 0%
Mastery
	 Rating: 12479
	 Multiplicative Factor: 0%
	 DR Bracket: 0
	 Base: 19,8%
	 Effective Percent: 51,89%
----------------------
03:47,775

Intellect
	 Rating: 146944
	 Multiplicative Factor: 13,56%
Stamina
	 Rating: 866353
	 Multiplicative Factor: 11,3%
Crit
	 Rating: 21821
	 Multiplicative Factor: 0%
	 DR Bracket: 1
	 Base: 5%
	 Effective Percent: 36,06%
	 Crit Inc Heal: 2
	 Crit Inc Damage: 2
Haste
	 Rating: 24118
	 Multiplicative Factor: 0%
	 DR Bracket: 1
	 Base: 22%
	 Effective Percent: 65,78%
Vers
	 Rating: 876
	 Multiplicative Factor: 0%
	 DR Bracket: 0
	 Base: 3%
	 Effective Percent: 4,12%
Leech
	 Rating: 3060
	 Multiplicative Factor: 0%
	 DR Bracket: 0
	 Base: 0%
	 Effective Percent: 3%
Avoidance
	 Rating: 0
	 Multiplicative Factor: 0%
	 DR Bracket: 0
	 Base: 0%
	 Effective Percent: 0%
Mastery
	 Rating: 12479
	 Multiplicative Factor: 0%
	 DR Bracket: 0
	 Base: 19,8%
	 Effective Percent: 51,89%
----------------------
03:48,775

Intellect
	 Rating: 146944
	 Multiplicative Factor: 13,56%
Stamina
	 Rating: 866353
	 Multiplicative Factor: 11,3%
Crit
	 Rating: 21821
	 Multiplicative Factor: 0%
	 DR Bracket: 1
	 Base: 5%
	 Effective Percent: 36,06%
	 Crit Inc Heal: 2
	 Crit Inc Damage: 2
Haste
	 Rating: 24118
	 Multiplicative Factor: 0%
	 DR Bracket: 1
	 Base: 21%
	 Effective Percent: 64,42%
Vers
	 Rating: 876
	 Multiplicative Factor: 0%
	 DR Bracket: 0
	 Base: 3%
	 Effective Percent: 4,12%
Leech
	 Rating: 3060
	 Multiplicative Factor: 0%
	 DR Bracket: 0
	 Base: 0%
	 Effective Percent: 3%
Avoidance
	 Rating: 0
	 Multiplicative Factor: 0%
	 DR Bracket: 0
	 Base: 0%
	 Effective Percent: 0%
Mastery
	 Rating: 12479
	 Multiplicative Factor: 0%
	 DR Bracket: 0
	 Base: 19,8%
	 Effective Percent: 51,89%
----------------------
03:49,788

Intellect
	 Rating: 146944
	 Multiplicative Factor: 13,56%
Stamina
	 Rating: 866353
	 Multiplicative Factor: 11,3%
Crit
	 Rating: 21821
	 Multiplicative Factor: 0%
	 DR Bracket: 1
	 Base: 5%
	 Effective Percent: 36,06%
	 Crit Inc Heal: 2
	 Crit Inc Damage: 2
Haste
	 Rating: 24118
	 Multiplicative Factor: 0%
	 DR Bracket: 1
	 Base: 20%
	 Effective Percent: 63,07%
Vers
	 Rating: 876
	 Multiplicative Factor: 0%
	 DR Bracket: 0
	 Base: 3%
	 Effective Percent: 4,12%
Leech
	 Rating: 3060
	 Multiplicative Factor: 0%
	 DR Bracket: 0
	 Base: 0%
	 Effective Percent: 3%
Avoidance
	 Rating: 0
	 Multiplicative Factor: 0%
	 DR Bracket: 0
	 Base: 0%
	 Effective Percent: 0%
Mastery
	 Rating: 12479
	 Multiplicative Factor: 0%
	 DR Bracket: 0
	 Base: 19,8%
	 Effective Percent: 51,89%
----------------------
03:50,805

Intellect
	 Rating: 146944
	 Multiplicative Factor: 13,56%
Stamina
	 Rating: 866353
	 Multiplicative Factor: 11,3%
Crit
	 Rating: 21821
	 Multiplicative Factor: 0%
	 DR Bracket: 1
	 Base: 5%
	 Effective Percent: 36,06%
	 Crit Inc Heal: 2
	 Crit Inc Damage: 2
Haste
	 Rating: 24118
	 Multiplicative Factor: 0%
	 DR Bracket: 1
	 Base: 19%
	 Effective Percent: 61,71%
Vers
	 Rating: 876
	 Multiplicative Factor: 0%
	 DR Bracket: 0
	 Base: 3%
	 Effective Percent: 4,12%
Leech
	 Rating: 3060
	 Multiplicative Factor: 0%
	 DR Bracket: 0
	 Base: 0%
	 Effective Percent: 3%
Avoidance
	 Rating: 0
	 Multiplicative Factor: 0%
	 DR Bracket: 0
	 Base: 0%
	 Effective Percent: 0%
Mastery
	 Rating: 12479
	 Multiplicative Factor: 0%
	 DR Bracket: 0
	 Base: 19,8%
	 Effective Percent: 51,89%
----------------------
03:50,998

Intellect
	 Rating: 146944
	 Multiplicative Factor: 13,56%
Stamina
	 Rating: 866353
	 Multiplicative Factor: 11,3%
Crit
	 Rating: 27748
	 Multiplicative Factor: 0%
	 DR Bracket: 1
	 Base: 5%
	 Effective Percent: 43,68%
	 Crit Inc Heal: 2
	 Crit Inc Damage: 2
Haste
	 Rating: 24118
	 Multiplicative Factor: 0%
	 DR Bracket: 1
	 Base: 19%
	 Effective Percent: 61,71%
Vers
	 Rating: 876
	 Multiplicative Factor: 0%
	 DR Bracket: 0
	 Base: 3%
	 Effective Percent: 4,12%
Leech
	 Rating: 3060
	 Multiplicative Factor: 0%
	 DR Bracket: 0
	 Base: 0%
	 Effective Percent: 3%
Avoidance
	 Rating: 0
	 Multiplicative Factor: 0%
	 DR Bracket: 0
	 Base: 0%
	 Effective Percent: 0%
Mastery
	 Rating: 12479
	 Multiplicative Factor: 0%
	 DR Bracket: 0
	 Base: 19,8%
	 Effective Percent: 51,89%
----------------------
03:51,776

Intellect
	 Rating: 146944
	 Multiplicative Factor: 13,56%
Stamina
	 Rating: 866353
	 Multiplicative Factor: 11,3%
Crit
	 Rating: 27748
	 Multiplicative Factor: 0%
	 DR Bracket: 1
	 Base: 5%
	 Effective Percent: 43,68%
	 Crit Inc Heal: 2
	 Crit Inc Damage: 2
Haste
	 Rating: 24118
	 Multiplicative Factor: 0%
	 DR Bracket: 1
	 Base: 18%
	 Effective Percent: 60,35%
Vers
	 Rating: 876
	 Multiplicative Factor: 0%
	 DR Bracket: 0
	 Base: 3%
	 Effective Percent: 4,12%
Leech
	 Rating: 3060
	 Multiplicative Factor: 0%
	 DR Bracket: 0
	 Base: 0%
	 Effective Percent: 3%
Avoidance
	 Rating: 0
	 Multiplicative Factor: 0%
	 DR Bracket: 0
	 Base: 0%
	 Effective Percent: 0%
Mastery
	 Rating: 12479
	 Multiplicative Factor: 0%
	 DR Bracket: 0
	 Base: 19,8%
	 Effective Percent: 51,89%
----------------------
03:52,769

Intellect
	 Rating: 146944
	 Multiplicative Factor: 13,56%
Stamina
	 Rating: 866353
	 Multiplicative Factor: 11,3%
Crit
	 Rating: 27748
	 Multiplicative Factor: 0%
	 DR Bracket: 1
	 Base: 5%
	 Effective Percent: 43,68%
	 Crit Inc Heal: 2
	 Crit Inc Damage: 2
Haste
	 Rating: 24118
	 Multiplicative Factor: 0%
	 DR Bracket: 1
	 Base: 17%
	 Effective Percent: 58,99%
Vers
	 Rating: 876
	 Multiplicative Factor: 0%
	 DR Bracket: 0
	 Base: 3%
	 Effective Percent: 4,12%
Leech
	 Rating: 3060
	 Multiplicative Factor: 0%
	 DR Bracket: 0
	 Base: 0%
	 Effective Percent: 3%
Avoidance
	 Rating: 0
	 Multiplicative Factor: 0%
	 DR Bracket: 0
	 Base: 0%
	 Effective Percent: 0%
Mastery
	 Rating: 12479
	 Multiplicative Factor: 0%
	 DR Bracket: 0
	 Base: 19,8%
	 Effective Percent: 51,89%
----------------------
03:53,790

Intellect
	 Rating: 146944
	 Multiplicative Factor: 13,56%
Stamina
	 Rating: 866353
	 Multiplicative Factor: 11,3%
Crit
	 Rating: 27748
	 Multiplicative Factor: 0%
	 DR Bracket: 1
	 Base: 5%
	 Effective Percent: 43,68%
	 Crit Inc Heal: 2
	 Crit Inc Damage: 2
Haste
	 Rating: 24118
	 Multiplicative Factor: 0%
	 DR Bracket: 1
	 Base: 16%
	 Effective Percent: 57,63%
Vers
	 Rating: 876
	 Multiplicative Factor: 0%
	 DR Bracket: 0
	 Base: 3%
	 Effective Percent: 4,12%
Leech
	 Rating: 3060
	 Multiplicative Factor: 0%
	 DR Bracket: 0
	 Base: 0%
	 Effective Percent: 3%
Avoidance
	 Rating: 0
	 Multiplicative Factor: 0%
	 DR Bracket: 0
	 Base: 0%
	 Effective Percent: 0%
Mastery
	 Rating: 12479
	 Multiplicative Factor: 0%
	 DR Bracket: 0
	 Base: 19,8%
	 Effective Percent: 51,89%
----------------------
03:54,776

Intellect
	 Rating: 146944
	 Multiplicative Factor: 13,56%
Stamina
	 Rating: 866353
	 Multiplicative Factor: 11,3%
Crit
	 Rating: 27748
	 Multiplicative Factor: 0%
	 DR Bracket: 1
	 Base: 5%
	 Effective Percent: 43,68%
	 Crit Inc Heal: 2
	 Crit Inc Damage: 2
Haste
	 Rating: 24118
	 Multiplicative Factor: 0%
	 DR Bracket: 1
	 Base: 15%
	 Effective Percent: 56,27%
Vers
	 Rating: 876
	 Multiplicative Factor: 0%
	 DR Bracket: 0
	 Base: 3%
	 Effective Percent: 4,12%
Leech
	 Rating: 3060
	 Multiplicative Factor: 0%
	 DR Bracket: 0
	 Base: 0%
	 Effective Percent: 3%
Avoidance
	 Rating: 0
	 Multiplicative Factor: 0%
	 DR Bracket: 0
	 Base: 0%
	 Effective Percent: 0%
Mastery
	 Rating: 12479
	 Multiplicative Factor: 0%
	 DR Bracket: 0
	 Base: 19,8%
	 Effective Percent: 51,89%
----------------------
03:55,792

Intellect
	 Rating: 146944
	 Multiplicative Factor: 13,56%
Stamina
	 Rating: 866353
	 Multiplicative Factor: 11,3%
Crit
	 Rating: 27748
	 Multiplicative Factor: 0%
	 DR Bracket: 1
	 Base: 5%
	 Effective Percent: 43,68%
	 Crit Inc Heal: 2
	 Crit Inc Damage: 2
Haste
	 Rating: 24118
	 Multiplicative Factor: 0%
	 DR Bracket: 1
	 Base: 14%
	 Effective Percent: 54,91%
Vers
	 Rating: 876
	 Multiplicative Factor: 0%
	 DR Bracket: 0
	 Base: 3%
	 Effective Percent: 4,12%
Leech
	 Rating: 3060
	 Multiplicative Factor: 0%
	 DR Bracket: 0
	 Base: 0%
	 Effective Percent: 3%
Avoidance
	 Rating: 0
	 Multiplicative Factor: 0%
	 DR Bracket: 0
	 Base: 0%
	 Effective Percent: 0%
Mastery
	 Rating: 12479
	 Multiplicative Factor: 0%
	 DR Bracket: 0
	 Base: 19,8%
	 Effective Percent: 51,89%
----------------------
03:56,772

Intellect
	 Rating: 146944
	 Multiplicative Factor: 13,56%
Stamina
	 Rating: 866353
	 Multiplicative Factor: 11,3%
Crit
	 Rating: 27748
	 Multiplicative Factor: 0%
	 DR Bracket: 1
	 Base: 5%
	 Effective Percent: 43,68%
	 Crit Inc Heal: 2
	 Crit Inc Damage: 2
Haste
	 Rating: 24118
	 Multiplicative Factor: 0%
	 DR Bracket: 1
	 Base: 13%
	 Effective Percent: 53,55%
Vers
	 Rating: 876
	 Multiplicative Factor: 0%
	 DR Bracket: 0
	 Base: 3%
	 Effective Percent: 4,12%
Leech
	 Rating: 3060
	 Multiplicative Factor: 0%
	 DR Bracket: 0
	 Base: 0%
	 Effective Percent: 3%
Avoidance
	 Rating: 0
	 Multiplicative Factor: 0%
	 DR Bracket: 0
	 Base: 0%
	 Effective Percent: 0%
Mastery
	 Rating: 12479
	 Multiplicative Factor: 0%
	 DR Bracket: 0
	 Base: 19,8%
	 Effective Percent: 51,89%
----------------------
03:57,781

Intellect
	 Rating: 146944
	 Multiplicative Factor: 13,56%
Stamina
	 Rating: 866353
	 Multiplicative Factor: 11,3%
Crit
	 Rating: 27748
	 Multiplicative Factor: 0%
	 DR Bracket: 1
	 Base: 5%
	 Effective Percent: 43,68%
	 Crit Inc Heal: 2
	 Crit Inc Damage: 2
Haste
	 Rating: 24118
	 Multiplicative Factor: 0%
	 DR Bracket: 1
	 Base: 12%
	 Effective Percent: 52,19%
Vers
	 Rating: 876
	 Multiplicative Factor: 0%
	 DR Bracket: 0
	 Base: 3%
	 Effective Percent: 4,12%
Leech
	 Rating: 3060
	 Multiplicative Factor: 0%
	 DR Bracket: 0
	 Base: 0%
	 Effective Percent: 3%
Avoidance
	 Rating: 0
	 Multiplicative Factor: 0%
	 DR Bracket: 0
	 Base: 0%
	 Effective Percent: 0%
Mastery
	 Rating: 12479
	 Multiplicative Factor: 0%
	 DR Bracket: 0
	 Base: 19,8%
	 Effective Percent: 51,89%
----------------------
03:58,780

Intellect
	 Rating: 146944
	 Multiplicative Factor: 13,56%
Stamina
	 Rating: 866353
	 Multiplicative Factor: 11,3%
Crit
	 Rating: 27748
	 Multiplicative Factor: 0%
	 DR Bracket: 1
	 Base: 5%
	 Effective Percent: 43,68%
	 Crit Inc Heal: 2
	 Crit Inc Damage: 2
Haste
	 Rating: 24118
	 Multiplicative Factor: 0%
	 DR Bracket: 1
	 Base: 11%
	 Effective Percent: 50,84%
Vers
	 Rating: 876
	 Multiplicative Factor: 0%
	 DR Bracket: 0
	 Base: 3%
	 Effective Percent: 4,12%
Leech
	 Rating: 3060
	 Multiplicative Factor: 0%
	 DR Bracket: 0
	 Base: 0%
	 Effective Percent: 3%
Avoidance
	 Rating: 0
	 Multiplicative Factor: 0%
	 DR Bracket: 0
	 Base: 0%
	 Effective Percent: 0%
Mastery
	 Rating: 12479
	 Multiplicative Factor: 0%
	 DR Bracket: 0
	 Base: 19,8%
	 Effective Percent: 51,89%
----------------------
03:59,783

Intellect
	 Rating: 146944
	 Multiplicative Factor: 13,56%
Stamina
	 Rating: 866353
	 Multiplicative Factor: 11,3%
Crit
	 Rating: 27748
	 Multiplicative Factor: 0%
	 DR Bracket: 1
	 Base: 5%
	 Effective Percent: 43,68%
	 Crit Inc Heal: 2
	 Crit Inc Damage: 2
Haste
	 Rating: 24118
	 Multiplicative Factor: 0%
	 DR Bracket: 1
	 Base: 10%
	 Effective Percent: 49,48%
Vers
	 Rating: 876
	 Multiplicative Factor: 0%
	 DR Bracket: 0
	 Base: 3%
	 Effective Percent: 4,12%
Leech
	 Rating: 3060
	 Multiplicative Factor: 0%
	 DR Bracket: 0
	 Base: 0%
	 Effective Percent: 3%
Avoidance
	 Rating: 0
	 Multiplicative Factor: 0%
	 DR Bracket: 0
	 Base: 0%
	 Effective Percent: 0%
Mastery
	 Rating: 12479
	 Multiplicative Factor: 0%
	 DR Bracket: 0
	 Base: 19,8%
	 Effective Percent: 51,89%
----------------------
04:00,782

Intellect
	 Rating: 146944
	 Multiplicative Factor: 13,56%
Stamina
	 Rating: 866353
	 Multiplicative Factor: 11,3%
Crit
	 Rating: 27748
	 Multiplicative Factor: 0%
	 DR Bracket: 1
	 Base: 5%
	 Effective Percent: 43,68%
	 Crit Inc Heal: 2
	 Crit Inc Damage: 2
Haste
	 Rating: 24118
	 Multiplicative Factor: 0%
	 DR Bracket: 1
	 Base: 9%
	 Effective Percent: 48,12%
Vers
	 Rating: 876
	 Multiplicative Factor: 0%
	 DR Bracket: 0
	 Base: 3%
	 Effective Percent: 4,12%
Leech
	 Rating: 3060
	 Multiplicative Factor: 0%
	 DR Bracket: 0
	 Base: 0%
	 Effective Percent: 3%
Avoidance
	 Rating: 0
	 Multiplicative Factor: 0%
	 DR Bracket: 0
	 Base: 0%
	 Effective Percent: 0%
Mastery
	 Rating: 12479
	 Multiplicative Factor: 0%
	 DR Bracket: 0
	 Base: 19,8%
	 Effective Percent: 51,89%
----------------------
04:00,802

Intellect
	 Rating: 139947
	 Multiplicative Factor: 8,15%
Stamina
	 Rating: 866353
	 Multiplicative Factor: 11,3%
Crit
	 Rating: 27748
	 Multiplicative Factor: 0%
	 DR Bracket: 1
	 Base: 5%
	 Effective Percent: 43,68%
	 Crit Inc Heal: 2
	 Crit Inc Damage: 2
Haste
	 Rating: 24118
	 Multiplicative Factor: 0%
	 DR Bracket: 1
	 Base: 9%
	 Effective Percent: 48,12%
Vers
	 Rating: 876
	 Multiplicative Factor: 0%
	 DR Bracket: 0
	 Base: 3%
	 Effective Percent: 4,12%
Leech
	 Rating: 3060
	 Multiplicative Factor: 0%
	 DR Bracket: 0
	 Base: 0%
	 Effective Percent: 3%
Avoidance
	 Rating: 0
	 Multiplicative Factor: 0%
	 DR Bracket: 0
	 Base: 0%
	 Effective Percent: 0%
Mastery
	 Rating: 12479
	 Multiplicative Factor: 0%
	 DR Bracket: 0
	 Base: 19,8%
	 Effective Percent: 51,89%
----------------------
04:01,010

Intellect
	 Rating: 139947
	 Multiplicative Factor: 8,15%
Stamina
	 Rating: 866353
	 Multiplicative Factor: 11,3%
Crit
	 Rating: 21821
	 Multiplicative Factor: 0%
	 DR Bracket: 1
	 Base: 5%
	 Effective Percent: 36,06%
	 Crit Inc Heal: 2
	 Crit Inc Damage: 2
Haste
	 Rating: 24118
	 Multiplicative Factor: 0%
	 DR Bracket: 1
	 Base: 9%
	 Effective Percent: 48,12%
Vers
	 Rating: 876
	 Multiplicative Factor: 0%
	 DR Bracket: 0
	 Base: 3%
	 Effective Percent: 4,12%
Leech
	 Rating: 3060
	 Multiplicative Factor: 0%
	 DR Bracket: 0
	 Base: 0%
	 Effective Percent: 3%
Avoidance
	 Rating: 0
	 Multiplicative Factor: 0%
	 DR Bracket: 0
	 Base: 0%
	 Effective Percent: 0%
Mastery
	 Rating: 12479
	 Multiplicative Factor: 0%
	 DR Bracket: 0
	 Base: 19,8%
	 Effective Percent: 51,89%
----------------------
04:01,192

Intellect
	 Rating: 139947
	 Multiplicative Factor: 8,15%
Stamina
	 Rating: 866353
	 Multiplicative Factor: 11,3%
Crit
	 Rating: 27748
	 Multiplicative Factor: 0%
	 DR Bracket: 1
	 Base: 5%
	 Effective Percent: 43,68%
	 Crit Inc Heal: 2
	 Crit Inc Damage: 2
Haste
	 Rating: 24118
	 Multiplicative Factor: 0%
	 DR Bracket: 1
	 Base: 9%
	 Effective Percent: 48,12%
Vers
	 Rating: 876
	 Multiplicative Factor: 0%
	 DR Bracket: 0
	 Base: 3%
	 Effective Percent: 4,12%
Leech
	 Rating: 3060
	 Multiplicative Factor: 0%
	 DR Bracket: 0
	 Base: 0%
	 Effective Percent: 3%
Avoidance
	 Rating: 0
	 Multiplicative Factor: 0%
	 DR Bracket: 0
	 Base: 0%
	 Effective Percent: 0%
Mastery
	 Rating: 12479
	 Multiplicative Factor: 0%
	 DR Bracket: 0
	 Base: 19,8%
	 Effective Percent: 51,89%
----------------------
04:01,781

Intellect
	 Rating: 139947
	 Multiplicative Factor: 8,15%
Stamina
	 Rating: 866353
	 Multiplicative Factor: 11,3%
Crit
	 Rating: 27748
	 Multiplicative Factor: 0%
	 DR Bracket: 1
	 Base: 5%
	 Effective Percent: 43,68%
	 Crit Inc Heal: 2
	 Crit Inc Damage: 2
Haste
	 Rating: 24118
	 Multiplicative Factor: 0%
	 DR Bracket: 1
	 Base: 8%
	 Effective Percent: 46,76%
Vers
	 Rating: 876
	 Multiplicative Factor: 0%
	 DR Bracket: 0
	 Base: 3%
	 Effective Percent: 4,12%
Leech
	 Rating: 3060
	 Multiplicative Factor: 0%
	 DR Bracket: 0
	 Base: 0%
	 Effective Percent: 3%
Avoidance
	 Rating: 0
	 Multiplicative Factor: 0%
	 DR Bracket: 0
	 Base: 0%
	 Effective Percent: 0%
Mastery
	 Rating: 12479
	 Multiplicative Factor: 0%
	 DR Bracket: 0
	 Base: 19,8%
	 Effective Percent: 51,89%
----------------------
04:02,788

Intellect
	 Rating: 139947
	 Multiplicative Factor: 8,15%
Stamina
	 Rating: 866353
	 Multiplicative Factor: 11,3%
Crit
	 Rating: 27748
	 Multiplicative Factor: 0%
	 DR Bracket: 1
	 Base: 5%
	 Effective Percent: 43,68%
	 Crit Inc Heal: 2
	 Crit Inc Damage: 2
Haste
	 Rating: 24118
	 Multiplicative Factor: 0%
	 DR Bracket: 1
	 Base: 7%
	 Effective Percent: 45,4%
Vers
	 Rating: 876
	 Multiplicative Factor: 0%
	 DR Bracket: 0
	 Base: 3%
	 Effective Percent: 4,12%
Leech
	 Rating: 3060
	 Multiplicative Factor: 0%
	 DR Bracket: 0
	 Base: 0%
	 Effective Percent: 3%
Avoidance
	 Rating: 0
	 Multiplicative Factor: 0%
	 DR Bracket: 0
	 Base: 0%
	 Effective Percent: 0%
Mastery
	 Rating: 12479
	 Multiplicative Factor: 0%
	 DR Bracket: 0
	 Base: 19,8%
	 Effective Percent: 51,89%
----------------------
04:03,787

Intellect
	 Rating: 139947
	 Multiplicative Factor: 8,15%
Stamina
	 Rating: 866353
	 Multiplicative Factor: 11,3%
Crit
	 Rating: 27748
	 Multiplicative Factor: 0%
	 DR Bracket: 1
	 Base: 5%
	 Effective Percent: 43,68%
	 Crit Inc Heal: 2
	 Crit Inc Damage: 2
Haste
	 Rating: 24118
	 Multiplicative Factor: 0%
	 DR Bracket: 1
	 Base: 6%
	 Effective Percent: 44,04%
Vers
	 Rating: 876
	 Multiplicative Factor: 0%
	 DR Bracket: 0
	 Base: 3%
	 Effective Percent: 4,12%
Leech
	 Rating: 3060
	 Multiplicative Factor: 0%
	 DR Bracket: 0
	 Base: 0%
	 Effective Percent: 3%
Avoidance
	 Rating: 0
	 Multiplicative Factor: 0%
	 DR Bracket: 0
	 Base: 0%
	 Effective Percent: 0%
Mastery
	 Rating: 12479
	 Multiplicative Factor: 0%
	 DR Bracket: 0
	 Base: 19,8%
	 Effective Percent: 51,89%
----------------------
04:04,282

Intellect
	 Rating: 139947
	 Multiplicative Factor: 8,15%
Stamina
	 Rating: 866353
	 Multiplicative Factor: 11,3%
Crit
	 Rating: 33676
	 Multiplicative Factor: 0%
	 DR Bracket: 2
	 Base: 5%
	 Effective Percent: 50,49%
	 Crit Inc Heal: 2
	 Crit Inc Damage: 2
Haste
	 Rating: 24118
	 Multiplicative Factor: 0%
	 DR Bracket: 1
	 Base: 6%
	 Effective Percent: 44,04%
Vers
	 Rating: 876
	 Multiplicative Factor: 0%
	 DR Bracket: 0
	 Base: 3%
	 Effective Percent: 4,12%
Leech
	 Rating: 3060
	 Multiplicative Factor: 0%
	 DR Bracket: 0
	 Base: 0%
	 Effective Percent: 3%
Avoidance
	 Rating: 0
	 Multiplicative Factor: 0%
	 DR Bracket: 0
	 Base: 0%
	 Effective Percent: 0%
Mastery
	 Rating: 12479
	 Multiplicative Factor: 0%
	 DR Bracket: 0
	 Base: 19,8%
	 Effective Percent: 51,89%
----------------------
04:04,772

Intellect
	 Rating: 139947
	 Multiplicative Factor: 8,15%
Stamina
	 Rating: 866353
	 Multiplicative Factor: 11,3%
Crit
	 Rating: 33676
	 Multiplicative Factor: 0%
	 DR Bracket: 2
	 Base: 5%
	 Effective Percent: 50,49%
	 Crit Inc Heal: 2
	 Crit Inc Damage: 2
Haste
	 Rating: 24118
	 Multiplicative Factor: 0%
	 DR Bracket: 1
	 Base: 5%
	 Effective Percent: 42,68%
Vers
	 Rating: 876
	 Multiplicative Factor: 0%
	 DR Bracket: 0
	 Base: 3%
	 Effective Percent: 4,12%
Leech
	 Rating: 3060
	 Multiplicative Factor: 0%
	 DR Bracket: 0
	 Base: 0%
	 Effective Percent: 3%
Avoidance
	 Rating: 0
	 Multiplicative Factor: 0%
	 DR Bracket: 0
	 Base: 0%
	 Effective Percent: 0%
Mastery
	 Rating: 12479
	 Multiplicative Factor: 0%
	 DR Bracket: 0
	 Base: 19,8%
	 Effective Percent: 51,89%
----------------------
04:05,784

Intellect
	 Rating: 139947
	 Multiplicative Factor: 8,15%
Stamina
	 Rating: 866353
	 Multiplicative Factor: 11,3%
Crit
	 Rating: 33676
	 Multiplicative Factor: 0%
	 DR Bracket: 2
	 Base: 5%
	 Effective Percent: 50,49%
	 Crit Inc Heal: 2
	 Crit Inc Damage: 2
Haste
	 Rating: 24118
	 Multiplicative Factor: 0%
	 DR Bracket: 1
	 Base: 4%
	 Effective Percent: 41,32%
Vers
	 Rating: 876
	 Multiplicative Factor: 0%
	 DR Bracket: 0
	 Base: 3%
	 Effective Percent: 4,12%
Leech
	 Rating: 3060
	 Multiplicative Factor: 0%
	 DR Bracket: 0
	 Base: 0%
	 Effective Percent: 3%
Avoidance
	 Rating: 0
	 Multiplicative Factor: 0%
	 DR Bracket: 0
	 Base: 0%
	 Effective Percent: 0%
Mastery
	 Rating: 12479
	 Multiplicative Factor: 0%
	 DR Bracket: 0
	 Base: 19,8%
	 Effective Percent: 51,89%
----------------------
04:06,780

Intellect
	 Rating: 139947
	 Multiplicative Factor: 8,15%
Stamina
	 Rating: 866353
	 Multiplicative Factor: 11,3%
Crit
	 Rating: 33676
	 Multiplicative Factor: 0%
	 DR Bracket: 2
	 Base: 5%
	 Effective Percent: 50,49%
	 Crit Inc Heal: 2
	 Crit Inc Damage: 2
Haste
	 Rating: 24118
	 Multiplicative Factor: 0%
	 DR Bracket: 1
	 Base: 3%
	 Effective Percent: 39,96%
Vers
	 Rating: 876
	 Multiplicative Factor: 0%
	 DR Bracket: 0
	 Base: 3%
	 Effective Percent: 4,12%
Leech
	 Rating: 3060
	 Multiplicative Factor: 0%
	 DR Bracket: 0
	 Base: 0%
	 Effective Percent: 3%
Avoidance
	 Rating: 0
	 Multiplicative Factor: 0%
	 DR Bracket: 0
	 Base: 0%
	 Effective Percent: 0%
Mastery
	 Rating: 12479
	 Multiplicative Factor: 0%
	 DR Bracket: 0
	 Base: 19,8%
	 Effective Percent: 51,89%
----------------------
04:07,790

Intellect
	 Rating: 139947
	 Multiplicative Factor: 8,15%
Stamina
	 Rating: 866353
	 Multiplicative Factor: 11,3%
Crit
	 Rating: 33676
	 Multiplicative Factor: 0%
	 DR Bracket: 2
	 Base: 5%
	 Effective Percent: 50,49%
	 Crit Inc Heal: 2
	 Crit Inc Damage: 2
Haste
	 Rating: 24118
	 Multiplicative Factor: 0%
	 DR Bracket: 1
	 Base: 2%
	 Effective Percent: 38,61%
Vers
	 Rating: 876
	 Multiplicative Factor: 0%
	 DR Bracket: 0
	 Base: 3%
	 Effective Percent: 4,12%
Leech
	 Rating: 3060
	 Multiplicative Factor: 0%
	 DR Bracket: 0
	 Base: 0%
	 Effective Percent: 3%
Avoidance
	 Rating: 0
	 Multiplicative Factor: 0%
	 DR Bracket: 0
	 Base: 0%
	 Effective Percent: 0%
Mastery
	 Rating: 12479
	 Multiplicative Factor: 0%
	 DR Bracket: 0
	 Base: 19,8%
	 Effective Percent: 51,89%
----------------------
04:08,793

Intellect
	 Rating: 139947
	 Multiplicative Factor: 8,15%
Stamina
	 Rating: 866353
	 Multiplicative Factor: 11,3%
Crit
	 Rating: 33676
	 Multiplicative Factor: 0%
	 DR Bracket: 2
	 Base: 5%
	 Effective Percent: 50,49%
	 Crit Inc Heal: 2
	 Crit Inc Damage: 2
Haste
	 Rating: 24118
	 Multiplicative Factor: 0%
	 DR Bracket: 1
	 Base: 1%
	 Effective Percent: 37,25%
Vers
	 Rating: 876
	 Multiplicative Factor: 0%
	 DR Bracket: 0
	 Base: 3%
	 Effective Percent: 4,12%
Leech
	 Rating: 3060
	 Multiplicative Factor: 0%
	 DR Bracket: 0
	 Base: 0%
	 Effective Percent: 3%
Avoidance
	 Rating: 0
	 Multiplicative Factor: 0%
	 DR Bracket: 0
	 Base: 0%
	 Effective Percent: 0%
Mastery
	 Rating: 12479
	 Multiplicative Factor: 0%
	 DR Bracket: 0
	 Base: 19,8%
	 Effective Percent: 51,89%
----------------------
04:09,780

Intellect
	 Rating: 139947
	 Multiplicative Factor: 8,15%
Stamina
	 Rating: 866353
	 Multiplicative Factor: 11,3%
Crit
	 Rating: 33676
	 Multiplicative Factor: 0%
	 DR Bracket: 2
	 Base: 5%
	 Effective Percent: 50,49%
	 Crit Inc Heal: 2
	 Crit Inc Damage: 2
Haste
	 Rating: 24118
	 Multiplicative Factor: 0%
	 DR Bracket: 1
	 Base: 0%
	 Effective Percent: 35,89%
Vers
	 Rating: 876
	 Multiplicative Factor: 0%
	 DR Bracket: 0
	 Base: 3%
	 Effective Percent: 4,12%
Leech
	 Rating: 3060
	 Multiplicative Factor: 0%
	 DR Bracket: 0
	 Base: 0%
	 Effective Percent: 3%
Avoidance
	 Rating: 0
	 Multiplicative Factor: 0%
	 DR Bracket: 0
	 Base: 0%
	 Effective Percent: 0%
Mastery
	 Rating: 12479
	 Multiplicative Factor: 0%
	 DR Bracket: 0
	 Base: 19,8%
	 Effective Percent: 51,89%
----------------------
04:11,225

Intellect
	 Rating: 139947
	 Multiplicative Factor: 8,15%
Stamina
	 Rating: 866353
	 Multiplicative Factor: 11,3%
Crit
	 Rating: 27748
	 Multiplicative Factor: 0%
	 DR Bracket: 1
	 Base: 5%
	 Effective Percent: 43,68%
	 Crit Inc Heal: 2
	 Crit Inc Damage: 2
Haste
	 Rating: 24118
	 Multiplicative Factor: 0%
	 DR Bracket: 1
	 Base: 0%
	 Effective Percent: 35,89%
Vers
	 Rating: 876
	 Multiplicative Factor: 0%
	 DR Bracket: 0
	 Base: 3%
	 Effective Percent: 4,12%
Leech
	 Rating: 3060
	 Multiplicative Factor: 0%
	 DR Bracket: 0
	 Base: 0%
	 Effective Percent: 3%
Avoidance
	 Rating: 0
	 Multiplicative Factor: 0%
	 DR Bracket: 0
	 Base: 0%
	 Effective Percent: 0%
Mastery
	 Rating: 12479
	 Multiplicative Factor: 0%
	 DR Bracket: 0
	 Base: 19,8%
	 Effective Percent: 51,89%
----------------------
04:14,292

Intellect
	 Rating: 139947
	 Multiplicative Factor: 8,15%
Stamina
	 Rating: 866353
	 Multiplicative Factor: 11,3%
Crit
	 Rating: 21821
	 Multiplicative Factor: 0%
	 DR Bracket: 1
	 Base: 5%
	 Effective Percent: 36,06%
	 Crit Inc Heal: 2
	 Crit Inc Damage: 2
Haste
	 Rating: 24118
	 Multiplicative Factor: 0%
	 DR Bracket: 1
	 Base: 0%
	 Effective Percent: 35,89%
Vers
	 Rating: 876
	 Multiplicative Factor: 0%
	 DR Bracket: 0
	 Base: 3%
	 Effective Percent: 4,12%
Leech
	 Rating: 3060
	 Multiplicative Factor: 0%
	 DR Bracket: 0
	 Base: 0%
	 Effective Percent: 3%
Avoidance
	 Rating: 0
	 Multiplicative Factor: 0%
	 DR Bracket: 0
	 Base: 0%
	 Effective Percent: 0%
Mastery
	 Rating: 12479
	 Multiplicative Factor: 0%
	 DR Bracket: 0
	 Base: 19,8%
	 Effective Percent: 51,89%
