----------------------
00:00,540

Intellect
	 Rating: 145827
	 Multiplicative Factor: 12,48%
	 Eff: 145827
Stamina
	 Rating: 861476
	 Multiplicative Factor: 11,3%
	 Eff: 861476
Crit
	 Rating: 8866
	 Multiplicative Factor: 0%
	 Eff: 15166
	 DR Bracket: 0
	 Base: 9%
	 Effective Percent: 21,67%
	 Crit Inc Heal: 2
	 Crit Inc Damage: 2
Haste
	 Rating: 19522
	 Multiplicative Factor: 0%
	 Eff: 45178,6
	 DR Bracket: 0
	 Base: 30%
	 Effective Percent: 68,45%
Vers
	 Rating: 27104
	 Multiplicative Factor: 0%
	 Eff: 26733,6
	 DR Bracket: 1
	 Base: 0%
	 Effective Percent: 34,27%
Leech
	 Rating: 3060
	 Multiplicative Factor: 0%
	 Eff: 3060
	 DR Bracket: 0
	 Base: 0%
	 Effective Percent: 3%
Avoidance
	 Rating: 0
	 Multiplicative Factor: 0%
	 Eff: 0
	 DR Bracket: 0
	 Base: 0%
	 Effective Percent: 0%
Mastery
	 Rating: 6046
	 Multiplicative Factor: 0%
	 Eff: 15846
	 DR Bracket: 0
	 Base: 21%
	 Effective Percent: 33,96%
----------------------
00:00,625

Intellect
	 Rating: 145827
	 Multiplicative Factor: 12,48%
	 Eff: 145827
Stamina
	 Rating: 861476
	 Multiplicative Factor: 11,3%
	 Eff: 861476
Crit
	 Rating: 8866
	 Multiplicative Factor: 0%
	 Eff: 25666
	 DR Bracket: 0
	 Base: 24%
	 Effective Percent: 36,67%
	 Crit Inc Heal: 2
	 Crit Inc Damage: 2
Haste
	 Rating: 19522
	 Multiplicative Factor: 0%
	 Eff: 45178,6
	 DR Bracket: 0
	 Base: 30%
	 Effective Percent: 68,45%
Vers
	 Rating: 27104
	 Multiplicative Factor: 0%
	 Eff: 26733,6
	 DR Bracket: 1
	 Base: 0%
	 Effective Percent: 34,27%
Leech
	 Rating: 3060
	 Multiplicative Factor: 0%
	 Eff: 3060
	 DR Bracket: 0
	 Base: 0%
	 Effective Percent: 3%
Avoidance
	 Rating: 0
	 Multiplicative Factor: 0%
	 Eff: 0
	 DR Bracket: 0
	 Base: 0%
	 Effective Percent: 0%
Mastery
	 Rating: 6046
	 Multiplicative Factor: 0%
	 Eff: 15846
	 DR Bracket: 0
	 Base: 21%
	 Effective Percent: 33,96%
----------------------
00:00,678

Intellect
	 Rating: 145827
	 Multiplicative Factor: 12,48%
	 Eff: 145827
Stamina
	 Rating: 861476
	 Multiplicative Factor: 11,3%
	 Eff: 861476
Crit
	 Rating: 8866
	 Multiplicative Factor: 0%
	 Eff: 25666
	 DR Bracket: 0
	 Base: 24%
	 Effective Percent: 36,67%
	 Crit Inc Heal: 2
	 Crit Inc Damage: 2
Haste
	 Rating: 19522
	 Multiplicative Factor: 0%
	 Eff: 46889,03999999999
	 DR Bracket: 0
	 Base: 32%
	 Effective Percent: 71,04%
Vers
	 Rating: 27104
	 Multiplicative Factor: 0%
	 Eff: 26733,6
	 DR Bracket: 1
	 Base: 0%
	 Effective Percent: 34,27%
Leech
	 Rating: 3060
	 Multiplicative Factor: 0%
	 Eff: 3060
	 DR Bracket: 0
	 Base: 0%
	 Effective Percent: 3%
Avoidance
	 Rating: 0
	 Multiplicative Factor: 0%
	 Eff: 0
	 DR Bracket: 0
	 Base: 0%
	 Effective Percent: 0%
Mastery
	 Rating: 6046
	 Multiplicative Factor: 0%
	 Eff: 15846
	 DR Bracket: 0
	 Base: 21%
	 Effective Percent: 33,96%
----------------------
00:00,678

Intellect
	 Rating: 145827
	 Multiplicative Factor: 12,48%
	 Eff: 145827
Stamina
	 Rating: 861476
	 Multiplicative Factor: 11,3%
	 Eff: 861476
Crit
	 Rating: 8866
	 Multiplicative Factor: 0%
	 Eff: 25666
	 DR Bracket: 0
	 Base: 24%
	 Effective Percent: 36,67%
	 Crit Inc Heal: 2
	 Crit Inc Damage: 2
Haste
	 Rating: 19522
	 Multiplicative Factor: 0%
	 Eff: 48599,479999999996
	 DR Bracket: 0
	 Base: 34%
	 Effective Percent: 73,64%
Vers
	 Rating: 27104
	 Multiplicative Factor: 0%
	 Eff: 26733,6
	 DR Bracket: 1
	 Base: 0%
	 Effective Percent: 34,27%
Leech
	 Rating: 3060
	 Multiplicative Factor: 0%
	 Eff: 3060
	 DR Bracket: 0
	 Base: 0%
	 Effective Percent: 3%
Avoidance
	 Rating: 0
	 Multiplicative Factor: 0%
	 Eff: 0
	 DR Bracket: 0
	 Base: 0%
	 Effective Percent: 0%
Mastery
	 Rating: 6046
	 Multiplicative Factor: 0%
	 Eff: 15846
	 DR Bracket: 0
	 Base: 21%
	 Effective Percent: 33,96%
----------------------
00:00,679

Intellect
	 Rating: 145827
	 Multiplicative Factor: 12,48%
	 Eff: 145827
Stamina
	 Rating: 861476
	 Multiplicative Factor: 11,3%
	 Eff: 861476
Crit
	 Rating: 8866
	 Multiplicative Factor: 0%
	 Eff: 25666
	 DR Bracket: 0
	 Base: 24%
	 Effective Percent: 36,67%
	 Crit Inc Heal: 2
	 Crit Inc Damage: 2
Haste
	 Rating: 19522
	 Multiplicative Factor: 0%
	 Eff: 52020,36
	 DR Bracket: 0
	 Base: 38%
	 Effective Percent: 78,82%
Vers
	 Rating: 27104
	 Multiplicative Factor: 0%
	 Eff: 26733,6
	 DR Bracket: 1
	 Base: 0%
	 Effective Percent: 34,27%
Leech
	 Rating: 3060
	 Multiplicative Factor: 0%
	 Eff: 3060
	 DR Bracket: 0
	 Base: 0%
	 Effective Percent: 3%
Avoidance
	 Rating: 0
	 Multiplicative Factor: 0%
	 Eff: 0
	 DR Bracket: 0
	 Base: 0%
	 Effective Percent: 0%
Mastery
	 Rating: 6046
	 Multiplicative Factor: 0%
	 Eff: 15846
	 DR Bracket: 0
	 Base: 21%
	 Effective Percent: 33,96%
----------------------
00:00,679

Intellect
	 Rating: 145827
	 Multiplicative Factor: 12,48%
	 Eff: 145827
Stamina
	 Rating: 861476
	 Multiplicative Factor: 11,3%
	 Eff: 861476
Crit
	 Rating: 8866
	 Multiplicative Factor: 0%
	 Eff: 25666
	 DR Bracket: 0
	 Base: 24%
	 Effective Percent: 36,67%
	 Crit Inc Heal: 2
	 Crit Inc Damage: 2
Haste
	 Rating: 19522
	 Multiplicative Factor: 0%
	 Eff: 50309,92
	 DR Bracket: 0
	 Base: 36%
	 Effective Percent: 76,23%
Vers
	 Rating: 27104
	 Multiplicative Factor: 0%
	 Eff: 26733,6
	 DR Bracket: 1
	 Base: 0%
	 Effective Percent: 34,27%
Leech
	 Rating: 3060
	 Multiplicative Factor: 0%
	 Eff: 3060
	 DR Bracket: 0
	 Base: 0%
	 Effective Percent: 3%
Avoidance
	 Rating: 0
	 Multiplicative Factor: 0%
	 Eff: 0
	 DR Bracket: 0
	 Base: 0%
	 Effective Percent: 0%
Mastery
	 Rating: 6046
	 Multiplicative Factor: 0%
	 Eff: 15846
	 DR Bracket: 0
	 Base: 21%
	 Effective Percent: 33,96%
----------------------
00:04,385

Intellect
	 Rating: 145827
	 Multiplicative Factor: 12,48%
	 Eff: 145827
Stamina
	 Rating: 861476
	 Multiplicative Factor: 11,3%
	 Eff: 861476
Crit
	 Rating: 8866
	 Multiplicative Factor: 0%
	 Eff: 25666
	 DR Bracket: 0
	 Base: 24%
	 Effective Percent: 36,67%
	 Crit Inc Heal: 2
	 Crit Inc Damage: 2
Haste
	 Rating: 19522
	 Multiplicative Factor: 0%
	 Eff: 51165,14
	 DR Bracket: 0
	 Base: 37%
	 Effective Percent: 77,52%
Vers
	 Rating: 27104
	 Multiplicative Factor: 0%
	 Eff: 26733,6
	 DR Bracket: 1
	 Base: 0%
	 Effective Percent: 34,27%
Leech
	 Rating: 3060
	 Multiplicative Factor: 0%
	 Eff: 3060
	 DR Bracket: 0
	 Base: 0%
	 Effective Percent: 3%
Avoidance
	 Rating: 0
	 Multiplicative Factor: 0%
	 Eff: 0
	 DR Bracket: 0
	 Base: 0%
	 Effective Percent: 0%
Mastery
	 Rating: 6046
	 Multiplicative Factor: 0%
	 Eff: 15846
	 DR Bracket: 0
	 Base: 21%
	 Effective Percent: 33,96%
----------------------
00:04,430

Intellect
	 Rating: 145827
	 Multiplicative Factor: 12,48%
	 Eff: 145827
Stamina
	 Rating: 861476
	 Multiplicative Factor: 11,3%
	 Eff: 861476
Crit
	 Rating: 8866
	 Multiplicative Factor: 0%
	 Eff: 25666
	 DR Bracket: 0
	 Base: 24%
	 Effective Percent: 36,67%
	 Crit Inc Heal: 2
	 Crit Inc Damage: 2
Haste
	 Rating: 19522
	 Multiplicative Factor: 0%
	 Eff: 54586,02
	 DR Bracket: 0
	 Base: 41%
	 Effective Percent: 82,71%
Vers
	 Rating: 27104
	 Multiplicative Factor: 0%
	 Eff: 26733,6
	 DR Bracket: 1
	 Base: 0%
	 Effective Percent: 34,27%
Leech
	 Rating: 3060
	 Multiplicative Factor: 0%
	 Eff: 3060
	 DR Bracket: 0
	 Base: 0%
	 Effective Percent: 3%
Avoidance
	 Rating: 0
	 Multiplicative Factor: 0%
	 Eff: 0
	 DR Bracket: 0
	 Base: 0%
	 Effective Percent: 0%
Mastery
	 Rating: 6046
	 Multiplicative Factor: 0%
	 Eff: 15846
	 DR Bracket: 0
	 Base: 21%
	 Effective Percent: 33,96%
----------------------
00:05,961

Intellect
	 Rating: 145827
	 Multiplicative Factor: 12,48%
	 Eff: 145827
Stamina
	 Rating: 861476
	 Multiplicative Factor: 11,3%
	 Eff: 861476
Crit
	 Rating: 8866
	 Multiplicative Factor: 0%
	 Eff: 25666
	 DR Bracket: 0
	 Base: 24%
	 Effective Percent: 36,67%
	 Crit Inc Heal: 2
	 Crit Inc Damage: 2
Haste
	 Rating: 19522
	 Multiplicative Factor: 0%
	 Eff: 55441,24
	 DR Bracket: 0
	 Base: 42%
	 Effective Percent: 84%
Vers
	 Rating: 27104
	 Multiplicative Factor: 0%
	 Eff: 26733,6
	 DR Bracket: 1
	 Base: 0%
	 Effective Percent: 34,27%
Leech
	 Rating: 3060
	 Multiplicative Factor: 0%
	 Eff: 3060
	 DR Bracket: 0
	 Base: 0%
	 Effective Percent: 3%
Avoidance
	 Rating: 0
	 Multiplicative Factor: 0%
	 Eff: 0
	 DR Bracket: 0
	 Base: 0%
	 Effective Percent: 0%
Mastery
	 Rating: 6046
	 Multiplicative Factor: 0%
	 Eff: 15846
	 DR Bracket: 0
	 Base: 21%
	 Effective Percent: 33,96%
----------------------
00:05,990

Intellect
	 Rating: 145827
	 Multiplicative Factor: 12,48%
	 Eff: 145827
Stamina
	 Rating: 861476
	 Multiplicative Factor: 11,3%
	 Eff: 861476
Crit
	 Rating: 8866
	 Multiplicative Factor: 0%
	 Eff: 25666
	 DR Bracket: 0
	 Base: 24%
	 Effective Percent: 36,67%
	 Crit Inc Heal: 2
	 Crit Inc Damage: 2
Haste
	 Rating: 19522
	 Multiplicative Factor: 0%
	 Eff: 57151,68
	 DR Bracket: 0
	 Base: 44%
	 Effective Percent: 86,59%
Vers
	 Rating: 27104
	 Multiplicative Factor: 0%
	 Eff: 26733,6
	 DR Bracket: 1
	 Base: 0%
	 Effective Percent: 34,27%
Leech
	 Rating: 3060
	 Multiplicative Factor: 0%
	 Eff: 3060
	 DR Bracket: 0
	 Base: 0%
	 Effective Percent: 3%
Avoidance
	 Rating: 0
	 Multiplicative Factor: 0%
	 Eff: 0
	 DR Bracket: 0
	 Base: 0%
	 Effective Percent: 0%
Mastery
	 Rating: 6046
	 Multiplicative Factor: 0%
	 Eff: 15846
	 DR Bracket: 0
	 Base: 21%
	 Effective Percent: 33,96%
----------------------
00:07,499

Intellect
	 Rating: 145827
	 Multiplicative Factor: 12,48%
	 Eff: 145827
Stamina
	 Rating: 861476
	 Multiplicative Factor: 11,3%
	 Eff: 861476
Crit
	 Rating: 8866
	 Multiplicative Factor: 0%
	 Eff: 25666
	 DR Bracket: 0
	 Base: 24%
	 Effective Percent: 36,67%
	 Crit Inc Heal: 2
	 Crit Inc Damage: 2
Haste
	 Rating: 19522
	 Multiplicative Factor: 0%
	 Eff: 58006,899999999994
	 DR Bracket: 0
	 Base: 45%
	 Effective Percent: 87,89%
Vers
	 Rating: 27104
	 Multiplicative Factor: 0%
	 Eff: 26733,6
	 DR Bracket: 1
	 Base: 0%
	 Effective Percent: 34,27%
Leech
	 Rating: 3060
	 Multiplicative Factor: 0%
	 Eff: 3060
	 DR Bracket: 0
	 Base: 0%
	 Effective Percent: 3%
Avoidance
	 Rating: 0
	 Multiplicative Factor: 0%
	 Eff: 0
	 DR Bracket: 0
	 Base: 0%
	 Effective Percent: 0%
Mastery
	 Rating: 6046
	 Multiplicative Factor: 0%
	 Eff: 15846
	 DR Bracket: 0
	 Base: 21%
	 Effective Percent: 33,96%
----------------------
00:11,290

Intellect
	 Rating: 145827
	 Multiplicative Factor: 12,48%
	 Eff: 145827
Stamina
	 Rating: 861476
	 Multiplicative Factor: 11,3%
	 Eff: 861476
Crit
	 Rating: 8866
	 Multiplicative Factor: 0%
	 Eff: 25666
	 DR Bracket: 0
	 Base: 24%
	 Effective Percent: 36,67%
	 Crit Inc Heal: 2
	 Crit Inc Damage: 2
Haste
	 Rating: 19522
	 Multiplicative Factor: 0%
	 Eff: 58862,119999999995
	 DR Bracket: 0
	 Base: 46%
	 Effective Percent: 89,19%
Vers
	 Rating: 27104
	 Multiplicative Factor: 0%
	 Eff: 26733,6
	 DR Bracket: 1
	 Base: 0%
	 Effective Percent: 34,27%
Leech
	 Rating: 3060
	 Multiplicative Factor: 0%
	 Eff: 3060
	 DR Bracket: 0
	 Base: 0%
	 Effective Percent: 3%
Avoidance
	 Rating: 0
	 Multiplicative Factor: 0%
	 Eff: 0
	 DR Bracket: 0
	 Base: 0%
	 Effective Percent: 0%
Mastery
	 Rating: 6046
	 Multiplicative Factor: 0%
	 Eff: 15846
	 DR Bracket: 0
	 Base: 21%
	 Effective Percent: 33,96%
----------------------
00:12,667

Intellect
	 Rating: 145827
	 Multiplicative Factor: 12,48%
	 Eff: 145827
Stamina
	 Rating: 861476
	 Multiplicative Factor: 11,3%
	 Eff: 861476
Crit
	 Rating: 8866
	 Multiplicative Factor: 0%
	 Eff: 25666
	 DR Bracket: 0
	 Base: 24%
	 Effective Percent: 36,67%
	 Crit Inc Heal: 2
	 Crit Inc Damage: 2
Haste
	 Rating: 19522
	 Multiplicative Factor: 0%
	 Eff: 57151,68
	 DR Bracket: 0
	 Base: 44%
	 Effective Percent: 86,59%
Vers
	 Rating: 27104
	 Multiplicative Factor: 0%
	 Eff: 26733,6
	 DR Bracket: 1
	 Base: 0%
	 Effective Percent: 34,27%
Leech
	 Rating: 3060
	 Multiplicative Factor: 0%
	 Eff: 3060
	 DR Bracket: 0
	 Base: 0%
	 Effective Percent: 3%
Avoidance
	 Rating: 0
	 Multiplicative Factor: 0%
	 Eff: 0
	 DR Bracket: 0
	 Base: 0%
	 Effective Percent: 0%
Mastery
	 Rating: 6046
	 Multiplicative Factor: 0%
	 Eff: 15846
	 DR Bracket: 0
	 Base: 21%
	 Effective Percent: 33,96%
----------------------
00:12,668

Intellect
	 Rating: 145827
	 Multiplicative Factor: 12,48%
	 Eff: 145827
Stamina
	 Rating: 861476
	 Multiplicative Factor: 11,3%
	 Eff: 861476
Crit
	 Rating: 8866
	 Multiplicative Factor: 0%
	 Eff: 25666
	 DR Bracket: 0
	 Base: 24%
	 Effective Percent: 36,67%
	 Crit Inc Heal: 2
	 Crit Inc Damage: 2
Haste
	 Rating: 19522
	 Multiplicative Factor: 0%
	 Eff: 55441,24
	 DR Bracket: 0
	 Base: 42%
	 Effective Percent: 84%
Vers
	 Rating: 27104
	 Multiplicative Factor: 0%
	 Eff: 26733,6
	 DR Bracket: 1
	 Base: 0%
	 Effective Percent: 34,27%
Leech
	 Rating: 3060
	 Multiplicative Factor: 0%
	 Eff: 3060
	 DR Bracket: 0
	 Base: 0%
	 Effective Percent: 3%
Avoidance
	 Rating: 0
	 Multiplicative Factor: 0%
	 Eff: 0
	 DR Bracket: 0
	 Base: 0%
	 Effective Percent: 0%
Mastery
	 Rating: 6046
	 Multiplicative Factor: 0%
	 Eff: 15846
	 DR Bracket: 0
	 Base: 21%
	 Effective Percent: 33,96%
----------------------
00:12,668

Intellect
	 Rating: 145827
	 Multiplicative Factor: 12,48%
	 Eff: 145827
Stamina
	 Rating: 861476
	 Multiplicative Factor: 11,3%
	 Eff: 861476
Crit
	 Rating: 8866
	 Multiplicative Factor: 0%
	 Eff: 25666
	 DR Bracket: 0
	 Base: 24%
	 Effective Percent: 36,67%
	 Crit Inc Heal: 2
	 Crit Inc Damage: 2
Haste
	 Rating: 19522
	 Multiplicative Factor: 0%
	 Eff: 53730,799999999996
	 DR Bracket: 0
	 Base: 40%
	 Effective Percent: 81,41%
Vers
	 Rating: 27104
	 Multiplicative Factor: 0%
	 Eff: 26733,6
	 DR Bracket: 1
	 Base: 0%
	 Effective Percent: 34,27%
Leech
	 Rating: 3060
	 Multiplicative Factor: 0%
	 Eff: 3060
	 DR Bracket: 0
	 Base: 0%
	 Effective Percent: 3%
Avoidance
	 Rating: 0
	 Multiplicative Factor: 0%
	 Eff: 0
	 DR Bracket: 0
	 Base: 0%
	 Effective Percent: 0%
Mastery
	 Rating: 6046
	 Multiplicative Factor: 0%
	 Eff: 15846
	 DR Bracket: 0
	 Base: 21%
	 Effective Percent: 33,96%
----------------------
00:12,668

Intellect
	 Rating: 145827
	 Multiplicative Factor: 12,48%
	 Eff: 145827
Stamina
	 Rating: 861476
	 Multiplicative Factor: 11,3%
	 Eff: 861476
Crit
	 Rating: 8866
	 Multiplicative Factor: 0%
	 Eff: 25666
	 DR Bracket: 0
	 Base: 24%
	 Effective Percent: 36,67%
	 Crit Inc Heal: 2
	 Crit Inc Damage: 2
Haste
	 Rating: 19522
	 Multiplicative Factor: 0%
	 Eff: 52020,36
	 DR Bracket: 0
	 Base: 38%
	 Effective Percent: 78,82%
Vers
	 Rating: 27104
	 Multiplicative Factor: 0%
	 Eff: 26733,6
	 DR Bracket: 1
	 Base: 0%
	 Effective Percent: 34,27%
Leech
	 Rating: 3060
	 Multiplicative Factor: 0%
	 Eff: 3060
	 DR Bracket: 0
	 Base: 0%
	 Effective Percent: 3%
Avoidance
	 Rating: 0
	 Multiplicative Factor: 0%
	 Eff: 0
	 DR Bracket: 0
	 Base: 0%
	 Effective Percent: 0%
Mastery
	 Rating: 6046
	 Multiplicative Factor: 0%
	 Eff: 15846
	 DR Bracket: 0
	 Base: 21%
	 Effective Percent: 33,96%
----------------------
00:14,495

Intellect
	 Rating: 145827
	 Multiplicative Factor: 12,48%
	 Eff: 145827
Stamina
	 Rating: 861476
	 Multiplicative Factor: 11,3%
	 Eff: 861476
Crit
	 Rating: 8866
	 Multiplicative Factor: 0%
	 Eff: 25666
	 DR Bracket: 0
	 Base: 24%
	 Effective Percent: 36,67%
	 Crit Inc Heal: 2
	 Crit Inc Damage: 2
Haste
	 Rating: 19522
	 Multiplicative Factor: 0%
	 Eff: 52875,579999999994
	 DR Bracket: 0
	 Base: 39%
	 Effective Percent: 80,11%
Vers
	 Rating: 27104
	 Multiplicative Factor: 0%
	 Eff: 26733,6
	 DR Bracket: 1
	 Base: 0%
	 Effective Percent: 34,27%
Leech
	 Rating: 3060
	 Multiplicative Factor: 0%
	 Eff: 3060
	 DR Bracket: 0
	 Base: 0%
	 Effective Percent: 3%
Avoidance
	 Rating: 0
	 Multiplicative Factor: 0%
	 Eff: 0
	 DR Bracket: 0
	 Base: 0%
	 Effective Percent: 0%
Mastery
	 Rating: 6046
	 Multiplicative Factor: 0%
	 Eff: 15846
	 DR Bracket: 0
	 Base: 21%
	 Effective Percent: 33,96%
----------------------
00:16,453

Intellect
	 Rating: 145827
	 Multiplicative Factor: 12,48%
	 Eff: 145827
Stamina
	 Rating: 861476
	 Multiplicative Factor: 11,3%
	 Eff: 861476
Crit
	 Rating: 8866
	 Multiplicative Factor: 0%
	 Eff: 25666
	 DR Bracket: 0
	 Base: 24%
	 Effective Percent: 36,67%
	 Crit Inc Heal: 2
	 Crit Inc Damage: 2
Haste
	 Rating: 19522
	 Multiplicative Factor: 0%
	 Eff: 51165,14
	 DR Bracket: 0
	 Base: 37%
	 Effective Percent: 77,52%
Vers
	 Rating: 27104
	 Multiplicative Factor: 0%
	 Eff: 26733,6
	 DR Bracket: 1
	 Base: 0%
	 Effective Percent: 34,27%
Leech
	 Rating: 3060
	 Multiplicative Factor: 0%
	 Eff: 3060
	 DR Bracket: 0
	 Base: 0%
	 Effective Percent: 3%
Avoidance
	 Rating: 0
	 Multiplicative Factor: 0%
	 Eff: 0
	 DR Bracket: 0
	 Base: 0%
	 Effective Percent: 0%
Mastery
	 Rating: 6046
	 Multiplicative Factor: 0%
	 Eff: 15846
	 DR Bracket: 0
	 Base: 21%
	 Effective Percent: 33,96%
----------------------
00:17,991

Intellect
	 Rating: 145827
	 Multiplicative Factor: 12,48%
	 Eff: 145827
Stamina
	 Rating: 861476
	 Multiplicative Factor: 11,3%
	 Eff: 861476
Crit
	 Rating: 8866
	 Multiplicative Factor: 0%
	 Eff: 25666
	 DR Bracket: 0
	 Base: 24%
	 Effective Percent: 36,67%
	 Crit Inc Heal: 2
	 Crit Inc Damage: 2
Haste
	 Rating: 19522
	 Multiplicative Factor: 0%
	 Eff: 49454,7
	 DR Bracket: 0
	 Base: 35%
	 Effective Percent: 74,93%
Vers
	 Rating: 27104
	 Multiplicative Factor: 0%
	 Eff: 26733,6
	 DR Bracket: 1
	 Base: 0%
	 Effective Percent: 34,27%
Leech
	 Rating: 3060
	 Multiplicative Factor: 0%
	 Eff: 3060
	 DR Bracket: 0
	 Base: 0%
	 Effective Percent: 3%
Avoidance
	 Rating: 0
	 Multiplicative Factor: 0%
	 Eff: 0
	 DR Bracket: 0
	 Base: 0%
	 Effective Percent: 0%
Mastery
	 Rating: 6046
	 Multiplicative Factor: 0%
	 Eff: 15846
	 DR Bracket: 0
	 Base: 21%
	 Effective Percent: 33,96%
----------------------
00:20,656

Intellect
	 Rating: 145827
	 Multiplicative Factor: 12,48%
	 Eff: 145827
Stamina
	 Rating: 861476
	 Multiplicative Factor: 11,3%
	 Eff: 861476
Crit
	 Rating: 8866
	 Multiplicative Factor: 0%
	 Eff: 15166
	 DR Bracket: 0
	 Base: 9%
	 Effective Percent: 21,67%
	 Crit Inc Heal: 2
	 Crit Inc Damage: 2
Haste
	 Rating: 19522
	 Multiplicative Factor: 0%
	 Eff: 49454,7
	 DR Bracket: 0
	 Base: 35%
	 Effective Percent: 74,93%
Vers
	 Rating: 27104
	 Multiplicative Factor: 0%
	 Eff: 26733,6
	 DR Bracket: 1
	 Base: 0%
	 Effective Percent: 34,27%
Leech
	 Rating: 3060
	 Multiplicative Factor: 0%
	 Eff: 3060
	 DR Bracket: 0
	 Base: 0%
	 Effective Percent: 3%
Avoidance
	 Rating: 0
	 Multiplicative Factor: 0%
	 Eff: 0
	 DR Bracket: 0
	 Base: 0%
	 Effective Percent: 0%
Mastery
	 Rating: 6046
	 Multiplicative Factor: 0%
	 Eff: 15846
	 DR Bracket: 0
	 Base: 21%
	 Effective Percent: 33,96%
----------------------
00:23,534

Intellect
	 Rating: 145827
	 Multiplicative Factor: 12,48%
	 Eff: 145827
Stamina
	 Rating: 861476
	 Multiplicative Factor: 11,3%
	 Eff: 861476
Crit
	 Rating: 8866
	 Multiplicative Factor: 0%
	 Eff: 15166
	 DR Bracket: 0
	 Base: 9%
	 Effective Percent: 21,67%
	 Crit Inc Heal: 2
	 Crit Inc Damage: 2
Haste
	 Rating: 19522
	 Multiplicative Factor: 0%
	 Eff: 51165,14
	 DR Bracket: 0
	 Base: 37%
	 Effective Percent: 77,52%
Vers
	 Rating: 27104
	 Multiplicative Factor: 0%
	 Eff: 26733,6
	 DR Bracket: 1
	 Base: 0%
	 Effective Percent: 34,27%
Leech
	 Rating: 3060
	 Multiplicative Factor: 0%
	 Eff: 3060
	 DR Bracket: 0
	 Base: 0%
	 Effective Percent: 3%
Avoidance
	 Rating: 0
	 Multiplicative Factor: 0%
	 Eff: 0
	 DR Bracket: 0
	 Base: 0%
	 Effective Percent: 0%
Mastery
	 Rating: 6046
	 Multiplicative Factor: 0%
	 Eff: 15846
	 DR Bracket: 0
	 Base: 21%
	 Effective Percent: 33,96%
----------------------
00:26,849

Intellect
	 Rating: 145827
	 Multiplicative Factor: 12,48%
	 Eff: 145827
Stamina
	 Rating: 861476
	 Multiplicative Factor: 11,3%
	 Eff: 861476
Crit
	 Rating: 8866
	 Multiplicative Factor: 0%
	 Eff: 15166
	 DR Bracket: 0
	 Base: 9%
	 Effective Percent: 21,67%
	 Crit Inc Heal: 2
	 Crit Inc Damage: 2
Haste
	 Rating: 19522
	 Multiplicative Factor: 0%
	 Eff: 52875,579999999994
	 DR Bracket: 0
	 Base: 39%
	 Effective Percent: 80,11%
Vers
	 Rating: 27104
	 Multiplicative Factor: 0%
	 Eff: 26733,6
	 DR Bracket: 1
	 Base: 0%
	 Effective Percent: 34,27%
Leech
	 Rating: 3060
	 Multiplicative Factor: 0%
	 Eff: 3060
	 DR Bracket: 0
	 Base: 0%
	 Effective Percent: 3%
Avoidance
	 Rating: 0
	 Multiplicative Factor: 0%
	 Eff: 0
	 DR Bracket: 0
	 Base: 0%
	 Effective Percent: 0%
Mastery
	 Rating: 6046
	 Multiplicative Factor: 0%
	 Eff: 15846
	 DR Bracket: 0
	 Base: 21%
	 Effective Percent: 33,96%
----------------------
00:35,555

Intellect
	 Rating: 145827
	 Multiplicative Factor: 12,48%
	 Eff: 145827
Stamina
	 Rating: 861476
	 Multiplicative Factor: 11,3%
	 Eff: 861476
Crit
	 Rating: 8866
	 Multiplicative Factor: 0%
	 Eff: 15166
	 DR Bracket: 0
	 Base: 9%
	 Effective Percent: 21,67%
	 Crit Inc Heal: 2
	 Crit Inc Damage: 2
Haste
	 Rating: 19522
	 Multiplicative Factor: 0%
	 Eff: 51165,14
	 DR Bracket: 0
	 Base: 37%
	 Effective Percent: 77,52%
Vers
	 Rating: 27104
	 Multiplicative Factor: 0%
	 Eff: 26733,6
	 DR Bracket: 1
	 Base: 0%
	 Effective Percent: 34,27%
Leech
	 Rating: 3060
	 Multiplicative Factor: 0%
	 Eff: 3060
	 DR Bracket: 0
	 Base: 0%
	 Effective Percent: 3%
Avoidance
	 Rating: 0
	 Multiplicative Factor: 0%
	 Eff: 0
	 DR Bracket: 0
	 Base: 0%
	 Effective Percent: 0%
Mastery
	 Rating: 6046
	 Multiplicative Factor: 0%
	 Eff: 15846
	 DR Bracket: 0
	 Base: 21%
	 Effective Percent: 33,96%
----------------------
00:35,914

Intellect
	 Rating: 145827
	 Multiplicative Factor: 12,48%
	 Eff: 145827
Stamina
	 Rating: 861476
	 Multiplicative Factor: 11,3%
	 Eff: 861476
Crit
	 Rating: 8866
	 Multiplicative Factor: 0%
	 Eff: 15166
	 DR Bracket: 0
	 Base: 9%
	 Effective Percent: 21,67%
	 Crit Inc Heal: 2
	 Crit Inc Damage: 2
Haste
	 Rating: 19522
	 Multiplicative Factor: 0%
	 Eff: 52875,579999999994
	 DR Bracket: 0
	 Base: 39%
	 Effective Percent: 80,11%
Vers
	 Rating: 27104
	 Multiplicative Factor: 0%
	 Eff: 26733,6
	 DR Bracket: 1
	 Base: 0%
	 Effective Percent: 34,27%
Leech
	 Rating: 3060
	 Multiplicative Factor: 0%
	 Eff: 3060
	 DR Bracket: 0
	 Base: 0%
	 Effective Percent: 3%
Avoidance
	 Rating: 0
	 Multiplicative Factor: 0%
	 Eff: 0
	 DR Bracket: 0
	 Base: 0%
	 Effective Percent: 0%
Mastery
	 Rating: 6046
	 Multiplicative Factor: 0%
	 Eff: 15846
	 DR Bracket: 0
	 Base: 21%
	 Effective Percent: 33,96%
----------------------
00:37,545

Intellect
	 Rating: 145827
	 Multiplicative Factor: 12,48%
	 Eff: 145827
Stamina
	 Rating: 861476
	 Multiplicative Factor: 11,3%
	 Eff: 861476
Crit
	 Rating: 8866
	 Multiplicative Factor: 0%
	 Eff: 15166
	 DR Bracket: 0
	 Base: 9%
	 Effective Percent: 21,67%
	 Crit Inc Heal: 2
	 Crit Inc Damage: 2
Haste
	 Rating: 19522
	 Multiplicative Factor: 0%
	 Eff: 54586,02
	 DR Bracket: 0
	 Base: 41%
	 Effective Percent: 82,71%
Vers
	 Rating: 27104
	 Multiplicative Factor: 0%
	 Eff: 26733,6
	 DR Bracket: 1
	 Base: 0%
	 Effective Percent: 34,27%
Leech
	 Rating: 3060
	 Multiplicative Factor: 0%
	 Eff: 3060
	 DR Bracket: 0
	 Base: 0%
	 Effective Percent: 3%
Avoidance
	 Rating: 0
	 Multiplicative Factor: 0%
	 Eff: 0
	 DR Bracket: 0
	 Base: 0%
	 Effective Percent: 0%
Mastery
	 Rating: 6046
	 Multiplicative Factor: 0%
	 Eff: 15846
	 DR Bracket: 0
	 Base: 21%
	 Effective Percent: 33,96%
----------------------
00:38,335

Intellect
	 Rating: 145827
	 Multiplicative Factor: 12,48%
	 Eff: 145827
Stamina
	 Rating: 861476
	 Multiplicative Factor: 11,3%
	 Eff: 861476
Crit
	 Rating: 8866
	 Multiplicative Factor: 0%
	 Eff: 25666
	 DR Bracket: 0
	 Base: 24%
	 Effective Percent: 36,67%
	 Crit Inc Heal: 2
	 Crit Inc Damage: 2
Haste
	 Rating: 19522
	 Multiplicative Factor: 0%
	 Eff: 54586,02
	 DR Bracket: 0
	 Base: 41%
	 Effective Percent: 82,71%
Vers
	 Rating: 27104
	 Multiplicative Factor: 0%
	 Eff: 26733,6
	 DR Bracket: 1
	 Base: 0%
	 Effective Percent: 34,27%
Leech
	 Rating: 3060
	 Multiplicative Factor: 0%
	 Eff: 3060
	 DR Bracket: 0
	 Base: 0%
	 Effective Percent: 3%
Avoidance
	 Rating: 0
	 Multiplicative Factor: 0%
	 Eff: 0
	 DR Bracket: 0
	 Base: 0%
	 Effective Percent: 0%
Mastery
	 Rating: 6046
	 Multiplicative Factor: 0%
	 Eff: 15846
	 DR Bracket: 0
	 Base: 21%
	 Effective Percent: 33,96%
----------------------
00:38,369

Intellect
	 Rating: 145827
	 Multiplicative Factor: 12,48%
	 Eff: 145827
Stamina
	 Rating: 861476
	 Multiplicative Factor: 11,3%
	 Eff: 861476
Crit
	 Rating: 8866
	 Multiplicative Factor: 0%
	 Eff: 25666
	 DR Bracket: 0
	 Base: 24%
	 Effective Percent: 36,67%
	 Crit Inc Heal: 2
	 Crit Inc Damage: 2
Haste
	 Rating: 19522
	 Multiplicative Factor: 0%
	 Eff: 56296,46
	 DR Bracket: 0
	 Base: 43%
	 Effective Percent: 85,3%
Vers
	 Rating: 27104
	 Multiplicative Factor: 0%
	 Eff: 26733,6
	 DR Bracket: 1
	 Base: 0%
	 Effective Percent: 34,27%
Leech
	 Rating: 3060
	 Multiplicative Factor: 0%
	 Eff: 3060
	 DR Bracket: 0
	 Base: 0%
	 Effective Percent: 3%
Avoidance
	 Rating: 0
	 Multiplicative Factor: 0%
	 Eff: 0
	 DR Bracket: 0
	 Base: 0%
	 Effective Percent: 0%
Mastery
	 Rating: 6046
	 Multiplicative Factor: 0%
	 Eff: 15846
	 DR Bracket: 0
	 Base: 21%
	 Effective Percent: 33,96%
----------------------
00:38,854

Intellect
	 Rating: 145827
	 Multiplicative Factor: 12,48%
	 Eff: 145827
Stamina
	 Rating: 861476
	 Multiplicative Factor: 11,3%
	 Eff: 861476
Crit
	 Rating: 8866
	 Multiplicative Factor: 0%
	 Eff: 25666
	 DR Bracket: 0
	 Base: 24%
	 Effective Percent: 36,67%
	 Crit Inc Heal: 2
	 Crit Inc Damage: 2
Haste
	 Rating: 19522
	 Multiplicative Factor: 0%
	 Eff: 54586,02
	 DR Bracket: 0
	 Base: 41%
	 Effective Percent: 82,71%
Vers
	 Rating: 27104
	 Multiplicative Factor: 0%
	 Eff: 26733,6
	 DR Bracket: 1
	 Base: 0%
	 Effective Percent: 34,27%
Leech
	 Rating: 3060
	 Multiplicative Factor: 0%
	 Eff: 3060
	 DR Bracket: 0
	 Base: 0%
	 Effective Percent: 3%
Avoidance
	 Rating: 0
	 Multiplicative Factor: 0%
	 Eff: 0
	 DR Bracket: 0
	 Base: 0%
	 Effective Percent: 0%
Mastery
	 Rating: 6046
	 Multiplicative Factor: 0%
	 Eff: 15846
	 DR Bracket: 0
	 Base: 21%
	 Effective Percent: 33,96%
----------------------
00:40,557

Intellect
	 Rating: 145827
	 Multiplicative Factor: 12,48%
	 Eff: 145827
Stamina
	 Rating: 861476
	 Multiplicative Factor: 11,3%
	 Eff: 861476
Crit
	 Rating: 8866
	 Multiplicative Factor: 0%
	 Eff: 25666
	 DR Bracket: 0
	 Base: 24%
	 Effective Percent: 36,67%
	 Crit Inc Heal: 2
	 Crit Inc Damage: 2
Haste
	 Rating: 19522
	 Multiplicative Factor: 0%
	 Eff: 28929,42
	 DR Bracket: 0
	 Base: 11%
	 Effective Percent: 43,83%
Vers
	 Rating: 27104
	 Multiplicative Factor: 0%
	 Eff: 26733,6
	 DR Bracket: 1
	 Base: 0%
	 Effective Percent: 34,27%
Leech
	 Rating: 3060
	 Multiplicative Factor: 0%
	 Eff: 3060
	 DR Bracket: 0
	 Base: 0%
	 Effective Percent: 3%
Avoidance
	 Rating: 0
	 Multiplicative Factor: 0%
	 Eff: 0
	 DR Bracket: 0
	 Base: 0%
	 Effective Percent: 0%
Mastery
	 Rating: 6046
	 Multiplicative Factor: 0%
	 Eff: 15846
	 DR Bracket: 0
	 Base: 21%
	 Effective Percent: 33,96%
----------------------
00:41,690

Intellect
	 Rating: 145827
	 Multiplicative Factor: 12,48%
	 Eff: 145827
Stamina
	 Rating: 861476
	 Multiplicative Factor: 11,3%
	 Eff: 861476
Crit
	 Rating: 14851
	 Multiplicative Factor: 0%
	 Eff: 31650,876683105605
	 DR Bracket: 0
	 Base: 24%
	 Effective Percent: 45,22%
	 Crit Inc Heal: 2
	 Crit Inc Damage: 2
Haste
	 Rating: 19522
	 Multiplicative Factor: 0%
	 Eff: 28929,42
	 DR Bracket: 0
	 Base: 11%
	 Effective Percent: 43,83%
Vers
	 Rating: 27104
	 Multiplicative Factor: 0%
	 Eff: 26733,6
	 DR Bracket: 1
	 Base: 0%
	 Effective Percent: 34,27%
Leech
	 Rating: 3060
	 Multiplicative Factor: 0%
	 Eff: 3060
	 DR Bracket: 0
	 Base: 0%
	 Effective Percent: 3%
Avoidance
	 Rating: 0
	 Multiplicative Factor: 0%
	 Eff: 0
	 DR Bracket: 0
	 Base: 0%
	 Effective Percent: 0%
Mastery
	 Rating: 6046
	 Multiplicative Factor: 0%
	 Eff: 15846
	 DR Bracket: 0
	 Base: 21%
	 Effective Percent: 33,96%
----------------------
00:47,844

Intellect
	 Rating: 145827
	 Multiplicative Factor: 12,48%
	 Eff: 145827
Stamina
	 Rating: 861476
	 Multiplicative Factor: 11,3%
	 Eff: 861476
Crit
	 Rating: 14851
	 Multiplicative Factor: 0%
	 Eff: 31650,876683105605
	 DR Bracket: 0
	 Base: 24%
	 Effective Percent: 45,22%
	 Crit Inc Heal: 2
	 Crit Inc Damage: 2
Haste
	 Rating: 19522
	 Multiplicative Factor: 0%
	 Eff: 28929,42
	 DR Bracket: 0
	 Base: 11%
	 Effective Percent: 43,83%
Vers
	 Rating: 27104
	 Multiplicative Factor: 0%
	 Eff: 26733,6
	 DR Bracket: 1
	 Base: 0%
	 Effective Percent: 34,27%
Leech
	 Rating: 3060
	 Multiplicative Factor: 0%
	 Eff: 3060
	 DR Bracket: 0
	 Base: 0%
	 Effective Percent: 3%
Avoidance
	 Rating: 0
	 Multiplicative Factor: 0%
	 Eff: 0
	 DR Bracket: 0
	 Base: 0%
	 Effective Percent: 0%
Mastery
	 Rating: 6046
	 Multiplicative Factor: 0%
	 Eff: 15846
	 DR Bracket: 0
	 Base: 21%
	 Effective Percent: 33,96%
----------------------
00:47,911

Intellect
	 Rating: 145827
	 Multiplicative Factor: 12,48%
	 Eff: 145827
Stamina
	 Rating: 861476
	 Multiplicative Factor: 11,3%
	 Eff: 861476
Crit
	 Rating: 14851
	 Multiplicative Factor: 0%
	 Eff: 31650,876683105605
	 DR Bracket: 0
	 Base: 24%
	 Effective Percent: 45,22%
	 Crit Inc Heal: 2
	 Crit Inc Damage: 2
Haste
	 Rating: 19522
	 Multiplicative Factor: 0%
	 Eff: 27218,98
	 DR Bracket: 0
	 Base: 9%
	 Effective Percent: 41,24%
Vers
	 Rating: 27104
	 Multiplicative Factor: 0%
	 Eff: 26733,6
	 DR Bracket: 1
	 Base: 0%
	 Effective Percent: 34,27%
Leech
	 Rating: 3060
	 Multiplicative Factor: 0%
	 Eff: 3060
	 DR Bracket: 0
	 Base: 0%
	 Effective Percent: 3%
Avoidance
	 Rating: 0
	 Multiplicative Factor: 0%
	 Eff: 0
	 DR Bracket: 0
	 Base: 0%
	 Effective Percent: 0%
Mastery
	 Rating: 6046
	 Multiplicative Factor: 0%
	 Eff: 15846
	 DR Bracket: 0
	 Base: 21%
	 Effective Percent: 33,96%
----------------------
00:49,559

Intellect
	 Rating: 145827
	 Multiplicative Factor: 12,48%
	 Eff: 145827
Stamina
	 Rating: 861476
	 Multiplicative Factor: 11,3%
	 Eff: 861476
Crit
	 Rating: 14851
	 Multiplicative Factor: 0%
	 Eff: 31650,876683105605
	 DR Bracket: 0
	 Base: 24%
	 Effective Percent: 45,22%
	 Crit Inc Heal: 2
	 Crit Inc Damage: 2
Haste
	 Rating: 19522
	 Multiplicative Factor: 0%
	 Eff: 25508,54
	 DR Bracket: 0
	 Base: 7%
	 Effective Percent: 38,65%
Vers
	 Rating: 27104
	 Multiplicative Factor: 0%
	 Eff: 26733,6
	 DR Bracket: 1
	 Base: 0%
	 Effective Percent: 34,27%
Leech
	 Rating: 3060
	 Multiplicative Factor: 0%
	 Eff: 3060
	 DR Bracket: 0
	 Base: 0%
	 Effective Percent: 3%
Avoidance
	 Rating: 0
	 Multiplicative Factor: 0%
	 Eff: 0
	 DR Bracket: 0
	 Base: 0%
	 Effective Percent: 0%
Mastery
	 Rating: 6046
	 Multiplicative Factor: 0%
	 Eff: 15846
	 DR Bracket: 0
	 Base: 21%
	 Effective Percent: 33,96%
----------------------
00:50,330

Intellect
	 Rating: 145827
	 Multiplicative Factor: 12,48%
	 Eff: 145827
Stamina
	 Rating: 861476
	 Multiplicative Factor: 11,3%
	 Eff: 861476
Crit
	 Rating: 14851
	 Multiplicative Factor: 0%
	 Eff: 21150,876683105605
	 DR Bracket: 0
	 Base: 9%
	 Effective Percent: 30,22%
	 Crit Inc Heal: 2
	 Crit Inc Damage: 2
Haste
	 Rating: 19522
	 Multiplicative Factor: 0%
	 Eff: 25508,54
	 DR Bracket: 0
	 Base: 7%
	 Effective Percent: 38,65%
Vers
	 Rating: 27104
	 Multiplicative Factor: 0%
	 Eff: 26733,6
	 DR Bracket: 1
	 Base: 0%
	 Effective Percent: 34,27%
Leech
	 Rating: 3060
	 Multiplicative Factor: 0%
	 Eff: 3060
	 DR Bracket: 0
	 Base: 0%
	 Effective Percent: 3%
Avoidance
	 Rating: 0
	 Multiplicative Factor: 0%
	 Eff: 0
	 DR Bracket: 0
	 Base: 0%
	 Effective Percent: 0%
Mastery
	 Rating: 6046
	 Multiplicative Factor: 0%
	 Eff: 15846
	 DR Bracket: 0
	 Base: 21%
	 Effective Percent: 33,96%
----------------------
00:50,381

Intellect
	 Rating: 145827
	 Multiplicative Factor: 12,48%
	 Eff: 145827
Stamina
	 Rating: 861476
	 Multiplicative Factor: 11,3%
	 Eff: 861476
Crit
	 Rating: 14851
	 Multiplicative Factor: 0%
	 Eff: 21150,876683105605
	 DR Bracket: 0
	 Base: 9%
	 Effective Percent: 30,22%
	 Crit Inc Heal: 2
	 Crit Inc Damage: 2
Haste
	 Rating: 19522
	 Multiplicative Factor: 0%
	 Eff: 23798,1
	 DR Bracket: 0
	 Base: 5%
	 Effective Percent: 36,06%
Vers
	 Rating: 27104
	 Multiplicative Factor: 0%
	 Eff: 26733,6
	 DR Bracket: 1
	 Base: 0%
	 Effective Percent: 34,27%
Leech
	 Rating: 3060
	 Multiplicative Factor: 0%
	 Eff: 3060
	 DR Bracket: 0
	 Base: 0%
	 Effective Percent: 3%
Avoidance
	 Rating: 0
	 Multiplicative Factor: 0%
	 Eff: 0
	 DR Bracket: 0
	 Base: 0%
	 Effective Percent: 0%
Mastery
	 Rating: 6046
	 Multiplicative Factor: 0%
	 Eff: 15846
	 DR Bracket: 0
	 Base: 21%
	 Effective Percent: 33,96%
----------------------
00:50,637

Intellect
	 Rating: 145827
	 Multiplicative Factor: 12,48%
	 Eff: 145827
Stamina
	 Rating: 861476
	 Multiplicative Factor: 11,3%
	 Eff: 861476
Crit
	 Rating: 14851
	 Multiplicative Factor: 0%
	 Eff: 21150,876683105605
	 DR Bracket: 0
	 Base: 9%
	 Effective Percent: 30,22%
	 Crit Inc Heal: 2
	 Crit Inc Damage: 2
Haste
	 Rating: 19522
	 Multiplicative Factor: 0%
	 Eff: 25508,54
	 DR Bracket: 0
	 Base: 7%
	 Effective Percent: 38,65%
Vers
	 Rating: 27104
	 Multiplicative Factor: 0%
	 Eff: 26733,6
	 DR Bracket: 1
	 Base: 0%
	 Effective Percent: 34,27%
Leech
	 Rating: 3060
	 Multiplicative Factor: 0%
	 Eff: 3060
	 DR Bracket: 0
	 Base: 0%
	 Effective Percent: 3%
Avoidance
	 Rating: 0
	 Multiplicative Factor: 0%
	 Eff: 0
	 DR Bracket: 0
	 Base: 0%
	 Effective Percent: 0%
Mastery
	 Rating: 6046
	 Multiplicative Factor: 0%
	 Eff: 15846
	 DR Bracket: 0
	 Base: 21%
	 Effective Percent: 33,96%
----------------------
00:51,672

Intellect
	 Rating: 145827
	 Multiplicative Factor: 12,48%
	 Eff: 145827
Stamina
	 Rating: 861476
	 Multiplicative Factor: 11,3%
	 Eff: 861476
Crit
	 Rating: 8866
	 Multiplicative Factor: 0%
	 Eff: 15166
	 DR Bracket: 0
	 Base: 9%
	 Effective Percent: 21,67%
	 Crit Inc Heal: 2
	 Crit Inc Damage: 2
Haste
	 Rating: 19522
	 Multiplicative Factor: 0%
	 Eff: 25508,54
	 DR Bracket: 0
	 Base: 7%
	 Effective Percent: 38,65%
Vers
	 Rating: 27104
	 Multiplicative Factor: 0%
	 Eff: 26733,6
	 DR Bracket: 1
	 Base: 0%
	 Effective Percent: 34,27%
Leech
	 Rating: 3060
	 Multiplicative Factor: 0%
	 Eff: 3060
	 DR Bracket: 0
	 Base: 0%
	 Effective Percent: 3%
Avoidance
	 Rating: 0
	 Multiplicative Factor: 0%
	 Eff: 0
	 DR Bracket: 0
	 Base: 0%
	 Effective Percent: 0%
Mastery
	 Rating: 6046
	 Multiplicative Factor: 0%
	 Eff: 15846
	 DR Bracket: 0
	 Base: 21%
	 Effective Percent: 33,96%
----------------------
00:56,899

Intellect
	 Rating: 145827
	 Multiplicative Factor: 12,48%
	 Eff: 145827
Stamina
	 Rating: 861476
	 Multiplicative Factor: 11,3%
	 Eff: 861476
Crit
	 Rating: 14851
	 Multiplicative Factor: 0%
	 Eff: 21150,876683105605
	 DR Bracket: 0
	 Base: 9%
	 Effective Percent: 30,22%
	 Crit Inc Heal: 2
	 Crit Inc Damage: 2
Haste
	 Rating: 19522
	 Multiplicative Factor: 0%
	 Eff: 25508,54
	 DR Bracket: 0
	 Base: 7%
	 Effective Percent: 38,65%
Vers
	 Rating: 27104
	 Multiplicative Factor: 0%
	 Eff: 26733,6
	 DR Bracket: 1
	 Base: 0%
	 Effective Percent: 34,27%
Leech
	 Rating: 3060
	 Multiplicative Factor: 0%
	 Eff: 3060
	 DR Bracket: 0
	 Base: 0%
	 Effective Percent: 3%
Avoidance
	 Rating: 0
	 Multiplicative Factor: 0%
	 Eff: 0
	 DR Bracket: 0
	 Base: 0%
	 Effective Percent: 0%
Mastery
	 Rating: 6046
	 Multiplicative Factor: 0%
	 Eff: 15846
	 DR Bracket: 0
	 Base: 21%
	 Effective Percent: 33,96%
----------------------
01:02,634

Intellect
	 Rating: 145827
	 Multiplicative Factor: 12,48%
	 Eff: 145827
Stamina
	 Rating: 861476
	 Multiplicative Factor: 11,3%
	 Eff: 861476
Crit
	 Rating: 14851
	 Multiplicative Factor: 0%
	 Eff: 21150,876683105605
	 DR Bracket: 0
	 Base: 9%
	 Effective Percent: 30,22%
	 Crit Inc Heal: 2
	 Crit Inc Damage: 2
Haste
	 Rating: 19522
	 Multiplicative Factor: 0%
	 Eff: 27218,98
	 DR Bracket: 0
	 Base: 9%
	 Effective Percent: 41,24%
Vers
	 Rating: 27104
	 Multiplicative Factor: 0%
	 Eff: 26733,6
	 DR Bracket: 1
	 Base: 0%
	 Effective Percent: 34,27%
Leech
	 Rating: 3060
	 Multiplicative Factor: 0%
	 Eff: 3060
	 DR Bracket: 0
	 Base: 0%
	 Effective Percent: 3%
Avoidance
	 Rating: 0
	 Multiplicative Factor: 0%
	 Eff: 0
	 DR Bracket: 0
	 Base: 0%
	 Effective Percent: 0%
Mastery
	 Rating: 6046
	 Multiplicative Factor: 0%
	 Eff: 15846
	 DR Bracket: 0
	 Base: 21%
	 Effective Percent: 33,96%
----------------------
01:02,635

Intellect
	 Rating: 145827
	 Multiplicative Factor: 12,48%
	 Eff: 145827
Stamina
	 Rating: 861476
	 Multiplicative Factor: 11,3%
	 Eff: 861476
Crit
	 Rating: 14851
	 Multiplicative Factor: 0%
	 Eff: 21150,876683105605
	 DR Bracket: 0
	 Base: 9%
	 Effective Percent: 30,22%
	 Crit Inc Heal: 2
	 Crit Inc Damage: 2
Haste
	 Rating: 19522
	 Multiplicative Factor: 0%
	 Eff: 25508,54
	 DR Bracket: 0
	 Base: 7%
	 Effective Percent: 38,65%
Vers
	 Rating: 27104
	 Multiplicative Factor: 0%
	 Eff: 26733,6
	 DR Bracket: 1
	 Base: 0%
	 Effective Percent: 34,27%
Leech
	 Rating: 3060
	 Multiplicative Factor: 0%
	 Eff: 3060
	 DR Bracket: 0
	 Base: 0%
	 Effective Percent: 3%
Avoidance
	 Rating: 0
	 Multiplicative Factor: 0%
	 Eff: 0
	 DR Bracket: 0
	 Base: 0%
	 Effective Percent: 0%
Mastery
	 Rating: 6046
	 Multiplicative Factor: 0%
	 Eff: 15846
	 DR Bracket: 0
	 Base: 21%
	 Effective Percent: 33,96%
----------------------
01:03,217

Intellect
	 Rating: 145827
	 Multiplicative Factor: 12,48%
	 Eff: 145827
Stamina
	 Rating: 861476
	 Multiplicative Factor: 11,3%
	 Eff: 861476
Crit
	 Rating: 20836
	 Multiplicative Factor: 0%
	 Eff: 27135,75336621121
	 DR Bracket: 0
	 Base: 9%
	 Effective Percent: 38,77%
	 Crit Inc Heal: 2
	 Crit Inc Damage: 2
Haste
	 Rating: 19522
	 Multiplicative Factor: 0%
	 Eff: 25508,54
	 DR Bracket: 0
	 Base: 7%
	 Effective Percent: 38,65%
Vers
	 Rating: 27104
	 Multiplicative Factor: 0%
	 Eff: 26733,6
	 DR Bracket: 1
	 Base: 0%
	 Effective Percent: 34,27%
Leech
	 Rating: 3060
	 Multiplicative Factor: 0%
	 Eff: 3060
	 DR Bracket: 0
	 Base: 0%
	 Effective Percent: 3%
Avoidance
	 Rating: 0
	 Multiplicative Factor: 0%
	 Eff: 0
	 DR Bracket: 0
	 Base: 0%
	 Effective Percent: 0%
Mastery
	 Rating: 6046
	 Multiplicative Factor: 0%
	 Eff: 15846
	 DR Bracket: 0
	 Base: 21%
	 Effective Percent: 33,96%
----------------------
01:03,684

Intellect
	 Rating: 145827
	 Multiplicative Factor: 12,48%
	 Eff: 145827
Stamina
	 Rating: 861476
	 Multiplicative Factor: 11,3%
	 Eff: 861476
Crit
	 Rating: 20836
	 Multiplicative Factor: 0%
	 Eff: 27135,75336621121
	 DR Bracket: 0
	 Base: 9%
	 Effective Percent: 38,77%
	 Crit Inc Heal: 2
	 Crit Inc Damage: 2
Haste
	 Rating: 19522
	 Multiplicative Factor: 0%
	 Eff: 27218,98
	 DR Bracket: 0
	 Base: 9%
	 Effective Percent: 41,24%
Vers
	 Rating: 27104
	 Multiplicative Factor: 0%
	 Eff: 26733,6
	 DR Bracket: 1
	 Base: 0%
	 Effective Percent: 34,27%
Leech
	 Rating: 3060
	 Multiplicative Factor: 0%
	 Eff: 3060
	 DR Bracket: 0
	 Base: 0%
	 Effective Percent: 3%
Avoidance
	 Rating: 0
	 Multiplicative Factor: 0%
	 Eff: 0
	 DR Bracket: 0
	 Base: 0%
	 Effective Percent: 0%
Mastery
	 Rating: 6046
	 Multiplicative Factor: 0%
	 Eff: 15846
	 DR Bracket: 0
	 Base: 21%
	 Effective Percent: 33,96%
----------------------
01:04,271

Intellect
	 Rating: 145827
	 Multiplicative Factor: 12,48%
	 Eff: 145827
Stamina
	 Rating: 861476
	 Multiplicative Factor: 11,3%
	 Eff: 861476
Crit
	 Rating: 26821
	 Multiplicative Factor: 0%
	 Eff: 32538,567044385134
	 DR Bracket: 1
	 Base: 9%
	 Effective Percent: 46,48%
	 Crit Inc Heal: 2
	 Crit Inc Damage: 2
Haste
	 Rating: 19522
	 Multiplicative Factor: 0%
	 Eff: 27218,98
	 DR Bracket: 0
	 Base: 9%
	 Effective Percent: 41,24%
Vers
	 Rating: 27104
	 Multiplicative Factor: 0%
	 Eff: 26733,6
	 DR Bracket: 1
	 Base: 0%
	 Effective Percent: 34,27%
Leech
	 Rating: 3060
	 Multiplicative Factor: 0%
	 Eff: 3060
	 DR Bracket: 0
	 Base: 0%
	 Effective Percent: 3%
Avoidance
	 Rating: 0
	 Multiplicative Factor: 0%
	 Eff: 0
	 DR Bracket: 0
	 Base: 0%
	 Effective Percent: 0%
Mastery
	 Rating: 6046
	 Multiplicative Factor: 0%
	 Eff: 15846
	 DR Bracket: 0
	 Base: 21%
	 Effective Percent: 33,96%
----------------------
01:06,889

Intellect
	 Rating: 145827
	 Multiplicative Factor: 12,48%
	 Eff: 145827
Stamina
	 Rating: 861476
	 Multiplicative Factor: 11,3%
	 Eff: 861476
Crit
	 Rating: 20836
	 Multiplicative Factor: 0%
	 Eff: 27135,75336621121
	 DR Bracket: 0
	 Base: 9%
	 Effective Percent: 38,77%
	 Crit Inc Heal: 2
	 Crit Inc Damage: 2
Haste
	 Rating: 19522
	 Multiplicative Factor: 0%
	 Eff: 27218,98
	 DR Bracket: 0
	 Base: 9%
	 Effective Percent: 41,24%
Vers
	 Rating: 27104
	 Multiplicative Factor: 0%
	 Eff: 26733,6
	 DR Bracket: 1
	 Base: 0%
	 Effective Percent: 34,27%
Leech
	 Rating: 3060
	 Multiplicative Factor: 0%
	 Eff: 3060
	 DR Bracket: 0
	 Base: 0%
	 Effective Percent: 3%
Avoidance
	 Rating: 0
	 Multiplicative Factor: 0%
	 Eff: 0
	 DR Bracket: 0
	 Base: 0%
	 Effective Percent: 0%
Mastery
	 Rating: 6046
	 Multiplicative Factor: 0%
	 Eff: 15846
	 DR Bracket: 0
	 Base: 21%
	 Effective Percent: 33,96%
----------------------
01:13,245

Intellect
	 Rating: 145827
	 Multiplicative Factor: 12,48%
	 Eff: 145827
Stamina
	 Rating: 861476
	 Multiplicative Factor: 11,3%
	 Eff: 861476
Crit
	 Rating: 14851
	 Multiplicative Factor: 0%
	 Eff: 21150,876683105605
	 DR Bracket: 0
	 Base: 9%
	 Effective Percent: 30,22%
	 Crit Inc Heal: 2
	 Crit Inc Damage: 2
Haste
	 Rating: 19522
	 Multiplicative Factor: 0%
	 Eff: 27218,98
	 DR Bracket: 0
	 Base: 9%
	 Effective Percent: 41,24%
Vers
	 Rating: 27104
	 Multiplicative Factor: 0%
	 Eff: 26733,6
	 DR Bracket: 1
	 Base: 0%
	 Effective Percent: 34,27%
Leech
	 Rating: 3060
	 Multiplicative Factor: 0%
	 Eff: 3060
	 DR Bracket: 0
	 Base: 0%
	 Effective Percent: 3%
Avoidance
	 Rating: 0
	 Multiplicative Factor: 0%
	 Eff: 0
	 DR Bracket: 0
	 Base: 0%
	 Effective Percent: 0%
Mastery
	 Rating: 6046
	 Multiplicative Factor: 0%
	 Eff: 15846
	 DR Bracket: 0
	 Base: 21%
	 Effective Percent: 33,96%
----------------------
01:14,268

Intellect
	 Rating: 145827
	 Multiplicative Factor: 12,48%
	 Eff: 145827
Stamina
	 Rating: 861476
	 Multiplicative Factor: 11,3%
	 Eff: 861476
Crit
	 Rating: 8866
	 Multiplicative Factor: 0%
	 Eff: 15166
	 DR Bracket: 0
	 Base: 9%
	 Effective Percent: 21,67%
	 Crit Inc Heal: 2
	 Crit Inc Damage: 2
Haste
	 Rating: 19522
	 Multiplicative Factor: 0%
	 Eff: 27218,98
	 DR Bracket: 0
	 Base: 9%
	 Effective Percent: 41,24%
Vers
	 Rating: 27104
	 Multiplicative Factor: 0%
	 Eff: 26733,6
	 DR Bracket: 1
	 Base: 0%
	 Effective Percent: 34,27%
Leech
	 Rating: 3060
	 Multiplicative Factor: 0%
	 Eff: 3060
	 DR Bracket: 0
	 Base: 0%
	 Effective Percent: 3%
Avoidance
	 Rating: 0
	 Multiplicative Factor: 0%
	 Eff: 0
	 DR Bracket: 0
	 Base: 0%
	 Effective Percent: 0%
Mastery
	 Rating: 6046
	 Multiplicative Factor: 0%
	 Eff: 15846
	 DR Bracket: 0
	 Base: 21%
	 Effective Percent: 33,96%
----------------------
01:14,628

Intellect
	 Rating: 145827
	 Multiplicative Factor: 12,48%
	 Eff: 145827
Stamina
	 Rating: 861476
	 Multiplicative Factor: 11,3%
	 Eff: 861476
Crit
	 Rating: 8866
	 Multiplicative Factor: 0%
	 Eff: 15166
	 DR Bracket: 0
	 Base: 9%
	 Effective Percent: 21,67%
	 Crit Inc Heal: 2
	 Crit Inc Damage: 2
Haste
	 Rating: 19522
	 Multiplicative Factor: 0%
	 Eff: 25508,54
	 DR Bracket: 0
	 Base: 7%
	 Effective Percent: 38,65%
Vers
	 Rating: 27104
	 Multiplicative Factor: 0%
	 Eff: 26733,6
	 DR Bracket: 1
	 Base: 0%
	 Effective Percent: 34,27%
Leech
	 Rating: 3060
	 Multiplicative Factor: 0%
	 Eff: 3060
	 DR Bracket: 0
	 Base: 0%
	 Effective Percent: 3%
Avoidance
	 Rating: 0
	 Multiplicative Factor: 0%
	 Eff: 0
	 DR Bracket: 0
	 Base: 0%
	 Effective Percent: 0%
Mastery
	 Rating: 6046
	 Multiplicative Factor: 0%
	 Eff: 15846
	 DR Bracket: 0
	 Base: 21%
	 Effective Percent: 33,96%
----------------------
01:15,689

Intellect
	 Rating: 145827
	 Multiplicative Factor: 12,48%
	 Eff: 145827
Stamina
	 Rating: 861476
	 Multiplicative Factor: 11,3%
	 Eff: 861476
Crit
	 Rating: 8866
	 Multiplicative Factor: 0%
	 Eff: 15166
	 DR Bracket: 0
	 Base: 9%
	 Effective Percent: 21,67%
	 Crit Inc Heal: 2
	 Crit Inc Damage: 2
Haste
	 Rating: 19522
	 Multiplicative Factor: 0%
	 Eff: 23798,1
	 DR Bracket: 0
	 Base: 5%
	 Effective Percent: 36,06%
Vers
	 Rating: 27104
	 Multiplicative Factor: 0%
	 Eff: 26733,6
	 DR Bracket: 1
	 Base: 0%
	 Effective Percent: 34,27%
Leech
	 Rating: 3060
	 Multiplicative Factor: 0%
	 Eff: 3060
	 DR Bracket: 0
	 Base: 0%
	 Effective Percent: 3%
Avoidance
	 Rating: 0
	 Multiplicative Factor: 0%
	 Eff: 0
	 DR Bracket: 0
	 Base: 0%
	 Effective Percent: 0%
Mastery
	 Rating: 6046
	 Multiplicative Factor: 0%
	 Eff: 15846
	 DR Bracket: 0
	 Base: 21%
	 Effective Percent: 33,96%
----------------------
01:21,165

Intellect
	 Rating: 145827
	 Multiplicative Factor: 12,48%
	 Eff: 145827
Stamina
	 Rating: 861476
	 Multiplicative Factor: 11,3%
	 Eff: 861476
Crit
	 Rating: 8866
	 Multiplicative Factor: 0%
	 Eff: 25666
	 DR Bracket: 0
	 Base: 24%
	 Effective Percent: 36,67%
	 Crit Inc Heal: 2
	 Crit Inc Damage: 2
Haste
	 Rating: 19522
	 Multiplicative Factor: 0%
	 Eff: 23798,1
	 DR Bracket: 0
	 Base: 5%
	 Effective Percent: 36,06%
Vers
	 Rating: 27104
	 Multiplicative Factor: 0%
	 Eff: 26733,6
	 DR Bracket: 1
	 Base: 0%
	 Effective Percent: 34,27%
Leech
	 Rating: 3060
	 Multiplicative Factor: 0%
	 Eff: 3060
	 DR Bracket: 0
	 Base: 0%
	 Effective Percent: 3%
Avoidance
	 Rating: 0
	 Multiplicative Factor: 0%
	 Eff: 0
	 DR Bracket: 0
	 Base: 0%
	 Effective Percent: 0%
Mastery
	 Rating: 6046
	 Multiplicative Factor: 0%
	 Eff: 15846
	 DR Bracket: 0
	 Base: 21%
	 Effective Percent: 33,96%
----------------------
01:21,196

Intellect
	 Rating: 145827
	 Multiplicative Factor: 12,48%
	 Eff: 145827
Stamina
	 Rating: 861476
	 Multiplicative Factor: 11,3%
	 Eff: 861476
Crit
	 Rating: 8866
	 Multiplicative Factor: 0%
	 Eff: 25666
	 DR Bracket: 0
	 Base: 24%
	 Effective Percent: 36,67%
	 Crit Inc Heal: 2
	 Crit Inc Damage: 2
Haste
	 Rating: 19522
	 Multiplicative Factor: 0%
	 Eff: 25508,54
	 DR Bracket: 0
	 Base: 7%
	 Effective Percent: 38,65%
Vers
	 Rating: 27104
	 Multiplicative Factor: 0%
	 Eff: 26733,6
	 DR Bracket: 1
	 Base: 0%
	 Effective Percent: 34,27%
Leech
	 Rating: 3060
	 Multiplicative Factor: 0%
	 Eff: 3060
	 DR Bracket: 0
	 Base: 0%
	 Effective Percent: 3%
Avoidance
	 Rating: 0
	 Multiplicative Factor: 0%
	 Eff: 0
	 DR Bracket: 0
	 Base: 0%
	 Effective Percent: 0%
Mastery
	 Rating: 6046
	 Multiplicative Factor: 0%
	 Eff: 15846
	 DR Bracket: 0
	 Base: 21%
	 Effective Percent: 33,96%
----------------------
01:30,115

Intellect
	 Rating: 145827
	 Multiplicative Factor: 12,48%
	 Eff: 145827
Stamina
	 Rating: 861476
	 Multiplicative Factor: 11,3%
	 Eff: 861476
Crit
	 Rating: 14851
	 Multiplicative Factor: 0%
	 Eff: 31650,876683105605
	 DR Bracket: 0
	 Base: 24%
	 Effective Percent: 45,22%
	 Crit Inc Heal: 2
	 Crit Inc Damage: 2
Haste
	 Rating: 19522
	 Multiplicative Factor: 0%
	 Eff: 25508,54
	 DR Bracket: 0
	 Base: 7%
	 Effective Percent: 38,65%
Vers
	 Rating: 27104
	 Multiplicative Factor: 0%
	 Eff: 26733,6
	 DR Bracket: 1
	 Base: 0%
	 Effective Percent: 34,27%
Leech
	 Rating: 3060
	 Multiplicative Factor: 0%
	 Eff: 3060
	 DR Bracket: 0
	 Base: 0%
	 Effective Percent: 3%
Avoidance
	 Rating: 0
	 Multiplicative Factor: 0%
	 Eff: 0
	 DR Bracket: 0
	 Base: 0%
	 Effective Percent: 0%
Mastery
	 Rating: 6046
	 Multiplicative Factor: 0%
	 Eff: 15846
	 DR Bracket: 0
	 Base: 21%
	 Effective Percent: 33,96%
----------------------
01:33,170

Intellect
	 Rating: 145827
	 Multiplicative Factor: 12,48%
	 Eff: 145827
Stamina
	 Rating: 861476
	 Multiplicative Factor: 11,3%
	 Eff: 861476
Crit
	 Rating: 14851
	 Multiplicative Factor: 0%
	 Eff: 21150,876683105605
	 DR Bracket: 0
	 Base: 9%
	 Effective Percent: 30,22%
	 Crit Inc Heal: 2
	 Crit Inc Damage: 2
Haste
	 Rating: 19522
	 Multiplicative Factor: 0%
	 Eff: 25508,54
	 DR Bracket: 0
	 Base: 7%
	 Effective Percent: 38,65%
Vers
	 Rating: 27104
	 Multiplicative Factor: 0%
	 Eff: 26733,6
	 DR Bracket: 1
	 Base: 0%
	 Effective Percent: 34,27%
Leech
	 Rating: 3060
	 Multiplicative Factor: 0%
	 Eff: 3060
	 DR Bracket: 0
	 Base: 0%
	 Effective Percent: 3%
Avoidance
	 Rating: 0
	 Multiplicative Factor: 0%
	 Eff: 0
	 DR Bracket: 0
	 Base: 0%
	 Effective Percent: 0%
Mastery
	 Rating: 6046
	 Multiplicative Factor: 0%
	 Eff: 15846
	 DR Bracket: 0
	 Base: 21%
	 Effective Percent: 33,96%
----------------------
01:33,202

Intellect
	 Rating: 145827
	 Multiplicative Factor: 12,48%
	 Eff: 145827
Stamina
	 Rating: 861476
	 Multiplicative Factor: 11,3%
	 Eff: 861476
Crit
	 Rating: 14851
	 Multiplicative Factor: 0%
	 Eff: 21150,876683105605
	 DR Bracket: 0
	 Base: 9%
	 Effective Percent: 30,22%
	 Crit Inc Heal: 2
	 Crit Inc Damage: 2
Haste
	 Rating: 19522
	 Multiplicative Factor: 0%
	 Eff: 23798,1
	 DR Bracket: 0
	 Base: 5%
	 Effective Percent: 36,06%
Vers
	 Rating: 27104
	 Multiplicative Factor: 0%
	 Eff: 26733,6
	 DR Bracket: 1
	 Base: 0%
	 Effective Percent: 34,27%
Leech
	 Rating: 3060
	 Multiplicative Factor: 0%
	 Eff: 3060
	 DR Bracket: 0
	 Base: 0%
	 Effective Percent: 3%
Avoidance
	 Rating: 0
	 Multiplicative Factor: 0%
	 Eff: 0
	 DR Bracket: 0
	 Base: 0%
	 Effective Percent: 0%
Mastery
	 Rating: 6046
	 Multiplicative Factor: 0%
	 Eff: 15846
	 DR Bracket: 0
	 Base: 21%
	 Effective Percent: 33,96%
----------------------
01:33,554

Intellect
	 Rating: 145827
	 Multiplicative Factor: 12,48%
	 Eff: 145827
Stamina
	 Rating: 861476
	 Multiplicative Factor: 11,3%
	 Eff: 861476
Crit
	 Rating: 14851
	 Multiplicative Factor: 0%
	 Eff: 21150,876683105605
	 DR Bracket: 0
	 Base: 9%
	 Effective Percent: 30,22%
	 Crit Inc Heal: 2
	 Crit Inc Damage: 2
Haste
	 Rating: 19522
	 Multiplicative Factor: 0%
	 Eff: 25508,54
	 DR Bracket: 0
	 Base: 7%
	 Effective Percent: 38,65%
Vers
	 Rating: 27104
	 Multiplicative Factor: 0%
	 Eff: 26733,6
	 DR Bracket: 1
	 Base: 0%
	 Effective Percent: 34,27%
Leech
	 Rating: 3060
	 Multiplicative Factor: 0%
	 Eff: 3060
	 DR Bracket: 0
	 Base: 0%
	 Effective Percent: 3%
Avoidance
	 Rating: 0
	 Multiplicative Factor: 0%
	 Eff: 0
	 DR Bracket: 0
	 Base: 0%
	 Effective Percent: 0%
Mastery
	 Rating: 6046
	 Multiplicative Factor: 0%
	 Eff: 15846
	 DR Bracket: 0
	 Base: 21%
	 Effective Percent: 33,96%
----------------------
01:35,733

Intellect
	 Rating: 145827
	 Multiplicative Factor: 12,48%
	 Eff: 145827
Stamina
	 Rating: 861476
	 Multiplicative Factor: 11,3%
	 Eff: 861476
Crit
	 Rating: 14851
	 Multiplicative Factor: 0%
	 Eff: 21150,876683105605
	 DR Bracket: 0
	 Base: 9%
	 Effective Percent: 30,22%
	 Crit Inc Heal: 2
	 Crit Inc Damage: 2
Haste
	 Rating: 19522
	 Multiplicative Factor: 0%
	 Eff: 27218,98
	 DR Bracket: 0
	 Base: 9%
	 Effective Percent: 41,24%
Vers
	 Rating: 27104
	 Multiplicative Factor: 0%
	 Eff: 26733,6
	 DR Bracket: 1
	 Base: 0%
	 Effective Percent: 34,27%
Leech
	 Rating: 3060
	 Multiplicative Factor: 0%
	 Eff: 3060
	 DR Bracket: 0
	 Base: 0%
	 Effective Percent: 3%
Avoidance
	 Rating: 0
	 Multiplicative Factor: 0%
	 Eff: 0
	 DR Bracket: 0
	 Base: 0%
	 Effective Percent: 0%
Mastery
	 Rating: 6046
	 Multiplicative Factor: 0%
	 Eff: 15846
	 DR Bracket: 0
	 Base: 21%
	 Effective Percent: 33,96%
----------------------
01:36,196

Intellect
	 Rating: 145827
	 Multiplicative Factor: 12,48%
	 Eff: 145827
Stamina
	 Rating: 861476
	 Multiplicative Factor: 11,3%
	 Eff: 861476
Crit
	 Rating: 20836
	 Multiplicative Factor: 0%
	 Eff: 27135,75336621121
	 DR Bracket: 0
	 Base: 9%
	 Effective Percent: 38,77%
	 Crit Inc Heal: 2
	 Crit Inc Damage: 2
Haste
	 Rating: 19522
	 Multiplicative Factor: 0%
	 Eff: 27218,98
	 DR Bracket: 0
	 Base: 9%
	 Effective Percent: 41,24%
Vers
	 Rating: 27104
	 Multiplicative Factor: 0%
	 Eff: 26733,6
	 DR Bracket: 1
	 Base: 0%
	 Effective Percent: 34,27%
Leech
	 Rating: 3060
	 Multiplicative Factor: 0%
	 Eff: 3060
	 DR Bracket: 0
	 Base: 0%
	 Effective Percent: 3%
Avoidance
	 Rating: 0
	 Multiplicative Factor: 0%
	 Eff: 0
	 DR Bracket: 0
	 Base: 0%
	 Effective Percent: 0%
Mastery
	 Rating: 6046
	 Multiplicative Factor: 0%
	 Eff: 15846
	 DR Bracket: 0
	 Base: 21%
	 Effective Percent: 33,96%
----------------------
01:37,646

Intellect
	 Rating: 145827
	 Multiplicative Factor: 12,48%
	 Eff: 145827
Stamina
	 Rating: 861476
	 Multiplicative Factor: 11,3%
	 Eff: 861476
Crit
	 Rating: 26821
	 Multiplicative Factor: 0%
	 Eff: 32538,567044385134
	 DR Bracket: 1
	 Base: 9%
	 Effective Percent: 46,48%
	 Crit Inc Heal: 2
	 Crit Inc Damage: 2
Haste
	 Rating: 19522
	 Multiplicative Factor: 0%
	 Eff: 27218,98
	 DR Bracket: 0
	 Base: 9%
	 Effective Percent: 41,24%
Vers
	 Rating: 27104
	 Multiplicative Factor: 0%
	 Eff: 26733,6
	 DR Bracket: 1
	 Base: 0%
	 Effective Percent: 34,27%
Leech
	 Rating: 3060
	 Multiplicative Factor: 0%
	 Eff: 3060
	 DR Bracket: 0
	 Base: 0%
	 Effective Percent: 3%
Avoidance
	 Rating: 0
	 Multiplicative Factor: 0%
	 Eff: 0
	 DR Bracket: 0
	 Base: 0%
	 Effective Percent: 0%
Mastery
	 Rating: 6046
	 Multiplicative Factor: 0%
	 Eff: 15846
	 DR Bracket: 0
	 Base: 21%
	 Effective Percent: 33,96%
----------------------
01:38,936

Intellect
	 Rating: 145827
	 Multiplicative Factor: 12,48%
	 Eff: 145827
Stamina
	 Rating: 861476
	 Multiplicative Factor: 11,3%
	 Eff: 861476
Crit
	 Rating: 26821
	 Multiplicative Factor: 0%
	 Eff: 32538,567044385134
	 DR Bracket: 1
	 Base: 9%
	 Effective Percent: 46,48%
	 Crit Inc Heal: 2
	 Crit Inc Damage: 2
Haste
	 Rating: 19522
	 Multiplicative Factor: 0%
	 Eff: 28929,42
	 DR Bracket: 0
	 Base: 11%
	 Effective Percent: 43,83%
Vers
	 Rating: 27104
	 Multiplicative Factor: 0%
	 Eff: 26733,6
	 DR Bracket: 1
	 Base: 0%
	 Effective Percent: 34,27%
Leech
	 Rating: 3060
	 Multiplicative Factor: 0%
	 Eff: 3060
	 DR Bracket: 0
	 Base: 0%
	 Effective Percent: 3%
Avoidance
	 Rating: 0
	 Multiplicative Factor: 0%
	 Eff: 0
	 DR Bracket: 0
	 Base: 0%
	 Effective Percent: 0%
Mastery
	 Rating: 6046
	 Multiplicative Factor: 0%
	 Eff: 15846
	 DR Bracket: 0
	 Base: 21%
	 Effective Percent: 33,96%
----------------------
01:40,110

Intellect
	 Rating: 145827
	 Multiplicative Factor: 12,48%
	 Eff: 145827
Stamina
	 Rating: 861476
	 Multiplicative Factor: 11,3%
	 Eff: 861476
Crit
	 Rating: 20836
	 Multiplicative Factor: 0%
	 Eff: 27135,75336621121
	 DR Bracket: 0
	 Base: 9%
	 Effective Percent: 38,77%
	 Crit Inc Heal: 2
	 Crit Inc Damage: 2
Haste
	 Rating: 19522
	 Multiplicative Factor: 0%
	 Eff: 28929,42
	 DR Bracket: 0
	 Base: 11%
	 Effective Percent: 43,83%
Vers
	 Rating: 27104
	 Multiplicative Factor: 0%
	 Eff: 26733,6
	 DR Bracket: 1
	 Base: 0%
	 Effective Percent: 34,27%
Leech
	 Rating: 3060
	 Multiplicative Factor: 0%
	 Eff: 3060
	 DR Bracket: 0
	 Base: 0%
	 Effective Percent: 3%
Avoidance
	 Rating: 0
	 Multiplicative Factor: 0%
	 Eff: 0
	 DR Bracket: 0
	 Base: 0%
	 Effective Percent: 0%
Mastery
	 Rating: 6046
	 Multiplicative Factor: 0%
	 Eff: 15846
	 DR Bracket: 0
	 Base: 21%
	 Effective Percent: 33,96%
----------------------
01:45,543

Intellect
	 Rating: 145827
	 Multiplicative Factor: 12,48%
	 Eff: 145827
Stamina
	 Rating: 861476
	 Multiplicative Factor: 11,3%
	 Eff: 861476
Crit
	 Rating: 20836
	 Multiplicative Factor: 0%
	 Eff: 27135,75336621121
	 DR Bracket: 0
	 Base: 9%
	 Effective Percent: 38,77%
	 Crit Inc Heal: 2
	 Crit Inc Damage: 2
Haste
	 Rating: 19522
	 Multiplicative Factor: 0%
	 Eff: 27218,98
	 DR Bracket: 0
	 Base: 9%
	 Effective Percent: 41,24%
Vers
	 Rating: 27104
	 Multiplicative Factor: 0%
	 Eff: 26733,6
	 DR Bracket: 1
	 Base: 0%
	 Effective Percent: 34,27%
Leech
	 Rating: 3060
	 Multiplicative Factor: 0%
	 Eff: 3060
	 DR Bracket: 0
	 Base: 0%
	 Effective Percent: 3%
Avoidance
	 Rating: 0
	 Multiplicative Factor: 0%
	 Eff: 0
	 DR Bracket: 0
	 Base: 0%
	 Effective Percent: 0%
Mastery
	 Rating: 6046
	 Multiplicative Factor: 0%
	 Eff: 15846
	 DR Bracket: 0
	 Base: 21%
	 Effective Percent: 33,96%
----------------------
01:46,192

Intellect
	 Rating: 145827
	 Multiplicative Factor: 12,48%
	 Eff: 145827
Stamina
	 Rating: 861476
	 Multiplicative Factor: 11,3%
	 Eff: 861476
Crit
	 Rating: 14851
	 Multiplicative Factor: 0%
	 Eff: 21150,876683105605
	 DR Bracket: 0
	 Base: 9%
	 Effective Percent: 30,22%
	 Crit Inc Heal: 2
	 Crit Inc Damage: 2
Haste
	 Rating: 19522
	 Multiplicative Factor: 0%
	 Eff: 27218,98
	 DR Bracket: 0
	 Base: 9%
	 Effective Percent: 41,24%
Vers
	 Rating: 27104
	 Multiplicative Factor: 0%
	 Eff: 26733,6
	 DR Bracket: 1
	 Base: 0%
	 Effective Percent: 34,27%
Leech
	 Rating: 3060
	 Multiplicative Factor: 0%
	 Eff: 3060
	 DR Bracket: 0
	 Base: 0%
	 Effective Percent: 3%
Avoidance
	 Rating: 0
	 Multiplicative Factor: 0%
	 Eff: 0
	 DR Bracket: 0
	 Base: 0%
	 Effective Percent: 0%
Mastery
	 Rating: 6046
	 Multiplicative Factor: 0%
	 Eff: 15846
	 DR Bracket: 0
	 Base: 21%
	 Effective Percent: 33,96%
----------------------
01:47,667

Intellect
	 Rating: 145827
	 Multiplicative Factor: 12,48%
	 Eff: 145827
Stamina
	 Rating: 861476
	 Multiplicative Factor: 11,3%
	 Eff: 861476
Crit
	 Rating: 8866
	 Multiplicative Factor: 0%
	 Eff: 15166
	 DR Bracket: 0
	 Base: 9%
	 Effective Percent: 21,67%
	 Crit Inc Heal: 2
	 Crit Inc Damage: 2
Haste
	 Rating: 19522
	 Multiplicative Factor: 0%
	 Eff: 27218,98
	 DR Bracket: 0
	 Base: 9%
	 Effective Percent: 41,24%
Vers
	 Rating: 27104
	 Multiplicative Factor: 0%
	 Eff: 26733,6
	 DR Bracket: 1
	 Base: 0%
	 Effective Percent: 34,27%
Leech
	 Rating: 3060
	 Multiplicative Factor: 0%
	 Eff: 3060
	 DR Bracket: 0
	 Base: 0%
	 Effective Percent: 3%
Avoidance
	 Rating: 0
	 Multiplicative Factor: 0%
	 Eff: 0
	 DR Bracket: 0
	 Base: 0%
	 Effective Percent: 0%
Mastery
	 Rating: 6046
	 Multiplicative Factor: 0%
	 Eff: 15846
	 DR Bracket: 0
	 Base: 21%
	 Effective Percent: 33,96%
----------------------
01:47,753

Intellect
	 Rating: 145827
	 Multiplicative Factor: 12,48%
	 Eff: 145827
Stamina
	 Rating: 861476
	 Multiplicative Factor: 11,3%
	 Eff: 861476
Crit
	 Rating: 8866
	 Multiplicative Factor: 0%
	 Eff: 15166
	 DR Bracket: 0
	 Base: 9%
	 Effective Percent: 21,67%
	 Crit Inc Heal: 2
	 Crit Inc Damage: 2
Haste
	 Rating: 19522
	 Multiplicative Factor: 0%
	 Eff: 25508,54
	 DR Bracket: 0
	 Base: 7%
	 Effective Percent: 38,65%
Vers
	 Rating: 27104
	 Multiplicative Factor: 0%
	 Eff: 26733,6
	 DR Bracket: 1
	 Base: 0%
	 Effective Percent: 34,27%
Leech
	 Rating: 3060
	 Multiplicative Factor: 0%
	 Eff: 3060
	 DR Bracket: 0
	 Base: 0%
	 Effective Percent: 3%
Avoidance
	 Rating: 0
	 Multiplicative Factor: 0%
	 Eff: 0
	 DR Bracket: 0
	 Base: 0%
	 Effective Percent: 0%
Mastery
	 Rating: 6046
	 Multiplicative Factor: 0%
	 Eff: 15846
	 DR Bracket: 0
	 Base: 21%
	 Effective Percent: 33,96%
----------------------
01:50,963

Intellect
	 Rating: 145827
	 Multiplicative Factor: 12,48%
	 Eff: 145827
Stamina
	 Rating: 861476
	 Multiplicative Factor: 11,3%
	 Eff: 861476
Crit
	 Rating: 8866
	 Multiplicative Factor: 0%
	 Eff: 15166
	 DR Bracket: 0
	 Base: 9%
	 Effective Percent: 21,67%
	 Crit Inc Heal: 2
	 Crit Inc Damage: 2
Haste
	 Rating: 19522
	 Multiplicative Factor: 0%
	 Eff: 23798,1
	 DR Bracket: 0
	 Base: 5%
	 Effective Percent: 36,06%
Vers
	 Rating: 27104
	 Multiplicative Factor: 0%
	 Eff: 26733,6
	 DR Bracket: 1
	 Base: 0%
	 Effective Percent: 34,27%
Leech
	 Rating: 3060
	 Multiplicative Factor: 0%
	 Eff: 3060
	 DR Bracket: 0
	 Base: 0%
	 Effective Percent: 3%
Avoidance
	 Rating: 0
	 Multiplicative Factor: 0%
	 Eff: 0
	 DR Bracket: 0
	 Base: 0%
	 Effective Percent: 0%
Mastery
	 Rating: 6046
	 Multiplicative Factor: 0%
	 Eff: 15846
	 DR Bracket: 0
	 Base: 21%
	 Effective Percent: 33,96%
----------------------
01:51,761

Intellect
	 Rating: 145827
	 Multiplicative Factor: 12,48%
	 Eff: 145827
Stamina
	 Rating: 861476
	 Multiplicative Factor: 11,3%
	 Eff: 861476
Crit
	 Rating: 8866
	 Multiplicative Factor: 0%
	 Eff: 25666
	 DR Bracket: 0
	 Base: 24%
	 Effective Percent: 36,67%
	 Crit Inc Heal: 2
	 Crit Inc Damage: 2
Haste
	 Rating: 19522
	 Multiplicative Factor: 0%
	 Eff: 23798,1
	 DR Bracket: 0
	 Base: 5%
	 Effective Percent: 36,06%
Vers
	 Rating: 27104
	 Multiplicative Factor: 0%
	 Eff: 26733,6
	 DR Bracket: 1
	 Base: 0%
	 Effective Percent: 34,27%
Leech
	 Rating: 3060
	 Multiplicative Factor: 0%
	 Eff: 3060
	 DR Bracket: 0
	 Base: 0%
	 Effective Percent: 3%
Avoidance
	 Rating: 0
	 Multiplicative Factor: 0%
	 Eff: 0
	 DR Bracket: 0
	 Base: 0%
	 Effective Percent: 0%
Mastery
	 Rating: 6046
	 Multiplicative Factor: 0%
	 Eff: 15846
	 DR Bracket: 0
	 Base: 21%
	 Effective Percent: 33,96%
----------------------
01:51,792

Intellect
	 Rating: 145827
	 Multiplicative Factor: 12,48%
	 Eff: 145827
Stamina
	 Rating: 861476
	 Multiplicative Factor: 11,3%
	 Eff: 861476
Crit
	 Rating: 8866
	 Multiplicative Factor: 0%
	 Eff: 25666
	 DR Bracket: 0
	 Base: 24%
	 Effective Percent: 36,67%
	 Crit Inc Heal: 2
	 Crit Inc Damage: 2
Haste
	 Rating: 19522
	 Multiplicative Factor: 0%
	 Eff: 27218,98
	 DR Bracket: 0
	 Base: 9%
	 Effective Percent: 41,24%
Vers
	 Rating: 27104
	 Multiplicative Factor: 0%
	 Eff: 26733,6
	 DR Bracket: 1
	 Base: 0%
	 Effective Percent: 34,27%
Leech
	 Rating: 3060
	 Multiplicative Factor: 0%
	 Eff: 3060
	 DR Bracket: 0
	 Base: 0%
	 Effective Percent: 3%
Avoidance
	 Rating: 0
	 Multiplicative Factor: 0%
	 Eff: 0
	 DR Bracket: 0
	 Base: 0%
	 Effective Percent: 0%
Mastery
	 Rating: 6046
	 Multiplicative Factor: 0%
	 Eff: 15846
	 DR Bracket: 0
	 Base: 21%
	 Effective Percent: 33,96%
----------------------
01:51,792

Intellect
	 Rating: 145827
	 Multiplicative Factor: 12,48%
	 Eff: 145827
Stamina
	 Rating: 861476
	 Multiplicative Factor: 11,3%
	 Eff: 861476
Crit
	 Rating: 8866
	 Multiplicative Factor: 0%
	 Eff: 25666
	 DR Bracket: 0
	 Base: 24%
	 Effective Percent: 36,67%
	 Crit Inc Heal: 2
	 Crit Inc Damage: 2
Haste
	 Rating: 19522
	 Multiplicative Factor: 0%
	 Eff: 28929,42
	 DR Bracket: 0
	 Base: 11%
	 Effective Percent: 43,83%
Vers
	 Rating: 27104
	 Multiplicative Factor: 0%
	 Eff: 26733,6
	 DR Bracket: 1
	 Base: 0%
	 Effective Percent: 34,27%
Leech
	 Rating: 3060
	 Multiplicative Factor: 0%
	 Eff: 3060
	 DR Bracket: 0
	 Base: 0%
	 Effective Percent: 3%
Avoidance
	 Rating: 0
	 Multiplicative Factor: 0%
	 Eff: 0
	 DR Bracket: 0
	 Base: 0%
	 Effective Percent: 0%
Mastery
	 Rating: 6046
	 Multiplicative Factor: 0%
	 Eff: 15846
	 DR Bracket: 0
	 Base: 21%
	 Effective Percent: 33,96%
----------------------
01:51,792

Intellect
	 Rating: 145827
	 Multiplicative Factor: 12,48%
	 Eff: 145827
Stamina
	 Rating: 861476
	 Multiplicative Factor: 11,3%
	 Eff: 861476
Crit
	 Rating: 8866
	 Multiplicative Factor: 0%
	 Eff: 25666
	 DR Bracket: 0
	 Base: 24%
	 Effective Percent: 36,67%
	 Crit Inc Heal: 2
	 Crit Inc Damage: 2
Haste
	 Rating: 19522
	 Multiplicative Factor: 0%
	 Eff: 30639,86
	 DR Bracket: 0
	 Base: 13%
	 Effective Percent: 46,42%
Vers
	 Rating: 27104
	 Multiplicative Factor: 0%
	 Eff: 26733,6
	 DR Bracket: 1
	 Base: 0%
	 Effective Percent: 34,27%
Leech
	 Rating: 3060
	 Multiplicative Factor: 0%
	 Eff: 3060
	 DR Bracket: 0
	 Base: 0%
	 Effective Percent: 3%
Avoidance
	 Rating: 0
	 Multiplicative Factor: 0%
	 Eff: 0
	 DR Bracket: 0
	 Base: 0%
	 Effective Percent: 0%
Mastery
	 Rating: 6046
	 Multiplicative Factor: 0%
	 Eff: 15846
	 DR Bracket: 0
	 Base: 21%
	 Effective Percent: 33,96%
----------------------
01:51,793

Intellect
	 Rating: 145827
	 Multiplicative Factor: 12,48%
	 Eff: 145827
Stamina
	 Rating: 861476
	 Multiplicative Factor: 11,3%
	 Eff: 861476
Crit
	 Rating: 8866
	 Multiplicative Factor: 0%
	 Eff: 25666
	 DR Bracket: 0
	 Base: 24%
	 Effective Percent: 36,67%
	 Crit Inc Heal: 2
	 Crit Inc Damage: 2
Haste
	 Rating: 19522
	 Multiplicative Factor: 0%
	 Eff: 32350,3
	 DR Bracket: 0
	 Base: 15%
	 Effective Percent: 49,02%
Vers
	 Rating: 27104
	 Multiplicative Factor: 0%
	 Eff: 26733,6
	 DR Bracket: 1
	 Base: 0%
	 Effective Percent: 34,27%
Leech
	 Rating: 3060
	 Multiplicative Factor: 0%
	 Eff: 3060
	 DR Bracket: 0
	 Base: 0%
	 Effective Percent: 3%
Avoidance
	 Rating: 0
	 Multiplicative Factor: 0%
	 Eff: 0
	 DR Bracket: 0
	 Base: 0%
	 Effective Percent: 0%
Mastery
	 Rating: 6046
	 Multiplicative Factor: 0%
	 Eff: 15846
	 DR Bracket: 0
	 Base: 21%
	 Effective Percent: 33,96%
----------------------
02:03,809

Intellect
	 Rating: 145827
	 Multiplicative Factor: 12,48%
	 Eff: 145827
Stamina
	 Rating: 861476
	 Multiplicative Factor: 11,3%
	 Eff: 861476
Crit
	 Rating: 8866
	 Multiplicative Factor: 0%
	 Eff: 25666
	 DR Bracket: 0
	 Base: 24%
	 Effective Percent: 36,67%
	 Crit Inc Heal: 2
	 Crit Inc Damage: 2
Haste
	 Rating: 19522
	 Multiplicative Factor: 0%
	 Eff: 25508,54
	 DR Bracket: 0
	 Base: 7%
	 Effective Percent: 38,65%
Vers
	 Rating: 27104
	 Multiplicative Factor: 0%
	 Eff: 26733,6
	 DR Bracket: 1
	 Base: 0%
	 Effective Percent: 34,27%
Leech
	 Rating: 3060
	 Multiplicative Factor: 0%
	 Eff: 3060
	 DR Bracket: 0
	 Base: 0%
	 Effective Percent: 3%
Avoidance
	 Rating: 0
	 Multiplicative Factor: 0%
	 Eff: 0
	 DR Bracket: 0
	 Base: 0%
	 Effective Percent: 0%
Mastery
	 Rating: 6046
	 Multiplicative Factor: 0%
	 Eff: 15846
	 DR Bracket: 0
	 Base: 21%
	 Effective Percent: 33,96%
----------------------
02:04,022

Intellect
	 Rating: 145827
	 Multiplicative Factor: 12,48%
	 Eff: 145827
Stamina
	 Rating: 861476
	 Multiplicative Factor: 11,3%
	 Eff: 861476
Crit
	 Rating: 8866
	 Multiplicative Factor: 0%
	 Eff: 25666
	 DR Bracket: 0
	 Base: 24%
	 Effective Percent: 36,67%
	 Crit Inc Heal: 2
	 Crit Inc Damage: 2
Haste
	 Rating: 19522
	 Multiplicative Factor: 0%
	 Eff: 27218,98
	 DR Bracket: 0
	 Base: 9%
	 Effective Percent: 41,24%
Vers
	 Rating: 27104
	 Multiplicative Factor: 0%
	 Eff: 26733,6
	 DR Bracket: 1
	 Base: 0%
	 Effective Percent: 34,27%
Leech
	 Rating: 3060
	 Multiplicative Factor: 0%
	 Eff: 3060
	 DR Bracket: 0
	 Base: 0%
	 Effective Percent: 3%
Avoidance
	 Rating: 0
	 Multiplicative Factor: 0%
	 Eff: 0
	 DR Bracket: 0
	 Base: 0%
	 Effective Percent: 0%
Mastery
	 Rating: 6046
	 Multiplicative Factor: 0%
	 Eff: 15846
	 DR Bracket: 0
	 Base: 21%
	 Effective Percent: 33,96%
----------------------
02:08,850

Intellect
	 Rating: 145827
	 Multiplicative Factor: 12,48%
	 Eff: 145827
Stamina
	 Rating: 861476
	 Multiplicative Factor: 11,3%
	 Eff: 861476
Crit
	 Rating: 8866
	 Multiplicative Factor: 0%
	 Eff: 25666
	 DR Bracket: 0
	 Base: 24%
	 Effective Percent: 36,67%
	 Crit Inc Heal: 2
	 Crit Inc Damage: 2
Haste
	 Rating: 19522
	 Multiplicative Factor: 0%
	 Eff: 28929,42
	 DR Bracket: 0
	 Base: 11%
	 Effective Percent: 43,83%
Vers
	 Rating: 27104
	 Multiplicative Factor: 0%
	 Eff: 26733,6
	 DR Bracket: 1
	 Base: 0%
	 Effective Percent: 34,27%
Leech
	 Rating: 3060
	 Multiplicative Factor: 0%
	 Eff: 3060
	 DR Bracket: 0
	 Base: 0%
	 Effective Percent: 3%
Avoidance
	 Rating: 0
	 Multiplicative Factor: 0%
	 Eff: 0
	 DR Bracket: 0
	 Base: 0%
	 Effective Percent: 0%
Mastery
	 Rating: 6046
	 Multiplicative Factor: 0%
	 Eff: 15846
	 DR Bracket: 0
	 Base: 21%
	 Effective Percent: 33,96%
----------------------
02:12,092

Intellect
	 Rating: 145827
	 Multiplicative Factor: 12,48%
	 Eff: 145827
Stamina
	 Rating: 861476
	 Multiplicative Factor: 11,3%
	 Eff: 861476
Crit
	 Rating: 8866
	 Multiplicative Factor: 0%
	 Eff: 25666
	 DR Bracket: 0
	 Base: 24%
	 Effective Percent: 36,67%
	 Crit Inc Heal: 2
	 Crit Inc Damage: 2
Haste
	 Rating: 19522
	 Multiplicative Factor: 0%
	 Eff: 30639,86
	 DR Bracket: 0
	 Base: 13%
	 Effective Percent: 46,42%
Vers
	 Rating: 27104
	 Multiplicative Factor: 0%
	 Eff: 26733,6
	 DR Bracket: 1
	 Base: 0%
	 Effective Percent: 34,27%
Leech
	 Rating: 3060
	 Multiplicative Factor: 0%
	 Eff: 3060
	 DR Bracket: 0
	 Base: 0%
	 Effective Percent: 3%
Avoidance
	 Rating: 0
	 Multiplicative Factor: 0%
	 Eff: 0
	 DR Bracket: 0
	 Base: 0%
	 Effective Percent: 0%
Mastery
	 Rating: 6046
	 Multiplicative Factor: 0%
	 Eff: 15846
	 DR Bracket: 0
	 Base: 21%
	 Effective Percent: 33,96%
----------------------
02:15,991

Intellect
	 Rating: 145827
	 Multiplicative Factor: 12,48%
	 Eff: 145827
Stamina
	 Rating: 861476
	 Multiplicative Factor: 11,3%
	 Eff: 861476
Crit
	 Rating: 8866
	 Multiplicative Factor: 0%
	 Eff: 25666
	 DR Bracket: 0
	 Base: 24%
	 Effective Percent: 36,67%
	 Crit Inc Heal: 2
	 Crit Inc Damage: 2
Haste
	 Rating: 19522
	 Multiplicative Factor: 0%
	 Eff: 28929,42
	 DR Bracket: 0
	 Base: 11%
	 Effective Percent: 43,83%
Vers
	 Rating: 27104
	 Multiplicative Factor: 0%
	 Eff: 26733,6
	 DR Bracket: 1
	 Base: 0%
	 Effective Percent: 34,27%
Leech
	 Rating: 3060
	 Multiplicative Factor: 0%
	 Eff: 3060
	 DR Bracket: 0
	 Base: 0%
	 Effective Percent: 3%
Avoidance
	 Rating: 0
	 Multiplicative Factor: 0%
	 Eff: 0
	 DR Bracket: 0
	 Base: 0%
	 Effective Percent: 0%
Mastery
	 Rating: 6046
	 Multiplicative Factor: 0%
	 Eff: 15846
	 DR Bracket: 0
	 Base: 21%
	 Effective Percent: 33,96%
----------------------
02:19,698

Intellect
	 Rating: 145827
	 Multiplicative Factor: 12,48%
	 Eff: 145827
Stamina
	 Rating: 861476
	 Multiplicative Factor: 11,3%
	 Eff: 861476
Crit
	 Rating: 14851
	 Multiplicative Factor: 0%
	 Eff: 31650,876683105605
	 DR Bracket: 0
	 Base: 24%
	 Effective Percent: 45,22%
	 Crit Inc Heal: 2
	 Crit Inc Damage: 2
Haste
	 Rating: 19522
	 Multiplicative Factor: 0%
	 Eff: 28929,42
	 DR Bracket: 0
	 Base: 11%
	 Effective Percent: 43,83%
Vers
	 Rating: 27104
	 Multiplicative Factor: 0%
	 Eff: 26733,6
	 DR Bracket: 1
	 Base: 0%
	 Effective Percent: 34,27%
Leech
	 Rating: 3060
	 Multiplicative Factor: 0%
	 Eff: 3060
	 DR Bracket: 0
	 Base: 0%
	 Effective Percent: 3%
Avoidance
	 Rating: 0
	 Multiplicative Factor: 0%
	 Eff: 0
	 DR Bracket: 0
	 Base: 0%
	 Effective Percent: 0%
Mastery
	 Rating: 6046
	 Multiplicative Factor: 0%
	 Eff: 15846
	 DR Bracket: 0
	 Base: 21%
	 Effective Percent: 33,96%
----------------------
02:20,844

Intellect
	 Rating: 145827
	 Multiplicative Factor: 12,48%
	 Eff: 145827
Stamina
	 Rating: 861476
	 Multiplicative Factor: 11,3%
	 Eff: 861476
Crit
	 Rating: 14851
	 Multiplicative Factor: 0%
	 Eff: 31650,876683105605
	 DR Bracket: 0
	 Base: 24%
	 Effective Percent: 45,22%
	 Crit Inc Heal: 2
	 Crit Inc Damage: 2
Haste
	 Rating: 19522
	 Multiplicative Factor: 0%
	 Eff: 27218,98
	 DR Bracket: 0
	 Base: 9%
	 Effective Percent: 41,24%
Vers
	 Rating: 27104
	 Multiplicative Factor: 0%
	 Eff: 26733,6
	 DR Bracket: 1
	 Base: 0%
	 Effective Percent: 34,27%
Leech
	 Rating: 3060
	 Multiplicative Factor: 0%
	 Eff: 3060
	 DR Bracket: 0
	 Base: 0%
	 Effective Percent: 3%
Avoidance
	 Rating: 0
	 Multiplicative Factor: 0%
	 Eff: 0
	 DR Bracket: 0
	 Base: 0%
	 Effective Percent: 0%
Mastery
	 Rating: 6046
	 Multiplicative Factor: 0%
	 Eff: 15846
	 DR Bracket: 0
	 Base: 21%
	 Effective Percent: 33,96%
----------------------
02:23,761

Intellect
	 Rating: 145827
	 Multiplicative Factor: 12,48%
	 Eff: 145827
Stamina
	 Rating: 861476
	 Multiplicative Factor: 11,3%
	 Eff: 861476
Crit
	 Rating: 14851
	 Multiplicative Factor: 0%
	 Eff: 21150,876683105605
	 DR Bracket: 0
	 Base: 9%
	 Effective Percent: 30,22%
	 Crit Inc Heal: 2
	 Crit Inc Damage: 2
Haste
	 Rating: 19522
	 Multiplicative Factor: 0%
	 Eff: 27218,98
	 DR Bracket: 0
	 Base: 9%
	 Effective Percent: 41,24%
Vers
	 Rating: 27104
	 Multiplicative Factor: 0%
	 Eff: 26733,6
	 DR Bracket: 1
	 Base: 0%
	 Effective Percent: 34,27%
Leech
	 Rating: 3060
	 Multiplicative Factor: 0%
	 Eff: 3060
	 DR Bracket: 0
	 Base: 0%
	 Effective Percent: 3%
Avoidance
	 Rating: 0
	 Multiplicative Factor: 0%
	 Eff: 0
	 DR Bracket: 0
	 Base: 0%
	 Effective Percent: 0%
Mastery
	 Rating: 6046
	 Multiplicative Factor: 0%
	 Eff: 15846
	 DR Bracket: 0
	 Base: 21%
	 Effective Percent: 33,96%
----------------------
02:23,892

Intellect
	 Rating: 145827
	 Multiplicative Factor: 12,48%
	 Eff: 145827
Stamina
	 Rating: 861476
	 Multiplicative Factor: 11,3%
	 Eff: 861476
Crit
	 Rating: 14851
	 Multiplicative Factor: 0%
	 Eff: 21150,876683105605
	 DR Bracket: 0
	 Base: 9%
	 Effective Percent: 30,22%
	 Crit Inc Heal: 2
	 Crit Inc Damage: 2
Haste
	 Rating: 19522
	 Multiplicative Factor: 0%
	 Eff: 28929,42
	 DR Bracket: 0
	 Base: 11%
	 Effective Percent: 43,83%
Vers
	 Rating: 27104
	 Multiplicative Factor: 0%
	 Eff: 26733,6
	 DR Bracket: 1
	 Base: 0%
	 Effective Percent: 34,27%
Leech
	 Rating: 3060
	 Multiplicative Factor: 0%
	 Eff: 3060
	 DR Bracket: 0
	 Base: 0%
	 Effective Percent: 3%
Avoidance
	 Rating: 0
	 Multiplicative Factor: 0%
	 Eff: 0
	 DR Bracket: 0
	 Base: 0%
	 Effective Percent: 0%
Mastery
	 Rating: 6046
	 Multiplicative Factor: 0%
	 Eff: 15846
	 DR Bracket: 0
	 Base: 21%
	 Effective Percent: 33,96%
----------------------
02:24,119

Intellect
	 Rating: 145827
	 Multiplicative Factor: 12,48%
	 Eff: 145827
Stamina
	 Rating: 861476
	 Multiplicative Factor: 11,3%
	 Eff: 861476
Crit
	 Rating: 14851
	 Multiplicative Factor: 0%
	 Eff: 21150,876683105605
	 DR Bracket: 0
	 Base: 9%
	 Effective Percent: 30,22%
	 Crit Inc Heal: 2
	 Crit Inc Damage: 2
Haste
	 Rating: 19522
	 Multiplicative Factor: 0%
	 Eff: 27218,98
	 DR Bracket: 0
	 Base: 9%
	 Effective Percent: 41,24%
Vers
	 Rating: 27104
	 Multiplicative Factor: 0%
	 Eff: 26733,6
	 DR Bracket: 1
	 Base: 0%
	 Effective Percent: 34,27%
Leech
	 Rating: 3060
	 Multiplicative Factor: 0%
	 Eff: 3060
	 DR Bracket: 0
	 Base: 0%
	 Effective Percent: 3%
Avoidance
	 Rating: 0
	 Multiplicative Factor: 0%
	 Eff: 0
	 DR Bracket: 0
	 Base: 0%
	 Effective Percent: 0%
Mastery
	 Rating: 6046
	 Multiplicative Factor: 0%
	 Eff: 15846
	 DR Bracket: 0
	 Base: 21%
	 Effective Percent: 33,96%
----------------------
02:28,240

Intellect
	 Rating: 145827
	 Multiplicative Factor: 12,48%
	 Eff: 145827
Stamina
	 Rating: 861476
	 Multiplicative Factor: 11,3%
	 Eff: 861476
Crit
	 Rating: 14851
	 Multiplicative Factor: 0%
	 Eff: 21150,876683105605
	 DR Bracket: 0
	 Base: 9%
	 Effective Percent: 30,22%
	 Crit Inc Heal: 2
	 Crit Inc Damage: 2
Haste
	 Rating: 19522
	 Multiplicative Factor: 0%
	 Eff: 28929,42
	 DR Bracket: 0
	 Base: 11%
	 Effective Percent: 43,83%
Vers
	 Rating: 27104
	 Multiplicative Factor: 0%
	 Eff: 26733,6
	 DR Bracket: 1
	 Base: 0%
	 Effective Percent: 34,27%
Leech
	 Rating: 3060
	 Multiplicative Factor: 0%
	 Eff: 3060
	 DR Bracket: 0
	 Base: 0%
	 Effective Percent: 3%
Avoidance
	 Rating: 0
	 Multiplicative Factor: 0%
	 Eff: 0
	 DR Bracket: 0
	 Base: 0%
	 Effective Percent: 0%
Mastery
	 Rating: 6046
	 Multiplicative Factor: 0%
	 Eff: 15846
	 DR Bracket: 0
	 Base: 21%
	 Effective Percent: 33,96%
----------------------
02:29,704

Intellect
	 Rating: 145827
	 Multiplicative Factor: 12,48%
	 Eff: 145827
Stamina
	 Rating: 861476
	 Multiplicative Factor: 11,3%
	 Eff: 861476
Crit
	 Rating: 8866
	 Multiplicative Factor: 0%
	 Eff: 15166
	 DR Bracket: 0
	 Base: 9%
	 Effective Percent: 21,67%
	 Crit Inc Heal: 2
	 Crit Inc Damage: 2
Haste
	 Rating: 19522
	 Multiplicative Factor: 0%
	 Eff: 28929,42
	 DR Bracket: 0
	 Base: 11%
	 Effective Percent: 43,83%
Vers
	 Rating: 27104
	 Multiplicative Factor: 0%
	 Eff: 26733,6
	 DR Bracket: 1
	 Base: 0%
	 Effective Percent: 34,27%
Leech
	 Rating: 3060
	 Multiplicative Factor: 0%
	 Eff: 3060
	 DR Bracket: 0
	 Base: 0%
	 Effective Percent: 3%
Avoidance
	 Rating: 0
	 Multiplicative Factor: 0%
	 Eff: 0
	 DR Bracket: 0
	 Base: 0%
	 Effective Percent: 0%
Mastery
	 Rating: 6046
	 Multiplicative Factor: 0%
	 Eff: 15846
	 DR Bracket: 0
	 Base: 21%
	 Effective Percent: 33,96%
----------------------
02:32,528

Intellect
	 Rating: 145827
	 Multiplicative Factor: 12,48%
	 Eff: 145827
Stamina
	 Rating: 861476
	 Multiplicative Factor: 11,3%
	 Eff: 861476
Crit
	 Rating: 8866
	 Multiplicative Factor: 0%
	 Eff: 15166
	 DR Bracket: 0
	 Base: 9%
	 Effective Percent: 21,67%
	 Crit Inc Heal: 2
	 Crit Inc Damage: 2
Haste
	 Rating: 19522
	 Multiplicative Factor: 0%
	 Eff: 30639,86
	 DR Bracket: 0
	 Base: 13%
	 Effective Percent: 46,42%
Vers
	 Rating: 27104
	 Multiplicative Factor: 0%
	 Eff: 26733,6
	 DR Bracket: 1
	 Base: 0%
	 Effective Percent: 34,27%
Leech
	 Rating: 3060
	 Multiplicative Factor: 0%
	 Eff: 3060
	 DR Bracket: 0
	 Base: 0%
	 Effective Percent: 3%
Avoidance
	 Rating: 0
	 Multiplicative Factor: 0%
	 Eff: 0
	 DR Bracket: 0
	 Base: 0%
	 Effective Percent: 0%
Mastery
	 Rating: 6046
	 Multiplicative Factor: 0%
	 Eff: 15846
	 DR Bracket: 0
	 Base: 21%
	 Effective Percent: 33,96%
----------------------
02:35,915

Intellect
	 Rating: 145827
	 Multiplicative Factor: 12,48%
	 Eff: 145827
Stamina
	 Rating: 861476
	 Multiplicative Factor: 11,3%
	 Eff: 861476
Crit
	 Rating: 8866
	 Multiplicative Factor: 0%
	 Eff: 15166
	 DR Bracket: 0
	 Base: 9%
	 Effective Percent: 21,67%
	 Crit Inc Heal: 2
	 Crit Inc Damage: 2
Haste
	 Rating: 19522
	 Multiplicative Factor: 0%
	 Eff: 28929,42
	 DR Bracket: 0
	 Base: 11%
	 Effective Percent: 43,83%
Vers
	 Rating: 27104
	 Multiplicative Factor: 0%
	 Eff: 26733,6
	 DR Bracket: 1
	 Base: 0%
	 Effective Percent: 34,27%
Leech
	 Rating: 3060
	 Multiplicative Factor: 0%
	 Eff: 3060
	 DR Bracket: 0
	 Base: 0%
	 Effective Percent: 3%
Avoidance
	 Rating: 0
	 Multiplicative Factor: 0%
	 Eff: 0
	 DR Bracket: 0
	 Base: 0%
	 Effective Percent: 0%
Mastery
	 Rating: 6046
	 Multiplicative Factor: 0%
	 Eff: 15846
	 DR Bracket: 0
	 Base: 21%
	 Effective Percent: 33,96%
----------------------
02:36,755

Intellect
	 Rating: 145827
	 Multiplicative Factor: 12,48%
	 Eff: 145827
Stamina
	 Rating: 861476
	 Multiplicative Factor: 11,3%
	 Eff: 861476
Crit
	 Rating: 8866
	 Multiplicative Factor: 0%
	 Eff: 15166
	 DR Bracket: 0
	 Base: 9%
	 Effective Percent: 21,67%
	 Crit Inc Heal: 2
	 Crit Inc Damage: 2
Haste
	 Rating: 19522
	 Multiplicative Factor: 0%
	 Eff: 30639,86
	 DR Bracket: 0
	 Base: 13%
	 Effective Percent: 46,42%
Vers
	 Rating: 27104
	 Multiplicative Factor: 0%
	 Eff: 26733,6
	 DR Bracket: 1
	 Base: 0%
	 Effective Percent: 34,27%
Leech
	 Rating: 3060
	 Multiplicative Factor: 0%
	 Eff: 3060
	 DR Bracket: 0
	 Base: 0%
	 Effective Percent: 3%
Avoidance
	 Rating: 0
	 Multiplicative Factor: 0%
	 Eff: 0
	 DR Bracket: 0
	 Base: 0%
	 Effective Percent: 0%
Mastery
	 Rating: 6046
	 Multiplicative Factor: 0%
	 Eff: 15846
	 DR Bracket: 0
	 Base: 21%
	 Effective Percent: 33,96%
----------------------
02:37,818

Intellect
	 Rating: 145827
	 Multiplicative Factor: 12,48%
	 Eff: 145827
Stamina
	 Rating: 861476
	 Multiplicative Factor: 11,3%
	 Eff: 861476
Crit
	 Rating: 8866
	 Multiplicative Factor: 0%
	 Eff: 15166
	 DR Bracket: 0
	 Base: 9%
	 Effective Percent: 21,67%
	 Crit Inc Heal: 2
	 Crit Inc Damage: 2
Haste
	 Rating: 19522
	 Multiplicative Factor: 0%
	 Eff: 32350,3
	 DR Bracket: 0
	 Base: 15%
	 Effective Percent: 49,02%
Vers
	 Rating: 27104
	 Multiplicative Factor: 0%
	 Eff: 26733,6
	 DR Bracket: 1
	 Base: 0%
	 Effective Percent: 34,27%
Leech
	 Rating: 3060
	 Multiplicative Factor: 0%
	 Eff: 3060
	 DR Bracket: 0
	 Base: 0%
	 Effective Percent: 3%
Avoidance
	 Rating: 0
	 Multiplicative Factor: 0%
	 Eff: 0
	 DR Bracket: 0
	 Base: 0%
	 Effective Percent: 0%
Mastery
	 Rating: 6046
	 Multiplicative Factor: 0%
	 Eff: 15846
	 DR Bracket: 0
	 Base: 21%
	 Effective Percent: 33,96%
----------------------
02:40,259

Intellect
	 Rating: 145827
	 Multiplicative Factor: 12,48%
	 Eff: 145827
Stamina
	 Rating: 861476
	 Multiplicative Factor: 11,3%
	 Eff: 861476
Crit
	 Rating: 8866
	 Multiplicative Factor: 0%
	 Eff: 15166
	 DR Bracket: 0
	 Base: 9%
	 Effective Percent: 21,67%
	 Crit Inc Heal: 2
	 Crit Inc Damage: 2
Haste
	 Rating: 19522
	 Multiplicative Factor: 0%
	 Eff: 30639,86
	 DR Bracket: 0
	 Base: 13%
	 Effective Percent: 46,42%
Vers
	 Rating: 27104
	 Multiplicative Factor: 0%
	 Eff: 26733,6
	 DR Bracket: 1
	 Base: 0%
	 Effective Percent: 34,27%
Leech
	 Rating: 3060
	 Multiplicative Factor: 0%
	 Eff: 3060
	 DR Bracket: 0
	 Base: 0%
	 Effective Percent: 3%
Avoidance
	 Rating: 0
	 Multiplicative Factor: 0%
	 Eff: 0
	 DR Bracket: 0
	 Base: 0%
	 Effective Percent: 0%
Mastery
	 Rating: 6046
	 Multiplicative Factor: 0%
	 Eff: 15846
	 DR Bracket: 0
	 Base: 21%
	 Effective Percent: 33,96%
----------------------
02:44,528

Intellect
	 Rating: 145827
	 Multiplicative Factor: 12,48%
	 Eff: 145827
Stamina
	 Rating: 861476
	 Multiplicative Factor: 11,3%
	 Eff: 861476
Crit
	 Rating: 8866
	 Multiplicative Factor: 0%
	 Eff: 15166
	 DR Bracket: 0
	 Base: 9%
	 Effective Percent: 21,67%
	 Crit Inc Heal: 2
	 Crit Inc Damage: 2
Haste
	 Rating: 19522
	 Multiplicative Factor: 0%
	 Eff: 28929,42
	 DR Bracket: 0
	 Base: 11%
	 Effective Percent: 43,83%
Vers
	 Rating: 27104
	 Multiplicative Factor: 0%
	 Eff: 26733,6
	 DR Bracket: 1
	 Base: 0%
	 Effective Percent: 34,27%
Leech
	 Rating: 3060
	 Multiplicative Factor: 0%
	 Eff: 3060
	 DR Bracket: 0
	 Base: 0%
	 Effective Percent: 3%
Avoidance
	 Rating: 0
	 Multiplicative Factor: 0%
	 Eff: 0
	 DR Bracket: 0
	 Base: 0%
	 Effective Percent: 0%
Mastery
	 Rating: 6046
	 Multiplicative Factor: 0%
	 Eff: 15846
	 DR Bracket: 0
	 Base: 21%
	 Effective Percent: 33,96%
----------------------
02:48,762

Intellect
	 Rating: 145827
	 Multiplicative Factor: 12,48%
	 Eff: 145827
Stamina
	 Rating: 861476
	 Multiplicative Factor: 11,3%
	 Eff: 861476
Crit
	 Rating: 8866
	 Multiplicative Factor: 0%
	 Eff: 15166
	 DR Bracket: 0
	 Base: 9%
	 Effective Percent: 21,67%
	 Crit Inc Heal: 2
	 Crit Inc Damage: 2
Haste
	 Rating: 19522
	 Multiplicative Factor: 0%
	 Eff: 27218,98
	 DR Bracket: 0
	 Base: 9%
	 Effective Percent: 41,24%
Vers
	 Rating: 27104
	 Multiplicative Factor: 0%
	 Eff: 26733,6
	 DR Bracket: 1
	 Base: 0%
	 Effective Percent: 34,27%
Leech
	 Rating: 3060
	 Multiplicative Factor: 0%
	 Eff: 3060
	 DR Bracket: 0
	 Base: 0%
	 Effective Percent: 3%
Avoidance
	 Rating: 0
	 Multiplicative Factor: 0%
	 Eff: 0
	 DR Bracket: 0
	 Base: 0%
	 Effective Percent: 0%
Mastery
	 Rating: 6046
	 Multiplicative Factor: 0%
	 Eff: 15846
	 DR Bracket: 0
	 Base: 21%
	 Effective Percent: 33,96%
----------------------
02:49,813

Intellect
	 Rating: 145827
	 Multiplicative Factor: 12,48%
	 Eff: 145827
Stamina
	 Rating: 861476
	 Multiplicative Factor: 11,3%
	 Eff: 861476
Crit
	 Rating: 8866
	 Multiplicative Factor: 0%
	 Eff: 15166
	 DR Bracket: 0
	 Base: 9%
	 Effective Percent: 21,67%
	 Crit Inc Heal: 2
	 Crit Inc Damage: 2
Haste
	 Rating: 19522
	 Multiplicative Factor: 0%
	 Eff: 25508,54
	 DR Bracket: 0
	 Base: 7%
	 Effective Percent: 38,65%
Vers
	 Rating: 27104
	 Multiplicative Factor: 0%
	 Eff: 26733,6
	 DR Bracket: 1
	 Base: 0%
	 Effective Percent: 34,27%
Leech
	 Rating: 3060
	 Multiplicative Factor: 0%
	 Eff: 3060
	 DR Bracket: 0
	 Base: 0%
	 Effective Percent: 3%
Avoidance
	 Rating: 0
	 Multiplicative Factor: 0%
	 Eff: 0
	 DR Bracket: 0
	 Base: 0%
	 Effective Percent: 0%
Mastery
	 Rating: 6046
	 Multiplicative Factor: 0%
	 Eff: 15846
	 DR Bracket: 0
	 Base: 21%
	 Effective Percent: 33,96%
----------------------
02:50,121

Intellect
	 Rating: 145827
	 Multiplicative Factor: 12,48%
	 Eff: 145827
Stamina
	 Rating: 861476
	 Multiplicative Factor: 11,3%
	 Eff: 861476
Crit
	 Rating: 8866
	 Multiplicative Factor: 0%
	 Eff: 25666
	 DR Bracket: 0
	 Base: 24%
	 Effective Percent: 36,67%
	 Crit Inc Heal: 2
	 Crit Inc Damage: 2
Haste
	 Rating: 19522
	 Multiplicative Factor: 0%
	 Eff: 25508,54
	 DR Bracket: 0
	 Base: 7%
	 Effective Percent: 38,65%
Vers
	 Rating: 27104
	 Multiplicative Factor: 0%
	 Eff: 26733,6
	 DR Bracket: 1
	 Base: 0%
	 Effective Percent: 34,27%
Leech
	 Rating: 3060
	 Multiplicative Factor: 0%
	 Eff: 3060
	 DR Bracket: 0
	 Base: 0%
	 Effective Percent: 3%
Avoidance
	 Rating: 0
	 Multiplicative Factor: 0%
	 Eff: 0
	 DR Bracket: 0
	 Base: 0%
	 Effective Percent: 0%
Mastery
	 Rating: 6046
	 Multiplicative Factor: 0%
	 Eff: 15846
	 DR Bracket: 0
	 Base: 21%
	 Effective Percent: 33,96%
----------------------
02:50,149

Intellect
	 Rating: 145827
	 Multiplicative Factor: 12,48%
	 Eff: 145827
Stamina
	 Rating: 861476
	 Multiplicative Factor: 11,3%
	 Eff: 861476
Crit
	 Rating: 8866
	 Multiplicative Factor: 0%
	 Eff: 25666
	 DR Bracket: 0
	 Base: 24%
	 Effective Percent: 36,67%
	 Crit Inc Heal: 2
	 Crit Inc Damage: 2
Haste
	 Rating: 19522
	 Multiplicative Factor: 0%
	 Eff: 27218,98
	 DR Bracket: 0
	 Base: 9%
	 Effective Percent: 41,24%
Vers
	 Rating: 27104
	 Multiplicative Factor: 0%
	 Eff: 26733,6
	 DR Bracket: 1
	 Base: 0%
	 Effective Percent: 34,27%
Leech
	 Rating: 3060
	 Multiplicative Factor: 0%
	 Eff: 3060
	 DR Bracket: 0
	 Base: 0%
	 Effective Percent: 3%
Avoidance
	 Rating: 0
	 Multiplicative Factor: 0%
	 Eff: 0
	 DR Bracket: 0
	 Base: 0%
	 Effective Percent: 0%
Mastery
	 Rating: 6046
	 Multiplicative Factor: 0%
	 Eff: 15846
	 DR Bracket: 0
	 Base: 21%
	 Effective Percent: 33,96%
----------------------
02:54,106

Intellect
	 Rating: 145827
	 Multiplicative Factor: 12,48%
	 Eff: 145827
Stamina
	 Rating: 861476
	 Multiplicative Factor: 11,3%
	 Eff: 861476
Crit
	 Rating: 14851
	 Multiplicative Factor: 0%
	 Eff: 31650,876683105605
	 DR Bracket: 0
	 Base: 24%
	 Effective Percent: 45,22%
	 Crit Inc Heal: 2
	 Crit Inc Damage: 2
Haste
	 Rating: 19522
	 Multiplicative Factor: 0%
	 Eff: 27218,98
	 DR Bracket: 0
	 Base: 9%
	 Effective Percent: 41,24%
Vers
	 Rating: 27104
	 Multiplicative Factor: 0%
	 Eff: 26733,6
	 DR Bracket: 1
	 Base: 0%
	 Effective Percent: 34,27%
Leech
	 Rating: 3060
	 Multiplicative Factor: 0%
	 Eff: 3060
	 DR Bracket: 0
	 Base: 0%
	 Effective Percent: 3%
Avoidance
	 Rating: 0
	 Multiplicative Factor: 0%
	 Eff: 0
	 DR Bracket: 0
	 Base: 0%
	 Effective Percent: 0%
Mastery
	 Rating: 6046
	 Multiplicative Factor: 0%
	 Eff: 15846
	 DR Bracket: 0
	 Base: 21%
	 Effective Percent: 33,96%
----------------------
03:02,130

Intellect
	 Rating: 145827
	 Multiplicative Factor: 12,48%
	 Eff: 145827
Stamina
	 Rating: 861476
	 Multiplicative Factor: 11,3%
	 Eff: 861476
Crit
	 Rating: 14851
	 Multiplicative Factor: 0%
	 Eff: 21150,876683105605
	 DR Bracket: 0
	 Base: 9%
	 Effective Percent: 30,22%
	 Crit Inc Heal: 2
	 Crit Inc Damage: 2
Haste
	 Rating: 19522
	 Multiplicative Factor: 0%
	 Eff: 27218,98
	 DR Bracket: 0
	 Base: 9%
	 Effective Percent: 41,24%
Vers
	 Rating: 27104
	 Multiplicative Factor: 0%
	 Eff: 26733,6
	 DR Bracket: 1
	 Base: 0%
	 Effective Percent: 34,27%
Leech
	 Rating: 3060
	 Multiplicative Factor: 0%
	 Eff: 3060
	 DR Bracket: 0
	 Base: 0%
	 Effective Percent: 3%
Avoidance
	 Rating: 0
	 Multiplicative Factor: 0%
	 Eff: 0
	 DR Bracket: 0
	 Base: 0%
	 Effective Percent: 0%
Mastery
	 Rating: 6046
	 Multiplicative Factor: 0%
	 Eff: 15846
	 DR Bracket: 0
	 Base: 21%
	 Effective Percent: 33,96%
----------------------
03:02,154

Intellect
	 Rating: 145827
	 Multiplicative Factor: 12,48%
	 Eff: 145827
Stamina
	 Rating: 861476
	 Multiplicative Factor: 11,3%
	 Eff: 861476
Crit
	 Rating: 14851
	 Multiplicative Factor: 0%
	 Eff: 21150,876683105605
	 DR Bracket: 0
	 Base: 9%
	 Effective Percent: 30,22%
	 Crit Inc Heal: 2
	 Crit Inc Damage: 2
Haste
	 Rating: 19522
	 Multiplicative Factor: 0%
	 Eff: 25508,54
	 DR Bracket: 0
	 Base: 7%
	 Effective Percent: 38,65%
Vers
	 Rating: 27104
	 Multiplicative Factor: 0%
	 Eff: 26733,6
	 DR Bracket: 1
	 Base: 0%
	 Effective Percent: 34,27%
Leech
	 Rating: 3060
	 Multiplicative Factor: 0%
	 Eff: 3060
	 DR Bracket: 0
	 Base: 0%
	 Effective Percent: 3%
Avoidance
	 Rating: 0
	 Multiplicative Factor: 0%
	 Eff: 0
	 DR Bracket: 0
	 Base: 0%
	 Effective Percent: 0%
Mastery
	 Rating: 6046
	 Multiplicative Factor: 0%
	 Eff: 15846
	 DR Bracket: 0
	 Base: 21%
	 Effective Percent: 33,96%
----------------------
03:02,261

Intellect
	 Rating: 145827
	 Multiplicative Factor: 12,48%
	 Eff: 145827
Stamina
	 Rating: 861476
	 Multiplicative Factor: 11,3%
	 Eff: 861476
Crit
	 Rating: 14851
	 Multiplicative Factor: 0%
	 Eff: 21150,876683105605
	 DR Bracket: 0
	 Base: 9%
	 Effective Percent: 30,22%
	 Crit Inc Heal: 2
	 Crit Inc Damage: 2
Haste
	 Rating: 19522
	 Multiplicative Factor: 0%
	 Eff: 27218,98
	 DR Bracket: 0
	 Base: 9%
	 Effective Percent: 41,24%
Vers
	 Rating: 27104
	 Multiplicative Factor: 0%
	 Eff: 26733,6
	 DR Bracket: 1
	 Base: 0%
	 Effective Percent: 34,27%
Leech
	 Rating: 3060
	 Multiplicative Factor: 0%
	 Eff: 3060
	 DR Bracket: 0
	 Base: 0%
	 Effective Percent: 3%
Avoidance
	 Rating: 0
	 Multiplicative Factor: 0%
	 Eff: 0
	 DR Bracket: 0
	 Base: 0%
	 Effective Percent: 0%
Mastery
	 Rating: 6046
	 Multiplicative Factor: 0%
	 Eff: 15846
	 DR Bracket: 0
	 Base: 21%
	 Effective Percent: 33,96%
----------------------
03:04,117

Intellect
	 Rating: 145827
	 Multiplicative Factor: 12,48%
	 Eff: 145827
Stamina
	 Rating: 861476
	 Multiplicative Factor: 11,3%
	 Eff: 861476
Crit
	 Rating: 8866
	 Multiplicative Factor: 0%
	 Eff: 15166
	 DR Bracket: 0
	 Base: 9%
	 Effective Percent: 21,67%
	 Crit Inc Heal: 2
	 Crit Inc Damage: 2
Haste
	 Rating: 19522
	 Multiplicative Factor: 0%
	 Eff: 27218,98
	 DR Bracket: 0
	 Base: 9%
	 Effective Percent: 41,24%
Vers
	 Rating: 27104
	 Multiplicative Factor: 0%
	 Eff: 26733,6
	 DR Bracket: 1
	 Base: 0%
	 Effective Percent: 34,27%
Leech
	 Rating: 3060
	 Multiplicative Factor: 0%
	 Eff: 3060
	 DR Bracket: 0
	 Base: 0%
	 Effective Percent: 3%
Avoidance
	 Rating: 0
	 Multiplicative Factor: 0%
	 Eff: 0
	 DR Bracket: 0
	 Base: 0%
	 Effective Percent: 0%
Mastery
	 Rating: 6046
	 Multiplicative Factor: 0%
	 Eff: 15846
	 DR Bracket: 0
	 Base: 21%
	 Effective Percent: 33,96%
----------------------
03:08,540

Intellect
	 Rating: 145827
	 Multiplicative Factor: 12,48%
	 Eff: 145827
Stamina
	 Rating: 861476
	 Multiplicative Factor: 11,3%
	 Eff: 861476
Crit
	 Rating: 14851
	 Multiplicative Factor: 0%
	 Eff: 21150,876683105605
	 DR Bracket: 0
	 Base: 9%
	 Effective Percent: 30,22%
	 Crit Inc Heal: 2
	 Crit Inc Damage: 2
Haste
	 Rating: 19522
	 Multiplicative Factor: 0%
	 Eff: 27218,98
	 DR Bracket: 0
	 Base: 9%
	 Effective Percent: 41,24%
Vers
	 Rating: 27104
	 Multiplicative Factor: 0%
	 Eff: 26733,6
	 DR Bracket: 1
	 Base: 0%
	 Effective Percent: 34,27%
Leech
	 Rating: 3060
	 Multiplicative Factor: 0%
	 Eff: 3060
	 DR Bracket: 0
	 Base: 0%
	 Effective Percent: 3%
Avoidance
	 Rating: 0
	 Multiplicative Factor: 0%
	 Eff: 0
	 DR Bracket: 0
	 Base: 0%
	 Effective Percent: 0%
Mastery
	 Rating: 6046
	 Multiplicative Factor: 0%
	 Eff: 15846
	 DR Bracket: 0
	 Base: 21%
	 Effective Percent: 33,96%
----------------------
03:08,671

Intellect
	 Rating: 145827
	 Multiplicative Factor: 12,48%
	 Eff: 145827
Stamina
	 Rating: 861476
	 Multiplicative Factor: 11,3%
	 Eff: 861476
Crit
	 Rating: 14851
	 Multiplicative Factor: 0%
	 Eff: 21150,876683105605
	 DR Bracket: 0
	 Base: 9%
	 Effective Percent: 30,22%
	 Crit Inc Heal: 2
	 Crit Inc Damage: 2
Haste
	 Rating: 19522
	 Multiplicative Factor: 0%
	 Eff: 28929,42
	 DR Bracket: 0
	 Base: 11%
	 Effective Percent: 43,83%
Vers
	 Rating: 27104
	 Multiplicative Factor: 0%
	 Eff: 26733,6
	 DR Bracket: 1
	 Base: 0%
	 Effective Percent: 34,27%
Leech
	 Rating: 3060
	 Multiplicative Factor: 0%
	 Eff: 3060
	 DR Bracket: 0
	 Base: 0%
	 Effective Percent: 3%
Avoidance
	 Rating: 0
	 Multiplicative Factor: 0%
	 Eff: 0
	 DR Bracket: 0
	 Base: 0%
	 Effective Percent: 0%
Mastery
	 Rating: 6046
	 Multiplicative Factor: 0%
	 Eff: 15846
	 DR Bracket: 0
	 Base: 21%
	 Effective Percent: 33,96%
----------------------
03:09,758

Intellect
	 Rating: 145827
	 Multiplicative Factor: 12,48%
	 Eff: 145827
Stamina
	 Rating: 861476
	 Multiplicative Factor: 11,3%
	 Eff: 861476
Crit
	 Rating: 14851
	 Multiplicative Factor: 0%
	 Eff: 21150,876683105605
	 DR Bracket: 0
	 Base: 9%
	 Effective Percent: 30,22%
	 Crit Inc Heal: 2
	 Crit Inc Damage: 2
Haste
	 Rating: 19522
	 Multiplicative Factor: 0%
	 Eff: 30639,86
	 DR Bracket: 0
	 Base: 13%
	 Effective Percent: 46,42%
Vers
	 Rating: 27104
	 Multiplicative Factor: 0%
	 Eff: 26733,6
	 DR Bracket: 1
	 Base: 0%
	 Effective Percent: 34,27%
Leech
	 Rating: 3060
	 Multiplicative Factor: 0%
	 Eff: 3060
	 DR Bracket: 0
	 Base: 0%
	 Effective Percent: 3%
Avoidance
	 Rating: 0
	 Multiplicative Factor: 0%
	 Eff: 0
	 DR Bracket: 0
	 Base: 0%
	 Effective Percent: 0%
Mastery
	 Rating: 6046
	 Multiplicative Factor: 0%
	 Eff: 15846
	 DR Bracket: 0
	 Base: 21%
	 Effective Percent: 33,96%
----------------------
03:12,629

Intellect
	 Rating: 145827
	 Multiplicative Factor: 12,48%
	 Eff: 145827
Stamina
	 Rating: 861476
	 Multiplicative Factor: 11,3%
	 Eff: 861476
Crit
	 Rating: 20836
	 Multiplicative Factor: 0%
	 Eff: 27135,75336621121
	 DR Bracket: 0
	 Base: 9%
	 Effective Percent: 38,77%
	 Crit Inc Heal: 2
	 Crit Inc Damage: 2
Haste
	 Rating: 19522
	 Multiplicative Factor: 0%
	 Eff: 30639,86
	 DR Bracket: 0
	 Base: 13%
	 Effective Percent: 46,42%
Vers
	 Rating: 27104
	 Multiplicative Factor: 0%
	 Eff: 26733,6
	 DR Bracket: 1
	 Base: 0%
	 Effective Percent: 34,27%
Leech
	 Rating: 3060
	 Multiplicative Factor: 0%
	 Eff: 3060
	 DR Bracket: 0
	 Base: 0%
	 Effective Percent: 3%
Avoidance
	 Rating: 0
	 Multiplicative Factor: 0%
	 Eff: 0
	 DR Bracket: 0
	 Base: 0%
	 Effective Percent: 0%
Mastery
	 Rating: 6046
	 Multiplicative Factor: 0%
	 Eff: 15846
	 DR Bracket: 0
	 Base: 21%
	 Effective Percent: 33,96%
----------------------
03:14,266

Intellect
	 Rating: 145827
	 Multiplicative Factor: 12,48%
	 Eff: 145827
Stamina
	 Rating: 861476
	 Multiplicative Factor: 11,3%
	 Eff: 861476
Crit
	 Rating: 20836
	 Multiplicative Factor: 0%
	 Eff: 27135,75336621121
	 DR Bracket: 0
	 Base: 9%
	 Effective Percent: 38,77%
	 Crit Inc Heal: 2
	 Crit Inc Damage: 2
Haste
	 Rating: 19522
	 Multiplicative Factor: 0%
	 Eff: 28929,42
	 DR Bracket: 0
	 Base: 11%
	 Effective Percent: 43,83%
Vers
	 Rating: 27104
	 Multiplicative Factor: 0%
	 Eff: 26733,6
	 DR Bracket: 1
	 Base: 0%
	 Effective Percent: 34,27%
Leech
	 Rating: 3060
	 Multiplicative Factor: 0%
	 Eff: 3060
	 DR Bracket: 0
	 Base: 0%
	 Effective Percent: 3%
Avoidance
	 Rating: 0
	 Multiplicative Factor: 0%
	 Eff: 0
	 DR Bracket: 0
	 Base: 0%
	 Effective Percent: 0%
Mastery
	 Rating: 6046
	 Multiplicative Factor: 0%
	 Eff: 15846
	 DR Bracket: 0
	 Base: 21%
	 Effective Percent: 33,96%
----------------------
03:18,534

Intellect
	 Rating: 145827
	 Multiplicative Factor: 12,48%
	 Eff: 145827
Stamina
	 Rating: 861476
	 Multiplicative Factor: 11,3%
	 Eff: 861476
Crit
	 Rating: 14851
	 Multiplicative Factor: 0%
	 Eff: 21150,876683105605
	 DR Bracket: 0
	 Base: 9%
	 Effective Percent: 30,22%
	 Crit Inc Heal: 2
	 Crit Inc Damage: 2
Haste
	 Rating: 19522
	 Multiplicative Factor: 0%
	 Eff: 28929,42
	 DR Bracket: 0
	 Base: 11%
	 Effective Percent: 43,83%
Vers
	 Rating: 27104
	 Multiplicative Factor: 0%
	 Eff: 26733,6
	 DR Bracket: 1
	 Base: 0%
	 Effective Percent: 34,27%
Leech
	 Rating: 3060
	 Multiplicative Factor: 0%
	 Eff: 3060
	 DR Bracket: 0
	 Base: 0%
	 Effective Percent: 3%
Avoidance
	 Rating: 0
	 Multiplicative Factor: 0%
	 Eff: 0
	 DR Bracket: 0
	 Base: 0%
	 Effective Percent: 0%
Mastery
	 Rating: 6046
	 Multiplicative Factor: 0%
	 Eff: 15846
	 DR Bracket: 0
	 Base: 21%
	 Effective Percent: 33,96%
----------------------
03:20,690

Intellect
	 Rating: 145827
	 Multiplicative Factor: 12,48%
	 Eff: 145827
Stamina
	 Rating: 861476
	 Multiplicative Factor: 11,3%
	 Eff: 861476
Crit
	 Rating: 14851
	 Multiplicative Factor: 0%
	 Eff: 21150,876683105605
	 DR Bracket: 0
	 Base: 9%
	 Effective Percent: 30,22%
	 Crit Inc Heal: 2
	 Crit Inc Damage: 2
Haste
	 Rating: 19522
	 Multiplicative Factor: 0%
	 Eff: 27218,98
	 DR Bracket: 0
	 Base: 9%
	 Effective Percent: 41,24%
Vers
	 Rating: 27104
	 Multiplicative Factor: 0%
	 Eff: 26733,6
	 DR Bracket: 1
	 Base: 0%
	 Effective Percent: 34,27%
Leech
	 Rating: 3060
	 Multiplicative Factor: 0%
	 Eff: 3060
	 DR Bracket: 0
	 Base: 0%
	 Effective Percent: 3%
Avoidance
	 Rating: 0
	 Multiplicative Factor: 0%
	 Eff: 0
	 DR Bracket: 0
	 Base: 0%
	 Effective Percent: 0%
Mastery
	 Rating: 6046
	 Multiplicative Factor: 0%
	 Eff: 15846
	 DR Bracket: 0
	 Base: 21%
	 Effective Percent: 33,96%
----------------------
03:21,768

Intellect
	 Rating: 145827
	 Multiplicative Factor: 12,48%
	 Eff: 145827
Stamina
	 Rating: 861476
	 Multiplicative Factor: 11,3%
	 Eff: 861476
Crit
	 Rating: 14851
	 Multiplicative Factor: 0%
	 Eff: 21150,876683105605
	 DR Bracket: 0
	 Base: 9%
	 Effective Percent: 30,22%
	 Crit Inc Heal: 2
	 Crit Inc Damage: 2
Haste
	 Rating: 19522
	 Multiplicative Factor: 0%
	 Eff: 25508,54
	 DR Bracket: 0
	 Base: 7%
	 Effective Percent: 38,65%
Vers
	 Rating: 27104
	 Multiplicative Factor: 0%
	 Eff: 26733,6
	 DR Bracket: 1
	 Base: 0%
	 Effective Percent: 34,27%
Leech
	 Rating: 3060
	 Multiplicative Factor: 0%
	 Eff: 3060
	 DR Bracket: 0
	 Base: 0%
	 Effective Percent: 3%
Avoidance
	 Rating: 0
	 Multiplicative Factor: 0%
	 Eff: 0
	 DR Bracket: 0
	 Base: 0%
	 Effective Percent: 0%
Mastery
	 Rating: 6046
	 Multiplicative Factor: 0%
	 Eff: 15846
	 DR Bracket: 0
	 Base: 21%
	 Effective Percent: 33,96%
----------------------
03:22,626

Intellect
	 Rating: 145827
	 Multiplicative Factor: 12,48%
	 Eff: 145827
Stamina
	 Rating: 861476
	 Multiplicative Factor: 11,3%
	 Eff: 861476
Crit
	 Rating: 8866
	 Multiplicative Factor: 0%
	 Eff: 15166
	 DR Bracket: 0
	 Base: 9%
	 Effective Percent: 21,67%
	 Crit Inc Heal: 2
	 Crit Inc Damage: 2
Haste
	 Rating: 19522
	 Multiplicative Factor: 0%
	 Eff: 25508,54
	 DR Bracket: 0
	 Base: 7%
	 Effective Percent: 38,65%
Vers
	 Rating: 27104
	 Multiplicative Factor: 0%
	 Eff: 26733,6
	 DR Bracket: 1
	 Base: 0%
	 Effective Percent: 34,27%
Leech
	 Rating: 3060
	 Multiplicative Factor: 0%
	 Eff: 3060
	 DR Bracket: 0
	 Base: 0%
	 Effective Percent: 3%
Avoidance
	 Rating: 0
	 Multiplicative Factor: 0%
	 Eff: 0
	 DR Bracket: 0
	 Base: 0%
	 Effective Percent: 0%
Mastery
	 Rating: 6046
	 Multiplicative Factor: 0%
	 Eff: 15846
	 DR Bracket: 0
	 Base: 21%
	 Effective Percent: 33,96%
----------------------
03:28,248

Intellect
	 Rating: 145827
	 Multiplicative Factor: 12,48%
	 Eff: 145827
Stamina
	 Rating: 861476
	 Multiplicative Factor: 11,3%
	 Eff: 861476
Crit
	 Rating: 14851
	 Multiplicative Factor: 0%
	 Eff: 21150,876683105605
	 DR Bracket: 0
	 Base: 9%
	 Effective Percent: 30,22%
	 Crit Inc Heal: 2
	 Crit Inc Damage: 2
Haste
	 Rating: 19522
	 Multiplicative Factor: 0%
	 Eff: 25508,54
	 DR Bracket: 0
	 Base: 7%
	 Effective Percent: 38,65%
Vers
	 Rating: 27104
	 Multiplicative Factor: 0%
	 Eff: 26733,6
	 DR Bracket: 1
	 Base: 0%
	 Effective Percent: 34,27%
Leech
	 Rating: 3060
	 Multiplicative Factor: 0%
	 Eff: 3060
	 DR Bracket: 0
	 Base: 0%
	 Effective Percent: 3%
Avoidance
	 Rating: 0
	 Multiplicative Factor: 0%
	 Eff: 0
	 DR Bracket: 0
	 Base: 0%
	 Effective Percent: 0%
Mastery
	 Rating: 6046
	 Multiplicative Factor: 0%
	 Eff: 15846
	 DR Bracket: 0
	 Base: 21%
	 Effective Percent: 33,96%
----------------------
03:30,315

Intellect
	 Rating: 145827
	 Multiplicative Factor: 12,48%
	 Eff: 145827
Stamina
	 Rating: 861476
	 Multiplicative Factor: 11,3%
	 Eff: 861476
Crit
	 Rating: 14851
	 Multiplicative Factor: 0%
	 Eff: 31650,876683105605
	 DR Bracket: 0
	 Base: 24%
	 Effective Percent: 45,22%
	 Crit Inc Heal: 2
	 Crit Inc Damage: 2
Haste
	 Rating: 19522
	 Multiplicative Factor: 0%
	 Eff: 25508,54
	 DR Bracket: 0
	 Base: 7%
	 Effective Percent: 38,65%
Vers
	 Rating: 27104
	 Multiplicative Factor: 0%
	 Eff: 26733,6
	 DR Bracket: 1
	 Base: 0%
	 Effective Percent: 34,27%
Leech
	 Rating: 3060
	 Multiplicative Factor: 0%
	 Eff: 3060
	 DR Bracket: 0
	 Base: 0%
	 Effective Percent: 3%
Avoidance
	 Rating: 0
	 Multiplicative Factor: 0%
	 Eff: 0
	 DR Bracket: 0
	 Base: 0%
	 Effective Percent: 0%
Mastery
	 Rating: 6046
	 Multiplicative Factor: 0%
	 Eff: 15846
	 DR Bracket: 0
	 Base: 21%
	 Effective Percent: 33,96%
----------------------
03:30,442

Intellect
	 Rating: 145827
	 Multiplicative Factor: 12,48%
	 Eff: 145827
Stamina
	 Rating: 861476
	 Multiplicative Factor: 11,3%
	 Eff: 861476
Crit
	 Rating: 14851
	 Multiplicative Factor: 0%
	 Eff: 31650,876683105605
	 DR Bracket: 0
	 Base: 24%
	 Effective Percent: 45,22%
	 Crit Inc Heal: 2
	 Crit Inc Damage: 2
Haste
	 Rating: 19522
	 Multiplicative Factor: 0%
	 Eff: 27218,98
	 DR Bracket: 0
	 Base: 9%
	 Effective Percent: 41,24%
Vers
	 Rating: 27104
	 Multiplicative Factor: 0%
	 Eff: 26733,6
	 DR Bracket: 1
	 Base: 0%
	 Effective Percent: 34,27%
Leech
	 Rating: 3060
	 Multiplicative Factor: 0%
	 Eff: 3060
	 DR Bracket: 0
	 Base: 0%
	 Effective Percent: 3%
Avoidance
	 Rating: 0
	 Multiplicative Factor: 0%
	 Eff: 0
	 DR Bracket: 0
	 Base: 0%
	 Effective Percent: 0%
Mastery
	 Rating: 6046
	 Multiplicative Factor: 0%
	 Eff: 15846
	 DR Bracket: 0
	 Base: 21%
	 Effective Percent: 33,96%
----------------------
03:38,012

Intellect
	 Rating: 145827
	 Multiplicative Factor: 12,48%
	 Eff: 145827
Stamina
	 Rating: 861476
	 Multiplicative Factor: 11,3%
	 Eff: 861476
Crit
	 Rating: 14851
	 Multiplicative Factor: 0%
	 Eff: 31650,876683105605
	 DR Bracket: 0
	 Base: 24%
	 Effective Percent: 45,22%
	 Crit Inc Heal: 2
	 Crit Inc Damage: 2
Haste
	 Rating: 19522
	 Multiplicative Factor: 0%
	 Eff: 28929,42
	 DR Bracket: 0
	 Base: 11%
	 Effective Percent: 43,83%
Vers
	 Rating: 27104
	 Multiplicative Factor: 0%
	 Eff: 26733,6
	 DR Bracket: 1
	 Base: 0%
	 Effective Percent: 34,27%
Leech
	 Rating: 3060
	 Multiplicative Factor: 0%
	 Eff: 3060
	 DR Bracket: 0
	 Base: 0%
	 Effective Percent: 3%
Avoidance
	 Rating: 0
	 Multiplicative Factor: 0%
	 Eff: 0
	 DR Bracket: 0
	 Base: 0%
	 Effective Percent: 0%
Mastery
	 Rating: 6046
	 Multiplicative Factor: 0%
	 Eff: 15846
	 DR Bracket: 0
	 Base: 21%
	 Effective Percent: 33,96%
----------------------
03:38,253

Intellect
	 Rating: 145827
	 Multiplicative Factor: 12,48%
	 Eff: 145827
Stamina
	 Rating: 861476
	 Multiplicative Factor: 11,3%
	 Eff: 861476
Crit
	 Rating: 8866
	 Multiplicative Factor: 0%
	 Eff: 25666
	 DR Bracket: 0
	 Base: 24%
	 Effective Percent: 36,67%
	 Crit Inc Heal: 2
	 Crit Inc Damage: 2
Haste
	 Rating: 19522
	 Multiplicative Factor: 0%
	 Eff: 28929,42
	 DR Bracket: 0
	 Base: 11%
	 Effective Percent: 43,83%
Vers
	 Rating: 27104
	 Multiplicative Factor: 0%
	 Eff: 26733,6
	 DR Bracket: 1
	 Base: 0%
	 Effective Percent: 34,27%
Leech
	 Rating: 3060
	 Multiplicative Factor: 0%
	 Eff: 3060
	 DR Bracket: 0
	 Base: 0%
	 Effective Percent: 3%
Avoidance
	 Rating: 0
	 Multiplicative Factor: 0%
	 Eff: 0
	 DR Bracket: 0
	 Base: 0%
	 Effective Percent: 0%
Mastery
	 Rating: 6046
	 Multiplicative Factor: 0%
	 Eff: 15846
	 DR Bracket: 0
	 Base: 21%
	 Effective Percent: 33,96%
----------------------
03:40,170

Intellect
	 Rating: 145827
	 Multiplicative Factor: 12,48%
	 Eff: 145827
Stamina
	 Rating: 861476
	 Multiplicative Factor: 11,3%
	 Eff: 861476
Crit
	 Rating: 8866
	 Multiplicative Factor: 0%
	 Eff: 25666
	 DR Bracket: 0
	 Base: 24%
	 Effective Percent: 36,67%
	 Crit Inc Heal: 2
	 Crit Inc Damage: 2
Haste
	 Rating: 19522
	 Multiplicative Factor: 0%
	 Eff: 30639,86
	 DR Bracket: 0
	 Base: 13%
	 Effective Percent: 46,42%
Vers
	 Rating: 27104
	 Multiplicative Factor: 0%
	 Eff: 26733,6
	 DR Bracket: 1
	 Base: 0%
	 Effective Percent: 34,27%
Leech
	 Rating: 3060
	 Multiplicative Factor: 0%
	 Eff: 3060
	 DR Bracket: 0
	 Base: 0%
	 Effective Percent: 3%
Avoidance
	 Rating: 0
	 Multiplicative Factor: 0%
	 Eff: 0
	 DR Bracket: 0
	 Base: 0%
	 Effective Percent: 0%
Mastery
	 Rating: 6046
	 Multiplicative Factor: 0%
	 Eff: 15846
	 DR Bracket: 0
	 Base: 21%
	 Effective Percent: 33,96%
----------------------
03:42,317

Intellect
	 Rating: 145827
	 Multiplicative Factor: 12,48%
	 Eff: 145827
Stamina
	 Rating: 861476
	 Multiplicative Factor: 11,3%
	 Eff: 861476
Crit
	 Rating: 8866
	 Multiplicative Factor: 0%
	 Eff: 15166
	 DR Bracket: 0
	 Base: 9%
	 Effective Percent: 21,67%
	 Crit Inc Heal: 2
	 Crit Inc Damage: 2
Haste
	 Rating: 19522
	 Multiplicative Factor: 0%
	 Eff: 30639,86
	 DR Bracket: 0
	 Base: 13%
	 Effective Percent: 46,42%
Vers
	 Rating: 27104
	 Multiplicative Factor: 0%
	 Eff: 26733,6
	 DR Bracket: 1
	 Base: 0%
	 Effective Percent: 34,27%
Leech
	 Rating: 3060
	 Multiplicative Factor: 0%
	 Eff: 3060
	 DR Bracket: 0
	 Base: 0%
	 Effective Percent: 3%
Avoidance
	 Rating: 0
	 Multiplicative Factor: 0%
	 Eff: 0
	 DR Bracket: 0
	 Base: 0%
	 Effective Percent: 0%
Mastery
	 Rating: 6046
	 Multiplicative Factor: 0%
	 Eff: 15846
	 DR Bracket: 0
	 Base: 21%
	 Effective Percent: 33,96%
----------------------
03:42,357

Intellect
	 Rating: 145827
	 Multiplicative Factor: 12,48%
	 Eff: 145827
Stamina
	 Rating: 861476
	 Multiplicative Factor: 11,3%
	 Eff: 861476
Crit
	 Rating: 8866
	 Multiplicative Factor: 0%
	 Eff: 15166
	 DR Bracket: 0
	 Base: 9%
	 Effective Percent: 21,67%
	 Crit Inc Heal: 2
	 Crit Inc Damage: 2
Haste
	 Rating: 19522
	 Multiplicative Factor: 0%
	 Eff: 28929,42
	 DR Bracket: 0
	 Base: 11%
	 Effective Percent: 43,83%
Vers
	 Rating: 27104
	 Multiplicative Factor: 0%
	 Eff: 26733,6
	 DR Bracket: 1
	 Base: 0%
	 Effective Percent: 34,27%
Leech
	 Rating: 3060
	 Multiplicative Factor: 0%
	 Eff: 3060
	 DR Bracket: 0
	 Base: 0%
	 Effective Percent: 3%
Avoidance
	 Rating: 0
	 Multiplicative Factor: 0%
	 Eff: 0
	 DR Bracket: 0
	 Base: 0%
	 Effective Percent: 0%
Mastery
	 Rating: 6046
	 Multiplicative Factor: 0%
	 Eff: 15846
	 DR Bracket: 0
	 Base: 21%
	 Effective Percent: 33,96%
----------------------
03:44,817

Intellect
	 Rating: 145827
	 Multiplicative Factor: 12,48%
	 Eff: 145827
Stamina
	 Rating: 861476
	 Multiplicative Factor: 11,3%
	 Eff: 861476
Crit
	 Rating: 8866
	 Multiplicative Factor: 0%
	 Eff: 15166
	 DR Bracket: 0
	 Base: 9%
	 Effective Percent: 21,67%
	 Crit Inc Heal: 2
	 Crit Inc Damage: 2
Haste
	 Rating: 19522
	 Multiplicative Factor: 0%
	 Eff: 30639,86
	 DR Bracket: 0
	 Base: 13%
	 Effective Percent: 46,42%
Vers
	 Rating: 27104
	 Multiplicative Factor: 0%
	 Eff: 26733,6
	 DR Bracket: 1
	 Base: 0%
	 Effective Percent: 34,27%
Leech
	 Rating: 3060
	 Multiplicative Factor: 0%
	 Eff: 3060
	 DR Bracket: 0
	 Base: 0%
	 Effective Percent: 3%
Avoidance
	 Rating: 0
	 Multiplicative Factor: 0%
	 Eff: 0
	 DR Bracket: 0
	 Base: 0%
	 Effective Percent: 0%
Mastery
	 Rating: 6046
	 Multiplicative Factor: 0%
	 Eff: 15846
	 DR Bracket: 0
	 Base: 21%
	 Effective Percent: 33,96%
----------------------
03:50,016

Intellect
	 Rating: 145827
	 Multiplicative Factor: 12,48%
	 Eff: 145827
Stamina
	 Rating: 861476
	 Multiplicative Factor: 11,3%
	 Eff: 861476
Crit
	 Rating: 8866
	 Multiplicative Factor: 0%
	 Eff: 15166
	 DR Bracket: 0
	 Base: 9%
	 Effective Percent: 21,67%
	 Crit Inc Heal: 2
	 Crit Inc Damage: 2
Haste
	 Rating: 19522
	 Multiplicative Factor: 0%
	 Eff: 28929,42
	 DR Bracket: 0
	 Base: 11%
	 Effective Percent: 43,83%
Vers
	 Rating: 27104
	 Multiplicative Factor: 0%
	 Eff: 26733,6
	 DR Bracket: 1
	 Base: 0%
	 Effective Percent: 34,27%
Leech
	 Rating: 3060
	 Multiplicative Factor: 0%
	 Eff: 3060
	 DR Bracket: 0
	 Base: 0%
	 Effective Percent: 3%
Avoidance
	 Rating: 0
	 Multiplicative Factor: 0%
	 Eff: 0
	 DR Bracket: 0
	 Base: 0%
	 Effective Percent: 0%
Mastery
	 Rating: 6046
	 Multiplicative Factor: 0%
	 Eff: 15846
	 DR Bracket: 0
	 Base: 21%
	 Effective Percent: 33,96%
----------------------
03:51,130

Intellect
	 Rating: 145827
	 Multiplicative Factor: 12,48%
	 Eff: 145827
Stamina
	 Rating: 861476
	 Multiplicative Factor: 11,3%
	 Eff: 861476
Crit
	 Rating: 8866
	 Multiplicative Factor: 0%
	 Eff: 15166
	 DR Bracket: 0
	 Base: 9%
	 Effective Percent: 21,67%
	 Crit Inc Heal: 2
	 Crit Inc Damage: 2
Haste
	 Rating: 19522
	 Multiplicative Factor: 0%
	 Eff: 28929,42
	 DR Bracket: 0
	 Base: 11%
	 Effective Percent: 43,83%
Vers
	 Rating: 27104
	 Multiplicative Factor: 0%
	 Eff: 26733,6
	 DR Bracket: 1
	 Base: 0%
	 Effective Percent: 34,27%
Leech
	 Rating: 3060
	 Multiplicative Factor: 0%
	 Eff: 3060
	 DR Bracket: 0
	 Base: 0%
	 Effective Percent: 3%
Avoidance
	 Rating: 0
	 Multiplicative Factor: 0%
	 Eff: 0
	 DR Bracket: 0
	 Base: 0%
	 Effective Percent: 0%
Mastery
	 Rating: 6046
	 Multiplicative Factor: 0%
	 Eff: 15846
	 DR Bracket: 0
	 Base: 21%
	 Effective Percent: 33,96%
----------------------
03:51,852

Intellect
	 Rating: 145827
	 Multiplicative Factor: 12,48%
	 Eff: 145827
Stamina
	 Rating: 861476
	 Multiplicative Factor: 11,3%
	 Eff: 861476
Crit
	 Rating: 8866
	 Multiplicative Factor: 0%
	 Eff: 25666
	 DR Bracket: 0
	 Base: 24%
	 Effective Percent: 36,67%
	 Crit Inc Heal: 2
	 Crit Inc Damage: 2
Haste
	 Rating: 19522
	 Multiplicative Factor: 0%
	 Eff: 28929,42
	 DR Bracket: 0
	 Base: 11%
	 Effective Percent: 43,83%
Vers
	 Rating: 27104
	 Multiplicative Factor: 0%
	 Eff: 26733,6
	 DR Bracket: 1
	 Base: 0%
	 Effective Percent: 34,27%
Leech
	 Rating: 3060
	 Multiplicative Factor: 0%
	 Eff: 3060
	 DR Bracket: 0
	 Base: 0%
	 Effective Percent: 3%
Avoidance
	 Rating: 0
	 Multiplicative Factor: 0%
	 Eff: 0
	 DR Bracket: 0
	 Base: 0%
	 Effective Percent: 0%
Mastery
	 Rating: 6046
	 Multiplicative Factor: 0%
	 Eff: 15846
	 DR Bracket: 0
	 Base: 21%
	 Effective Percent: 33,96%
----------------------
03:51,885

Intellect
	 Rating: 145827
	 Multiplicative Factor: 12,48%
	 Eff: 145827
Stamina
	 Rating: 861476
	 Multiplicative Factor: 11,3%
	 Eff: 861476
Crit
	 Rating: 8866
	 Multiplicative Factor: 0%
	 Eff: 25666
	 DR Bracket: 0
	 Base: 24%
	 Effective Percent: 36,67%
	 Crit Inc Heal: 2
	 Crit Inc Damage: 2
Haste
	 Rating: 19522
	 Multiplicative Factor: 0%
	 Eff: 30639,86
	 DR Bracket: 0
	 Base: 13%
	 Effective Percent: 46,42%
Vers
	 Rating: 27104
	 Multiplicative Factor: 0%
	 Eff: 26733,6
	 DR Bracket: 1
	 Base: 0%
	 Effective Percent: 34,27%
Leech
	 Rating: 3060
	 Multiplicative Factor: 0%
	 Eff: 3060
	 DR Bracket: 0
	 Base: 0%
	 Effective Percent: 3%
Avoidance
	 Rating: 0
	 Multiplicative Factor: 0%
	 Eff: 0
	 DR Bracket: 0
	 Base: 0%
	 Effective Percent: 0%
Mastery
	 Rating: 6046
	 Multiplicative Factor: 0%
	 Eff: 15846
	 DR Bracket: 0
	 Base: 21%
	 Effective Percent: 33,96%
----------------------
03:51,886

Intellect
	 Rating: 145827
	 Multiplicative Factor: 12,48%
	 Eff: 145827
Stamina
	 Rating: 861476
	 Multiplicative Factor: 11,3%
	 Eff: 861476
Crit
	 Rating: 8866
	 Multiplicative Factor: 0%
	 Eff: 25666
	 DR Bracket: 0
	 Base: 24%
	 Effective Percent: 36,67%
	 Crit Inc Heal: 2
	 Crit Inc Damage: 2
Haste
	 Rating: 19522
	 Multiplicative Factor: 0%
	 Eff: 32350,3
	 DR Bracket: 0
	 Base: 15%
	 Effective Percent: 49,02%
Vers
	 Rating: 27104
	 Multiplicative Factor: 0%
	 Eff: 26733,6
	 DR Bracket: 1
	 Base: 0%
	 Effective Percent: 34,27%
Leech
	 Rating: 3060
	 Multiplicative Factor: 0%
	 Eff: 3060
	 DR Bracket: 0
	 Base: 0%
	 Effective Percent: 3%
Avoidance
	 Rating: 0
	 Multiplicative Factor: 0%
	 Eff: 0
	 DR Bracket: 0
	 Base: 0%
	 Effective Percent: 0%
Mastery
	 Rating: 6046
	 Multiplicative Factor: 0%
	 Eff: 15846
	 DR Bracket: 0
	 Base: 21%
	 Effective Percent: 33,96%
----------------------
03:51,886

Intellect
	 Rating: 145827
	 Multiplicative Factor: 12,48%
	 Eff: 145827
Stamina
	 Rating: 861476
	 Multiplicative Factor: 11,3%
	 Eff: 861476
Crit
	 Rating: 8866
	 Multiplicative Factor: 0%
	 Eff: 25666
	 DR Bracket: 0
	 Base: 24%
	 Effective Percent: 36,67%
	 Crit Inc Heal: 2
	 Crit Inc Damage: 2
Haste
	 Rating: 19522
	 Multiplicative Factor: 0%
	 Eff: 34060,74
	 DR Bracket: 0
	 Base: 17%
	 Effective Percent: 51,61%
Vers
	 Rating: 27104
	 Multiplicative Factor: 0%
	 Eff: 26733,6
	 DR Bracket: 1
	 Base: 0%
	 Effective Percent: 34,27%
Leech
	 Rating: 3060
	 Multiplicative Factor: 0%
	 Eff: 3060
	 DR Bracket: 0
	 Base: 0%
	 Effective Percent: 3%
Avoidance
	 Rating: 0
	 Multiplicative Factor: 0%
	 Eff: 0
	 DR Bracket: 0
	 Base: 0%
	 Effective Percent: 0%
Mastery
	 Rating: 6046
	 Multiplicative Factor: 0%
	 Eff: 15846
	 DR Bracket: 0
	 Base: 21%
	 Effective Percent: 33,96%
----------------------
03:51,886

Intellect
	 Rating: 145827
	 Multiplicative Factor: 12,48%
	 Eff: 145827
Stamina
	 Rating: 861476
	 Multiplicative Factor: 11,3%
	 Eff: 861476
Crit
	 Rating: 8866
	 Multiplicative Factor: 0%
	 Eff: 25666
	 DR Bracket: 0
	 Base: 24%
	 Effective Percent: 36,67%
	 Crit Inc Heal: 2
	 Crit Inc Damage: 2
Haste
	 Rating: 19522
	 Multiplicative Factor: 0%
	 Eff: 35771,18
	 DR Bracket: 0
	 Base: 19%
	 Effective Percent: 54,2%
Vers
	 Rating: 27104
	 Multiplicative Factor: 0%
	 Eff: 26733,6
	 DR Bracket: 1
	 Base: 0%
	 Effective Percent: 34,27%
Leech
	 Rating: 3060
	 Multiplicative Factor: 0%
	 Eff: 3060
	 DR Bracket: 0
	 Base: 0%
	 Effective Percent: 3%
Avoidance
	 Rating: 0
	 Multiplicative Factor: 0%
	 Eff: 0
	 DR Bracket: 0
	 Base: 0%
	 Effective Percent: 0%
Mastery
	 Rating: 6046
	 Multiplicative Factor: 0%
	 Eff: 15846
	 DR Bracket: 0
	 Base: 21%
	 Effective Percent: 33,96%
----------------------
03:52,187

Intellect
	 Rating: 145827
	 Multiplicative Factor: 12,48%
	 Eff: 145827
Stamina
	 Rating: 861476
	 Multiplicative Factor: 11,3%
	 Eff: 861476
Crit
	 Rating: 8866
	 Multiplicative Factor: 0%
	 Eff: 25666
	 DR Bracket: 0
	 Base: 24%
	 Effective Percent: 36,67%
	 Crit Inc Heal: 2
	 Crit Inc Damage: 2
Haste
	 Rating: 19522
	 Multiplicative Factor: 0%
	 Eff: 34060,74
	 DR Bracket: 0
	 Base: 17%
	 Effective Percent: 51,61%
Vers
	 Rating: 27104
	 Multiplicative Factor: 0%
	 Eff: 26733,6
	 DR Bracket: 1
	 Base: 0%
	 Effective Percent: 34,27%
Leech
	 Rating: 3060
	 Multiplicative Factor: 0%
	 Eff: 3060
	 DR Bracket: 0
	 Base: 0%
	 Effective Percent: 3%
Avoidance
	 Rating: 0
	 Multiplicative Factor: 0%
	 Eff: 0
	 DR Bracket: 0
	 Base: 0%
	 Effective Percent: 0%
Mastery
	 Rating: 6046
	 Multiplicative Factor: 0%
	 Eff: 15846
	 DR Bracket: 0
	 Base: 21%
	 Effective Percent: 33,96%
----------------------
03:56,822

Intellect
	 Rating: 145827
	 Multiplicative Factor: 12,48%
	 Eff: 145827
Stamina
	 Rating: 861476
	 Multiplicative Factor: 11,3%
	 Eff: 861476
Crit
	 Rating: 8866
	 Multiplicative Factor: 0%
	 Eff: 25666
	 DR Bracket: 0
	 Base: 24%
	 Effective Percent: 36,67%
	 Crit Inc Heal: 2
	 Crit Inc Damage: 2
Haste
	 Rating: 19522
	 Multiplicative Factor: 0%
	 Eff: 32350,3
	 DR Bracket: 0
	 Base: 15%
	 Effective Percent: 49,02%
Vers
	 Rating: 27104
	 Multiplicative Factor: 0%
	 Eff: 26733,6
	 DR Bracket: 1
	 Base: 0%
	 Effective Percent: 34,27%
Leech
	 Rating: 3060
	 Multiplicative Factor: 0%
	 Eff: 3060
	 DR Bracket: 0
	 Base: 0%
	 Effective Percent: 3%
Avoidance
	 Rating: 0
	 Multiplicative Factor: 0%
	 Eff: 0
	 DR Bracket: 0
	 Base: 0%
	 Effective Percent: 0%
Mastery
	 Rating: 6046
	 Multiplicative Factor: 0%
	 Eff: 15846
	 DR Bracket: 0
	 Base: 21%
	 Effective Percent: 33,96%
----------------------
04:03,892

Intellect
	 Rating: 145827
	 Multiplicative Factor: 12,48%
	 Eff: 145827
Stamina
	 Rating: 861476
	 Multiplicative Factor: 11,3%
	 Eff: 861476
Crit
	 Rating: 8866
	 Multiplicative Factor: 0%
	 Eff: 25666
	 DR Bracket: 0
	 Base: 24%
	 Effective Percent: 36,67%
	 Crit Inc Heal: 2
	 Crit Inc Damage: 2
Haste
	 Rating: 19522
	 Multiplicative Factor: 0%
	 Eff: 25508,54
	 DR Bracket: 0
	 Base: 7%
	 Effective Percent: 38,65%
Vers
	 Rating: 27104
	 Multiplicative Factor: 0%
	 Eff: 26733,6
	 DR Bracket: 1
	 Base: 0%
	 Effective Percent: 34,27%
Leech
	 Rating: 3060
	 Multiplicative Factor: 0%
	 Eff: 3060
	 DR Bracket: 0
	 Base: 0%
	 Effective Percent: 3%
Avoidance
	 Rating: 0
	 Multiplicative Factor: 0%
	 Eff: 0
	 DR Bracket: 0
	 Base: 0%
	 Effective Percent: 0%
Mastery
	 Rating: 6046
	 Multiplicative Factor: 0%
	 Eff: 15846
	 DR Bracket: 0
	 Base: 21%
	 Effective Percent: 33,96%
----------------------
04:09,586

Intellect
	 Rating: 145827
	 Multiplicative Factor: 12,48%
	 Eff: 145827
Stamina
	 Rating: 861476
	 Multiplicative Factor: 11,3%
	 Eff: 861476
Crit
	 Rating: 8866
	 Multiplicative Factor: 0%
	 Eff: 25666
	 DR Bracket: 0
	 Base: 24%
	 Effective Percent: 36,67%
	 Crit Inc Heal: 2
	 Crit Inc Damage: 2
Haste
	 Rating: 19522
	 Multiplicative Factor: 0%
	 Eff: 27218,98
	 DR Bracket: 0
	 Base: 9%
	 Effective Percent: 41,24%
Vers
	 Rating: 27104
	 Multiplicative Factor: 0%
	 Eff: 26733,6
	 DR Bracket: 1
	 Base: 0%
	 Effective Percent: 34,27%
Leech
	 Rating: 3060
	 Multiplicative Factor: 0%
	 Eff: 3060
	 DR Bracket: 0
	 Base: 0%
	 Effective Percent: 3%
Avoidance
	 Rating: 0
	 Multiplicative Factor: 0%
	 Eff: 0
	 DR Bracket: 0
	 Base: 0%
	 Effective Percent: 0%
Mastery
	 Rating: 6046
	 Multiplicative Factor: 0%
	 Eff: 15846
	 DR Bracket: 0
	 Base: 21%
	 Effective Percent: 33,96%
----------------------
04:11,391

Intellect
	 Rating: 145827
	 Multiplicative Factor: 12,48%
	 Eff: 145827
Stamina
	 Rating: 861476
	 Multiplicative Factor: 11,3%
	 Eff: 861476
Crit
	 Rating: 14851
	 Multiplicative Factor: 0%
	 Eff: 31650,876683105605
	 DR Bracket: 0
	 Base: 24%
	 Effective Percent: 45,22%
	 Crit Inc Heal: 2
	 Crit Inc Damage: 2
Haste
	 Rating: 19522
	 Multiplicative Factor: 0%
	 Eff: 27218,98
	 DR Bracket: 0
	 Base: 9%
	 Effective Percent: 41,24%
Vers
	 Rating: 27104
	 Multiplicative Factor: 0%
	 Eff: 26733,6
	 DR Bracket: 1
	 Base: 0%
	 Effective Percent: 34,27%
Leech
	 Rating: 3060
	 Multiplicative Factor: 0%
	 Eff: 3060
	 DR Bracket: 0
	 Base: 0%
	 Effective Percent: 3%
Avoidance
	 Rating: 0
	 Multiplicative Factor: 0%
	 Eff: 0
	 DR Bracket: 0
	 Base: 0%
	 Effective Percent: 0%
Mastery
	 Rating: 6046
	 Multiplicative Factor: 0%
	 Eff: 15846
	 DR Bracket: 0
	 Base: 21%
	 Effective Percent: 33,96%
----------------------
04:11,798

Intellect
	 Rating: 145827
	 Multiplicative Factor: 12,48%
	 Eff: 145827
Stamina
	 Rating: 861476
	 Multiplicative Factor: 11,3%
	 Eff: 861476
Crit
	 Rating: 14851
	 Multiplicative Factor: 0%
	 Eff: 31650,876683105605
	 DR Bracket: 0
	 Base: 24%
	 Effective Percent: 45,22%
	 Crit Inc Heal: 2
	 Crit Inc Damage: 2
Haste
	 Rating: 19522
	 Multiplicative Factor: 0%
	 Eff: 28929,42
	 DR Bracket: 0
	 Base: 11%
	 Effective Percent: 43,83%
Vers
	 Rating: 27104
	 Multiplicative Factor: 0%
	 Eff: 26733,6
	 DR Bracket: 1
	 Base: 0%
	 Effective Percent: 34,27%
Leech
	 Rating: 3060
	 Multiplicative Factor: 0%
	 Eff: 3060
	 DR Bracket: 0
	 Base: 0%
	 Effective Percent: 3%
Avoidance
	 Rating: 0
	 Multiplicative Factor: 0%
	 Eff: 0
	 DR Bracket: 0
	 Base: 0%
	 Effective Percent: 0%
Mastery
	 Rating: 6046
	 Multiplicative Factor: 0%
	 Eff: 15846
	 DR Bracket: 0
	 Base: 21%
	 Effective Percent: 33,96%
----------------------
04:16,089

Intellect
	 Rating: 145827
	 Multiplicative Factor: 12,48%
	 Eff: 145827
Stamina
	 Rating: 861476
	 Multiplicative Factor: 11,3%
	 Eff: 861476
Crit
	 Rating: 14851
	 Multiplicative Factor: 0%
	 Eff: 31650,876683105605
	 DR Bracket: 0
	 Base: 24%
	 Effective Percent: 45,22%
	 Crit Inc Heal: 2
	 Crit Inc Damage: 2
Haste
	 Rating: 19522
	 Multiplicative Factor: 0%
	 Eff: 30639,86
	 DR Bracket: 0
	 Base: 13%
	 Effective Percent: 46,42%
Vers
	 Rating: 27104
	 Multiplicative Factor: 0%
	 Eff: 26733,6
	 DR Bracket: 1
	 Base: 0%
	 Effective Percent: 34,27%
Leech
	 Rating: 3060
	 Multiplicative Factor: 0%
	 Eff: 3060
	 DR Bracket: 0
	 Base: 0%
	 Effective Percent: 3%
Avoidance
	 Rating: 0
	 Multiplicative Factor: 0%
	 Eff: 0
	 DR Bracket: 0
	 Base: 0%
	 Effective Percent: 0%
Mastery
	 Rating: 6046
	 Multiplicative Factor: 0%
	 Eff: 15846
	 DR Bracket: 0
	 Base: 21%
	 Effective Percent: 33,96%
----------------------
04:21,398

Intellect
	 Rating: 145827
	 Multiplicative Factor: 12,48%
	 Eff: 145827
Stamina
	 Rating: 861476
	 Multiplicative Factor: 11,3%
	 Eff: 861476
Crit
	 Rating: 8866
	 Multiplicative Factor: 0%
	 Eff: 25666
	 DR Bracket: 0
	 Base: 24%
	 Effective Percent: 36,67%
	 Crit Inc Heal: 2
	 Crit Inc Damage: 2
Haste
	 Rating: 19522
	 Multiplicative Factor: 0%
	 Eff: 30639,86
	 DR Bracket: 0
	 Base: 13%
	 Effective Percent: 46,42%
Vers
	 Rating: 27104
	 Multiplicative Factor: 0%
	 Eff: 26733,6
	 DR Bracket: 1
	 Base: 0%
	 Effective Percent: 34,27%
Leech
	 Rating: 3060
	 Multiplicative Factor: 0%
	 Eff: 3060
	 DR Bracket: 0
	 Base: 0%
	 Effective Percent: 3%
Avoidance
	 Rating: 0
	 Multiplicative Factor: 0%
	 Eff: 0
	 DR Bracket: 0
	 Base: 0%
	 Effective Percent: 0%
Mastery
	 Rating: 6046
	 Multiplicative Factor: 0%
	 Eff: 15846
	 DR Bracket: 0
	 Base: 21%
	 Effective Percent: 33,96%
----------------------
04:21,610

Intellect
	 Rating: 145827
	 Multiplicative Factor: 12,48%
	 Eff: 145827
Stamina
	 Rating: 861476
	 Multiplicative Factor: 11,3%
	 Eff: 861476
Crit
	 Rating: 8866
	 Multiplicative Factor: 0%
	 Eff: 25666
	 DR Bracket: 0
	 Base: 24%
	 Effective Percent: 36,67%
	 Crit Inc Heal: 2
	 Crit Inc Damage: 2
Haste
	 Rating: 19522
	 Multiplicative Factor: 0%
	 Eff: 28929,42
	 DR Bracket: 0
	 Base: 11%
	 Effective Percent: 43,83%
Vers
	 Rating: 27104
	 Multiplicative Factor: 0%
	 Eff: 26733,6
	 DR Bracket: 1
	 Base: 0%
	 Effective Percent: 34,27%
Leech
	 Rating: 3060
	 Multiplicative Factor: 0%
	 Eff: 3060
	 DR Bracket: 0
	 Base: 0%
	 Effective Percent: 3%
Avoidance
	 Rating: 0
	 Multiplicative Factor: 0%
	 Eff: 0
	 DR Bracket: 0
	 Base: 0%
	 Effective Percent: 0%
Mastery
	 Rating: 6046
	 Multiplicative Factor: 0%
	 Eff: 15846
	 DR Bracket: 0
	 Base: 21%
	 Effective Percent: 33,96%
----------------------
04:23,821

Intellect
	 Rating: 145827
	 Multiplicative Factor: 12,48%
	 Eff: 145827
Stamina
	 Rating: 861476
	 Multiplicative Factor: 11,3%
	 Eff: 861476
Crit
	 Rating: 8866
	 Multiplicative Factor: 0%
	 Eff: 25666
	 DR Bracket: 0
	 Base: 24%
	 Effective Percent: 36,67%
	 Crit Inc Heal: 2
	 Crit Inc Damage: 2
Haste
	 Rating: 19522
	 Multiplicative Factor: 0%
	 Eff: 27218,98
	 DR Bracket: 0
	 Base: 9%
	 Effective Percent: 41,24%
Vers
	 Rating: 27104
	 Multiplicative Factor: 0%
	 Eff: 26733,6
	 DR Bracket: 1
	 Base: 0%
	 Effective Percent: 34,27%
Leech
	 Rating: 3060
	 Multiplicative Factor: 0%
	 Eff: 3060
	 DR Bracket: 0
	 Base: 0%
	 Effective Percent: 3%
Avoidance
	 Rating: 0
	 Multiplicative Factor: 0%
	 Eff: 0
	 DR Bracket: 0
	 Base: 0%
	 Effective Percent: 0%
Mastery
	 Rating: 6046
	 Multiplicative Factor: 0%
	 Eff: 15846
	 DR Bracket: 0
	 Base: 21%
	 Effective Percent: 33,96%
----------------------
04:23,869

Intellect
	 Rating: 145827
	 Multiplicative Factor: 12,48%
	 Eff: 145827
Stamina
	 Rating: 861476
	 Multiplicative Factor: 11,3%
	 Eff: 861476
Crit
	 Rating: 8866
	 Multiplicative Factor: 0%
	 Eff: 15166
	 DR Bracket: 0
	 Base: 9%
	 Effective Percent: 21,67%
	 Crit Inc Heal: 2
	 Crit Inc Damage: 2
Haste
	 Rating: 19522
	 Multiplicative Factor: 0%
	 Eff: 27218,98
	 DR Bracket: 0
	 Base: 9%
	 Effective Percent: 41,24%
Vers
	 Rating: 27104
	 Multiplicative Factor: 0%
	 Eff: 26733,6
	 DR Bracket: 1
	 Base: 0%
	 Effective Percent: 34,27%
Leech
	 Rating: 3060
	 Multiplicative Factor: 0%
	 Eff: 3060
	 DR Bracket: 0
	 Base: 0%
	 Effective Percent: 3%
Avoidance
	 Rating: 0
	 Multiplicative Factor: 0%
	 Eff: 0
	 DR Bracket: 0
	 Base: 0%
	 Effective Percent: 0%
Mastery
	 Rating: 6046
	 Multiplicative Factor: 0%
	 Eff: 15846
	 DR Bracket: 0
	 Base: 21%
	 Effective Percent: 33,96%
----------------------
04:24,640

Intellect
	 Rating: 145827
	 Multiplicative Factor: 12,48%
	 Eff: 145827
Stamina
	 Rating: 861476
	 Multiplicative Factor: 11,3%
	 Eff: 861476
Crit
	 Rating: 8866
	 Multiplicative Factor: 0%
	 Eff: 15166
	 DR Bracket: 0
	 Base: 9%
	 Effective Percent: 21,67%
	 Crit Inc Heal: 2
	 Crit Inc Damage: 2
Haste
	 Rating: 19522
	 Multiplicative Factor: 0%
	 Eff: 28929,42
	 DR Bracket: 0
	 Base: 11%
	 Effective Percent: 43,83%
Vers
	 Rating: 27104
	 Multiplicative Factor: 0%
	 Eff: 26733,6
	 DR Bracket: 1
	 Base: 0%
	 Effective Percent: 34,27%
Leech
	 Rating: 3060
	 Multiplicative Factor: 0%
	 Eff: 3060
	 DR Bracket: 0
	 Base: 0%
	 Effective Percent: 3%
Avoidance
	 Rating: 0
	 Multiplicative Factor: 0%
	 Eff: 0
	 DR Bracket: 0
	 Base: 0%
	 Effective Percent: 0%
Mastery
	 Rating: 6046
	 Multiplicative Factor: 0%
	 Eff: 15846
	 DR Bracket: 0
	 Base: 21%
	 Effective Percent: 33,96%
----------------------
04:28,113

Intellect
	 Rating: 145827
	 Multiplicative Factor: 12,48%
	 Eff: 145827
Stamina
	 Rating: 861476
	 Multiplicative Factor: 11,3%
	 Eff: 861476
Crit
	 Rating: 8866
	 Multiplicative Factor: 0%
	 Eff: 15166
	 DR Bracket: 0
	 Base: 9%
	 Effective Percent: 21,67%
	 Crit Inc Heal: 2
	 Crit Inc Damage: 2
Haste
	 Rating: 19522
	 Multiplicative Factor: 0%
	 Eff: 27218,98
	 DR Bracket: 0
	 Base: 9%
	 Effective Percent: 41,24%
Vers
	 Rating: 27104
	 Multiplicative Factor: 0%
	 Eff: 26733,6
	 DR Bracket: 1
	 Base: 0%
	 Effective Percent: 34,27%
Leech
	 Rating: 3060
	 Multiplicative Factor: 0%
	 Eff: 3060
	 DR Bracket: 0
	 Base: 0%
	 Effective Percent: 3%
Avoidance
	 Rating: 0
	 Multiplicative Factor: 0%
	 Eff: 0
	 DR Bracket: 0
	 Base: 0%
	 Effective Percent: 0%
Mastery
	 Rating: 6046
	 Multiplicative Factor: 0%
	 Eff: 15846
	 DR Bracket: 0
	 Base: 21%
	 Effective Percent: 33,96%
----------------------
04:29,178

Intellect
	 Rating: 145827
	 Multiplicative Factor: 12,48%
	 Eff: 145827
Stamina
	 Rating: 861476
	 Multiplicative Factor: 11,3%
	 Eff: 861476
Crit
	 Rating: 14851
	 Multiplicative Factor: 0%
	 Eff: 21150,876683105605
	 DR Bracket: 0
	 Base: 9%
	 Effective Percent: 30,22%
	 Crit Inc Heal: 2
	 Crit Inc Damage: 2
Haste
	 Rating: 19522
	 Multiplicative Factor: 0%
	 Eff: 27218,98
	 DR Bracket: 0
	 Base: 9%
	 Effective Percent: 41,24%
Vers
	 Rating: 27104
	 Multiplicative Factor: 0%
	 Eff: 26733,6
	 DR Bracket: 1
	 Base: 0%
	 Effective Percent: 34,27%
Leech
	 Rating: 3060
	 Multiplicative Factor: 0%
	 Eff: 3060
	 DR Bracket: 0
	 Base: 0%
	 Effective Percent: 3%
Avoidance
	 Rating: 0
	 Multiplicative Factor: 0%
	 Eff: 0
	 DR Bracket: 0
	 Base: 0%
	 Effective Percent: 0%
Mastery
	 Rating: 6046
	 Multiplicative Factor: 0%
	 Eff: 15846
	 DR Bracket: 0
	 Base: 21%
	 Effective Percent: 33,96%
----------------------
04:29,783

Intellect
	 Rating: 145827
	 Multiplicative Factor: 12,48%
	 Eff: 145827
Stamina
	 Rating: 861476
	 Multiplicative Factor: 11,3%
	 Eff: 861476
Crit
	 Rating: 14851
	 Multiplicative Factor: 0%
	 Eff: 21150,876683105605
	 DR Bracket: 0
	 Base: 9%
	 Effective Percent: 30,22%
	 Crit Inc Heal: 2
	 Crit Inc Damage: 2
Haste
	 Rating: 19522
	 Multiplicative Factor: 0%
	 Eff: 28929,42
	 DR Bracket: 0
	 Base: 11%
	 Effective Percent: 43,83%
Vers
	 Rating: 27104
	 Multiplicative Factor: 0%
	 Eff: 26733,6
	 DR Bracket: 1
	 Base: 0%
	 Effective Percent: 34,27%
Leech
	 Rating: 3060
	 Multiplicative Factor: 0%
	 Eff: 3060
	 DR Bracket: 0
	 Base: 0%
	 Effective Percent: 3%
Avoidance
	 Rating: 0
	 Multiplicative Factor: 0%
	 Eff: 0
	 DR Bracket: 0
	 Base: 0%
	 Effective Percent: 0%
Mastery
	 Rating: 6046
	 Multiplicative Factor: 0%
	 Eff: 15846
	 DR Bracket: 0
	 Base: 21%
	 Effective Percent: 33,96%
----------------------
04:35,850

Intellect
	 Rating: 145827
	 Multiplicative Factor: 12,48%
	 Eff: 145827
Stamina
	 Rating: 861476
	 Multiplicative Factor: 11,3%
	 Eff: 861476
Crit
	 Rating: 14851
	 Multiplicative Factor: 0%
	 Eff: 21150,876683105605
	 DR Bracket: 0
	 Base: 9%
	 Effective Percent: 30,22%
	 Crit Inc Heal: 2
	 Crit Inc Damage: 2
Haste
	 Rating: 19522
	 Multiplicative Factor: 0%
	 Eff: 30639,86
	 DR Bracket: 0
	 Base: 13%
	 Effective Percent: 46,42%
Vers
	 Rating: 27104
	 Multiplicative Factor: 0%
	 Eff: 26733,6
	 DR Bracket: 1
	 Base: 0%
	 Effective Percent: 34,27%
Leech
	 Rating: 3060
	 Multiplicative Factor: 0%
	 Eff: 3060
	 DR Bracket: 0
	 Base: 0%
	 Effective Percent: 3%
Avoidance
	 Rating: 0
	 Multiplicative Factor: 0%
	 Eff: 0
	 DR Bracket: 0
	 Base: 0%
	 Effective Percent: 0%
Mastery
	 Rating: 6046
	 Multiplicative Factor: 0%
	 Eff: 15846
	 DR Bracket: 0
	 Base: 21%
	 Effective Percent: 33,96%
----------------------
04:36,647

Intellect
	 Rating: 145827
	 Multiplicative Factor: 12,48%
	 Eff: 145827
Stamina
	 Rating: 861476
	 Multiplicative Factor: 11,3%
	 Eff: 861476
Crit
	 Rating: 14851
	 Multiplicative Factor: 0%
	 Eff: 21150,876683105605
	 DR Bracket: 0
	 Base: 9%
	 Effective Percent: 30,22%
	 Crit Inc Heal: 2
	 Crit Inc Damage: 2
Haste
	 Rating: 19522
	 Multiplicative Factor: 0%
	 Eff: 28929,42
	 DR Bracket: 0
	 Base: 11%
	 Effective Percent: 43,83%
Vers
	 Rating: 27104
	 Multiplicative Factor: 0%
	 Eff: 26733,6
	 DR Bracket: 1
	 Base: 0%
	 Effective Percent: 34,27%
Leech
	 Rating: 3060
	 Multiplicative Factor: 0%
	 Eff: 3060
	 DR Bracket: 0
	 Base: 0%
	 Effective Percent: 3%
Avoidance
	 Rating: 0
	 Multiplicative Factor: 0%
	 Eff: 0
	 DR Bracket: 0
	 Base: 0%
	 Effective Percent: 0%
Mastery
	 Rating: 6046
	 Multiplicative Factor: 0%
	 Eff: 15846
	 DR Bracket: 0
	 Base: 21%
	 Effective Percent: 33,96%
----------------------
04:37,465

Intellect
	 Rating: 145827
	 Multiplicative Factor: 12,48%
	 Eff: 145827
Stamina
	 Rating: 861476
	 Multiplicative Factor: 11,3%
	 Eff: 861476
Crit
	 Rating: 20836
	 Multiplicative Factor: 0%
	 Eff: 27135,75336621121
	 DR Bracket: 0
	 Base: 9%
	 Effective Percent: 38,77%
	 Crit Inc Heal: 2
	 Crit Inc Damage: 2
Haste
	 Rating: 19522
	 Multiplicative Factor: 0%
	 Eff: 28929,42
	 DR Bracket: 0
	 Base: 11%
	 Effective Percent: 43,83%
Vers
	 Rating: 27104
	 Multiplicative Factor: 0%
	 Eff: 26733,6
	 DR Bracket: 1
	 Base: 0%
	 Effective Percent: 34,27%
Leech
	 Rating: 3060
	 Multiplicative Factor: 0%
	 Eff: 3060
	 DR Bracket: 0
	 Base: 0%
	 Effective Percent: 3%
Avoidance
	 Rating: 0
	 Multiplicative Factor: 0%
	 Eff: 0
	 DR Bracket: 0
	 Base: 0%
	 Effective Percent: 0%
Mastery
	 Rating: 6046
	 Multiplicative Factor: 0%
	 Eff: 15846
	 DR Bracket: 0
	 Base: 21%
	 Effective Percent: 33,96%
