----------------------
00:01,453

Intellect
	 Rating: 145594
	 Multiplicative Factor: 8,15%
Stamina
	 Rating: 867233
	 Multiplicative Factor: 11,3%
Crit
	 Rating: 22710
	 Multiplicative Factor: 0%
	 DR Bracket: 1
	 Base: 5%
	 Effective Percent: 37,2%
	 Crit Inc Heal: 2
	 Crit Inc Damage: 2
Haste
	 Rating: 21065
	 Multiplicative Factor: 0%
	 DR Bracket: 1
	 Base: 30%
	 Effective Percent: 71,24%
Vers
	 Rating: 17414
	 Multiplicative Factor: 0%
	 DR Bracket: 0
	 Base: 3%
	 Effective Percent: 25,33%
Leech
	 Rating: 918
	 Multiplicative Factor: 0%
	 DR Bracket: 0
	 Base: 2%
	 Effective Percent: 2,9%
Avoidance
	 Rating: 2859
	 Multiplicative Factor: 0%
	 DR Bracket: 0
	 Base: 0%
	 Effective Percent: 5,26%
Mastery
	 Rating: 8739
	 Multiplicative Factor: 0%
	 DR Bracket: 0
	 Base: 19,8%
	 Effective Percent: 42,27%
----------------------
00:01,592

Intellect
	 Rating: 145594
	 Multiplicative Factor: 8,15%
Stamina
	 Rating: 867233
	 Multiplicative Factor: 11,3%
Crit
	 Rating: 22710
	 Multiplicative Factor: 0%
	 DR Bracket: 1
	 Base: 5%
	 Effective Percent: 37,2%
	 Crit Inc Heal: 2,6
	 Crit Inc Damage: 2
Haste
	 Rating: 21065
	 Multiplicative Factor: 0%
	 DR Bracket: 1
	 Base: 30%
	 Effective Percent: 71,24%
Vers
	 Rating: 17414
	 Multiplicative Factor: 0%
	 DR Bracket: 0
	 Base: 3%
	 Effective Percent: 25,33%
Leech
	 Rating: 918
	 Multiplicative Factor: 0%
	 DR Bracket: 0
	 Base: 2%
	 Effective Percent: 2,9%
Avoidance
	 Rating: 2859
	 Multiplicative Factor: 0%
	 DR Bracket: 0
	 Base: 0%
	 Effective Percent: 5,26%
Mastery
	 Rating: 8739
	 Multiplicative Factor: 0%
	 DR Bracket: 0
	 Base: 19,8%
	 Effective Percent: 42,27%
----------------------
00:25,315

Intellect
	 Rating: 145594
	 Multiplicative Factor: 8,15%
Stamina
	 Rating: 867233
	 Multiplicative Factor: 11,3%
Crit
	 Rating: 22710
	 Multiplicative Factor: 0%
	 DR Bracket: 1
	 Base: 5%
	 Effective Percent: 37,2%
	 Crit Inc Heal: 2,6
	 Crit Inc Damage: 2
Haste
	 Rating: 21065
	 Multiplicative Factor: 0%
	 DR Bracket: 1
	 Base: 33%
	 Effective Percent: 75,19%
Vers
	 Rating: 17414
	 Multiplicative Factor: 0%
	 DR Bracket: 0
	 Base: 3%
	 Effective Percent: 25,33%
Leech
	 Rating: 918
	 Multiplicative Factor: 0%
	 DR Bracket: 0
	 Base: 2%
	 Effective Percent: 2,9%
Avoidance
	 Rating: 2859
	 Multiplicative Factor: 0%
	 DR Bracket: 0
	 Base: 0%
	 Effective Percent: 5,26%
Mastery
	 Rating: 8739
	 Multiplicative Factor: 0%
	 DR Bracket: 0
	 Base: 19,8%
	 Effective Percent: 42,27%
----------------------
00:25,316

Intellect
	 Rating: 145594
	 Multiplicative Factor: 8,15%
Stamina
	 Rating: 867233
	 Multiplicative Factor: 11,3%
Crit
	 Rating: 22710
	 Multiplicative Factor: 0%
	 DR Bracket: 1
	 Base: 5%
	 Effective Percent: 37,2%
	 Crit Inc Heal: 2,6
	 Crit Inc Damage: 2
Haste
	 Rating: 21065
	 Multiplicative Factor: 0%
	 DR Bracket: 1
	 Base: 39%
	 Effective Percent: 83,1%
Vers
	 Rating: 17414
	 Multiplicative Factor: 0%
	 DR Bracket: 0
	 Base: 3%
	 Effective Percent: 25,33%
Leech
	 Rating: 918
	 Multiplicative Factor: 0%
	 DR Bracket: 0
	 Base: 2%
	 Effective Percent: 2,9%
Avoidance
	 Rating: 2859
	 Multiplicative Factor: 0%
	 DR Bracket: 0
	 Base: 0%
	 Effective Percent: 5,26%
Mastery
	 Rating: 8739
	 Multiplicative Factor: 0%
	 DR Bracket: 0
	 Base: 19,8%
	 Effective Percent: 42,27%
----------------------
00:25,316

Intellect
	 Rating: 145594
	 Multiplicative Factor: 8,15%
Stamina
	 Rating: 867233
	 Multiplicative Factor: 11,3%
Crit
	 Rating: 22710
	 Multiplicative Factor: 0%
	 DR Bracket: 1
	 Base: 5%
	 Effective Percent: 37,2%
	 Crit Inc Heal: 2,6
	 Crit Inc Damage: 2
Haste
	 Rating: 21065
	 Multiplicative Factor: 0%
	 DR Bracket: 1
	 Base: 36%
	 Effective Percent: 79,15%
Vers
	 Rating: 17414
	 Multiplicative Factor: 0%
	 DR Bracket: 0
	 Base: 3%
	 Effective Percent: 25,33%
Leech
	 Rating: 918
	 Multiplicative Factor: 0%
	 DR Bracket: 0
	 Base: 2%
	 Effective Percent: 2,9%
Avoidance
	 Rating: 2859
	 Multiplicative Factor: 0%
	 DR Bracket: 0
	 Base: 0%
	 Effective Percent: 5,26%
Mastery
	 Rating: 8739
	 Multiplicative Factor: 0%
	 DR Bracket: 0
	 Base: 19,8%
	 Effective Percent: 42,27%
----------------------
00:26,536

Intellect
	 Rating: 145594
	 Multiplicative Factor: 8,15%
Stamina
	 Rating: 867233
	 Multiplicative Factor: 11,3%
Crit
	 Rating: 28254
	 Multiplicative Factor: 0%
	 DR Bracket: 2
	 Base: 5%
	 Effective Percent: 44,29%
	 Crit Inc Heal: 2,6
	 Crit Inc Damage: 2
Haste
	 Rating: 21065
	 Multiplicative Factor: 0%
	 DR Bracket: 1
	 Base: 36%
	 Effective Percent: 79,15%
Vers
	 Rating: 17414
	 Multiplicative Factor: 0%
	 DR Bracket: 0
	 Base: 3%
	 Effective Percent: 25,33%
Leech
	 Rating: 918
	 Multiplicative Factor: 0%
	 DR Bracket: 0
	 Base: 2%
	 Effective Percent: 2,9%
Avoidance
	 Rating: 2859
	 Multiplicative Factor: 0%
	 DR Bracket: 0
	 Base: 0%
	 Effective Percent: 5,26%
Mastery
	 Rating: 8739
	 Multiplicative Factor: 0%
	 DR Bracket: 0
	 Base: 19,8%
	 Effective Percent: 42,27%
----------------------
00:29,707

Intellect
	 Rating: 145594
	 Multiplicative Factor: 8,15%
Stamina
	 Rating: 867233
	 Multiplicative Factor: 11,3%
Crit
	 Rating: 33797
	 Multiplicative Factor: 0%
	 DR Bracket: 2
	 Base: 5%
	 Effective Percent: 50,63%
	 Crit Inc Heal: 2,6
	 Crit Inc Damage: 2
Haste
	 Rating: 21065
	 Multiplicative Factor: 0%
	 DR Bracket: 1
	 Base: 36%
	 Effective Percent: 79,15%
Vers
	 Rating: 17414
	 Multiplicative Factor: 0%
	 DR Bracket: 0
	 Base: 3%
	 Effective Percent: 25,33%
Leech
	 Rating: 918
	 Multiplicative Factor: 0%
	 DR Bracket: 0
	 Base: 2%
	 Effective Percent: 2,9%
Avoidance
	 Rating: 2859
	 Multiplicative Factor: 0%
	 DR Bracket: 0
	 Base: 0%
	 Effective Percent: 5,26%
Mastery
	 Rating: 8739
	 Multiplicative Factor: 0%
	 DR Bracket: 0
	 Base: 19,8%
	 Effective Percent: 42,27%
----------------------
00:32,017

Intellect
	 Rating: 145594
	 Multiplicative Factor: 8,15%
Stamina
	 Rating: 867233
	 Multiplicative Factor: 11,3%
Crit
	 Rating: 33797
	 Multiplicative Factor: 0%
	 DR Bracket: 2
	 Base: 5%
	 Effective Percent: 50,63%
	 Crit Inc Heal: 2,6
	 Crit Inc Damage: 2
Haste
	 Rating: 21065
	 Multiplicative Factor: 0%
	 DR Bracket: 1
	 Base: 37%
	 Effective Percent: 80,46%
Vers
	 Rating: 17414
	 Multiplicative Factor: 0%
	 DR Bracket: 0
	 Base: 3%
	 Effective Percent: 25,33%
Leech
	 Rating: 918
	 Multiplicative Factor: 0%
	 DR Bracket: 0
	 Base: 2%
	 Effective Percent: 2,9%
Avoidance
	 Rating: 2859
	 Multiplicative Factor: 0%
	 DR Bracket: 0
	 Base: 0%
	 Effective Percent: 5,26%
Mastery
	 Rating: 8739
	 Multiplicative Factor: 0%
	 DR Bracket: 0
	 Base: 19,8%
	 Effective Percent: 42,27%
----------------------
00:32,994

Intellect
	 Rating: 145594
	 Multiplicative Factor: 8,15%
Stamina
	 Rating: 867233
	 Multiplicative Factor: 11,3%
Crit
	 Rating: 33797
	 Multiplicative Factor: 0%
	 DR Bracket: 2
	 Base: 5%
	 Effective Percent: 50,63%
	 Crit Inc Heal: 2,6
	 Crit Inc Damage: 2
Haste
	 Rating: 21065
	 Multiplicative Factor: 0%
	 DR Bracket: 1
	 Base: 65%
	 Effective Percent: 117,35%
Vers
	 Rating: 17414
	 Multiplicative Factor: 0%
	 DR Bracket: 0
	 Base: 3%
	 Effective Percent: 25,33%
Leech
	 Rating: 918
	 Multiplicative Factor: 0%
	 DR Bracket: 0
	 Base: 2%
	 Effective Percent: 2,9%
Avoidance
	 Rating: 2859
	 Multiplicative Factor: 0%
	 DR Bracket: 0
	 Base: 0%
	 Effective Percent: 5,26%
Mastery
	 Rating: 8739
	 Multiplicative Factor: 0%
	 DR Bracket: 0
	 Base: 19,8%
	 Effective Percent: 42,27%
----------------------
00:33,324

Intellect
	 Rating: 145594
	 Multiplicative Factor: 8,15%
Stamina
	 Rating: 867233
	 Multiplicative Factor: 11,3%
Crit
	 Rating: 33797
	 Multiplicative Factor: 0%
	 DR Bracket: 2
	 Base: 5%
	 Effective Percent: 50,63%
	 Crit Inc Heal: 2,6
	 Crit Inc Damage: 2
Haste
	 Rating: 21065
	 Multiplicative Factor: 0%
	 DR Bracket: 1
	 Base: 59%
	 Effective Percent: 109,44%
Vers
	 Rating: 17414
	 Multiplicative Factor: 0%
	 DR Bracket: 0
	 Base: 3%
	 Effective Percent: 25,33%
Leech
	 Rating: 918
	 Multiplicative Factor: 0%
	 DR Bracket: 0
	 Base: 2%
	 Effective Percent: 2,9%
Avoidance
	 Rating: 2859
	 Multiplicative Factor: 0%
	 DR Bracket: 0
	 Base: 0%
	 Effective Percent: 5,26%
Mastery
	 Rating: 8739
	 Multiplicative Factor: 0%
	 DR Bracket: 0
	 Base: 19,8%
	 Effective Percent: 42,27%
----------------------
00:34,027

Intellect
	 Rating: 145594
	 Multiplicative Factor: 8,15%
Stamina
	 Rating: 867233
	 Multiplicative Factor: 11,3%
Crit
	 Rating: 33797
	 Multiplicative Factor: 0%
	 DR Bracket: 2
	 Base: 5%
	 Effective Percent: 50,63%
	 Crit Inc Heal: 2,6
	 Crit Inc Damage: 2
Haste
	 Rating: 21065
	 Multiplicative Factor: 0%
	 DR Bracket: 1
	 Base: 58%
	 Effective Percent: 108,13%
Vers
	 Rating: 17414
	 Multiplicative Factor: 0%
	 DR Bracket: 0
	 Base: 3%
	 Effective Percent: 25,33%
Leech
	 Rating: 918
	 Multiplicative Factor: 0%
	 DR Bracket: 0
	 Base: 2%
	 Effective Percent: 2,9%
Avoidance
	 Rating: 2859
	 Multiplicative Factor: 0%
	 DR Bracket: 0
	 Base: 0%
	 Effective Percent: 5,26%
Mastery
	 Rating: 8739
	 Multiplicative Factor: 0%
	 DR Bracket: 0
	 Base: 19,8%
	 Effective Percent: 42,27%
----------------------
00:35,007

Intellect
	 Rating: 145594
	 Multiplicative Factor: 8,15%
Stamina
	 Rating: 867233
	 Multiplicative Factor: 11,3%
Crit
	 Rating: 33797
	 Multiplicative Factor: 0%
	 DR Bracket: 2
	 Base: 5%
	 Effective Percent: 50,63%
	 Crit Inc Heal: 2,6
	 Crit Inc Damage: 2
Haste
	 Rating: 21065
	 Multiplicative Factor: 0%
	 DR Bracket: 1
	 Base: 57%
	 Effective Percent: 106,81%
Vers
	 Rating: 17414
	 Multiplicative Factor: 0%
	 DR Bracket: 0
	 Base: 3%
	 Effective Percent: 25,33%
Leech
	 Rating: 918
	 Multiplicative Factor: 0%
	 DR Bracket: 0
	 Base: 2%
	 Effective Percent: 2,9%
Avoidance
	 Rating: 2859
	 Multiplicative Factor: 0%
	 DR Bracket: 0
	 Base: 0%
	 Effective Percent: 5,26%
Mastery
	 Rating: 8739
	 Multiplicative Factor: 0%
	 DR Bracket: 0
	 Base: 19,8%
	 Effective Percent: 42,27%
----------------------
00:35,454

Intellect
	 Rating: 145594
	 Multiplicative Factor: 8,15%
Stamina
	 Rating: 867233
	 Multiplicative Factor: 11,3%
Crit
	 Rating: 39341
	 Multiplicative Factor: 0%
	 DR Bracket: 3
	 Base: 5%
	 Effective Percent: 56,34%
	 Crit Inc Heal: 2,6
	 Crit Inc Damage: 2
Haste
	 Rating: 21065
	 Multiplicative Factor: 0%
	 DR Bracket: 1
	 Base: 57%
	 Effective Percent: 106,81%
Vers
	 Rating: 17414
	 Multiplicative Factor: 0%
	 DR Bracket: 0
	 Base: 3%
	 Effective Percent: 25,33%
Leech
	 Rating: 918
	 Multiplicative Factor: 0%
	 DR Bracket: 0
	 Base: 2%
	 Effective Percent: 2,9%
Avoidance
	 Rating: 2859
	 Multiplicative Factor: 0%
	 DR Bracket: 0
	 Base: 0%
	 Effective Percent: 5,26%
Mastery
	 Rating: 8739
	 Multiplicative Factor: 0%
	 DR Bracket: 0
	 Base: 19,8%
	 Effective Percent: 42,27%
----------------------
00:36,004

Intellect
	 Rating: 145594
	 Multiplicative Factor: 8,15%
Stamina
	 Rating: 867233
	 Multiplicative Factor: 11,3%
Crit
	 Rating: 39341
	 Multiplicative Factor: 0%
	 DR Bracket: 3
	 Base: 5%
	 Effective Percent: 56,34%
	 Crit Inc Heal: 2,6
	 Crit Inc Damage: 2
Haste
	 Rating: 21065
	 Multiplicative Factor: 0%
	 DR Bracket: 1
	 Base: 56%
	 Effective Percent: 105,49%
Vers
	 Rating: 17414
	 Multiplicative Factor: 0%
	 DR Bracket: 0
	 Base: 3%
	 Effective Percent: 25,33%
Leech
	 Rating: 918
	 Multiplicative Factor: 0%
	 DR Bracket: 0
	 Base: 2%
	 Effective Percent: 2,9%
Avoidance
	 Rating: 2859
	 Multiplicative Factor: 0%
	 DR Bracket: 0
	 Base: 0%
	 Effective Percent: 5,26%
Mastery
	 Rating: 8739
	 Multiplicative Factor: 0%
	 DR Bracket: 0
	 Base: 19,8%
	 Effective Percent: 42,27%
----------------------
00:36,544

Intellect
	 Rating: 145594
	 Multiplicative Factor: 8,15%
Stamina
	 Rating: 867233
	 Multiplicative Factor: 11,3%
Crit
	 Rating: 33797
	 Multiplicative Factor: 0%
	 DR Bracket: 2
	 Base: 5%
	 Effective Percent: 50,63%
	 Crit Inc Heal: 2,6
	 Crit Inc Damage: 2
Haste
	 Rating: 21065
	 Multiplicative Factor: 0%
	 DR Bracket: 1
	 Base: 56%
	 Effective Percent: 105,49%
Vers
	 Rating: 17414
	 Multiplicative Factor: 0%
	 DR Bracket: 0
	 Base: 3%
	 Effective Percent: 25,33%
Leech
	 Rating: 918
	 Multiplicative Factor: 0%
	 DR Bracket: 0
	 Base: 2%
	 Effective Percent: 2,9%
Avoidance
	 Rating: 2859
	 Multiplicative Factor: 0%
	 DR Bracket: 0
	 Base: 0%
	 Effective Percent: 5,26%
Mastery
	 Rating: 8739
	 Multiplicative Factor: 0%
	 DR Bracket: 0
	 Base: 19,8%
	 Effective Percent: 42,27%
----------------------
00:37,010

Intellect
	 Rating: 145594
	 Multiplicative Factor: 8,15%
Stamina
	 Rating: 867233
	 Multiplicative Factor: 11,3%
Crit
	 Rating: 33797
	 Multiplicative Factor: 0%
	 DR Bracket: 2
	 Base: 5%
	 Effective Percent: 50,63%
	 Crit Inc Heal: 2,6
	 Crit Inc Damage: 2
Haste
	 Rating: 21065
	 Multiplicative Factor: 0%
	 DR Bracket: 1
	 Base: 55%
	 Effective Percent: 104,17%
Vers
	 Rating: 17414
	 Multiplicative Factor: 0%
	 DR Bracket: 0
	 Base: 3%
	 Effective Percent: 25,33%
Leech
	 Rating: 918
	 Multiplicative Factor: 0%
	 DR Bracket: 0
	 Base: 2%
	 Effective Percent: 2,9%
Avoidance
	 Rating: 2859
	 Multiplicative Factor: 0%
	 DR Bracket: 0
	 Base: 0%
	 Effective Percent: 5,26%
Mastery
	 Rating: 8739
	 Multiplicative Factor: 0%
	 DR Bracket: 0
	 Base: 19,8%
	 Effective Percent: 42,27%
----------------------
00:37,457

Intellect
	 Rating: 145594
	 Multiplicative Factor: 8,15%
Stamina
	 Rating: 867233
	 Multiplicative Factor: 11,3%
Crit
	 Rating: 33797
	 Multiplicative Factor: 0%
	 DR Bracket: 2
	 Base: 5%
	 Effective Percent: 50,63%
	 Crit Inc Heal: 2,6
	 Crit Inc Damage: 2
Haste
	 Rating: 21065
	 Multiplicative Factor: 0%
	 DR Bracket: 1
	 Base: 58%
	 Effective Percent: 108,13%
Vers
	 Rating: 17414
	 Multiplicative Factor: 0%
	 DR Bracket: 0
	 Base: 3%
	 Effective Percent: 25,33%
Leech
	 Rating: 918
	 Multiplicative Factor: 0%
	 DR Bracket: 0
	 Base: 2%
	 Effective Percent: 2,9%
Avoidance
	 Rating: 2859
	 Multiplicative Factor: 0%
	 DR Bracket: 0
	 Base: 0%
	 Effective Percent: 5,26%
Mastery
	 Rating: 8739
	 Multiplicative Factor: 0%
	 DR Bracket: 0
	 Base: 19,8%
	 Effective Percent: 42,27%
----------------------
00:37,487

Intellect
	 Rating: 145594
	 Multiplicative Factor: 8,15%
Stamina
	 Rating: 867233
	 Multiplicative Factor: 11,3%
Crit
	 Rating: 33797
	 Multiplicative Factor: 0%
	 DR Bracket: 2
	 Base: 5%
	 Effective Percent: 50,63%
	 Crit Inc Heal: 2,6
	 Crit Inc Damage: 2
Haste
	 Rating: 21065
	 Multiplicative Factor: 0%
	 DR Bracket: 1
	 Base: 64%
	 Effective Percent: 116,03%
Vers
	 Rating: 17414
	 Multiplicative Factor: 0%
	 DR Bracket: 0
	 Base: 3%
	 Effective Percent: 25,33%
Leech
	 Rating: 918
	 Multiplicative Factor: 0%
	 DR Bracket: 0
	 Base: 2%
	 Effective Percent: 2,9%
Avoidance
	 Rating: 2859
	 Multiplicative Factor: 0%
	 DR Bracket: 0
	 Base: 0%
	 Effective Percent: 5,26%
Mastery
	 Rating: 8739
	 Multiplicative Factor: 0%
	 DR Bracket: 0
	 Base: 19,8%
	 Effective Percent: 42,27%
----------------------
00:37,487

Intellect
	 Rating: 145594
	 Multiplicative Factor: 8,15%
Stamina
	 Rating: 867233
	 Multiplicative Factor: 11,3%
Crit
	 Rating: 33797
	 Multiplicative Factor: 0%
	 DR Bracket: 2
	 Base: 5%
	 Effective Percent: 50,63%
	 Crit Inc Heal: 2,6
	 Crit Inc Damage: 2
Haste
	 Rating: 21065
	 Multiplicative Factor: 0%
	 DR Bracket: 1
	 Base: 61%
	 Effective Percent: 112,08%
Vers
	 Rating: 17414
	 Multiplicative Factor: 0%
	 DR Bracket: 0
	 Base: 3%
	 Effective Percent: 25,33%
Leech
	 Rating: 918
	 Multiplicative Factor: 0%
	 DR Bracket: 0
	 Base: 2%
	 Effective Percent: 2,9%
Avoidance
	 Rating: 2859
	 Multiplicative Factor: 0%
	 DR Bracket: 0
	 Base: 0%
	 Effective Percent: 5,26%
Mastery
	 Rating: 8739
	 Multiplicative Factor: 0%
	 DR Bracket: 0
	 Base: 19,8%
	 Effective Percent: 42,27%
----------------------
00:37,995

Intellect
	 Rating: 145594
	 Multiplicative Factor: 8,15%
Stamina
	 Rating: 867233
	 Multiplicative Factor: 11,3%
Crit
	 Rating: 33797
	 Multiplicative Factor: 0%
	 DR Bracket: 2
	 Base: 5%
	 Effective Percent: 50,63%
	 Crit Inc Heal: 2,6
	 Crit Inc Damage: 2
Haste
	 Rating: 21065
	 Multiplicative Factor: 0%
	 DR Bracket: 1
	 Base: 60%
	 Effective Percent: 110,76%
Vers
	 Rating: 17414
	 Multiplicative Factor: 0%
	 DR Bracket: 0
	 Base: 3%
	 Effective Percent: 25,33%
Leech
	 Rating: 918
	 Multiplicative Factor: 0%
	 DR Bracket: 0
	 Base: 2%
	 Effective Percent: 2,9%
Avoidance
	 Rating: 2859
	 Multiplicative Factor: 0%
	 DR Bracket: 0
	 Base: 0%
	 Effective Percent: 5,26%
Mastery
	 Rating: 8739
	 Multiplicative Factor: 0%
	 DR Bracket: 0
	 Base: 19,8%
	 Effective Percent: 42,27%
----------------------
00:39,018

Intellect
	 Rating: 145594
	 Multiplicative Factor: 8,15%
Stamina
	 Rating: 867233
	 Multiplicative Factor: 11,3%
Crit
	 Rating: 33797
	 Multiplicative Factor: 0%
	 DR Bracket: 2
	 Base: 5%
	 Effective Percent: 50,63%
	 Crit Inc Heal: 2,6
	 Crit Inc Damage: 2
Haste
	 Rating: 21065
	 Multiplicative Factor: 0%
	 DR Bracket: 1
	 Base: 59%
	 Effective Percent: 109,44%
Vers
	 Rating: 17414
	 Multiplicative Factor: 0%
	 DR Bracket: 0
	 Base: 3%
	 Effective Percent: 25,33%
Leech
	 Rating: 918
	 Multiplicative Factor: 0%
	 DR Bracket: 0
	 Base: 2%
	 Effective Percent: 2,9%
Avoidance
	 Rating: 2859
	 Multiplicative Factor: 0%
	 DR Bracket: 0
	 Base: 0%
	 Effective Percent: 5,26%
Mastery
	 Rating: 8739
	 Multiplicative Factor: 0%
	 DR Bracket: 0
	 Base: 19,8%
	 Effective Percent: 42,27%
----------------------
00:39,702

Intellect
	 Rating: 145594
	 Multiplicative Factor: 8,15%
Stamina
	 Rating: 867233
	 Multiplicative Factor: 11,3%
Crit
	 Rating: 28254
	 Multiplicative Factor: 0%
	 DR Bracket: 2
	 Base: 5%
	 Effective Percent: 44,29%
	 Crit Inc Heal: 2,6
	 Crit Inc Damage: 2
Haste
	 Rating: 21065
	 Multiplicative Factor: 0%
	 DR Bracket: 1
	 Base: 59%
	 Effective Percent: 109,44%
Vers
	 Rating: 17414
	 Multiplicative Factor: 0%
	 DR Bracket: 0
	 Base: 3%
	 Effective Percent: 25,33%
Leech
	 Rating: 918
	 Multiplicative Factor: 0%
	 DR Bracket: 0
	 Base: 2%
	 Effective Percent: 2,9%
Avoidance
	 Rating: 2859
	 Multiplicative Factor: 0%
	 DR Bracket: 0
	 Base: 0%
	 Effective Percent: 5,26%
Mastery
	 Rating: 8739
	 Multiplicative Factor: 0%
	 DR Bracket: 0
	 Base: 19,8%
	 Effective Percent: 42,27%
----------------------
00:40,001

Intellect
	 Rating: 145594
	 Multiplicative Factor: 8,15%
Stamina
	 Rating: 867233
	 Multiplicative Factor: 11,3%
Crit
	 Rating: 28254
	 Multiplicative Factor: 0%
	 DR Bracket: 2
	 Base: 5%
	 Effective Percent: 44,29%
	 Crit Inc Heal: 2,6
	 Crit Inc Damage: 2
Haste
	 Rating: 21065
	 Multiplicative Factor: 0%
	 DR Bracket: 1
	 Base: 58%
	 Effective Percent: 108,13%
Vers
	 Rating: 17414
	 Multiplicative Factor: 0%
	 DR Bracket: 0
	 Base: 3%
	 Effective Percent: 25,33%
Leech
	 Rating: 918
	 Multiplicative Factor: 0%
	 DR Bracket: 0
	 Base: 2%
	 Effective Percent: 2,9%
Avoidance
	 Rating: 2859
	 Multiplicative Factor: 0%
	 DR Bracket: 0
	 Base: 0%
	 Effective Percent: 5,26%
Mastery
	 Rating: 8739
	 Multiplicative Factor: 0%
	 DR Bracket: 0
	 Base: 19,8%
	 Effective Percent: 42,27%
----------------------
00:41,031

Intellect
	 Rating: 145594
	 Multiplicative Factor: 8,15%
Stamina
	 Rating: 867233
	 Multiplicative Factor: 11,3%
Crit
	 Rating: 28254
	 Multiplicative Factor: 0%
	 DR Bracket: 2
	 Base: 5%
	 Effective Percent: 44,29%
	 Crit Inc Heal: 2,6
	 Crit Inc Damage: 2
Haste
	 Rating: 21065
	 Multiplicative Factor: 0%
	 DR Bracket: 1
	 Base: 57%
	 Effective Percent: 106,81%
Vers
	 Rating: 17414
	 Multiplicative Factor: 0%
	 DR Bracket: 0
	 Base: 3%
	 Effective Percent: 25,33%
Leech
	 Rating: 918
	 Multiplicative Factor: 0%
	 DR Bracket: 0
	 Base: 2%
	 Effective Percent: 2,9%
Avoidance
	 Rating: 2859
	 Multiplicative Factor: 0%
	 DR Bracket: 0
	 Base: 0%
	 Effective Percent: 5,26%
Mastery
	 Rating: 8739
	 Multiplicative Factor: 0%
	 DR Bracket: 0
	 Base: 19,8%
	 Effective Percent: 42,27%
----------------------
00:41,477

Intellect
	 Rating: 145594
	 Multiplicative Factor: 8,15%
Stamina
	 Rating: 867233
	 Multiplicative Factor: 11,3%
Crit
	 Rating: 28254
	 Multiplicative Factor: 0%
	 DR Bracket: 2
	 Base: 5%
	 Effective Percent: 44,29%
	 Crit Inc Heal: 2,6
	 Crit Inc Damage: 2
Haste
	 Rating: 21065
	 Multiplicative Factor: 0%
	 DR Bracket: 1
	 Base: 27%
	 Effective Percent: 67,29%
Vers
	 Rating: 17414
	 Multiplicative Factor: 0%
	 DR Bracket: 0
	 Base: 3%
	 Effective Percent: 25,33%
Leech
	 Rating: 918
	 Multiplicative Factor: 0%
	 DR Bracket: 0
	 Base: 2%
	 Effective Percent: 2,9%
Avoidance
	 Rating: 2859
	 Multiplicative Factor: 0%
	 DR Bracket: 0
	 Base: 0%
	 Effective Percent: 5,26%
Mastery
	 Rating: 8739
	 Multiplicative Factor: 0%
	 DR Bracket: 0
	 Base: 19,8%
	 Effective Percent: 42,27%
----------------------
00:41,763

Intellect
	 Rating: 145594
	 Multiplicative Factor: 8,15%
Stamina
	 Rating: 867233
	 Multiplicative Factor: 11,3%
Crit
	 Rating: 33797
	 Multiplicative Factor: 0%
	 DR Bracket: 2
	 Base: 5%
	 Effective Percent: 50,63%
	 Crit Inc Heal: 2,6
	 Crit Inc Damage: 2
Haste
	 Rating: 21065
	 Multiplicative Factor: 0%
	 DR Bracket: 1
	 Base: 27%
	 Effective Percent: 67,29%
Vers
	 Rating: 17414
	 Multiplicative Factor: 0%
	 DR Bracket: 0
	 Base: 3%
	 Effective Percent: 25,33%
Leech
	 Rating: 918
	 Multiplicative Factor: 0%
	 DR Bracket: 0
	 Base: 2%
	 Effective Percent: 2,9%
Avoidance
	 Rating: 2859
	 Multiplicative Factor: 0%
	 DR Bracket: 0
	 Base: 0%
	 Effective Percent: 5,26%
Mastery
	 Rating: 8739
	 Multiplicative Factor: 0%
	 DR Bracket: 0
	 Base: 19,8%
	 Effective Percent: 42,27%
----------------------
00:42,010

Intellect
	 Rating: 145594
	 Multiplicative Factor: 8,15%
Stamina
	 Rating: 867233
	 Multiplicative Factor: 11,3%
Crit
	 Rating: 33797
	 Multiplicative Factor: 0%
	 DR Bracket: 2
	 Base: 5%
	 Effective Percent: 50,63%
	 Crit Inc Heal: 2,6
	 Crit Inc Damage: 2
Haste
	 Rating: 21065
	 Multiplicative Factor: 0%
	 DR Bracket: 1
	 Base: 26%
	 Effective Percent: 65,97%
Vers
	 Rating: 17414
	 Multiplicative Factor: 0%
	 DR Bracket: 0
	 Base: 3%
	 Effective Percent: 25,33%
Leech
	 Rating: 918
	 Multiplicative Factor: 0%
	 DR Bracket: 0
	 Base: 2%
	 Effective Percent: 2,9%
Avoidance
	 Rating: 2859
	 Multiplicative Factor: 0%
	 DR Bracket: 0
	 Base: 0%
	 Effective Percent: 5,26%
Mastery
	 Rating: 8739
	 Multiplicative Factor: 0%
	 DR Bracket: 0
	 Base: 19,8%
	 Effective Percent: 42,27%
----------------------
00:42,997

Intellect
	 Rating: 145594
	 Multiplicative Factor: 8,15%
Stamina
	 Rating: 867233
	 Multiplicative Factor: 11,3%
Crit
	 Rating: 33797
	 Multiplicative Factor: 0%
	 DR Bracket: 2
	 Base: 5%
	 Effective Percent: 50,63%
	 Crit Inc Heal: 2,6
	 Crit Inc Damage: 2
Haste
	 Rating: 21065
	 Multiplicative Factor: 0%
	 DR Bracket: 1
	 Base: 25%
	 Effective Percent: 64,66%
Vers
	 Rating: 17414
	 Multiplicative Factor: 0%
	 DR Bracket: 0
	 Base: 3%
	 Effective Percent: 25,33%
Leech
	 Rating: 918
	 Multiplicative Factor: 0%
	 DR Bracket: 0
	 Base: 2%
	 Effective Percent: 2,9%
Avoidance
	 Rating: 2859
	 Multiplicative Factor: 0%
	 DR Bracket: 0
	 Base: 0%
	 Effective Percent: 5,26%
Mastery
	 Rating: 8739
	 Multiplicative Factor: 0%
	 DR Bracket: 0
	 Base: 19,8%
	 Effective Percent: 42,27%
----------------------
00:44,009

Intellect
	 Rating: 145594
	 Multiplicative Factor: 8,15%
Stamina
	 Rating: 867233
	 Multiplicative Factor: 11,3%
Crit
	 Rating: 33797
	 Multiplicative Factor: 0%
	 DR Bracket: 2
	 Base: 5%
	 Effective Percent: 50,63%
	 Crit Inc Heal: 2,6
	 Crit Inc Damage: 2
Haste
	 Rating: 21065
	 Multiplicative Factor: 0%
	 DR Bracket: 1
	 Base: 24%
	 Effective Percent: 63,34%
Vers
	 Rating: 17414
	 Multiplicative Factor: 0%
	 DR Bracket: 0
	 Base: 3%
	 Effective Percent: 25,33%
Leech
	 Rating: 918
	 Multiplicative Factor: 0%
	 DR Bracket: 0
	 Base: 2%
	 Effective Percent: 2,9%
Avoidance
	 Rating: 2859
	 Multiplicative Factor: 0%
	 DR Bracket: 0
	 Base: 0%
	 Effective Percent: 5,26%
Mastery
	 Rating: 8739
	 Multiplicative Factor: 0%
	 DR Bracket: 0
	 Base: 19,8%
	 Effective Percent: 42,27%
----------------------
00:44,998

Intellect
	 Rating: 145594
	 Multiplicative Factor: 8,15%
Stamina
	 Rating: 867233
	 Multiplicative Factor: 11,3%
Crit
	 Rating: 33797
	 Multiplicative Factor: 0%
	 DR Bracket: 2
	 Base: 5%
	 Effective Percent: 50,63%
	 Crit Inc Heal: 2,6
	 Crit Inc Damage: 2
Haste
	 Rating: 21065
	 Multiplicative Factor: 0%
	 DR Bracket: 1
	 Base: 23%
	 Effective Percent: 62,02%
Vers
	 Rating: 17414
	 Multiplicative Factor: 0%
	 DR Bracket: 0
	 Base: 3%
	 Effective Percent: 25,33%
Leech
	 Rating: 918
	 Multiplicative Factor: 0%
	 DR Bracket: 0
	 Base: 2%
	 Effective Percent: 2,9%
Avoidance
	 Rating: 2859
	 Multiplicative Factor: 0%
	 DR Bracket: 0
	 Base: 0%
	 Effective Percent: 5,26%
Mastery
	 Rating: 8739
	 Multiplicative Factor: 0%
	 DR Bracket: 0
	 Base: 19,8%
	 Effective Percent: 42,27%
----------------------
00:45,445

Intellect
	 Rating: 145594
	 Multiplicative Factor: 8,15%
Stamina
	 Rating: 867233
	 Multiplicative Factor: 11,3%
Crit
	 Rating: 28254
	 Multiplicative Factor: 0%
	 DR Bracket: 2
	 Base: 5%
	 Effective Percent: 44,29%
	 Crit Inc Heal: 2,6
	 Crit Inc Damage: 2
Haste
	 Rating: 21065
	 Multiplicative Factor: 0%
	 DR Bracket: 1
	 Base: 23%
	 Effective Percent: 62,02%
Vers
	 Rating: 17414
	 Multiplicative Factor: 0%
	 DR Bracket: 0
	 Base: 3%
	 Effective Percent: 25,33%
Leech
	 Rating: 918
	 Multiplicative Factor: 0%
	 DR Bracket: 0
	 Base: 2%
	 Effective Percent: 2,9%
Avoidance
	 Rating: 2859
	 Multiplicative Factor: 0%
	 DR Bracket: 0
	 Base: 0%
	 Effective Percent: 5,26%
Mastery
	 Rating: 8739
	 Multiplicative Factor: 0%
	 DR Bracket: 0
	 Base: 19,8%
	 Effective Percent: 42,27%
----------------------
00:45,490

Intellect
	 Rating: 145594
	 Multiplicative Factor: 8,15%
Stamina
	 Rating: 867233
	 Multiplicative Factor: 11,3%
Crit
	 Rating: 28254
	 Multiplicative Factor: 0%
	 DR Bracket: 2
	 Base: 5%
	 Effective Percent: 44,29%
	 Crit Inc Heal: 2,6
	 Crit Inc Damage: 2
Haste
	 Rating: 21065
	 Multiplicative Factor: 0%
	 DR Bracket: 1
	 Base: 17%
	 Effective Percent: 54,12%
Vers
	 Rating: 17414
	 Multiplicative Factor: 0%
	 DR Bracket: 0
	 Base: 3%
	 Effective Percent: 25,33%
Leech
	 Rating: 918
	 Multiplicative Factor: 0%
	 DR Bracket: 0
	 Base: 2%
	 Effective Percent: 2,9%
Avoidance
	 Rating: 2859
	 Multiplicative Factor: 0%
	 DR Bracket: 0
	 Base: 0%
	 Effective Percent: 5,26%
Mastery
	 Rating: 8739
	 Multiplicative Factor: 0%
	 DR Bracket: 0
	 Base: 19,8%
	 Effective Percent: 42,27%
----------------------
00:46,003

Intellect
	 Rating: 145594
	 Multiplicative Factor: 8,15%
Stamina
	 Rating: 867233
	 Multiplicative Factor: 11,3%
Crit
	 Rating: 28254
	 Multiplicative Factor: 0%
	 DR Bracket: 2
	 Base: 5%
	 Effective Percent: 44,29%
	 Crit Inc Heal: 2,6
	 Crit Inc Damage: 2
Haste
	 Rating: 21065
	 Multiplicative Factor: 0%
	 DR Bracket: 1
	 Base: 16%
	 Effective Percent: 52,8%
Vers
	 Rating: 17414
	 Multiplicative Factor: 0%
	 DR Bracket: 0
	 Base: 3%
	 Effective Percent: 25,33%
Leech
	 Rating: 918
	 Multiplicative Factor: 0%
	 DR Bracket: 0
	 Base: 2%
	 Effective Percent: 2,9%
Avoidance
	 Rating: 2859
	 Multiplicative Factor: 0%
	 DR Bracket: 0
	 Base: 0%
	 Effective Percent: 5,26%
Mastery
	 Rating: 8739
	 Multiplicative Factor: 0%
	 DR Bracket: 0
	 Base: 19,8%
	 Effective Percent: 42,27%
----------------------
00:46,131

Intellect
	 Rating: 145594
	 Multiplicative Factor: 8,15%
Stamina
	 Rating: 867233
	 Multiplicative Factor: 11,3%
Crit
	 Rating: 28254
	 Multiplicative Factor: 0%
	 DR Bracket: 2
	 Base: 5%
	 Effective Percent: 44,29%
	 Crit Inc Heal: 2,6
	 Crit Inc Damage: 2
Haste
	 Rating: 21065
	 Multiplicative Factor: 0%
	 DR Bracket: 1
	 Base: 19%
	 Effective Percent: 56,75%
Vers
	 Rating: 17414
	 Multiplicative Factor: 0%
	 DR Bracket: 0
	 Base: 3%
	 Effective Percent: 25,33%
Leech
	 Rating: 918
	 Multiplicative Factor: 0%
	 DR Bracket: 0
	 Base: 2%
	 Effective Percent: 2,9%
Avoidance
	 Rating: 2859
	 Multiplicative Factor: 0%
	 DR Bracket: 0
	 Base: 0%
	 Effective Percent: 5,26%
Mastery
	 Rating: 8739
	 Multiplicative Factor: 0%
	 DR Bracket: 0
	 Base: 19,8%
	 Effective Percent: 42,27%
----------------------
00:46,153

Intellect
	 Rating: 145594
	 Multiplicative Factor: 8,15%
Stamina
	 Rating: 867233
	 Multiplicative Factor: 11,3%
Crit
	 Rating: 28254
	 Multiplicative Factor: 0%
	 DR Bracket: 2
	 Base: 5%
	 Effective Percent: 44,29%
	 Crit Inc Heal: 2,6
	 Crit Inc Damage: 2
Haste
	 Rating: 21065
	 Multiplicative Factor: 0%
	 DR Bracket: 1
	 Base: 25%
	 Effective Percent: 64,66%
Vers
	 Rating: 17414
	 Multiplicative Factor: 0%
	 DR Bracket: 0
	 Base: 3%
	 Effective Percent: 25,33%
Leech
	 Rating: 918
	 Multiplicative Factor: 0%
	 DR Bracket: 0
	 Base: 2%
	 Effective Percent: 2,9%
Avoidance
	 Rating: 2859
	 Multiplicative Factor: 0%
	 DR Bracket: 0
	 Base: 0%
	 Effective Percent: 5,26%
Mastery
	 Rating: 8739
	 Multiplicative Factor: 0%
	 DR Bracket: 0
	 Base: 19,8%
	 Effective Percent: 42,27%
----------------------
00:46,153

Intellect
	 Rating: 145594
	 Multiplicative Factor: 8,15%
Stamina
	 Rating: 867233
	 Multiplicative Factor: 11,3%
Crit
	 Rating: 28254
	 Multiplicative Factor: 0%
	 DR Bracket: 2
	 Base: 5%
	 Effective Percent: 44,29%
	 Crit Inc Heal: 2,6
	 Crit Inc Damage: 2
Haste
	 Rating: 21065
	 Multiplicative Factor: 0%
	 DR Bracket: 1
	 Base: 22%
	 Effective Percent: 60,7%
Vers
	 Rating: 17414
	 Multiplicative Factor: 0%
	 DR Bracket: 0
	 Base: 3%
	 Effective Percent: 25,33%
Leech
	 Rating: 918
	 Multiplicative Factor: 0%
	 DR Bracket: 0
	 Base: 2%
	 Effective Percent: 2,9%
Avoidance
	 Rating: 2859
	 Multiplicative Factor: 0%
	 DR Bracket: 0
	 Base: 0%
	 Effective Percent: 5,26%
Mastery
	 Rating: 8739
	 Multiplicative Factor: 0%
	 DR Bracket: 0
	 Base: 19,8%
	 Effective Percent: 42,27%
----------------------
00:47,013

Intellect
	 Rating: 145594
	 Multiplicative Factor: 8,15%
Stamina
	 Rating: 867233
	 Multiplicative Factor: 11,3%
Crit
	 Rating: 28254
	 Multiplicative Factor: 0%
	 DR Bracket: 2
	 Base: 5%
	 Effective Percent: 44,29%
	 Crit Inc Heal: 2,6
	 Crit Inc Damage: 2
Haste
	 Rating: 21065
	 Multiplicative Factor: 0%
	 DR Bracket: 1
	 Base: 21%
	 Effective Percent: 59,39%
Vers
	 Rating: 17414
	 Multiplicative Factor: 0%
	 DR Bracket: 0
	 Base: 3%
	 Effective Percent: 25,33%
Leech
	 Rating: 918
	 Multiplicative Factor: 0%
	 DR Bracket: 0
	 Base: 2%
	 Effective Percent: 2,9%
Avoidance
	 Rating: 2859
	 Multiplicative Factor: 0%
	 DR Bracket: 0
	 Base: 0%
	 Effective Percent: 5,26%
Mastery
	 Rating: 8739
	 Multiplicative Factor: 0%
	 DR Bracket: 0
	 Base: 19,8%
	 Effective Percent: 42,27%
----------------------
00:48,006

Intellect
	 Rating: 145594
	 Multiplicative Factor: 8,15%
Stamina
	 Rating: 867233
	 Multiplicative Factor: 11,3%
Crit
	 Rating: 28254
	 Multiplicative Factor: 0%
	 DR Bracket: 2
	 Base: 5%
	 Effective Percent: 44,29%
	 Crit Inc Heal: 2,6
	 Crit Inc Damage: 2
Haste
	 Rating: 21065
	 Multiplicative Factor: 0%
	 DR Bracket: 1
	 Base: 20%
	 Effective Percent: 58,07%
Vers
	 Rating: 17414
	 Multiplicative Factor: 0%
	 DR Bracket: 0
	 Base: 3%
	 Effective Percent: 25,33%
Leech
	 Rating: 918
	 Multiplicative Factor: 0%
	 DR Bracket: 0
	 Base: 2%
	 Effective Percent: 2,9%
Avoidance
	 Rating: 2859
	 Multiplicative Factor: 0%
	 DR Bracket: 0
	 Base: 0%
	 Effective Percent: 5,26%
Mastery
	 Rating: 8739
	 Multiplicative Factor: 0%
	 DR Bracket: 0
	 Base: 19,8%
	 Effective Percent: 42,27%
----------------------
00:49,002

Intellect
	 Rating: 145594
	 Multiplicative Factor: 8,15%
Stamina
	 Rating: 867233
	 Multiplicative Factor: 11,3%
Crit
	 Rating: 28254
	 Multiplicative Factor: 0%
	 DR Bracket: 2
	 Base: 5%
	 Effective Percent: 44,29%
	 Crit Inc Heal: 2,6
	 Crit Inc Damage: 2
Haste
	 Rating: 21065
	 Multiplicative Factor: 0%
	 DR Bracket: 1
	 Base: 19%
	 Effective Percent: 56,75%
Vers
	 Rating: 17414
	 Multiplicative Factor: 0%
	 DR Bracket: 0
	 Base: 3%
	 Effective Percent: 25,33%
Leech
	 Rating: 918
	 Multiplicative Factor: 0%
	 DR Bracket: 0
	 Base: 2%
	 Effective Percent: 2,9%
Avoidance
	 Rating: 2859
	 Multiplicative Factor: 0%
	 DR Bracket: 0
	 Base: 0%
	 Effective Percent: 5,26%
Mastery
	 Rating: 8739
	 Multiplicative Factor: 0%
	 DR Bracket: 0
	 Base: 19,8%
	 Effective Percent: 42,27%
----------------------
00:49,546

Intellect
	 Rating: 145594
	 Multiplicative Factor: 8,15%
Stamina
	 Rating: 867233
	 Multiplicative Factor: 11,3%
Crit
	 Rating: 33797
	 Multiplicative Factor: 0%
	 DR Bracket: 2
	 Base: 5%
	 Effective Percent: 50,63%
	 Crit Inc Heal: 2,6
	 Crit Inc Damage: 2
Haste
	 Rating: 21065
	 Multiplicative Factor: 0%
	 DR Bracket: 1
	 Base: 19%
	 Effective Percent: 56,75%
Vers
	 Rating: 17414
	 Multiplicative Factor: 0%
	 DR Bracket: 0
	 Base: 3%
	 Effective Percent: 25,33%
Leech
	 Rating: 918
	 Multiplicative Factor: 0%
	 DR Bracket: 0
	 Base: 2%
	 Effective Percent: 2,9%
Avoidance
	 Rating: 2859
	 Multiplicative Factor: 0%
	 DR Bracket: 0
	 Base: 0%
	 Effective Percent: 5,26%
Mastery
	 Rating: 8739
	 Multiplicative Factor: 0%
	 DR Bracket: 0
	 Base: 19,8%
	 Effective Percent: 42,27%
----------------------
00:49,993

Intellect
	 Rating: 145594
	 Multiplicative Factor: 8,15%
Stamina
	 Rating: 867233
	 Multiplicative Factor: 11,3%
Crit
	 Rating: 33797
	 Multiplicative Factor: 0%
	 DR Bracket: 2
	 Base: 5%
	 Effective Percent: 50,63%
	 Crit Inc Heal: 2,6
	 Crit Inc Damage: 2
Haste
	 Rating: 21065
	 Multiplicative Factor: 0%
	 DR Bracket: 1
	 Base: 18%
	 Effective Percent: 55,44%
Vers
	 Rating: 17414
	 Multiplicative Factor: 0%
	 DR Bracket: 0
	 Base: 3%
	 Effective Percent: 25,33%
Leech
	 Rating: 918
	 Multiplicative Factor: 0%
	 DR Bracket: 0
	 Base: 2%
	 Effective Percent: 2,9%
Avoidance
	 Rating: 2859
	 Multiplicative Factor: 0%
	 DR Bracket: 0
	 Base: 0%
	 Effective Percent: 5,26%
Mastery
	 Rating: 8739
	 Multiplicative Factor: 0%
	 DR Bracket: 0
	 Base: 19,8%
	 Effective Percent: 42,27%
----------------------
00:51,004

Intellect
	 Rating: 145594
	 Multiplicative Factor: 8,15%
Stamina
	 Rating: 867233
	 Multiplicative Factor: 11,3%
Crit
	 Rating: 33797
	 Multiplicative Factor: 0%
	 DR Bracket: 2
	 Base: 5%
	 Effective Percent: 50,63%
	 Crit Inc Heal: 2,6
	 Crit Inc Damage: 2
Haste
	 Rating: 21065
	 Multiplicative Factor: 0%
	 DR Bracket: 1
	 Base: 17%
	 Effective Percent: 54,12%
Vers
	 Rating: 17414
	 Multiplicative Factor: 0%
	 DR Bracket: 0
	 Base: 3%
	 Effective Percent: 25,33%
Leech
	 Rating: 918
	 Multiplicative Factor: 0%
	 DR Bracket: 0
	 Base: 2%
	 Effective Percent: 2,9%
Avoidance
	 Rating: 2859
	 Multiplicative Factor: 0%
	 DR Bracket: 0
	 Base: 0%
	 Effective Percent: 5,26%
Mastery
	 Rating: 8739
	 Multiplicative Factor: 0%
	 DR Bracket: 0
	 Base: 19,8%
	 Effective Percent: 42,27%
----------------------
00:51,755

Intellect
	 Rating: 145594
	 Multiplicative Factor: 8,15%
Stamina
	 Rating: 867233
	 Multiplicative Factor: 11,3%
Crit
	 Rating: 28254
	 Multiplicative Factor: 0%
	 DR Bracket: 2
	 Base: 5%
	 Effective Percent: 44,29%
	 Crit Inc Heal: 2,6
	 Crit Inc Damage: 2
Haste
	 Rating: 21065
	 Multiplicative Factor: 0%
	 DR Bracket: 1
	 Base: 17%
	 Effective Percent: 54,12%
Vers
	 Rating: 17414
	 Multiplicative Factor: 0%
	 DR Bracket: 0
	 Base: 3%
	 Effective Percent: 25,33%
Leech
	 Rating: 918
	 Multiplicative Factor: 0%
	 DR Bracket: 0
	 Base: 2%
	 Effective Percent: 2,9%
Avoidance
	 Rating: 2859
	 Multiplicative Factor: 0%
	 DR Bracket: 0
	 Base: 0%
	 Effective Percent: 5,26%
Mastery
	 Rating: 8739
	 Multiplicative Factor: 0%
	 DR Bracket: 0
	 Base: 19,8%
	 Effective Percent: 42,27%
----------------------
00:51,998

Intellect
	 Rating: 145594
	 Multiplicative Factor: 8,15%
Stamina
	 Rating: 867233
	 Multiplicative Factor: 11,3%
Crit
	 Rating: 28254
	 Multiplicative Factor: 0%
	 DR Bracket: 2
	 Base: 5%
	 Effective Percent: 44,29%
	 Crit Inc Heal: 2,6
	 Crit Inc Damage: 2
Haste
	 Rating: 21065
	 Multiplicative Factor: 0%
	 DR Bracket: 1
	 Base: 16%
	 Effective Percent: 52,8%
Vers
	 Rating: 17414
	 Multiplicative Factor: 0%
	 DR Bracket: 0
	 Base: 3%
	 Effective Percent: 25,33%
Leech
	 Rating: 918
	 Multiplicative Factor: 0%
	 DR Bracket: 0
	 Base: 2%
	 Effective Percent: 2,9%
Avoidance
	 Rating: 2859
	 Multiplicative Factor: 0%
	 DR Bracket: 0
	 Base: 0%
	 Effective Percent: 5,26%
Mastery
	 Rating: 8739
	 Multiplicative Factor: 0%
	 DR Bracket: 0
	 Base: 19,8%
	 Effective Percent: 42,27%
----------------------
00:53,003

Intellect
	 Rating: 145594
	 Multiplicative Factor: 8,15%
Stamina
	 Rating: 867233
	 Multiplicative Factor: 11,3%
Crit
	 Rating: 28254
	 Multiplicative Factor: 0%
	 DR Bracket: 2
	 Base: 5%
	 Effective Percent: 44,29%
	 Crit Inc Heal: 2,6
	 Crit Inc Damage: 2
Haste
	 Rating: 21065
	 Multiplicative Factor: 0%
	 DR Bracket: 1
	 Base: 15%
	 Effective Percent: 51,48%
Vers
	 Rating: 17414
	 Multiplicative Factor: 0%
	 DR Bracket: 0
	 Base: 3%
	 Effective Percent: 25,33%
Leech
	 Rating: 918
	 Multiplicative Factor: 0%
	 DR Bracket: 0
	 Base: 2%
	 Effective Percent: 2,9%
Avoidance
	 Rating: 2859
	 Multiplicative Factor: 0%
	 DR Bracket: 0
	 Base: 0%
	 Effective Percent: 5,26%
Mastery
	 Rating: 8739
	 Multiplicative Factor: 0%
	 DR Bracket: 0
	 Base: 19,8%
	 Effective Percent: 42,27%
----------------------
00:54,001

Intellect
	 Rating: 145594
	 Multiplicative Factor: 8,15%
Stamina
	 Rating: 867233
	 Multiplicative Factor: 11,3%
Crit
	 Rating: 28254
	 Multiplicative Factor: 0%
	 DR Bracket: 2
	 Base: 5%
	 Effective Percent: 44,29%
	 Crit Inc Heal: 2,6
	 Crit Inc Damage: 2
Haste
	 Rating: 21065
	 Multiplicative Factor: 0%
	 DR Bracket: 1
	 Base: 14%
	 Effective Percent: 50,17%
Vers
	 Rating: 17414
	 Multiplicative Factor: 0%
	 DR Bracket: 0
	 Base: 3%
	 Effective Percent: 25,33%
Leech
	 Rating: 918
	 Multiplicative Factor: 0%
	 DR Bracket: 0
	 Base: 2%
	 Effective Percent: 2,9%
Avoidance
	 Rating: 2859
	 Multiplicative Factor: 0%
	 DR Bracket: 0
	 Base: 0%
	 Effective Percent: 5,26%
Mastery
	 Rating: 8739
	 Multiplicative Factor: 0%
	 DR Bracket: 0
	 Base: 19,8%
	 Effective Percent: 42,27%
----------------------
00:54,148

Intellect
	 Rating: 145594
	 Multiplicative Factor: 8,15%
Stamina
	 Rating: 867233
	 Multiplicative Factor: 11,3%
Crit
	 Rating: 28254
	 Multiplicative Factor: 0%
	 DR Bracket: 2
	 Base: 5%
	 Effective Percent: 44,29%
	 Crit Inc Heal: 2,6
	 Crit Inc Damage: 2
Haste
	 Rating: 21065
	 Multiplicative Factor: 0%
	 DR Bracket: 1
	 Base: 8%
	 Effective Percent: 42,26%
Vers
	 Rating: 17414
	 Multiplicative Factor: 0%
	 DR Bracket: 0
	 Base: 3%
	 Effective Percent: 25,33%
Leech
	 Rating: 918
	 Multiplicative Factor: 0%
	 DR Bracket: 0
	 Base: 2%
	 Effective Percent: 2,9%
Avoidance
	 Rating: 2859
	 Multiplicative Factor: 0%
	 DR Bracket: 0
	 Base: 0%
	 Effective Percent: 5,26%
Mastery
	 Rating: 8739
	 Multiplicative Factor: 0%
	 DR Bracket: 0
	 Base: 19,8%
	 Effective Percent: 42,27%
----------------------
00:55,015

Intellect
	 Rating: 145594
	 Multiplicative Factor: 8,15%
Stamina
	 Rating: 867233
	 Multiplicative Factor: 11,3%
Crit
	 Rating: 28254
	 Multiplicative Factor: 0%
	 DR Bracket: 2
	 Base: 5%
	 Effective Percent: 44,29%
	 Crit Inc Heal: 2,6
	 Crit Inc Damage: 2
Haste
	 Rating: 21065
	 Multiplicative Factor: 0%
	 DR Bracket: 1
	 Base: 7%
	 Effective Percent: 40,95%
Vers
	 Rating: 17414
	 Multiplicative Factor: 0%
	 DR Bracket: 0
	 Base: 3%
	 Effective Percent: 25,33%
Leech
	 Rating: 918
	 Multiplicative Factor: 0%
	 DR Bracket: 0
	 Base: 2%
	 Effective Percent: 2,9%
Avoidance
	 Rating: 2859
	 Multiplicative Factor: 0%
	 DR Bracket: 0
	 Base: 0%
	 Effective Percent: 5,26%
Mastery
	 Rating: 8739
	 Multiplicative Factor: 0%
	 DR Bracket: 0
	 Base: 19,8%
	 Effective Percent: 42,27%
----------------------
00:56,009

Intellect
	 Rating: 145594
	 Multiplicative Factor: 8,15%
Stamina
	 Rating: 867233
	 Multiplicative Factor: 11,3%
Crit
	 Rating: 28254
	 Multiplicative Factor: 0%
	 DR Bracket: 2
	 Base: 5%
	 Effective Percent: 44,29%
	 Crit Inc Heal: 2,6
	 Crit Inc Damage: 2
Haste
	 Rating: 21065
	 Multiplicative Factor: 0%
	 DR Bracket: 1
	 Base: 6%
	 Effective Percent: 39,63%
Vers
	 Rating: 17414
	 Multiplicative Factor: 0%
	 DR Bracket: 0
	 Base: 3%
	 Effective Percent: 25,33%
Leech
	 Rating: 918
	 Multiplicative Factor: 0%
	 DR Bracket: 0
	 Base: 2%
	 Effective Percent: 2,9%
Avoidance
	 Rating: 2859
	 Multiplicative Factor: 0%
	 DR Bracket: 0
	 Base: 0%
	 Effective Percent: 5,26%
Mastery
	 Rating: 8739
	 Multiplicative Factor: 0%
	 DR Bracket: 0
	 Base: 19,8%
	 Effective Percent: 42,27%
----------------------
00:57,004

Intellect
	 Rating: 145594
	 Multiplicative Factor: 8,15%
Stamina
	 Rating: 867233
	 Multiplicative Factor: 11,3%
Crit
	 Rating: 28254
	 Multiplicative Factor: 0%
	 DR Bracket: 2
	 Base: 5%
	 Effective Percent: 44,29%
	 Crit Inc Heal: 2,6
	 Crit Inc Damage: 2
Haste
	 Rating: 21065
	 Multiplicative Factor: 0%
	 DR Bracket: 1
	 Base: 5%
	 Effective Percent: 38,31%
Vers
	 Rating: 17414
	 Multiplicative Factor: 0%
	 DR Bracket: 0
	 Base: 3%
	 Effective Percent: 25,33%
Leech
	 Rating: 918
	 Multiplicative Factor: 0%
	 DR Bracket: 0
	 Base: 2%
	 Effective Percent: 2,9%
Avoidance
	 Rating: 2859
	 Multiplicative Factor: 0%
	 DR Bracket: 0
	 Base: 0%
	 Effective Percent: 5,26%
Mastery
	 Rating: 8739
	 Multiplicative Factor: 0%
	 DR Bracket: 0
	 Base: 19,8%
	 Effective Percent: 42,27%
----------------------
00:58,014

Intellect
	 Rating: 145594
	 Multiplicative Factor: 8,15%
Stamina
	 Rating: 867233
	 Multiplicative Factor: 11,3%
Crit
	 Rating: 28254
	 Multiplicative Factor: 0%
	 DR Bracket: 2
	 Base: 5%
	 Effective Percent: 44,29%
	 Crit Inc Heal: 2,6
	 Crit Inc Damage: 2
Haste
	 Rating: 21065
	 Multiplicative Factor: 0%
	 DR Bracket: 1
	 Base: 4%
	 Effective Percent: 36,99%
Vers
	 Rating: 17414
	 Multiplicative Factor: 0%
	 DR Bracket: 0
	 Base: 3%
	 Effective Percent: 25,33%
Leech
	 Rating: 918
	 Multiplicative Factor: 0%
	 DR Bracket: 0
	 Base: 2%
	 Effective Percent: 2,9%
Avoidance
	 Rating: 2859
	 Multiplicative Factor: 0%
	 DR Bracket: 0
	 Base: 0%
	 Effective Percent: 5,26%
Mastery
	 Rating: 8739
	 Multiplicative Factor: 0%
	 DR Bracket: 0
	 Base: 19,8%
	 Effective Percent: 42,27%
----------------------
00:59,014

Intellect
	 Rating: 145594
	 Multiplicative Factor: 8,15%
Stamina
	 Rating: 867233
	 Multiplicative Factor: 11,3%
Crit
	 Rating: 28254
	 Multiplicative Factor: 0%
	 DR Bracket: 2
	 Base: 5%
	 Effective Percent: 44,29%
	 Crit Inc Heal: 2,6
	 Crit Inc Damage: 2
Haste
	 Rating: 21065
	 Multiplicative Factor: 0%
	 DR Bracket: 1
	 Base: 3%
	 Effective Percent: 35,68%
Vers
	 Rating: 17414
	 Multiplicative Factor: 0%
	 DR Bracket: 0
	 Base: 3%
	 Effective Percent: 25,33%
Leech
	 Rating: 918
	 Multiplicative Factor: 0%
	 DR Bracket: 0
	 Base: 2%
	 Effective Percent: 2,9%
Avoidance
	 Rating: 2859
	 Multiplicative Factor: 0%
	 DR Bracket: 0
	 Base: 0%
	 Effective Percent: 5,26%
Mastery
	 Rating: 8739
	 Multiplicative Factor: 0%
	 DR Bracket: 0
	 Base: 19,8%
	 Effective Percent: 42,27%
----------------------
00:59,543

Intellect
	 Rating: 145594
	 Multiplicative Factor: 8,15%
Stamina
	 Rating: 867233
	 Multiplicative Factor: 11,3%
Crit
	 Rating: 22710
	 Multiplicative Factor: 0%
	 DR Bracket: 1
	 Base: 5%
	 Effective Percent: 37,2%
	 Crit Inc Heal: 2,6
	 Crit Inc Damage: 2
Haste
	 Rating: 21065
	 Multiplicative Factor: 0%
	 DR Bracket: 1
	 Base: 3%
	 Effective Percent: 35,68%
Vers
	 Rating: 17414
	 Multiplicative Factor: 0%
	 DR Bracket: 0
	 Base: 3%
	 Effective Percent: 25,33%
Leech
	 Rating: 918
	 Multiplicative Factor: 0%
	 DR Bracket: 0
	 Base: 2%
	 Effective Percent: 2,9%
Avoidance
	 Rating: 2859
	 Multiplicative Factor: 0%
	 DR Bracket: 0
	 Base: 0%
	 Effective Percent: 5,26%
Mastery
	 Rating: 8739
	 Multiplicative Factor: 0%
	 DR Bracket: 0
	 Base: 19,8%
	 Effective Percent: 42,27%
----------------------
00:59,998

Intellect
	 Rating: 145594
	 Multiplicative Factor: 8,15%
Stamina
	 Rating: 867233
	 Multiplicative Factor: 11,3%
Crit
	 Rating: 22710
	 Multiplicative Factor: 0%
	 DR Bracket: 1
	 Base: 5%
	 Effective Percent: 37,2%
	 Crit Inc Heal: 2,6
	 Crit Inc Damage: 2
Haste
	 Rating: 21065
	 Multiplicative Factor: 0%
	 DR Bracket: 1
	 Base: 2%
	 Effective Percent: 34,36%
Vers
	 Rating: 17414
	 Multiplicative Factor: 0%
	 DR Bracket: 0
	 Base: 3%
	 Effective Percent: 25,33%
Leech
	 Rating: 918
	 Multiplicative Factor: 0%
	 DR Bracket: 0
	 Base: 2%
	 Effective Percent: 2,9%
Avoidance
	 Rating: 2859
	 Multiplicative Factor: 0%
	 DR Bracket: 0
	 Base: 0%
	 Effective Percent: 5,26%
Mastery
	 Rating: 8739
	 Multiplicative Factor: 0%
	 DR Bracket: 0
	 Base: 19,8%
	 Effective Percent: 42,27%
----------------------
01:00,995

Intellect
	 Rating: 145594
	 Multiplicative Factor: 8,15%
Stamina
	 Rating: 867233
	 Multiplicative Factor: 11,3%
Crit
	 Rating: 22710
	 Multiplicative Factor: 0%
	 DR Bracket: 1
	 Base: 5%
	 Effective Percent: 37,2%
	 Crit Inc Heal: 2,6
	 Crit Inc Damage: 2
Haste
	 Rating: 21065
	 Multiplicative Factor: 0%
	 DR Bracket: 1
	 Base: 1%
	 Effective Percent: 33,04%
Vers
	 Rating: 17414
	 Multiplicative Factor: 0%
	 DR Bracket: 0
	 Base: 3%
	 Effective Percent: 25,33%
Leech
	 Rating: 918
	 Multiplicative Factor: 0%
	 DR Bracket: 0
	 Base: 2%
	 Effective Percent: 2,9%
Avoidance
	 Rating: 2859
	 Multiplicative Factor: 0%
	 DR Bracket: 0
	 Base: 0%
	 Effective Percent: 5,26%
Mastery
	 Rating: 8739
	 Multiplicative Factor: 0%
	 DR Bracket: 0
	 Base: 19,8%
	 Effective Percent: 42,27%
----------------------
01:01,997

Intellect
	 Rating: 145594
	 Multiplicative Factor: 8,15%
Stamina
	 Rating: 867233
	 Multiplicative Factor: 11,3%
Crit
	 Rating: 22710
	 Multiplicative Factor: 0%
	 DR Bracket: 1
	 Base: 5%
	 Effective Percent: 37,2%
	 Crit Inc Heal: 2,6
	 Crit Inc Damage: 2
Haste
	 Rating: 21065
	 Multiplicative Factor: 0%
	 DR Bracket: 1
	 Base: 0%
	 Effective Percent: 31,72%
Vers
	 Rating: 17414
	 Multiplicative Factor: 0%
	 DR Bracket: 0
	 Base: 3%
	 Effective Percent: 25,33%
Leech
	 Rating: 918
	 Multiplicative Factor: 0%
	 DR Bracket: 0
	 Base: 2%
	 Effective Percent: 2,9%
Avoidance
	 Rating: 2859
	 Multiplicative Factor: 0%
	 DR Bracket: 0
	 Base: 0%
	 Effective Percent: 5,26%
Mastery
	 Rating: 8739
	 Multiplicative Factor: 0%
	 DR Bracket: 0
	 Base: 19,8%
	 Effective Percent: 42,27%
----------------------
01:13,323

Intellect
	 Rating: 145594
	 Multiplicative Factor: 8,15%
Stamina
	 Rating: 867233
	 Multiplicative Factor: 11,3%
Crit
	 Rating: 22710
	 Multiplicative Factor: 0%
	 DR Bracket: 1
	 Base: 5%
	 Effective Percent: 37,2%
	 Crit Inc Heal: 2,6
	 Crit Inc Damage: 2
Haste
	 Rating: 21065
	 Multiplicative Factor: 0%
	 DR Bracket: 1
	 Base: 3%
	 Effective Percent: 35,68%
Vers
	 Rating: 17414
	 Multiplicative Factor: 0%
	 DR Bracket: 0
	 Base: 3%
	 Effective Percent: 25,33%
Leech
	 Rating: 918
	 Multiplicative Factor: 0%
	 DR Bracket: 0
	 Base: 2%
	 Effective Percent: 2,9%
Avoidance
	 Rating: 2859
	 Multiplicative Factor: 0%
	 DR Bracket: 0
	 Base: 0%
	 Effective Percent: 5,26%
Mastery
	 Rating: 8739
	 Multiplicative Factor: 0%
	 DR Bracket: 0
	 Base: 19,8%
	 Effective Percent: 42,27%
----------------------
01:13,347

Intellect
	 Rating: 145594
	 Multiplicative Factor: 8,15%
Stamina
	 Rating: 867233
	 Multiplicative Factor: 11,3%
Crit
	 Rating: 22710
	 Multiplicative Factor: 0%
	 DR Bracket: 1
	 Base: 5%
	 Effective Percent: 37,2%
	 Crit Inc Heal: 2,6
	 Crit Inc Damage: 2
Haste
	 Rating: 21065
	 Multiplicative Factor: 0%
	 DR Bracket: 1
	 Base: 6%
	 Effective Percent: 39,63%
Vers
	 Rating: 17414
	 Multiplicative Factor: 0%
	 DR Bracket: 0
	 Base: 3%
	 Effective Percent: 25,33%
Leech
	 Rating: 918
	 Multiplicative Factor: 0%
	 DR Bracket: 0
	 Base: 2%
	 Effective Percent: 2,9%
Avoidance
	 Rating: 2859
	 Multiplicative Factor: 0%
	 DR Bracket: 0
	 Base: 0%
	 Effective Percent: 5,26%
Mastery
	 Rating: 8739
	 Multiplicative Factor: 0%
	 DR Bracket: 0
	 Base: 19,8%
	 Effective Percent: 42,27%
----------------------
01:13,347

Intellect
	 Rating: 145594
	 Multiplicative Factor: 8,15%
Stamina
	 Rating: 867233
	 Multiplicative Factor: 11,3%
Crit
	 Rating: 22710
	 Multiplicative Factor: 0%
	 DR Bracket: 1
	 Base: 5%
	 Effective Percent: 37,2%
	 Crit Inc Heal: 2,6
	 Crit Inc Damage: 2
Haste
	 Rating: 21065
	 Multiplicative Factor: 0%
	 DR Bracket: 1
	 Base: 9%
	 Effective Percent: 43,58%
Vers
	 Rating: 17414
	 Multiplicative Factor: 0%
	 DR Bracket: 0
	 Base: 3%
	 Effective Percent: 25,33%
Leech
	 Rating: 918
	 Multiplicative Factor: 0%
	 DR Bracket: 0
	 Base: 2%
	 Effective Percent: 2,9%
Avoidance
	 Rating: 2859
	 Multiplicative Factor: 0%
	 DR Bracket: 0
	 Base: 0%
	 Effective Percent: 5,26%
Mastery
	 Rating: 8739
	 Multiplicative Factor: 0%
	 DR Bracket: 0
	 Base: 19,8%
	 Effective Percent: 42,27%
----------------------
01:21,350

Intellect
	 Rating: 145594
	 Multiplicative Factor: 8,15%
Stamina
	 Rating: 867233
	 Multiplicative Factor: 11,3%
Crit
	 Rating: 22710
	 Multiplicative Factor: 0%
	 DR Bracket: 1
	 Base: 5%
	 Effective Percent: 37,2%
	 Crit Inc Heal: 2,6
	 Crit Inc Damage: 2
Haste
	 Rating: 21065
	 Multiplicative Factor: 0%
	 DR Bracket: 1
	 Base: 0%
	 Effective Percent: 31,72%
Vers
	 Rating: 17414
	 Multiplicative Factor: 0%
	 DR Bracket: 0
	 Base: 3%
	 Effective Percent: 25,33%
Leech
	 Rating: 918
	 Multiplicative Factor: 0%
	 DR Bracket: 0
	 Base: 2%
	 Effective Percent: 2,9%
Avoidance
	 Rating: 2859
	 Multiplicative Factor: 0%
	 DR Bracket: 0
	 Base: 0%
	 Effective Percent: 5,26%
Mastery
	 Rating: 8739
	 Multiplicative Factor: 0%
	 DR Bracket: 0
	 Base: 19,8%
	 Effective Percent: 42,27%
----------------------
01:24,125

Intellect
	 Rating: 145594
	 Multiplicative Factor: 8,15%
Stamina
	 Rating: 867233
	 Multiplicative Factor: 11,3%
Crit
	 Rating: 22710
	 Multiplicative Factor: 0%
	 DR Bracket: 1
	 Base: 5%
	 Effective Percent: 37,2%
	 Crit Inc Heal: 2,6
	 Crit Inc Damage: 2
Haste
	 Rating: 21065
	 Multiplicative Factor: 0%
	 DR Bracket: 1
	 Base: 1%
	 Effective Percent: 33,04%
Vers
	 Rating: 17414
	 Multiplicative Factor: 0%
	 DR Bracket: 0
	 Base: 3%
	 Effective Percent: 25,33%
Leech
	 Rating: 918
	 Multiplicative Factor: 0%
	 DR Bracket: 0
	 Base: 2%
	 Effective Percent: 2,9%
Avoidance
	 Rating: 2859
	 Multiplicative Factor: 0%
	 DR Bracket: 0
	 Base: 0%
	 Effective Percent: 5,26%
Mastery
	 Rating: 8739
	 Multiplicative Factor: 0%
	 DR Bracket: 0
	 Base: 19,8%
	 Effective Percent: 42,27%
----------------------
01:25,142

Intellect
	 Rating: 145594
	 Multiplicative Factor: 8,15%
Stamina
	 Rating: 867233
	 Multiplicative Factor: 11,3%
Crit
	 Rating: 22710
	 Multiplicative Factor: 0%
	 DR Bracket: 1
	 Base: 5%
	 Effective Percent: 37,2%
	 Crit Inc Heal: 2,6
	 Crit Inc Damage: 2
Haste
	 Rating: 21065
	 Multiplicative Factor: 0%
	 DR Bracket: 1
	 Base: 29%
	 Effective Percent: 69,93%
Vers
	 Rating: 17414
	 Multiplicative Factor: 0%
	 DR Bracket: 0
	 Base: 3%
	 Effective Percent: 25,33%
Leech
	 Rating: 918
	 Multiplicative Factor: 0%
	 DR Bracket: 0
	 Base: 2%
	 Effective Percent: 2,9%
Avoidance
	 Rating: 2859
	 Multiplicative Factor: 0%
	 DR Bracket: 0
	 Base: 0%
	 Effective Percent: 5,26%
Mastery
	 Rating: 8739
	 Multiplicative Factor: 0%
	 DR Bracket: 0
	 Base: 19,8%
	 Effective Percent: 42,27%
----------------------
01:26,123

Intellect
	 Rating: 145594
	 Multiplicative Factor: 8,15%
Stamina
	 Rating: 867233
	 Multiplicative Factor: 11,3%
Crit
	 Rating: 22710
	 Multiplicative Factor: 0%
	 DR Bracket: 1
	 Base: 5%
	 Effective Percent: 37,2%
	 Crit Inc Heal: 2,6
	 Crit Inc Damage: 2
Haste
	 Rating: 21065
	 Multiplicative Factor: 0%
	 DR Bracket: 1
	 Base: 28%
	 Effective Percent: 68,61%
Vers
	 Rating: 17414
	 Multiplicative Factor: 0%
	 DR Bracket: 0
	 Base: 3%
	 Effective Percent: 25,33%
Leech
	 Rating: 918
	 Multiplicative Factor: 0%
	 DR Bracket: 0
	 Base: 2%
	 Effective Percent: 2,9%
Avoidance
	 Rating: 2859
	 Multiplicative Factor: 0%
	 DR Bracket: 0
	 Base: 0%
	 Effective Percent: 5,26%
Mastery
	 Rating: 8739
	 Multiplicative Factor: 0%
	 DR Bracket: 0
	 Base: 19,8%
	 Effective Percent: 42,27%
----------------------
01:27,137

Intellect
	 Rating: 145594
	 Multiplicative Factor: 8,15%
Stamina
	 Rating: 867233
	 Multiplicative Factor: 11,3%
Crit
	 Rating: 22710
	 Multiplicative Factor: 0%
	 DR Bracket: 1
	 Base: 5%
	 Effective Percent: 37,2%
	 Crit Inc Heal: 2,6
	 Crit Inc Damage: 2
Haste
	 Rating: 21065
	 Multiplicative Factor: 0%
	 DR Bracket: 1
	 Base: 27%
	 Effective Percent: 67,29%
Vers
	 Rating: 17414
	 Multiplicative Factor: 0%
	 DR Bracket: 0
	 Base: 3%
	 Effective Percent: 25,33%
Leech
	 Rating: 918
	 Multiplicative Factor: 0%
	 DR Bracket: 0
	 Base: 2%
	 Effective Percent: 2,9%
Avoidance
	 Rating: 2859
	 Multiplicative Factor: 0%
	 DR Bracket: 0
	 Base: 0%
	 Effective Percent: 5,26%
Mastery
	 Rating: 8739
	 Multiplicative Factor: 0%
	 DR Bracket: 0
	 Base: 19,8%
	 Effective Percent: 42,27%
----------------------
01:28,145

Intellect
	 Rating: 145594
	 Multiplicative Factor: 8,15%
Stamina
	 Rating: 867233
	 Multiplicative Factor: 11,3%
Crit
	 Rating: 22710
	 Multiplicative Factor: 0%
	 DR Bracket: 1
	 Base: 5%
	 Effective Percent: 37,2%
	 Crit Inc Heal: 2,6
	 Crit Inc Damage: 2
Haste
	 Rating: 21065
	 Multiplicative Factor: 0%
	 DR Bracket: 1
	 Base: 26%
	 Effective Percent: 65,97%
Vers
	 Rating: 17414
	 Multiplicative Factor: 0%
	 DR Bracket: 0
	 Base: 3%
	 Effective Percent: 25,33%
Leech
	 Rating: 918
	 Multiplicative Factor: 0%
	 DR Bracket: 0
	 Base: 2%
	 Effective Percent: 2,9%
Avoidance
	 Rating: 2859
	 Multiplicative Factor: 0%
	 DR Bracket: 0
	 Base: 0%
	 Effective Percent: 5,26%
Mastery
	 Rating: 8739
	 Multiplicative Factor: 0%
	 DR Bracket: 0
	 Base: 19,8%
	 Effective Percent: 42,27%
----------------------
01:29,130

Intellect
	 Rating: 145594
	 Multiplicative Factor: 8,15%
Stamina
	 Rating: 867233
	 Multiplicative Factor: 11,3%
Crit
	 Rating: 22710
	 Multiplicative Factor: 0%
	 DR Bracket: 1
	 Base: 5%
	 Effective Percent: 37,2%
	 Crit Inc Heal: 2,6
	 Crit Inc Damage: 2
Haste
	 Rating: 21065
	 Multiplicative Factor: 0%
	 DR Bracket: 1
	 Base: 25%
	 Effective Percent: 64,66%
Vers
	 Rating: 17414
	 Multiplicative Factor: 0%
	 DR Bracket: 0
	 Base: 3%
	 Effective Percent: 25,33%
Leech
	 Rating: 918
	 Multiplicative Factor: 0%
	 DR Bracket: 0
	 Base: 2%
	 Effective Percent: 2,9%
Avoidance
	 Rating: 2859
	 Multiplicative Factor: 0%
	 DR Bracket: 0
	 Base: 0%
	 Effective Percent: 5,26%
Mastery
	 Rating: 8739
	 Multiplicative Factor: 0%
	 DR Bracket: 0
	 Base: 19,8%
	 Effective Percent: 42,27%
----------------------
01:30,129

Intellect
	 Rating: 145594
	 Multiplicative Factor: 8,15%
Stamina
	 Rating: 867233
	 Multiplicative Factor: 11,3%
Crit
	 Rating: 22710
	 Multiplicative Factor: 0%
	 DR Bracket: 1
	 Base: 5%
	 Effective Percent: 37,2%
	 Crit Inc Heal: 2,6
	 Crit Inc Damage: 2
Haste
	 Rating: 21065
	 Multiplicative Factor: 0%
	 DR Bracket: 1
	 Base: 24%
	 Effective Percent: 63,34%
Vers
	 Rating: 17414
	 Multiplicative Factor: 0%
	 DR Bracket: 0
	 Base: 3%
	 Effective Percent: 25,33%
Leech
	 Rating: 918
	 Multiplicative Factor: 0%
	 DR Bracket: 0
	 Base: 2%
	 Effective Percent: 2,9%
Avoidance
	 Rating: 2859
	 Multiplicative Factor: 0%
	 DR Bracket: 0
	 Base: 0%
	 Effective Percent: 5,26%
Mastery
	 Rating: 8739
	 Multiplicative Factor: 0%
	 DR Bracket: 0
	 Base: 19,8%
	 Effective Percent: 42,27%
----------------------
01:31,133

Intellect
	 Rating: 145594
	 Multiplicative Factor: 8,15%
Stamina
	 Rating: 867233
	 Multiplicative Factor: 11,3%
Crit
	 Rating: 22710
	 Multiplicative Factor: 0%
	 DR Bracket: 1
	 Base: 5%
	 Effective Percent: 37,2%
	 Crit Inc Heal: 2,6
	 Crit Inc Damage: 2
Haste
	 Rating: 21065
	 Multiplicative Factor: 0%
	 DR Bracket: 1
	 Base: 23%
	 Effective Percent: 62,02%
Vers
	 Rating: 17414
	 Multiplicative Factor: 0%
	 DR Bracket: 0
	 Base: 3%
	 Effective Percent: 25,33%
Leech
	 Rating: 918
	 Multiplicative Factor: 0%
	 DR Bracket: 0
	 Base: 2%
	 Effective Percent: 2,9%
Avoidance
	 Rating: 2859
	 Multiplicative Factor: 0%
	 DR Bracket: 0
	 Base: 0%
	 Effective Percent: 5,26%
Mastery
	 Rating: 8739
	 Multiplicative Factor: 0%
	 DR Bracket: 0
	 Base: 19,8%
	 Effective Percent: 42,27%
----------------------
01:32,134

Intellect
	 Rating: 145594
	 Multiplicative Factor: 8,15%
Stamina
	 Rating: 867233
	 Multiplicative Factor: 11,3%
Crit
	 Rating: 22710
	 Multiplicative Factor: 0%
	 DR Bracket: 1
	 Base: 5%
	 Effective Percent: 37,2%
	 Crit Inc Heal: 2,6
	 Crit Inc Damage: 2
Haste
	 Rating: 21065
	 Multiplicative Factor: 0%
	 DR Bracket: 1
	 Base: 22%
	 Effective Percent: 60,7%
Vers
	 Rating: 17414
	 Multiplicative Factor: 0%
	 DR Bracket: 0
	 Base: 3%
	 Effective Percent: 25,33%
Leech
	 Rating: 918
	 Multiplicative Factor: 0%
	 DR Bracket: 0
	 Base: 2%
	 Effective Percent: 2,9%
Avoidance
	 Rating: 2859
	 Multiplicative Factor: 0%
	 DR Bracket: 0
	 Base: 0%
	 Effective Percent: 5,26%
Mastery
	 Rating: 8739
	 Multiplicative Factor: 0%
	 DR Bracket: 0
	 Base: 19,8%
	 Effective Percent: 42,27%
----------------------
01:33,122

Intellect
	 Rating: 145594
	 Multiplicative Factor: 8,15%
Stamina
	 Rating: 867233
	 Multiplicative Factor: 11,3%
Crit
	 Rating: 22710
	 Multiplicative Factor: 0%
	 DR Bracket: 1
	 Base: 5%
	 Effective Percent: 37,2%
	 Crit Inc Heal: 2,6
	 Crit Inc Damage: 2
Haste
	 Rating: 21065
	 Multiplicative Factor: 0%
	 DR Bracket: 1
	 Base: 21%
	 Effective Percent: 59,39%
Vers
	 Rating: 17414
	 Multiplicative Factor: 0%
	 DR Bracket: 0
	 Base: 3%
	 Effective Percent: 25,33%
Leech
	 Rating: 918
	 Multiplicative Factor: 0%
	 DR Bracket: 0
	 Base: 2%
	 Effective Percent: 2,9%
Avoidance
	 Rating: 2859
	 Multiplicative Factor: 0%
	 DR Bracket: 0
	 Base: 0%
	 Effective Percent: 5,26%
Mastery
	 Rating: 8739
	 Multiplicative Factor: 0%
	 DR Bracket: 0
	 Base: 19,8%
	 Effective Percent: 42,27%
----------------------
01:34,126

Intellect
	 Rating: 145594
	 Multiplicative Factor: 8,15%
Stamina
	 Rating: 867233
	 Multiplicative Factor: 11,3%
Crit
	 Rating: 22710
	 Multiplicative Factor: 0%
	 DR Bracket: 1
	 Base: 5%
	 Effective Percent: 37,2%
	 Crit Inc Heal: 2,6
	 Crit Inc Damage: 2
Haste
	 Rating: 21065
	 Multiplicative Factor: 0%
	 DR Bracket: 1
	 Base: 20%
	 Effective Percent: 58,07%
Vers
	 Rating: 17414
	 Multiplicative Factor: 0%
	 DR Bracket: 0
	 Base: 3%
	 Effective Percent: 25,33%
Leech
	 Rating: 918
	 Multiplicative Factor: 0%
	 DR Bracket: 0
	 Base: 2%
	 Effective Percent: 2,9%
Avoidance
	 Rating: 2859
	 Multiplicative Factor: 0%
	 DR Bracket: 0
	 Base: 0%
	 Effective Percent: 5,26%
Mastery
	 Rating: 8739
	 Multiplicative Factor: 0%
	 DR Bracket: 0
	 Base: 19,8%
	 Effective Percent: 42,27%
----------------------
01:35,124

Intellect
	 Rating: 145594
	 Multiplicative Factor: 8,15%
Stamina
	 Rating: 867233
	 Multiplicative Factor: 11,3%
Crit
	 Rating: 22710
	 Multiplicative Factor: 0%
	 DR Bracket: 1
	 Base: 5%
	 Effective Percent: 37,2%
	 Crit Inc Heal: 2,6
	 Crit Inc Damage: 2
Haste
	 Rating: 21065
	 Multiplicative Factor: 0%
	 DR Bracket: 1
	 Base: 19%
	 Effective Percent: 56,75%
Vers
	 Rating: 17414
	 Multiplicative Factor: 0%
	 DR Bracket: 0
	 Base: 3%
	 Effective Percent: 25,33%
Leech
	 Rating: 918
	 Multiplicative Factor: 0%
	 DR Bracket: 0
	 Base: 2%
	 Effective Percent: 2,9%
Avoidance
	 Rating: 2859
	 Multiplicative Factor: 0%
	 DR Bracket: 0
	 Base: 0%
	 Effective Percent: 5,26%
Mastery
	 Rating: 8739
	 Multiplicative Factor: 0%
	 DR Bracket: 0
	 Base: 19,8%
	 Effective Percent: 42,27%
----------------------
01:36,137

Intellect
	 Rating: 145594
	 Multiplicative Factor: 8,15%
Stamina
	 Rating: 867233
	 Multiplicative Factor: 11,3%
Crit
	 Rating: 22710
	 Multiplicative Factor: 0%
	 DR Bracket: 1
	 Base: 5%
	 Effective Percent: 37,2%
	 Crit Inc Heal: 2,6
	 Crit Inc Damage: 2
Haste
	 Rating: 21065
	 Multiplicative Factor: 0%
	 DR Bracket: 1
	 Base: 18%
	 Effective Percent: 55,44%
Vers
	 Rating: 17414
	 Multiplicative Factor: 0%
	 DR Bracket: 0
	 Base: 3%
	 Effective Percent: 25,33%
Leech
	 Rating: 918
	 Multiplicative Factor: 0%
	 DR Bracket: 0
	 Base: 2%
	 Effective Percent: 2,9%
Avoidance
	 Rating: 2859
	 Multiplicative Factor: 0%
	 DR Bracket: 0
	 Base: 0%
	 Effective Percent: 5,26%
Mastery
	 Rating: 8739
	 Multiplicative Factor: 0%
	 DR Bracket: 0
	 Base: 19,8%
	 Effective Percent: 42,27%
----------------------
01:37,126

Intellect
	 Rating: 145594
	 Multiplicative Factor: 8,15%
Stamina
	 Rating: 867233
	 Multiplicative Factor: 11,3%
Crit
	 Rating: 22710
	 Multiplicative Factor: 0%
	 DR Bracket: 1
	 Base: 5%
	 Effective Percent: 37,2%
	 Crit Inc Heal: 2,6
	 Crit Inc Damage: 2
Haste
	 Rating: 21065
	 Multiplicative Factor: 0%
	 DR Bracket: 1
	 Base: 17%
	 Effective Percent: 54,12%
Vers
	 Rating: 17414
	 Multiplicative Factor: 0%
	 DR Bracket: 0
	 Base: 3%
	 Effective Percent: 25,33%
Leech
	 Rating: 918
	 Multiplicative Factor: 0%
	 DR Bracket: 0
	 Base: 2%
	 Effective Percent: 2,9%
Avoidance
	 Rating: 2859
	 Multiplicative Factor: 0%
	 DR Bracket: 0
	 Base: 0%
	 Effective Percent: 5,26%
Mastery
	 Rating: 8739
	 Multiplicative Factor: 0%
	 DR Bracket: 0
	 Base: 19,8%
	 Effective Percent: 42,27%
----------------------
01:38,118

Intellect
	 Rating: 145594
	 Multiplicative Factor: 8,15%
Stamina
	 Rating: 867233
	 Multiplicative Factor: 11,3%
Crit
	 Rating: 22710
	 Multiplicative Factor: 0%
	 DR Bracket: 1
	 Base: 5%
	 Effective Percent: 37,2%
	 Crit Inc Heal: 2,6
	 Crit Inc Damage: 2
Haste
	 Rating: 21065
	 Multiplicative Factor: 0%
	 DR Bracket: 1
	 Base: 16%
	 Effective Percent: 52,8%
Vers
	 Rating: 17414
	 Multiplicative Factor: 0%
	 DR Bracket: 0
	 Base: 3%
	 Effective Percent: 25,33%
Leech
	 Rating: 918
	 Multiplicative Factor: 0%
	 DR Bracket: 0
	 Base: 2%
	 Effective Percent: 2,9%
Avoidance
	 Rating: 2859
	 Multiplicative Factor: 0%
	 DR Bracket: 0
	 Base: 0%
	 Effective Percent: 5,26%
Mastery
	 Rating: 8739
	 Multiplicative Factor: 0%
	 DR Bracket: 0
	 Base: 19,8%
	 Effective Percent: 42,27%
----------------------
01:39,142

Intellect
	 Rating: 145594
	 Multiplicative Factor: 8,15%
Stamina
	 Rating: 867233
	 Multiplicative Factor: 11,3%
Crit
	 Rating: 22710
	 Multiplicative Factor: 0%
	 DR Bracket: 1
	 Base: 5%
	 Effective Percent: 37,2%
	 Crit Inc Heal: 2,6
	 Crit Inc Damage: 2
Haste
	 Rating: 21065
	 Multiplicative Factor: 0%
	 DR Bracket: 1
	 Base: 15%
	 Effective Percent: 51,48%
Vers
	 Rating: 17414
	 Multiplicative Factor: 0%
	 DR Bracket: 0
	 Base: 3%
	 Effective Percent: 25,33%
Leech
	 Rating: 918
	 Multiplicative Factor: 0%
	 DR Bracket: 0
	 Base: 2%
	 Effective Percent: 2,9%
Avoidance
	 Rating: 2859
	 Multiplicative Factor: 0%
	 DR Bracket: 0
	 Base: 0%
	 Effective Percent: 5,26%
Mastery
	 Rating: 8739
	 Multiplicative Factor: 0%
	 DR Bracket: 0
	 Base: 19,8%
	 Effective Percent: 42,27%
----------------------
01:40,146

Intellect
	 Rating: 145594
	 Multiplicative Factor: 8,15%
Stamina
	 Rating: 867233
	 Multiplicative Factor: 11,3%
Crit
	 Rating: 22710
	 Multiplicative Factor: 0%
	 DR Bracket: 1
	 Base: 5%
	 Effective Percent: 37,2%
	 Crit Inc Heal: 2,6
	 Crit Inc Damage: 2
Haste
	 Rating: 21065
	 Multiplicative Factor: 0%
	 DR Bracket: 1
	 Base: 14%
	 Effective Percent: 50,17%
Vers
	 Rating: 17414
	 Multiplicative Factor: 0%
	 DR Bracket: 0
	 Base: 3%
	 Effective Percent: 25,33%
Leech
	 Rating: 918
	 Multiplicative Factor: 0%
	 DR Bracket: 0
	 Base: 2%
	 Effective Percent: 2,9%
Avoidance
	 Rating: 2859
	 Multiplicative Factor: 0%
	 DR Bracket: 0
	 Base: 0%
	 Effective Percent: 5,26%
Mastery
	 Rating: 8739
	 Multiplicative Factor: 0%
	 DR Bracket: 0
	 Base: 19,8%
	 Effective Percent: 42,27%
----------------------
01:40,173

Intellect
	 Rating: 145594
	 Multiplicative Factor: 8,15%
Stamina
	 Rating: 867233
	 Multiplicative Factor: 11,3%
Crit
	 Rating: 28254
	 Multiplicative Factor: 0%
	 DR Bracket: 2
	 Base: 5%
	 Effective Percent: 44,29%
	 Crit Inc Heal: 2,6
	 Crit Inc Damage: 2
Haste
	 Rating: 21065
	 Multiplicative Factor: 0%
	 DR Bracket: 1
	 Base: 14%
	 Effective Percent: 50,17%
Vers
	 Rating: 17414
	 Multiplicative Factor: 0%
	 DR Bracket: 0
	 Base: 3%
	 Effective Percent: 25,33%
Leech
	 Rating: 918
	 Multiplicative Factor: 0%
	 DR Bracket: 0
	 Base: 2%
	 Effective Percent: 2,9%
Avoidance
	 Rating: 2859
	 Multiplicative Factor: 0%
	 DR Bracket: 0
	 Base: 0%
	 Effective Percent: 5,26%
Mastery
	 Rating: 8739
	 Multiplicative Factor: 0%
	 DR Bracket: 0
	 Base: 19,8%
	 Effective Percent: 42,27%
----------------------
01:41,141

Intellect
	 Rating: 145594
	 Multiplicative Factor: 8,15%
Stamina
	 Rating: 867233
	 Multiplicative Factor: 11,3%
Crit
	 Rating: 28254
	 Multiplicative Factor: 0%
	 DR Bracket: 2
	 Base: 5%
	 Effective Percent: 44,29%
	 Crit Inc Heal: 2,6
	 Crit Inc Damage: 2
Haste
	 Rating: 21065
	 Multiplicative Factor: 0%
	 DR Bracket: 1
	 Base: 13%
	 Effective Percent: 48,85%
Vers
	 Rating: 17414
	 Multiplicative Factor: 0%
	 DR Bracket: 0
	 Base: 3%
	 Effective Percent: 25,33%
Leech
	 Rating: 918
	 Multiplicative Factor: 0%
	 DR Bracket: 0
	 Base: 2%
	 Effective Percent: 2,9%
Avoidance
	 Rating: 2859
	 Multiplicative Factor: 0%
	 DR Bracket: 0
	 Base: 0%
	 Effective Percent: 5,26%
Mastery
	 Rating: 8739
	 Multiplicative Factor: 0%
	 DR Bracket: 0
	 Base: 19,8%
	 Effective Percent: 42,27%
----------------------
01:42,121

Intellect
	 Rating: 145594
	 Multiplicative Factor: 8,15%
Stamina
	 Rating: 867233
	 Multiplicative Factor: 11,3%
Crit
	 Rating: 28254
	 Multiplicative Factor: 0%
	 DR Bracket: 2
	 Base: 5%
	 Effective Percent: 44,29%
	 Crit Inc Heal: 2,6
	 Crit Inc Damage: 2
Haste
	 Rating: 21065
	 Multiplicative Factor: 0%
	 DR Bracket: 1
	 Base: 12%
	 Effective Percent: 47,53%
Vers
	 Rating: 17414
	 Multiplicative Factor: 0%
	 DR Bracket: 0
	 Base: 3%
	 Effective Percent: 25,33%
Leech
	 Rating: 918
	 Multiplicative Factor: 0%
	 DR Bracket: 0
	 Base: 2%
	 Effective Percent: 2,9%
Avoidance
	 Rating: 2859
	 Multiplicative Factor: 0%
	 DR Bracket: 0
	 Base: 0%
	 Effective Percent: 5,26%
Mastery
	 Rating: 8739
	 Multiplicative Factor: 0%
	 DR Bracket: 0
	 Base: 19,8%
	 Effective Percent: 42,27%
----------------------
01:43,115

Intellect
	 Rating: 145594
	 Multiplicative Factor: 8,15%
Stamina
	 Rating: 867233
	 Multiplicative Factor: 11,3%
Crit
	 Rating: 28254
	 Multiplicative Factor: 0%
	 DR Bracket: 2
	 Base: 5%
	 Effective Percent: 44,29%
	 Crit Inc Heal: 2,6
	 Crit Inc Damage: 2
Haste
	 Rating: 21065
	 Multiplicative Factor: 0%
	 DR Bracket: 1
	 Base: 11%
	 Effective Percent: 46,21%
Vers
	 Rating: 17414
	 Multiplicative Factor: 0%
	 DR Bracket: 0
	 Base: 3%
	 Effective Percent: 25,33%
Leech
	 Rating: 918
	 Multiplicative Factor: 0%
	 DR Bracket: 0
	 Base: 2%
	 Effective Percent: 2,9%
Avoidance
	 Rating: 2859
	 Multiplicative Factor: 0%
	 DR Bracket: 0
	 Base: 0%
	 Effective Percent: 5,26%
Mastery
	 Rating: 8739
	 Multiplicative Factor: 0%
	 DR Bracket: 0
	 Base: 19,8%
	 Effective Percent: 42,27%
----------------------
01:44,125

Intellect
	 Rating: 145594
	 Multiplicative Factor: 8,15%
Stamina
	 Rating: 867233
	 Multiplicative Factor: 11,3%
Crit
	 Rating: 28254
	 Multiplicative Factor: 0%
	 DR Bracket: 2
	 Base: 5%
	 Effective Percent: 44,29%
	 Crit Inc Heal: 2,6
	 Crit Inc Damage: 2
Haste
	 Rating: 21065
	 Multiplicative Factor: 0%
	 DR Bracket: 1
	 Base: 10%
	 Effective Percent: 44,9%
Vers
	 Rating: 17414
	 Multiplicative Factor: 0%
	 DR Bracket: 0
	 Base: 3%
	 Effective Percent: 25,33%
Leech
	 Rating: 918
	 Multiplicative Factor: 0%
	 DR Bracket: 0
	 Base: 2%
	 Effective Percent: 2,9%
Avoidance
	 Rating: 2859
	 Multiplicative Factor: 0%
	 DR Bracket: 0
	 Base: 0%
	 Effective Percent: 5,26%
Mastery
	 Rating: 8739
	 Multiplicative Factor: 0%
	 DR Bracket: 0
	 Base: 19,8%
	 Effective Percent: 42,27%
----------------------
01:45,135

Intellect
	 Rating: 145594
	 Multiplicative Factor: 8,15%
Stamina
	 Rating: 867233
	 Multiplicative Factor: 11,3%
Crit
	 Rating: 28254
	 Multiplicative Factor: 0%
	 DR Bracket: 2
	 Base: 5%
	 Effective Percent: 44,29%
	 Crit Inc Heal: 2,6
	 Crit Inc Damage: 2
Haste
	 Rating: 21065
	 Multiplicative Factor: 0%
	 DR Bracket: 1
	 Base: 9%
	 Effective Percent: 43,58%
Vers
	 Rating: 17414
	 Multiplicative Factor: 0%
	 DR Bracket: 0
	 Base: 3%
	 Effective Percent: 25,33%
Leech
	 Rating: 918
	 Multiplicative Factor: 0%
	 DR Bracket: 0
	 Base: 2%
	 Effective Percent: 2,9%
Avoidance
	 Rating: 2859
	 Multiplicative Factor: 0%
	 DR Bracket: 0
	 Base: 0%
	 Effective Percent: 5,26%
Mastery
	 Rating: 8739
	 Multiplicative Factor: 0%
	 DR Bracket: 0
	 Base: 19,8%
	 Effective Percent: 42,27%
----------------------
01:46,129

Intellect
	 Rating: 145594
	 Multiplicative Factor: 8,15%
Stamina
	 Rating: 867233
	 Multiplicative Factor: 11,3%
Crit
	 Rating: 28254
	 Multiplicative Factor: 0%
	 DR Bracket: 2
	 Base: 5%
	 Effective Percent: 44,29%
	 Crit Inc Heal: 2,6
	 Crit Inc Damage: 2
Haste
	 Rating: 21065
	 Multiplicative Factor: 0%
	 DR Bracket: 1
	 Base: 8%
	 Effective Percent: 42,26%
Vers
	 Rating: 17414
	 Multiplicative Factor: 0%
	 DR Bracket: 0
	 Base: 3%
	 Effective Percent: 25,33%
Leech
	 Rating: 918
	 Multiplicative Factor: 0%
	 DR Bracket: 0
	 Base: 2%
	 Effective Percent: 2,9%
Avoidance
	 Rating: 2859
	 Multiplicative Factor: 0%
	 DR Bracket: 0
	 Base: 0%
	 Effective Percent: 5,26%
Mastery
	 Rating: 8739
	 Multiplicative Factor: 0%
	 DR Bracket: 0
	 Base: 19,8%
	 Effective Percent: 42,27%
----------------------
01:47,135

Intellect
	 Rating: 145594
	 Multiplicative Factor: 8,15%
Stamina
	 Rating: 867233
	 Multiplicative Factor: 11,3%
Crit
	 Rating: 28254
	 Multiplicative Factor: 0%
	 DR Bracket: 2
	 Base: 5%
	 Effective Percent: 44,29%
	 Crit Inc Heal: 2,6
	 Crit Inc Damage: 2
Haste
	 Rating: 21065
	 Multiplicative Factor: 0%
	 DR Bracket: 1
	 Base: 7%
	 Effective Percent: 40,95%
Vers
	 Rating: 17414
	 Multiplicative Factor: 0%
	 DR Bracket: 0
	 Base: 3%
	 Effective Percent: 25,33%
Leech
	 Rating: 918
	 Multiplicative Factor: 0%
	 DR Bracket: 0
	 Base: 2%
	 Effective Percent: 2,9%
Avoidance
	 Rating: 2859
	 Multiplicative Factor: 0%
	 DR Bracket: 0
	 Base: 0%
	 Effective Percent: 5,26%
Mastery
	 Rating: 8739
	 Multiplicative Factor: 0%
	 DR Bracket: 0
	 Base: 19,8%
	 Effective Percent: 42,27%
----------------------
01:48,137

Intellect
	 Rating: 145594
	 Multiplicative Factor: 8,15%
Stamina
	 Rating: 867233
	 Multiplicative Factor: 11,3%
Crit
	 Rating: 28254
	 Multiplicative Factor: 0%
	 DR Bracket: 2
	 Base: 5%
	 Effective Percent: 44,29%
	 Crit Inc Heal: 2,6
	 Crit Inc Damage: 2
Haste
	 Rating: 21065
	 Multiplicative Factor: 0%
	 DR Bracket: 1
	 Base: 6%
	 Effective Percent: 39,63%
Vers
	 Rating: 17414
	 Multiplicative Factor: 0%
	 DR Bracket: 0
	 Base: 3%
	 Effective Percent: 25,33%
Leech
	 Rating: 918
	 Multiplicative Factor: 0%
	 DR Bracket: 0
	 Base: 2%
	 Effective Percent: 2,9%
Avoidance
	 Rating: 2859
	 Multiplicative Factor: 0%
	 DR Bracket: 0
	 Base: 0%
	 Effective Percent: 5,26%
Mastery
	 Rating: 8739
	 Multiplicative Factor: 0%
	 DR Bracket: 0
	 Base: 19,8%
	 Effective Percent: 42,27%
----------------------
01:49,125

Intellect
	 Rating: 145594
	 Multiplicative Factor: 8,15%
Stamina
	 Rating: 867233
	 Multiplicative Factor: 11,3%
Crit
	 Rating: 28254
	 Multiplicative Factor: 0%
	 DR Bracket: 2
	 Base: 5%
	 Effective Percent: 44,29%
	 Crit Inc Heal: 2,6
	 Crit Inc Damage: 2
Haste
	 Rating: 21065
	 Multiplicative Factor: 0%
	 DR Bracket: 1
	 Base: 5%
	 Effective Percent: 38,31%
Vers
	 Rating: 17414
	 Multiplicative Factor: 0%
	 DR Bracket: 0
	 Base: 3%
	 Effective Percent: 25,33%
Leech
	 Rating: 918
	 Multiplicative Factor: 0%
	 DR Bracket: 0
	 Base: 2%
	 Effective Percent: 2,9%
Avoidance
	 Rating: 2859
	 Multiplicative Factor: 0%
	 DR Bracket: 0
	 Base: 0%
	 Effective Percent: 5,26%
Mastery
	 Rating: 8739
	 Multiplicative Factor: 0%
	 DR Bracket: 0
	 Base: 19,8%
	 Effective Percent: 42,27%
----------------------
01:50,117

Intellect
	 Rating: 145594
	 Multiplicative Factor: 8,15%
Stamina
	 Rating: 867233
	 Multiplicative Factor: 11,3%
Crit
	 Rating: 28254
	 Multiplicative Factor: 0%
	 DR Bracket: 2
	 Base: 5%
	 Effective Percent: 44,29%
	 Crit Inc Heal: 2,6
	 Crit Inc Damage: 2
Haste
	 Rating: 21065
	 Multiplicative Factor: 0%
	 DR Bracket: 1
	 Base: 4%
	 Effective Percent: 36,99%
Vers
	 Rating: 17414
	 Multiplicative Factor: 0%
	 DR Bracket: 0
	 Base: 3%
	 Effective Percent: 25,33%
Leech
	 Rating: 918
	 Multiplicative Factor: 0%
	 DR Bracket: 0
	 Base: 2%
	 Effective Percent: 2,9%
Avoidance
	 Rating: 2859
	 Multiplicative Factor: 0%
	 DR Bracket: 0
	 Base: 0%
	 Effective Percent: 5,26%
Mastery
	 Rating: 8739
	 Multiplicative Factor: 0%
	 DR Bracket: 0
	 Base: 19,8%
	 Effective Percent: 42,27%
----------------------
01:50,177

Intellect
	 Rating: 145594
	 Multiplicative Factor: 8,15%
Stamina
	 Rating: 867233
	 Multiplicative Factor: 11,3%
Crit
	 Rating: 22710
	 Multiplicative Factor: 0%
	 DR Bracket: 1
	 Base: 5%
	 Effective Percent: 37,2%
	 Crit Inc Heal: 2,6
	 Crit Inc Damage: 2
Haste
	 Rating: 21065
	 Multiplicative Factor: 0%
	 DR Bracket: 1
	 Base: 4%
	 Effective Percent: 36,99%
Vers
	 Rating: 17414
	 Multiplicative Factor: 0%
	 DR Bracket: 0
	 Base: 3%
	 Effective Percent: 25,33%
Leech
	 Rating: 918
	 Multiplicative Factor: 0%
	 DR Bracket: 0
	 Base: 2%
	 Effective Percent: 2,9%
Avoidance
	 Rating: 2859
	 Multiplicative Factor: 0%
	 DR Bracket: 0
	 Base: 0%
	 Effective Percent: 5,26%
Mastery
	 Rating: 8739
	 Multiplicative Factor: 0%
	 DR Bracket: 0
	 Base: 19,8%
	 Effective Percent: 42,27%
----------------------
01:51,125

Intellect
	 Rating: 145594
	 Multiplicative Factor: 8,15%
Stamina
	 Rating: 867233
	 Multiplicative Factor: 11,3%
Crit
	 Rating: 22710
	 Multiplicative Factor: 0%
	 DR Bracket: 1
	 Base: 5%
	 Effective Percent: 37,2%
	 Crit Inc Heal: 2,6
	 Crit Inc Damage: 2
Haste
	 Rating: 21065
	 Multiplicative Factor: 0%
	 DR Bracket: 1
	 Base: 3%
	 Effective Percent: 35,68%
Vers
	 Rating: 17414
	 Multiplicative Factor: 0%
	 DR Bracket: 0
	 Base: 3%
	 Effective Percent: 25,33%
Leech
	 Rating: 918
	 Multiplicative Factor: 0%
	 DR Bracket: 0
	 Base: 2%
	 Effective Percent: 2,9%
Avoidance
	 Rating: 2859
	 Multiplicative Factor: 0%
	 DR Bracket: 0
	 Base: 0%
	 Effective Percent: 5,26%
Mastery
	 Rating: 8739
	 Multiplicative Factor: 0%
	 DR Bracket: 0
	 Base: 19,8%
	 Effective Percent: 42,27%
----------------------
01:52,121

Intellect
	 Rating: 145594
	 Multiplicative Factor: 8,15%
Stamina
	 Rating: 867233
	 Multiplicative Factor: 11,3%
Crit
	 Rating: 22710
	 Multiplicative Factor: 0%
	 DR Bracket: 1
	 Base: 5%
	 Effective Percent: 37,2%
	 Crit Inc Heal: 2,6
	 Crit Inc Damage: 2
Haste
	 Rating: 21065
	 Multiplicative Factor: 0%
	 DR Bracket: 1
	 Base: 2%
	 Effective Percent: 34,36%
Vers
	 Rating: 17414
	 Multiplicative Factor: 0%
	 DR Bracket: 0
	 Base: 3%
	 Effective Percent: 25,33%
Leech
	 Rating: 918
	 Multiplicative Factor: 0%
	 DR Bracket: 0
	 Base: 2%
	 Effective Percent: 2,9%
Avoidance
	 Rating: 2859
	 Multiplicative Factor: 0%
	 DR Bracket: 0
	 Base: 0%
	 Effective Percent: 5,26%
Mastery
	 Rating: 8739
	 Multiplicative Factor: 0%
	 DR Bracket: 0
	 Base: 19,8%
	 Effective Percent: 42,27%
----------------------
01:53,130

Intellect
	 Rating: 145594
	 Multiplicative Factor: 8,15%
Stamina
	 Rating: 867233
	 Multiplicative Factor: 11,3%
Crit
	 Rating: 22710
	 Multiplicative Factor: 0%
	 DR Bracket: 1
	 Base: 5%
	 Effective Percent: 37,2%
	 Crit Inc Heal: 2,6
	 Crit Inc Damage: 2
Haste
	 Rating: 21065
	 Multiplicative Factor: 0%
	 DR Bracket: 1
	 Base: 1%
	 Effective Percent: 33,04%
Vers
	 Rating: 17414
	 Multiplicative Factor: 0%
	 DR Bracket: 0
	 Base: 3%
	 Effective Percent: 25,33%
Leech
	 Rating: 918
	 Multiplicative Factor: 0%
	 DR Bracket: 0
	 Base: 2%
	 Effective Percent: 2,9%
Avoidance
	 Rating: 2859
	 Multiplicative Factor: 0%
	 DR Bracket: 0
	 Base: 0%
	 Effective Percent: 5,26%
Mastery
	 Rating: 8739
	 Multiplicative Factor: 0%
	 DR Bracket: 0
	 Base: 19,8%
	 Effective Percent: 42,27%
----------------------
01:54,144

Intellect
	 Rating: 145594
	 Multiplicative Factor: 8,15%
Stamina
	 Rating: 867233
	 Multiplicative Factor: 11,3%
Crit
	 Rating: 22710
	 Multiplicative Factor: 0%
	 DR Bracket: 1
	 Base: 5%
	 Effective Percent: 37,2%
	 Crit Inc Heal: 2,6
	 Crit Inc Damage: 2
Haste
	 Rating: 21065
	 Multiplicative Factor: 0%
	 DR Bracket: 1
	 Base: 0%
	 Effective Percent: 31,72%
Vers
	 Rating: 17414
	 Multiplicative Factor: 0%
	 DR Bracket: 0
	 Base: 3%
	 Effective Percent: 25,33%
Leech
	 Rating: 918
	 Multiplicative Factor: 0%
	 DR Bracket: 0
	 Base: 2%
	 Effective Percent: 2,9%
Avoidance
	 Rating: 2859
	 Multiplicative Factor: 0%
	 DR Bracket: 0
	 Base: 0%
	 Effective Percent: 5,26%
Mastery
	 Rating: 8739
	 Multiplicative Factor: 0%
	 DR Bracket: 0
	 Base: 19,8%
	 Effective Percent: 42,27%
----------------------
01:55,078

Intellect
	 Rating: 145594
	 Multiplicative Factor: 8,15%
Stamina
	 Rating: 867233
	 Multiplicative Factor: 11,3%
Crit
	 Rating: 28254
	 Multiplicative Factor: 0%
	 DR Bracket: 2
	 Base: 5%
	 Effective Percent: 44,29%
	 Crit Inc Heal: 2,6
	 Crit Inc Damage: 2
Haste
	 Rating: 21065
	 Multiplicative Factor: 0%
	 DR Bracket: 1
	 Base: 0%
	 Effective Percent: 31,72%
Vers
	 Rating: 17414
	 Multiplicative Factor: 0%
	 DR Bracket: 0
	 Base: 3%
	 Effective Percent: 25,33%
Leech
	 Rating: 918
	 Multiplicative Factor: 0%
	 DR Bracket: 0
	 Base: 2%
	 Effective Percent: 2,9%
Avoidance
	 Rating: 2859
	 Multiplicative Factor: 0%
	 DR Bracket: 0
	 Base: 0%
	 Effective Percent: 5,26%
Mastery
	 Rating: 8739
	 Multiplicative Factor: 0%
	 DR Bracket: 0
	 Base: 19,8%
	 Effective Percent: 42,27%
----------------------
01:57,924

Intellect
	 Rating: 145594
	 Multiplicative Factor: 8,15%
Stamina
	 Rating: 867233
	 Multiplicative Factor: 11,3%
Crit
	 Rating: 28254
	 Multiplicative Factor: 0%
	 DR Bracket: 2
	 Base: 5%
	 Effective Percent: 44,29%
	 Crit Inc Heal: 2,6
	 Crit Inc Damage: 2
Haste
	 Rating: 21065
	 Multiplicative Factor: 0%
	 DR Bracket: 1
	 Base: 3%
	 Effective Percent: 35,68%
Vers
	 Rating: 17414
	 Multiplicative Factor: 0%
	 DR Bracket: 0
	 Base: 3%
	 Effective Percent: 25,33%
Leech
	 Rating: 918
	 Multiplicative Factor: 0%
	 DR Bracket: 0
	 Base: 2%
	 Effective Percent: 2,9%
Avoidance
	 Rating: 2859
	 Multiplicative Factor: 0%
	 DR Bracket: 0
	 Base: 0%
	 Effective Percent: 5,26%
Mastery
	 Rating: 8739
	 Multiplicative Factor: 0%
	 DR Bracket: 0
	 Base: 19,8%
	 Effective Percent: 42,27%
----------------------
01:57,925

Intellect
	 Rating: 145594
	 Multiplicative Factor: 8,15%
Stamina
	 Rating: 867233
	 Multiplicative Factor: 11,3%
Crit
	 Rating: 28254
	 Multiplicative Factor: 0%
	 DR Bracket: 2
	 Base: 5%
	 Effective Percent: 44,29%
	 Crit Inc Heal: 2,6
	 Crit Inc Damage: 2
Haste
	 Rating: 21065
	 Multiplicative Factor: 0%
	 DR Bracket: 1
	 Base: 6%
	 Effective Percent: 39,63%
Vers
	 Rating: 17414
	 Multiplicative Factor: 0%
	 DR Bracket: 0
	 Base: 3%
	 Effective Percent: 25,33%
Leech
	 Rating: 918
	 Multiplicative Factor: 0%
	 DR Bracket: 0
	 Base: 2%
	 Effective Percent: 2,9%
Avoidance
	 Rating: 2859
	 Multiplicative Factor: 0%
	 DR Bracket: 0
	 Base: 0%
	 Effective Percent: 5,26%
Mastery
	 Rating: 8739
	 Multiplicative Factor: 0%
	 DR Bracket: 0
	 Base: 19,8%
	 Effective Percent: 42,27%
----------------------
01:57,925

Intellect
	 Rating: 145594
	 Multiplicative Factor: 8,15%
Stamina
	 Rating: 867233
	 Multiplicative Factor: 11,3%
Crit
	 Rating: 28254
	 Multiplicative Factor: 0%
	 DR Bracket: 2
	 Base: 5%
	 Effective Percent: 44,29%
	 Crit Inc Heal: 2,6
	 Crit Inc Damage: 2
Haste
	 Rating: 21065
	 Multiplicative Factor: 0%
	 DR Bracket: 1
	 Base: 9%
	 Effective Percent: 43,58%
Vers
	 Rating: 17414
	 Multiplicative Factor: 0%
	 DR Bracket: 0
	 Base: 3%
	 Effective Percent: 25,33%
Leech
	 Rating: 918
	 Multiplicative Factor: 0%
	 DR Bracket: 0
	 Base: 2%
	 Effective Percent: 2,9%
Avoidance
	 Rating: 2859
	 Multiplicative Factor: 0%
	 DR Bracket: 0
	 Base: 0%
	 Effective Percent: 5,26%
Mastery
	 Rating: 8739
	 Multiplicative Factor: 0%
	 DR Bracket: 0
	 Base: 19,8%
	 Effective Percent: 42,27%
----------------------
02:03,349

Intellect
	 Rating: 145594
	 Multiplicative Factor: 8,15%
Stamina
	 Rating: 867233
	 Multiplicative Factor: 11,3%
Crit
	 Rating: 33797
	 Multiplicative Factor: 0%
	 DR Bracket: 2
	 Base: 5%
	 Effective Percent: 50,63%
	 Crit Inc Heal: 2,6
	 Crit Inc Damage: 2
Haste
	 Rating: 21065
	 Multiplicative Factor: 0%
	 DR Bracket: 1
	 Base: 9%
	 Effective Percent: 43,58%
Vers
	 Rating: 17414
	 Multiplicative Factor: 0%
	 DR Bracket: 0
	 Base: 3%
	 Effective Percent: 25,33%
Leech
	 Rating: 918
	 Multiplicative Factor: 0%
	 DR Bracket: 0
	 Base: 2%
	 Effective Percent: 2,9%
Avoidance
	 Rating: 2859
	 Multiplicative Factor: 0%
	 DR Bracket: 0
	 Base: 0%
	 Effective Percent: 5,26%
Mastery
	 Rating: 8739
	 Multiplicative Factor: 0%
	 DR Bracket: 0
	 Base: 19,8%
	 Effective Percent: 42,27%
----------------------
02:03,821

Intellect
	 Rating: 145594
	 Multiplicative Factor: 8,15%
Stamina
	 Rating: 867233
	 Multiplicative Factor: 11,3%
Crit
	 Rating: 33797
	 Multiplicative Factor: 0%
	 DR Bracket: 2
	 Base: 5%
	 Effective Percent: 50,63%
	 Crit Inc Heal: 2,6
	 Crit Inc Damage: 2
Haste
	 Rating: 21065
	 Multiplicative Factor: 0%
	 DR Bracket: 1
	 Base: 9%
	 Effective Percent: 43,58%
Vers
	 Rating: 17414
	 Multiplicative Factor: 0%
	 DR Bracket: 0
	 Base: 3%
	 Effective Percent: 25,33%
Leech
	 Rating: 918
	 Multiplicative Factor: 0%
	 DR Bracket: 0
	 Base: 2%
	 Effective Percent: 2,9%
Avoidance
	 Rating: 2859
	 Multiplicative Factor: 0%
	 DR Bracket: 0
	 Base: 0%
	 Effective Percent: 5,26%
Mastery
	 Rating: 8739
	 Multiplicative Factor: 0%
	 DR Bracket: 0
	 Base: 16,2%
	 Effective Percent: 38,67%
----------------------
02:03,821

Intellect
	 Rating: 145594
	 Multiplicative Factor: 8,15%
Stamina
	 Rating: 867233
	 Multiplicative Factor: 11,3%
Crit
	 Rating: 33797
	 Multiplicative Factor: 0%
	 DR Bracket: 2
	 Base: 5%
	 Effective Percent: 50,63%
	 Crit Inc Heal: 2,6
	 Crit Inc Damage: 2
Haste
	 Rating: 21065
	 Multiplicative Factor: 0%
	 DR Bracket: 1
	 Base: 9%
	 Effective Percent: 43,58%
Vers
	 Rating: 17414
	 Multiplicative Factor: 0%
	 DR Bracket: 0
	 Base: 3%
	 Effective Percent: 25,33%
Leech
	 Rating: 918
	 Multiplicative Factor: 0%
	 DR Bracket: 0
	 Base: 2%
	 Effective Percent: 2,9%
Avoidance
	 Rating: 2859
	 Multiplicative Factor: 0%
	 DR Bracket: 0
	 Base: 0%
	 Effective Percent: 5,26%
Mastery
	 Rating: 8739
	 Multiplicative Factor: 0%
	 DR Bracket: 0
	 Base: 19,8%
	 Effective Percent: 42,27%
----------------------
02:05,092

Intellect
	 Rating: 145594
	 Multiplicative Factor: 8,15%
Stamina
	 Rating: 867233
	 Multiplicative Factor: 11,3%
Crit
	 Rating: 28254
	 Multiplicative Factor: 0%
	 DR Bracket: 2
	 Base: 5%
	 Effective Percent: 44,29%
	 Crit Inc Heal: 2,6
	 Crit Inc Damage: 2
Haste
	 Rating: 21065
	 Multiplicative Factor: 0%
	 DR Bracket: 1
	 Base: 9%
	 Effective Percent: 43,58%
Vers
	 Rating: 17414
	 Multiplicative Factor: 0%
	 DR Bracket: 0
	 Base: 3%
	 Effective Percent: 25,33%
Leech
	 Rating: 918
	 Multiplicative Factor: 0%
	 DR Bracket: 0
	 Base: 2%
	 Effective Percent: 2,9%
Avoidance
	 Rating: 2859
	 Multiplicative Factor: 0%
	 DR Bracket: 0
	 Base: 0%
	 Effective Percent: 5,26%
Mastery
	 Rating: 8739
	 Multiplicative Factor: 0%
	 DR Bracket: 0
	 Base: 19,8%
	 Effective Percent: 42,27%
----------------------
02:05,933

Intellect
	 Rating: 145594
	 Multiplicative Factor: 8,15%
Stamina
	 Rating: 867233
	 Multiplicative Factor: 11,3%
Crit
	 Rating: 28254
	 Multiplicative Factor: 0%
	 DR Bracket: 2
	 Base: 5%
	 Effective Percent: 44,29%
	 Crit Inc Heal: 2,6
	 Crit Inc Damage: 2
Haste
	 Rating: 21065
	 Multiplicative Factor: 0%
	 DR Bracket: 1
	 Base: 0%
	 Effective Percent: 31,72%
Vers
	 Rating: 17414
	 Multiplicative Factor: 0%
	 DR Bracket: 0
	 Base: 3%
	 Effective Percent: 25,33%
Leech
	 Rating: 918
	 Multiplicative Factor: 0%
	 DR Bracket: 0
	 Base: 2%
	 Effective Percent: 2,9%
Avoidance
	 Rating: 2859
	 Multiplicative Factor: 0%
	 DR Bracket: 0
	 Base: 0%
	 Effective Percent: 5,26%
Mastery
	 Rating: 8739
	 Multiplicative Factor: 0%
	 DR Bracket: 0
	 Base: 19,8%
	 Effective Percent: 42,27%
----------------------
02:13,352

Intellect
	 Rating: 145594
	 Multiplicative Factor: 8,15%
Stamina
	 Rating: 867233
	 Multiplicative Factor: 11,3%
Crit
	 Rating: 22710
	 Multiplicative Factor: 0%
	 DR Bracket: 1
	 Base: 5%
	 Effective Percent: 37,2%
	 Crit Inc Heal: 2,6
	 Crit Inc Damage: 2
Haste
	 Rating: 21065
	 Multiplicative Factor: 0%
	 DR Bracket: 1
	 Base: 0%
	 Effective Percent: 31,72%
Vers
	 Rating: 17414
	 Multiplicative Factor: 0%
	 DR Bracket: 0
	 Base: 3%
	 Effective Percent: 25,33%
Leech
	 Rating: 918
	 Multiplicative Factor: 0%
	 DR Bracket: 0
	 Base: 2%
	 Effective Percent: 2,9%
Avoidance
	 Rating: 2859
	 Multiplicative Factor: 0%
	 DR Bracket: 0
	 Base: 0%
	 Effective Percent: 5,26%
Mastery
	 Rating: 8739
	 Multiplicative Factor: 0%
	 DR Bracket: 0
	 Base: 19,8%
	 Effective Percent: 42,27%
----------------------
02:18,975

Intellect
	 Rating: 145594
	 Multiplicative Factor: 8,15%
Stamina
	 Rating: 867233
	 Multiplicative Factor: 11,3%
Crit
	 Rating: 22710
	 Multiplicative Factor: 0%
	 DR Bracket: 1
	 Base: 5%
	 Effective Percent: 37,2%
	 Crit Inc Heal: 2,6
	 Crit Inc Damage: 2
Haste
	 Rating: 21065
	 Multiplicative Factor: 0%
	 DR Bracket: 1
	 Base: 1%
	 Effective Percent: 33,04%
Vers
	 Rating: 17414
	 Multiplicative Factor: 0%
	 DR Bracket: 0
	 Base: 3%
	 Effective Percent: 25,33%
Leech
	 Rating: 918
	 Multiplicative Factor: 0%
	 DR Bracket: 0
	 Base: 2%
	 Effective Percent: 2,9%
Avoidance
	 Rating: 2859
	 Multiplicative Factor: 0%
	 DR Bracket: 0
	 Base: 0%
	 Effective Percent: 5,26%
Mastery
	 Rating: 8739
	 Multiplicative Factor: 0%
	 DR Bracket: 0
	 Base: 19,8%
	 Effective Percent: 42,27%
----------------------
02:19,757

Intellect
	 Rating: 145594
	 Multiplicative Factor: 8,15%
Stamina
	 Rating: 867233
	 Multiplicative Factor: 11,3%
Crit
	 Rating: 22710
	 Multiplicative Factor: 0%
	 DR Bracket: 1
	 Base: 5%
	 Effective Percent: 37,2%
	 Crit Inc Heal: 2,6
	 Crit Inc Damage: 2
Haste
	 Rating: 21065
	 Multiplicative Factor: 0%
	 DR Bracket: 1
	 Base: 4%
	 Effective Percent: 36,99%
Vers
	 Rating: 17414
	 Multiplicative Factor: 0%
	 DR Bracket: 0
	 Base: 3%
	 Effective Percent: 25,33%
Leech
	 Rating: 918
	 Multiplicative Factor: 0%
	 DR Bracket: 0
	 Base: 2%
	 Effective Percent: 2,9%
Avoidance
	 Rating: 2859
	 Multiplicative Factor: 0%
	 DR Bracket: 0
	 Base: 0%
	 Effective Percent: 5,26%
Mastery
	 Rating: 8739
	 Multiplicative Factor: 0%
	 DR Bracket: 0
	 Base: 19,8%
	 Effective Percent: 42,27%
----------------------
02:19,798

Intellect
	 Rating: 145594
	 Multiplicative Factor: 8,15%
Stamina
	 Rating: 867233
	 Multiplicative Factor: 11,3%
Crit
	 Rating: 22710
	 Multiplicative Factor: 0%
	 DR Bracket: 1
	 Base: 5%
	 Effective Percent: 37,2%
	 Crit Inc Heal: 2,6
	 Crit Inc Damage: 2
Haste
	 Rating: 21065
	 Multiplicative Factor: 0%
	 DR Bracket: 1
	 Base: 7%
	 Effective Percent: 40,95%
Vers
	 Rating: 17414
	 Multiplicative Factor: 0%
	 DR Bracket: 0
	 Base: 3%
	 Effective Percent: 25,33%
Leech
	 Rating: 918
	 Multiplicative Factor: 0%
	 DR Bracket: 0
	 Base: 2%
	 Effective Percent: 2,9%
Avoidance
	 Rating: 2859
	 Multiplicative Factor: 0%
	 DR Bracket: 0
	 Base: 0%
	 Effective Percent: 5,26%
Mastery
	 Rating: 8739
	 Multiplicative Factor: 0%
	 DR Bracket: 0
	 Base: 19,8%
	 Effective Percent: 42,27%
----------------------
02:19,799

Intellect
	 Rating: 145594
	 Multiplicative Factor: 8,15%
Stamina
	 Rating: 867233
	 Multiplicative Factor: 11,3%
Crit
	 Rating: 22710
	 Multiplicative Factor: 0%
	 DR Bracket: 1
	 Base: 5%
	 Effective Percent: 37,2%
	 Crit Inc Heal: 2,6
	 Crit Inc Damage: 2
Haste
	 Rating: 21065
	 Multiplicative Factor: 0%
	 DR Bracket: 1
	 Base: 10%
	 Effective Percent: 44,9%
Vers
	 Rating: 17414
	 Multiplicative Factor: 0%
	 DR Bracket: 0
	 Base: 3%
	 Effective Percent: 25,33%
Leech
	 Rating: 918
	 Multiplicative Factor: 0%
	 DR Bracket: 0
	 Base: 2%
	 Effective Percent: 2,9%
Avoidance
	 Rating: 2859
	 Multiplicative Factor: 0%
	 DR Bracket: 0
	 Base: 0%
	 Effective Percent: 5,26%
Mastery
	 Rating: 8739
	 Multiplicative Factor: 0%
	 DR Bracket: 0
	 Base: 19,8%
	 Effective Percent: 42,27%
----------------------
02:19,983

Intellect
	 Rating: 145594
	 Multiplicative Factor: 8,15%
Stamina
	 Rating: 867233
	 Multiplicative Factor: 11,3%
Crit
	 Rating: 22710
	 Multiplicative Factor: 0%
	 DR Bracket: 1
	 Base: 5%
	 Effective Percent: 37,2%
	 Crit Inc Heal: 2,6
	 Crit Inc Damage: 2
Haste
	 Rating: 21065
	 Multiplicative Factor: 0%
	 DR Bracket: 1
	 Base: 38%
	 Effective Percent: 81,78%
Vers
	 Rating: 17414
	 Multiplicative Factor: 0%
	 DR Bracket: 0
	 Base: 3%
	 Effective Percent: 25,33%
Leech
	 Rating: 918
	 Multiplicative Factor: 0%
	 DR Bracket: 0
	 Base: 2%
	 Effective Percent: 2,9%
Avoidance
	 Rating: 2859
	 Multiplicative Factor: 0%
	 DR Bracket: 0
	 Base: 0%
	 Effective Percent: 5,26%
Mastery
	 Rating: 8739
	 Multiplicative Factor: 0%
	 DR Bracket: 0
	 Base: 19,8%
	 Effective Percent: 42,27%
----------------------
02:20,980

Intellect
	 Rating: 145594
	 Multiplicative Factor: 8,15%
Stamina
	 Rating: 867233
	 Multiplicative Factor: 11,3%
Crit
	 Rating: 22710
	 Multiplicative Factor: 0%
	 DR Bracket: 1
	 Base: 5%
	 Effective Percent: 37,2%
	 Crit Inc Heal: 2,6
	 Crit Inc Damage: 2
Haste
	 Rating: 21065
	 Multiplicative Factor: 0%
	 DR Bracket: 1
	 Base: 37%
	 Effective Percent: 80,46%
Vers
	 Rating: 17414
	 Multiplicative Factor: 0%
	 DR Bracket: 0
	 Base: 3%
	 Effective Percent: 25,33%
Leech
	 Rating: 918
	 Multiplicative Factor: 0%
	 DR Bracket: 0
	 Base: 2%
	 Effective Percent: 2,9%
Avoidance
	 Rating: 2859
	 Multiplicative Factor: 0%
	 DR Bracket: 0
	 Base: 0%
	 Effective Percent: 5,26%
Mastery
	 Rating: 8739
	 Multiplicative Factor: 0%
	 DR Bracket: 0
	 Base: 19,8%
	 Effective Percent: 42,27%
----------------------
02:21,984

Intellect
	 Rating: 145594
	 Multiplicative Factor: 8,15%
Stamina
	 Rating: 867233
	 Multiplicative Factor: 11,3%
Crit
	 Rating: 22710
	 Multiplicative Factor: 0%
	 DR Bracket: 1
	 Base: 5%
	 Effective Percent: 37,2%
	 Crit Inc Heal: 2,6
	 Crit Inc Damage: 2
Haste
	 Rating: 21065
	 Multiplicative Factor: 0%
	 DR Bracket: 1
	 Base: 36%
	 Effective Percent: 79,15%
Vers
	 Rating: 17414
	 Multiplicative Factor: 0%
	 DR Bracket: 0
	 Base: 3%
	 Effective Percent: 25,33%
Leech
	 Rating: 918
	 Multiplicative Factor: 0%
	 DR Bracket: 0
	 Base: 2%
	 Effective Percent: 2,9%
Avoidance
	 Rating: 2859
	 Multiplicative Factor: 0%
	 DR Bracket: 0
	 Base: 0%
	 Effective Percent: 5,26%
Mastery
	 Rating: 8739
	 Multiplicative Factor: 0%
	 DR Bracket: 0
	 Base: 19,8%
	 Effective Percent: 42,27%
----------------------
02:22,972

Intellect
	 Rating: 145594
	 Multiplicative Factor: 8,15%
Stamina
	 Rating: 867233
	 Multiplicative Factor: 11,3%
Crit
	 Rating: 22710
	 Multiplicative Factor: 0%
	 DR Bracket: 1
	 Base: 5%
	 Effective Percent: 37,2%
	 Crit Inc Heal: 2,6
	 Crit Inc Damage: 2
Haste
	 Rating: 21065
	 Multiplicative Factor: 0%
	 DR Bracket: 1
	 Base: 35%
	 Effective Percent: 77,83%
Vers
	 Rating: 17414
	 Multiplicative Factor: 0%
	 DR Bracket: 0
	 Base: 3%
	 Effective Percent: 25,33%
Leech
	 Rating: 918
	 Multiplicative Factor: 0%
	 DR Bracket: 0
	 Base: 2%
	 Effective Percent: 2,9%
Avoidance
	 Rating: 2859
	 Multiplicative Factor: 0%
	 DR Bracket: 0
	 Base: 0%
	 Effective Percent: 5,26%
Mastery
	 Rating: 8739
	 Multiplicative Factor: 0%
	 DR Bracket: 0
	 Base: 19,8%
	 Effective Percent: 42,27%
----------------------
02:23,995

Intellect
	 Rating: 145594
	 Multiplicative Factor: 8,15%
Stamina
	 Rating: 867233
	 Multiplicative Factor: 11,3%
Crit
	 Rating: 22710
	 Multiplicative Factor: 0%
	 DR Bracket: 1
	 Base: 5%
	 Effective Percent: 37,2%
	 Crit Inc Heal: 2,6
	 Crit Inc Damage: 2
Haste
	 Rating: 21065
	 Multiplicative Factor: 0%
	 DR Bracket: 1
	 Base: 34%
	 Effective Percent: 76,51%
Vers
	 Rating: 17414
	 Multiplicative Factor: 0%
	 DR Bracket: 0
	 Base: 3%
	 Effective Percent: 25,33%
Leech
	 Rating: 918
	 Multiplicative Factor: 0%
	 DR Bracket: 0
	 Base: 2%
	 Effective Percent: 2,9%
Avoidance
	 Rating: 2859
	 Multiplicative Factor: 0%
	 DR Bracket: 0
	 Base: 0%
	 Effective Percent: 5,26%
Mastery
	 Rating: 8739
	 Multiplicative Factor: 0%
	 DR Bracket: 0
	 Base: 19,8%
	 Effective Percent: 42,27%
----------------------
02:24,964

Intellect
	 Rating: 145594
	 Multiplicative Factor: 8,15%
Stamina
	 Rating: 867233
	 Multiplicative Factor: 11,3%
Crit
	 Rating: 22710
	 Multiplicative Factor: 0%
	 DR Bracket: 1
	 Base: 5%
	 Effective Percent: 37,2%
	 Crit Inc Heal: 2,6
	 Crit Inc Damage: 2
Haste
	 Rating: 21065
	 Multiplicative Factor: 0%
	 DR Bracket: 1
	 Base: 33%
	 Effective Percent: 75,19%
Vers
	 Rating: 17414
	 Multiplicative Factor: 0%
	 DR Bracket: 0
	 Base: 3%
	 Effective Percent: 25,33%
Leech
	 Rating: 918
	 Multiplicative Factor: 0%
	 DR Bracket: 0
	 Base: 2%
	 Effective Percent: 2,9%
Avoidance
	 Rating: 2859
	 Multiplicative Factor: 0%
	 DR Bracket: 0
	 Base: 0%
	 Effective Percent: 5,26%
Mastery
	 Rating: 8739
	 Multiplicative Factor: 0%
	 DR Bracket: 0
	 Base: 19,8%
	 Effective Percent: 42,27%
----------------------
02:25,974

Intellect
	 Rating: 145594
	 Multiplicative Factor: 8,15%
Stamina
	 Rating: 867233
	 Multiplicative Factor: 11,3%
Crit
	 Rating: 22710
	 Multiplicative Factor: 0%
	 DR Bracket: 1
	 Base: 5%
	 Effective Percent: 37,2%
	 Crit Inc Heal: 2,6
	 Crit Inc Damage: 2
Haste
	 Rating: 21065
	 Multiplicative Factor: 0%
	 DR Bracket: 1
	 Base: 32%
	 Effective Percent: 73,88%
Vers
	 Rating: 17414
	 Multiplicative Factor: 0%
	 DR Bracket: 0
	 Base: 3%
	 Effective Percent: 25,33%
Leech
	 Rating: 918
	 Multiplicative Factor: 0%
	 DR Bracket: 0
	 Base: 2%
	 Effective Percent: 2,9%
Avoidance
	 Rating: 2859
	 Multiplicative Factor: 0%
	 DR Bracket: 0
	 Base: 0%
	 Effective Percent: 5,26%
Mastery
	 Rating: 8739
	 Multiplicative Factor: 0%
	 DR Bracket: 0
	 Base: 19,8%
	 Effective Percent: 42,27%
----------------------
02:26,975

Intellect
	 Rating: 145594
	 Multiplicative Factor: 8,15%
Stamina
	 Rating: 867233
	 Multiplicative Factor: 11,3%
Crit
	 Rating: 22710
	 Multiplicative Factor: 0%
	 DR Bracket: 1
	 Base: 5%
	 Effective Percent: 37,2%
	 Crit Inc Heal: 2,6
	 Crit Inc Damage: 2
Haste
	 Rating: 21065
	 Multiplicative Factor: 0%
	 DR Bracket: 1
	 Base: 31%
	 Effective Percent: 72,56%
Vers
	 Rating: 17414
	 Multiplicative Factor: 0%
	 DR Bracket: 0
	 Base: 3%
	 Effective Percent: 25,33%
Leech
	 Rating: 918
	 Multiplicative Factor: 0%
	 DR Bracket: 0
	 Base: 2%
	 Effective Percent: 2,9%
Avoidance
	 Rating: 2859
	 Multiplicative Factor: 0%
	 DR Bracket: 0
	 Base: 0%
	 Effective Percent: 5,26%
Mastery
	 Rating: 8739
	 Multiplicative Factor: 0%
	 DR Bracket: 0
	 Base: 19,8%
	 Effective Percent: 42,27%
----------------------
02:27,781

Intellect
	 Rating: 145594
	 Multiplicative Factor: 8,15%
Stamina
	 Rating: 867233
	 Multiplicative Factor: 11,3%
Crit
	 Rating: 22710
	 Multiplicative Factor: 0%
	 DR Bracket: 1
	 Base: 5%
	 Effective Percent: 37,2%
	 Crit Inc Heal: 2,6
	 Crit Inc Damage: 2
Haste
	 Rating: 21065
	 Multiplicative Factor: 0%
	 DR Bracket: 1
	 Base: 22%
	 Effective Percent: 60,7%
Vers
	 Rating: 17414
	 Multiplicative Factor: 0%
	 DR Bracket: 0
	 Base: 3%
	 Effective Percent: 25,33%
Leech
	 Rating: 918
	 Multiplicative Factor: 0%
	 DR Bracket: 0
	 Base: 2%
	 Effective Percent: 2,9%
Avoidance
	 Rating: 2859
	 Multiplicative Factor: 0%
	 DR Bracket: 0
	 Base: 0%
	 Effective Percent: 5,26%
Mastery
	 Rating: 8739
	 Multiplicative Factor: 0%
	 DR Bracket: 0
	 Base: 19,8%
	 Effective Percent: 42,27%
----------------------
02:27,976

Intellect
	 Rating: 145594
	 Multiplicative Factor: 8,15%
Stamina
	 Rating: 867233
	 Multiplicative Factor: 11,3%
Crit
	 Rating: 22710
	 Multiplicative Factor: 0%
	 DR Bracket: 1
	 Base: 5%
	 Effective Percent: 37,2%
	 Crit Inc Heal: 2,6
	 Crit Inc Damage: 2
Haste
	 Rating: 21065
	 Multiplicative Factor: 0%
	 DR Bracket: 1
	 Base: 21%
	 Effective Percent: 59,39%
Vers
	 Rating: 17414
	 Multiplicative Factor: 0%
	 DR Bracket: 0
	 Base: 3%
	 Effective Percent: 25,33%
Leech
	 Rating: 918
	 Multiplicative Factor: 0%
	 DR Bracket: 0
	 Base: 2%
	 Effective Percent: 2,9%
Avoidance
	 Rating: 2859
	 Multiplicative Factor: 0%
	 DR Bracket: 0
	 Base: 0%
	 Effective Percent: 5,26%
Mastery
	 Rating: 8739
	 Multiplicative Factor: 0%
	 DR Bracket: 0
	 Base: 19,8%
	 Effective Percent: 42,27%
----------------------
02:28,962

Intellect
	 Rating: 145594
	 Multiplicative Factor: 8,15%
Stamina
	 Rating: 867233
	 Multiplicative Factor: 11,3%
Crit
	 Rating: 22710
	 Multiplicative Factor: 0%
	 DR Bracket: 1
	 Base: 5%
	 Effective Percent: 37,2%
	 Crit Inc Heal: 2,6
	 Crit Inc Damage: 2
Haste
	 Rating: 21065
	 Multiplicative Factor: 0%
	 DR Bracket: 1
	 Base: 20%
	 Effective Percent: 58,07%
Vers
	 Rating: 17414
	 Multiplicative Factor: 0%
	 DR Bracket: 0
	 Base: 3%
	 Effective Percent: 25,33%
Leech
	 Rating: 918
	 Multiplicative Factor: 0%
	 DR Bracket: 0
	 Base: 2%
	 Effective Percent: 2,9%
Avoidance
	 Rating: 2859
	 Multiplicative Factor: 0%
	 DR Bracket: 0
	 Base: 0%
	 Effective Percent: 5,26%
Mastery
	 Rating: 8739
	 Multiplicative Factor: 0%
	 DR Bracket: 0
	 Base: 19,8%
	 Effective Percent: 42,27%
----------------------
02:29,982

Intellect
	 Rating: 145594
	 Multiplicative Factor: 8,15%
Stamina
	 Rating: 867233
	 Multiplicative Factor: 11,3%
Crit
	 Rating: 22710
	 Multiplicative Factor: 0%
	 DR Bracket: 1
	 Base: 5%
	 Effective Percent: 37,2%
	 Crit Inc Heal: 2,6
	 Crit Inc Damage: 2
Haste
	 Rating: 21065
	 Multiplicative Factor: 0%
	 DR Bracket: 1
	 Base: 19%
	 Effective Percent: 56,75%
Vers
	 Rating: 17414
	 Multiplicative Factor: 0%
	 DR Bracket: 0
	 Base: 3%
	 Effective Percent: 25,33%
Leech
	 Rating: 918
	 Multiplicative Factor: 0%
	 DR Bracket: 0
	 Base: 2%
	 Effective Percent: 2,9%
Avoidance
	 Rating: 2859
	 Multiplicative Factor: 0%
	 DR Bracket: 0
	 Base: 0%
	 Effective Percent: 5,26%
Mastery
	 Rating: 8739
	 Multiplicative Factor: 0%
	 DR Bracket: 0
	 Base: 19,8%
	 Effective Percent: 42,27%
----------------------
02:30,974

Intellect
	 Rating: 145594
	 Multiplicative Factor: 8,15%
Stamina
	 Rating: 867233
	 Multiplicative Factor: 11,3%
Crit
	 Rating: 22710
	 Multiplicative Factor: 0%
	 DR Bracket: 1
	 Base: 5%
	 Effective Percent: 37,2%
	 Crit Inc Heal: 2,6
	 Crit Inc Damage: 2
Haste
	 Rating: 21065
	 Multiplicative Factor: 0%
	 DR Bracket: 1
	 Base: 18%
	 Effective Percent: 55,44%
Vers
	 Rating: 17414
	 Multiplicative Factor: 0%
	 DR Bracket: 0
	 Base: 3%
	 Effective Percent: 25,33%
Leech
	 Rating: 918
	 Multiplicative Factor: 0%
	 DR Bracket: 0
	 Base: 2%
	 Effective Percent: 2,9%
Avoidance
	 Rating: 2859
	 Multiplicative Factor: 0%
	 DR Bracket: 0
	 Base: 0%
	 Effective Percent: 5,26%
Mastery
	 Rating: 8739
	 Multiplicative Factor: 0%
	 DR Bracket: 0
	 Base: 19,8%
	 Effective Percent: 42,27%
----------------------
02:31,968

Intellect
	 Rating: 145594
	 Multiplicative Factor: 8,15%
Stamina
	 Rating: 867233
	 Multiplicative Factor: 11,3%
Crit
	 Rating: 22710
	 Multiplicative Factor: 0%
	 DR Bracket: 1
	 Base: 5%
	 Effective Percent: 37,2%
	 Crit Inc Heal: 2,6
	 Crit Inc Damage: 2
Haste
	 Rating: 21065
	 Multiplicative Factor: 0%
	 DR Bracket: 1
	 Base: 17%
	 Effective Percent: 54,12%
Vers
	 Rating: 17414
	 Multiplicative Factor: 0%
	 DR Bracket: 0
	 Base: 3%
	 Effective Percent: 25,33%
Leech
	 Rating: 918
	 Multiplicative Factor: 0%
	 DR Bracket: 0
	 Base: 2%
	 Effective Percent: 2,9%
Avoidance
	 Rating: 2859
	 Multiplicative Factor: 0%
	 DR Bracket: 0
	 Base: 0%
	 Effective Percent: 5,26%
Mastery
	 Rating: 8739
	 Multiplicative Factor: 0%
	 DR Bracket: 0
	 Base: 19,8%
	 Effective Percent: 42,27%
----------------------
02:32,987

Intellect
	 Rating: 145594
	 Multiplicative Factor: 8,15%
Stamina
	 Rating: 867233
	 Multiplicative Factor: 11,3%
Crit
	 Rating: 22710
	 Multiplicative Factor: 0%
	 DR Bracket: 1
	 Base: 5%
	 Effective Percent: 37,2%
	 Crit Inc Heal: 2,6
	 Crit Inc Damage: 2
Haste
	 Rating: 21065
	 Multiplicative Factor: 0%
	 DR Bracket: 1
	 Base: 16%
	 Effective Percent: 52,8%
Vers
	 Rating: 17414
	 Multiplicative Factor: 0%
	 DR Bracket: 0
	 Base: 3%
	 Effective Percent: 25,33%
Leech
	 Rating: 918
	 Multiplicative Factor: 0%
	 DR Bracket: 0
	 Base: 2%
	 Effective Percent: 2,9%
Avoidance
	 Rating: 2859
	 Multiplicative Factor: 0%
	 DR Bracket: 0
	 Base: 0%
	 Effective Percent: 5,26%
Mastery
	 Rating: 8739
	 Multiplicative Factor: 0%
	 DR Bracket: 0
	 Base: 19,8%
	 Effective Percent: 42,27%
----------------------
02:33,991

Intellect
	 Rating: 145594
	 Multiplicative Factor: 8,15%
Stamina
	 Rating: 867233
	 Multiplicative Factor: 11,3%
Crit
	 Rating: 22710
	 Multiplicative Factor: 0%
	 DR Bracket: 1
	 Base: 5%
	 Effective Percent: 37,2%
	 Crit Inc Heal: 2,6
	 Crit Inc Damage: 2
Haste
	 Rating: 21065
	 Multiplicative Factor: 0%
	 DR Bracket: 1
	 Base: 15%
	 Effective Percent: 51,48%
Vers
	 Rating: 17414
	 Multiplicative Factor: 0%
	 DR Bracket: 0
	 Base: 3%
	 Effective Percent: 25,33%
Leech
	 Rating: 918
	 Multiplicative Factor: 0%
	 DR Bracket: 0
	 Base: 2%
	 Effective Percent: 2,9%
Avoidance
	 Rating: 2859
	 Multiplicative Factor: 0%
	 DR Bracket: 0
	 Base: 0%
	 Effective Percent: 5,26%
Mastery
	 Rating: 8739
	 Multiplicative Factor: 0%
	 DR Bracket: 0
	 Base: 19,8%
	 Effective Percent: 42,27%
----------------------
02:34,979

Intellect
	 Rating: 145594
	 Multiplicative Factor: 8,15%
Stamina
	 Rating: 867233
	 Multiplicative Factor: 11,3%
Crit
	 Rating: 22710
	 Multiplicative Factor: 0%
	 DR Bracket: 1
	 Base: 5%
	 Effective Percent: 37,2%
	 Crit Inc Heal: 2,6
	 Crit Inc Damage: 2
Haste
	 Rating: 21065
	 Multiplicative Factor: 0%
	 DR Bracket: 1
	 Base: 14%
	 Effective Percent: 50,17%
Vers
	 Rating: 17414
	 Multiplicative Factor: 0%
	 DR Bracket: 0
	 Base: 3%
	 Effective Percent: 25,33%
Leech
	 Rating: 918
	 Multiplicative Factor: 0%
	 DR Bracket: 0
	 Base: 2%
	 Effective Percent: 2,9%
Avoidance
	 Rating: 2859
	 Multiplicative Factor: 0%
	 DR Bracket: 0
	 Base: 0%
	 Effective Percent: 5,26%
Mastery
	 Rating: 8739
	 Multiplicative Factor: 0%
	 DR Bracket: 0
	 Base: 19,8%
	 Effective Percent: 42,27%
----------------------
02:35,976

Intellect
	 Rating: 145594
	 Multiplicative Factor: 8,15%
Stamina
	 Rating: 867233
	 Multiplicative Factor: 11,3%
Crit
	 Rating: 22710
	 Multiplicative Factor: 0%
	 DR Bracket: 1
	 Base: 5%
	 Effective Percent: 37,2%
	 Crit Inc Heal: 2,6
	 Crit Inc Damage: 2
Haste
	 Rating: 21065
	 Multiplicative Factor: 0%
	 DR Bracket: 1
	 Base: 13%
	 Effective Percent: 48,85%
Vers
	 Rating: 17414
	 Multiplicative Factor: 0%
	 DR Bracket: 0
	 Base: 3%
	 Effective Percent: 25,33%
Leech
	 Rating: 918
	 Multiplicative Factor: 0%
	 DR Bracket: 0
	 Base: 2%
	 Effective Percent: 2,9%
Avoidance
	 Rating: 2859
	 Multiplicative Factor: 0%
	 DR Bracket: 0
	 Base: 0%
	 Effective Percent: 5,26%
Mastery
	 Rating: 8739
	 Multiplicative Factor: 0%
	 DR Bracket: 0
	 Base: 19,8%
	 Effective Percent: 42,27%
----------------------
02:36,980

Intellect
	 Rating: 145594
	 Multiplicative Factor: 8,15%
Stamina
	 Rating: 867233
	 Multiplicative Factor: 11,3%
Crit
	 Rating: 22710
	 Multiplicative Factor: 0%
	 DR Bracket: 1
	 Base: 5%
	 Effective Percent: 37,2%
	 Crit Inc Heal: 2,6
	 Crit Inc Damage: 2
Haste
	 Rating: 21065
	 Multiplicative Factor: 0%
	 DR Bracket: 1
	 Base: 12%
	 Effective Percent: 47,53%
Vers
	 Rating: 17414
	 Multiplicative Factor: 0%
	 DR Bracket: 0
	 Base: 3%
	 Effective Percent: 25,33%
Leech
	 Rating: 918
	 Multiplicative Factor: 0%
	 DR Bracket: 0
	 Base: 2%
	 Effective Percent: 2,9%
Avoidance
	 Rating: 2859
	 Multiplicative Factor: 0%
	 DR Bracket: 0
	 Base: 0%
	 Effective Percent: 5,26%
Mastery
	 Rating: 8739
	 Multiplicative Factor: 0%
	 DR Bracket: 0
	 Base: 19,8%
	 Effective Percent: 42,27%
----------------------
02:37,970

Intellect
	 Rating: 145594
	 Multiplicative Factor: 8,15%
Stamina
	 Rating: 867233
	 Multiplicative Factor: 11,3%
Crit
	 Rating: 22710
	 Multiplicative Factor: 0%
	 DR Bracket: 1
	 Base: 5%
	 Effective Percent: 37,2%
	 Crit Inc Heal: 2,6
	 Crit Inc Damage: 2
Haste
	 Rating: 21065
	 Multiplicative Factor: 0%
	 DR Bracket: 1
	 Base: 11%
	 Effective Percent: 46,21%
Vers
	 Rating: 17414
	 Multiplicative Factor: 0%
	 DR Bracket: 0
	 Base: 3%
	 Effective Percent: 25,33%
Leech
	 Rating: 918
	 Multiplicative Factor: 0%
	 DR Bracket: 0
	 Base: 2%
	 Effective Percent: 2,9%
Avoidance
	 Rating: 2859
	 Multiplicative Factor: 0%
	 DR Bracket: 0
	 Base: 0%
	 Effective Percent: 5,26%
Mastery
	 Rating: 8739
	 Multiplicative Factor: 0%
	 DR Bracket: 0
	 Base: 19,8%
	 Effective Percent: 42,27%
----------------------
02:38,989

Intellect
	 Rating: 145594
	 Multiplicative Factor: 8,15%
Stamina
	 Rating: 867233
	 Multiplicative Factor: 11,3%
Crit
	 Rating: 22710
	 Multiplicative Factor: 0%
	 DR Bracket: 1
	 Base: 5%
	 Effective Percent: 37,2%
	 Crit Inc Heal: 2,6
	 Crit Inc Damage: 2
Haste
	 Rating: 21065
	 Multiplicative Factor: 0%
	 DR Bracket: 1
	 Base: 10%
	 Effective Percent: 44,9%
Vers
	 Rating: 17414
	 Multiplicative Factor: 0%
	 DR Bracket: 0
	 Base: 3%
	 Effective Percent: 25,33%
Leech
	 Rating: 918
	 Multiplicative Factor: 0%
	 DR Bracket: 0
	 Base: 2%
	 Effective Percent: 2,9%
Avoidance
	 Rating: 2859
	 Multiplicative Factor: 0%
	 DR Bracket: 0
	 Base: 0%
	 Effective Percent: 5,26%
Mastery
	 Rating: 8739
	 Multiplicative Factor: 0%
	 DR Bracket: 0
	 Base: 19,8%
	 Effective Percent: 42,27%
----------------------
02:39,975

Intellect
	 Rating: 145594
	 Multiplicative Factor: 8,15%
Stamina
	 Rating: 867233
	 Multiplicative Factor: 11,3%
Crit
	 Rating: 22710
	 Multiplicative Factor: 0%
	 DR Bracket: 1
	 Base: 5%
	 Effective Percent: 37,2%
	 Crit Inc Heal: 2,6
	 Crit Inc Damage: 2
Haste
	 Rating: 21065
	 Multiplicative Factor: 0%
	 DR Bracket: 1
	 Base: 9%
	 Effective Percent: 43,58%
Vers
	 Rating: 17414
	 Multiplicative Factor: 0%
	 DR Bracket: 0
	 Base: 3%
	 Effective Percent: 25,33%
Leech
	 Rating: 918
	 Multiplicative Factor: 0%
	 DR Bracket: 0
	 Base: 2%
	 Effective Percent: 2,9%
Avoidance
	 Rating: 2859
	 Multiplicative Factor: 0%
	 DR Bracket: 0
	 Base: 0%
	 Effective Percent: 5,26%
Mastery
	 Rating: 8739
	 Multiplicative Factor: 0%
	 DR Bracket: 0
	 Base: 19,8%
	 Effective Percent: 42,27%
----------------------
02:40,972

Intellect
	 Rating: 145594
	 Multiplicative Factor: 8,15%
Stamina
	 Rating: 867233
	 Multiplicative Factor: 11,3%
Crit
	 Rating: 22710
	 Multiplicative Factor: 0%
	 DR Bracket: 1
	 Base: 5%
	 Effective Percent: 37,2%
	 Crit Inc Heal: 2,6
	 Crit Inc Damage: 2
Haste
	 Rating: 21065
	 Multiplicative Factor: 0%
	 DR Bracket: 1
	 Base: 8%
	 Effective Percent: 42,26%
Vers
	 Rating: 17414
	 Multiplicative Factor: 0%
	 DR Bracket: 0
	 Base: 3%
	 Effective Percent: 25,33%
Leech
	 Rating: 918
	 Multiplicative Factor: 0%
	 DR Bracket: 0
	 Base: 2%
	 Effective Percent: 2,9%
Avoidance
	 Rating: 2859
	 Multiplicative Factor: 0%
	 DR Bracket: 0
	 Base: 0%
	 Effective Percent: 5,26%
Mastery
	 Rating: 8739
	 Multiplicative Factor: 0%
	 DR Bracket: 0
	 Base: 19,8%
	 Effective Percent: 42,27%
----------------------
02:41,984

Intellect
	 Rating: 145594
	 Multiplicative Factor: 8,15%
Stamina
	 Rating: 867233
	 Multiplicative Factor: 11,3%
Crit
	 Rating: 22710
	 Multiplicative Factor: 0%
	 DR Bracket: 1
	 Base: 5%
	 Effective Percent: 37,2%
	 Crit Inc Heal: 2,6
	 Crit Inc Damage: 2
Haste
	 Rating: 21065
	 Multiplicative Factor: 0%
	 DR Bracket: 1
	 Base: 7%
	 Effective Percent: 40,95%
Vers
	 Rating: 17414
	 Multiplicative Factor: 0%
	 DR Bracket: 0
	 Base: 3%
	 Effective Percent: 25,33%
Leech
	 Rating: 918
	 Multiplicative Factor: 0%
	 DR Bracket: 0
	 Base: 2%
	 Effective Percent: 2,9%
Avoidance
	 Rating: 2859
	 Multiplicative Factor: 0%
	 DR Bracket: 0
	 Base: 0%
	 Effective Percent: 5,26%
Mastery
	 Rating: 8739
	 Multiplicative Factor: 0%
	 DR Bracket: 0
	 Base: 19,8%
	 Effective Percent: 42,27%
----------------------
02:42,971

Intellect
	 Rating: 145594
	 Multiplicative Factor: 8,15%
Stamina
	 Rating: 867233
	 Multiplicative Factor: 11,3%
Crit
	 Rating: 22710
	 Multiplicative Factor: 0%
	 DR Bracket: 1
	 Base: 5%
	 Effective Percent: 37,2%
	 Crit Inc Heal: 2,6
	 Crit Inc Damage: 2
Haste
	 Rating: 21065
	 Multiplicative Factor: 0%
	 DR Bracket: 1
	 Base: 6%
	 Effective Percent: 39,63%
Vers
	 Rating: 17414
	 Multiplicative Factor: 0%
	 DR Bracket: 0
	 Base: 3%
	 Effective Percent: 25,33%
Leech
	 Rating: 918
	 Multiplicative Factor: 0%
	 DR Bracket: 0
	 Base: 2%
	 Effective Percent: 2,9%
Avoidance
	 Rating: 2859
	 Multiplicative Factor: 0%
	 DR Bracket: 0
	 Base: 0%
	 Effective Percent: 5,26%
Mastery
	 Rating: 8739
	 Multiplicative Factor: 0%
	 DR Bracket: 0
	 Base: 19,8%
	 Effective Percent: 42,27%
----------------------
02:43,969

Intellect
	 Rating: 145594
	 Multiplicative Factor: 8,15%
Stamina
	 Rating: 867233
	 Multiplicative Factor: 11,3%
Crit
	 Rating: 22710
	 Multiplicative Factor: 0%
	 DR Bracket: 1
	 Base: 5%
	 Effective Percent: 37,2%
	 Crit Inc Heal: 2,6
	 Crit Inc Damage: 2
Haste
	 Rating: 21065
	 Multiplicative Factor: 0%
	 DR Bracket: 1
	 Base: 5%
	 Effective Percent: 38,31%
Vers
	 Rating: 17414
	 Multiplicative Factor: 0%
	 DR Bracket: 0
	 Base: 3%
	 Effective Percent: 25,33%
Leech
	 Rating: 918
	 Multiplicative Factor: 0%
	 DR Bracket: 0
	 Base: 2%
	 Effective Percent: 2,9%
Avoidance
	 Rating: 2859
	 Multiplicative Factor: 0%
	 DR Bracket: 0
	 Base: 0%
	 Effective Percent: 5,26%
Mastery
	 Rating: 8739
	 Multiplicative Factor: 0%
	 DR Bracket: 0
	 Base: 19,8%
	 Effective Percent: 42,27%
----------------------
02:44,975

Intellect
	 Rating: 145594
	 Multiplicative Factor: 8,15%
Stamina
	 Rating: 867233
	 Multiplicative Factor: 11,3%
Crit
	 Rating: 22710
	 Multiplicative Factor: 0%
	 DR Bracket: 1
	 Base: 5%
	 Effective Percent: 37,2%
	 Crit Inc Heal: 2,6
	 Crit Inc Damage: 2
Haste
	 Rating: 21065
	 Multiplicative Factor: 0%
	 DR Bracket: 1
	 Base: 4%
	 Effective Percent: 36,99%
Vers
	 Rating: 17414
	 Multiplicative Factor: 0%
	 DR Bracket: 0
	 Base: 3%
	 Effective Percent: 25,33%
Leech
	 Rating: 918
	 Multiplicative Factor: 0%
	 DR Bracket: 0
	 Base: 2%
	 Effective Percent: 2,9%
Avoidance
	 Rating: 2859
	 Multiplicative Factor: 0%
	 DR Bracket: 0
	 Base: 0%
	 Effective Percent: 5,26%
Mastery
	 Rating: 8739
	 Multiplicative Factor: 0%
	 DR Bracket: 0
	 Base: 19,8%
	 Effective Percent: 42,27%
----------------------
02:45,988

Intellect
	 Rating: 145594
	 Multiplicative Factor: 8,15%
Stamina
	 Rating: 867233
	 Multiplicative Factor: 11,3%
Crit
	 Rating: 22710
	 Multiplicative Factor: 0%
	 DR Bracket: 1
	 Base: 5%
	 Effective Percent: 37,2%
	 Crit Inc Heal: 2,6
	 Crit Inc Damage: 2
Haste
	 Rating: 21065
	 Multiplicative Factor: 0%
	 DR Bracket: 1
	 Base: 3%
	 Effective Percent: 35,68%
Vers
	 Rating: 17414
	 Multiplicative Factor: 0%
	 DR Bracket: 0
	 Base: 3%
	 Effective Percent: 25,33%
Leech
	 Rating: 918
	 Multiplicative Factor: 0%
	 DR Bracket: 0
	 Base: 2%
	 Effective Percent: 2,9%
Avoidance
	 Rating: 2859
	 Multiplicative Factor: 0%
	 DR Bracket: 0
	 Base: 0%
	 Effective Percent: 5,26%
Mastery
	 Rating: 8739
	 Multiplicative Factor: 0%
	 DR Bracket: 0
	 Base: 19,8%
	 Effective Percent: 42,27%
----------------------
02:46,972

Intellect
	 Rating: 145594
	 Multiplicative Factor: 8,15%
Stamina
	 Rating: 867233
	 Multiplicative Factor: 11,3%
Crit
	 Rating: 22710
	 Multiplicative Factor: 0%
	 DR Bracket: 1
	 Base: 5%
	 Effective Percent: 37,2%
	 Crit Inc Heal: 2,6
	 Crit Inc Damage: 2
Haste
	 Rating: 21065
	 Multiplicative Factor: 0%
	 DR Bracket: 1
	 Base: 2%
	 Effective Percent: 34,36%
Vers
	 Rating: 17414
	 Multiplicative Factor: 0%
	 DR Bracket: 0
	 Base: 3%
	 Effective Percent: 25,33%
Leech
	 Rating: 918
	 Multiplicative Factor: 0%
	 DR Bracket: 0
	 Base: 2%
	 Effective Percent: 2,9%
Avoidance
	 Rating: 2859
	 Multiplicative Factor: 0%
	 DR Bracket: 0
	 Base: 0%
	 Effective Percent: 5,26%
Mastery
	 Rating: 8739
	 Multiplicative Factor: 0%
	 DR Bracket: 0
	 Base: 19,8%
	 Effective Percent: 42,27%
----------------------
02:47,986

Intellect
	 Rating: 145594
	 Multiplicative Factor: 8,15%
Stamina
	 Rating: 867233
	 Multiplicative Factor: 11,3%
Crit
	 Rating: 22710
	 Multiplicative Factor: 0%
	 DR Bracket: 1
	 Base: 5%
	 Effective Percent: 37,2%
	 Crit Inc Heal: 2,6
	 Crit Inc Damage: 2
Haste
	 Rating: 21065
	 Multiplicative Factor: 0%
	 DR Bracket: 1
	 Base: 1%
	 Effective Percent: 33,04%
Vers
	 Rating: 17414
	 Multiplicative Factor: 0%
	 DR Bracket: 0
	 Base: 3%
	 Effective Percent: 25,33%
Leech
	 Rating: 918
	 Multiplicative Factor: 0%
	 DR Bracket: 0
	 Base: 2%
	 Effective Percent: 2,9%
Avoidance
	 Rating: 2859
	 Multiplicative Factor: 0%
	 DR Bracket: 0
	 Base: 0%
	 Effective Percent: 5,26%
Mastery
	 Rating: 8739
	 Multiplicative Factor: 0%
	 DR Bracket: 0
	 Base: 19,8%
	 Effective Percent: 42,27%
----------------------
02:48,976

Intellect
	 Rating: 145594
	 Multiplicative Factor: 8,15%
Stamina
	 Rating: 867233
	 Multiplicative Factor: 11,3%
Crit
	 Rating: 22710
	 Multiplicative Factor: 0%
	 DR Bracket: 1
	 Base: 5%
	 Effective Percent: 37,2%
	 Crit Inc Heal: 2,6
	 Crit Inc Damage: 2
Haste
	 Rating: 21065
	 Multiplicative Factor: 0%
	 DR Bracket: 1
	 Base: 0%
	 Effective Percent: 31,72%
Vers
	 Rating: 17414
	 Multiplicative Factor: 0%
	 DR Bracket: 0
	 Base: 3%
	 Effective Percent: 25,33%
Leech
	 Rating: 918
	 Multiplicative Factor: 0%
	 DR Bracket: 0
	 Base: 2%
	 Effective Percent: 2,9%
Avoidance
	 Rating: 2859
	 Multiplicative Factor: 0%
	 DR Bracket: 0
	 Base: 0%
	 Effective Percent: 5,26%
Mastery
	 Rating: 8739
	 Multiplicative Factor: 0%
	 DR Bracket: 0
	 Base: 19,8%
	 Effective Percent: 42,27%
----------------------
02:51,699

Intellect
	 Rating: 145594
	 Multiplicative Factor: 8,15%
Stamina
	 Rating: 867233
	 Multiplicative Factor: 11,3%
Crit
	 Rating: 22710
	 Multiplicative Factor: 0%
	 DR Bracket: 1
	 Base: 5%
	 Effective Percent: 37,2%
	 Crit Inc Heal: 2,6
	 Crit Inc Damage: 2
Haste
	 Rating: 21065
	 Multiplicative Factor: 0%
	 DR Bracket: 1
	 Base: 3%
	 Effective Percent: 35,68%
Vers
	 Rating: 17414
	 Multiplicative Factor: 0%
	 DR Bracket: 0
	 Base: 3%
	 Effective Percent: 25,33%
Leech
	 Rating: 918
	 Multiplicative Factor: 0%
	 DR Bracket: 0
	 Base: 2%
	 Effective Percent: 2,9%
Avoidance
	 Rating: 2859
	 Multiplicative Factor: 0%
	 DR Bracket: 0
	 Base: 0%
	 Effective Percent: 5,26%
Mastery
	 Rating: 8739
	 Multiplicative Factor: 0%
	 DR Bracket: 0
	 Base: 19,8%
	 Effective Percent: 42,27%
----------------------
02:51,699

Intellect
	 Rating: 145594
	 Multiplicative Factor: 8,15%
Stamina
	 Rating: 867233
	 Multiplicative Factor: 11,3%
Crit
	 Rating: 22710
	 Multiplicative Factor: 0%
	 DR Bracket: 1
	 Base: 5%
	 Effective Percent: 37,2%
	 Crit Inc Heal: 2,6
	 Crit Inc Damage: 2
Haste
	 Rating: 21065
	 Multiplicative Factor: 0%
	 DR Bracket: 1
	 Base: 6%
	 Effective Percent: 39,63%
Vers
	 Rating: 17414
	 Multiplicative Factor: 0%
	 DR Bracket: 0
	 Base: 3%
	 Effective Percent: 25,33%
Leech
	 Rating: 918
	 Multiplicative Factor: 0%
	 DR Bracket: 0
	 Base: 2%
	 Effective Percent: 2,9%
Avoidance
	 Rating: 2859
	 Multiplicative Factor: 0%
	 DR Bracket: 0
	 Base: 0%
	 Effective Percent: 5,26%
Mastery
	 Rating: 8739
	 Multiplicative Factor: 0%
	 DR Bracket: 0
	 Base: 19,8%
	 Effective Percent: 42,27%
----------------------
02:51,699

Intellect
	 Rating: 145594
	 Multiplicative Factor: 8,15%
Stamina
	 Rating: 867233
	 Multiplicative Factor: 11,3%
Crit
	 Rating: 22710
	 Multiplicative Factor: 0%
	 DR Bracket: 1
	 Base: 5%
	 Effective Percent: 37,2%
	 Crit Inc Heal: 2,6
	 Crit Inc Damage: 2
Haste
	 Rating: 21065
	 Multiplicative Factor: 0%
	 DR Bracket: 1
	 Base: 9%
	 Effective Percent: 43,58%
Vers
	 Rating: 17414
	 Multiplicative Factor: 0%
	 DR Bracket: 0
	 Base: 3%
	 Effective Percent: 25,33%
Leech
	 Rating: 918
	 Multiplicative Factor: 0%
	 DR Bracket: 0
	 Base: 2%
	 Effective Percent: 2,9%
Avoidance
	 Rating: 2859
	 Multiplicative Factor: 0%
	 DR Bracket: 0
	 Base: 0%
	 Effective Percent: 5,26%
Mastery
	 Rating: 8739
	 Multiplicative Factor: 0%
	 DR Bracket: 0
	 Base: 19,8%
	 Effective Percent: 42,27%
----------------------
02:59,702

Intellect
	 Rating: 145594
	 Multiplicative Factor: 8,15%
Stamina
	 Rating: 867233
	 Multiplicative Factor: 11,3%
Crit
	 Rating: 22710
	 Multiplicative Factor: 0%
	 DR Bracket: 1
	 Base: 5%
	 Effective Percent: 37,2%
	 Crit Inc Heal: 2,6
	 Crit Inc Damage: 2
Haste
	 Rating: 21065
	 Multiplicative Factor: 0%
	 DR Bracket: 1
	 Base: 0%
	 Effective Percent: 31,72%
Vers
	 Rating: 17414
	 Multiplicative Factor: 0%
	 DR Bracket: 0
	 Base: 3%
	 Effective Percent: 25,33%
Leech
	 Rating: 918
	 Multiplicative Factor: 0%
	 DR Bracket: 0
	 Base: 2%
	 Effective Percent: 2,9%
Avoidance
	 Rating: 2859
	 Multiplicative Factor: 0%
	 DR Bracket: 0
	 Base: 0%
	 Effective Percent: 5,26%
Mastery
	 Rating: 8739
	 Multiplicative Factor: 0%
	 DR Bracket: 0
	 Base: 19,8%
	 Effective Percent: 42,27%
----------------------
03:06,138

Intellect
	 Rating: 145594
	 Multiplicative Factor: 8,15%
Stamina
	 Rating: 867233
	 Multiplicative Factor: 11,3%
Crit
	 Rating: 28254
	 Multiplicative Factor: 0%
	 DR Bracket: 2
	 Base: 5%
	 Effective Percent: 44,29%
	 Crit Inc Heal: 2,6
	 Crit Inc Damage: 2
Haste
	 Rating: 21065
	 Multiplicative Factor: 0%
	 DR Bracket: 1
	 Base: 0%
	 Effective Percent: 31,72%
Vers
	 Rating: 17414
	 Multiplicative Factor: 0%
	 DR Bracket: 0
	 Base: 3%
	 Effective Percent: 25,33%
Leech
	 Rating: 918
	 Multiplicative Factor: 0%
	 DR Bracket: 0
	 Base: 2%
	 Effective Percent: 2,9%
Avoidance
	 Rating: 2859
	 Multiplicative Factor: 0%
	 DR Bracket: 0
	 Base: 0%
	 Effective Percent: 5,26%
Mastery
	 Rating: 8739
	 Multiplicative Factor: 0%
	 DR Bracket: 0
	 Base: 19,8%
	 Effective Percent: 42,27%
----------------------
03:10,624

Intellect
	 Rating: 145594
	 Multiplicative Factor: 8,15%
Stamina
	 Rating: 867233
	 Multiplicative Factor: 11,3%
Crit
	 Rating: 33797
	 Multiplicative Factor: 0%
	 DR Bracket: 2
	 Base: 5%
	 Effective Percent: 50,63%
	 Crit Inc Heal: 2,6
	 Crit Inc Damage: 2
Haste
	 Rating: 21065
	 Multiplicative Factor: 0%
	 DR Bracket: 1
	 Base: 0%
	 Effective Percent: 31,72%
Vers
	 Rating: 17414
	 Multiplicative Factor: 0%
	 DR Bracket: 0
	 Base: 3%
	 Effective Percent: 25,33%
Leech
	 Rating: 918
	 Multiplicative Factor: 0%
	 DR Bracket: 0
	 Base: 2%
	 Effective Percent: 2,9%
Avoidance
	 Rating: 2859
	 Multiplicative Factor: 0%
	 DR Bracket: 0
	 Base: 0%
	 Effective Percent: 5,26%
Mastery
	 Rating: 8739
	 Multiplicative Factor: 0%
	 DR Bracket: 0
	 Base: 19,8%
	 Effective Percent: 42,27%
----------------------
03:11,233

Intellect
	 Rating: 145594
	 Multiplicative Factor: 8,15%
Stamina
	 Rating: 867233
	 Multiplicative Factor: 11,3%
Crit
	 Rating: 33797
	 Multiplicative Factor: 0%
	 DR Bracket: 2
	 Base: 5%
	 Effective Percent: 50,63%
	 Crit Inc Heal: 2,6
	 Crit Inc Damage: 2
Haste
	 Rating: 21065
	 Multiplicative Factor: 0%
	 DR Bracket: 1
	 Base: 3%
	 Effective Percent: 35,68%
Vers
	 Rating: 17414
	 Multiplicative Factor: 0%
	 DR Bracket: 0
	 Base: 3%
	 Effective Percent: 25,33%
Leech
	 Rating: 918
	 Multiplicative Factor: 0%
	 DR Bracket: 0
	 Base: 2%
	 Effective Percent: 2,9%
Avoidance
	 Rating: 2859
	 Multiplicative Factor: 0%
	 DR Bracket: 0
	 Base: 0%
	 Effective Percent: 5,26%
Mastery
	 Rating: 8739
	 Multiplicative Factor: 0%
	 DR Bracket: 0
	 Base: 19,8%
	 Effective Percent: 42,27%
----------------------
03:11,256

Intellect
	 Rating: 145594
	 Multiplicative Factor: 8,15%
Stamina
	 Rating: 867233
	 Multiplicative Factor: 11,3%
Crit
	 Rating: 33797
	 Multiplicative Factor: 0%
	 DR Bracket: 2
	 Base: 5%
	 Effective Percent: 50,63%
	 Crit Inc Heal: 2,6
	 Crit Inc Damage: 2
Haste
	 Rating: 21065
	 Multiplicative Factor: 0%
	 DR Bracket: 1
	 Base: 6%
	 Effective Percent: 39,63%
Vers
	 Rating: 17414
	 Multiplicative Factor: 0%
	 DR Bracket: 0
	 Base: 3%
	 Effective Percent: 25,33%
Leech
	 Rating: 918
	 Multiplicative Factor: 0%
	 DR Bracket: 0
	 Base: 2%
	 Effective Percent: 2,9%
Avoidance
	 Rating: 2859
	 Multiplicative Factor: 0%
	 DR Bracket: 0
	 Base: 0%
	 Effective Percent: 5,26%
Mastery
	 Rating: 8739
	 Multiplicative Factor: 0%
	 DR Bracket: 0
	 Base: 19,8%
	 Effective Percent: 42,27%
----------------------
03:11,256

Intellect
	 Rating: 145594
	 Multiplicative Factor: 8,15%
Stamina
	 Rating: 867233
	 Multiplicative Factor: 11,3%
Crit
	 Rating: 33797
	 Multiplicative Factor: 0%
	 DR Bracket: 2
	 Base: 5%
	 Effective Percent: 50,63%
	 Crit Inc Heal: 2,6
	 Crit Inc Damage: 2
Haste
	 Rating: 21065
	 Multiplicative Factor: 0%
	 DR Bracket: 1
	 Base: 9%
	 Effective Percent: 43,58%
Vers
	 Rating: 17414
	 Multiplicative Factor: 0%
	 DR Bracket: 0
	 Base: 3%
	 Effective Percent: 25,33%
Leech
	 Rating: 918
	 Multiplicative Factor: 0%
	 DR Bracket: 0
	 Base: 2%
	 Effective Percent: 2,9%
Avoidance
	 Rating: 2859
	 Multiplicative Factor: 0%
	 DR Bracket: 0
	 Base: 0%
	 Effective Percent: 5,26%
Mastery
	 Rating: 8739
	 Multiplicative Factor: 0%
	 DR Bracket: 0
	 Base: 19,8%
	 Effective Percent: 42,27%
----------------------
03:15,978

Intellect
	 Rating: 145594
	 Multiplicative Factor: 8,15%
Stamina
	 Rating: 867233
	 Multiplicative Factor: 11,3%
Crit
	 Rating: 33797
	 Multiplicative Factor: 0%
	 DR Bracket: 2
	 Base: 5%
	 Effective Percent: 50,63%
	 Crit Inc Heal: 2
	 Crit Inc Damage: 2
Haste
	 Rating: 21065
	 Multiplicative Factor: 0%
	 DR Bracket: 1
	 Base: 9%
	 Effective Percent: 43,58%
Vers
	 Rating: 17414
	 Multiplicative Factor: 0%
	 DR Bracket: 0
	 Base: 3%
	 Effective Percent: 25,33%
Leech
	 Rating: 918
	 Multiplicative Factor: 0%
	 DR Bracket: 0
	 Base: 2%
	 Effective Percent: 2,9%
Avoidance
	 Rating: 2859
	 Multiplicative Factor: 0%
	 DR Bracket: 0
	 Base: 0%
	 Effective Percent: 5,26%
Mastery
	 Rating: 8739
	 Multiplicative Factor: 0%
	 DR Bracket: 0
	 Base: 19,8%
	 Effective Percent: 42,27%
----------------------
03:16,167

Intellect
	 Rating: 145594
	 Multiplicative Factor: 8,15%
Stamina
	 Rating: 867233
	 Multiplicative Factor: 11,3%
Crit
	 Rating: 28254
	 Multiplicative Factor: 0%
	 DR Bracket: 2
	 Base: 5%
	 Effective Percent: 44,29%
	 Crit Inc Heal: 2
	 Crit Inc Damage: 2
Haste
	 Rating: 21065
	 Multiplicative Factor: 0%
	 DR Bracket: 1
	 Base: 9%
	 Effective Percent: 43,58%
Vers
	 Rating: 17414
	 Multiplicative Factor: 0%
	 DR Bracket: 0
	 Base: 3%
	 Effective Percent: 25,33%
Leech
	 Rating: 918
	 Multiplicative Factor: 0%
	 DR Bracket: 0
	 Base: 2%
	 Effective Percent: 2,9%
Avoidance
	 Rating: 2859
	 Multiplicative Factor: 0%
	 DR Bracket: 0
	 Base: 0%
	 Effective Percent: 5,26%
Mastery
	 Rating: 8739
	 Multiplicative Factor: 0%
	 DR Bracket: 0
	 Base: 19,8%
	 Effective Percent: 42,27%
----------------------
03:17,525

Intellect
	 Rating: 145594
	 Multiplicative Factor: 8,15%
Stamina
	 Rating: 867233
	 Multiplicative Factor: 11,3%
Crit
	 Rating: 28254
	 Multiplicative Factor: 0%
	 DR Bracket: 2
	 Base: 5%
	 Effective Percent: 44,29%
	 Crit Inc Heal: 2,6
	 Crit Inc Damage: 2
Haste
	 Rating: 21065
	 Multiplicative Factor: 0%
	 DR Bracket: 1
	 Base: 9%
	 Effective Percent: 43,58%
Vers
	 Rating: 17414
	 Multiplicative Factor: 0%
	 DR Bracket: 0
	 Base: 3%
	 Effective Percent: 25,33%
Leech
	 Rating: 918
	 Multiplicative Factor: 0%
	 DR Bracket: 0
	 Base: 2%
	 Effective Percent: 2,9%
Avoidance
	 Rating: 2859
	 Multiplicative Factor: 0%
	 DR Bracket: 0
	 Base: 0%
	 Effective Percent: 5,26%
Mastery
	 Rating: 8739
	 Multiplicative Factor: 0%
	 DR Bracket: 0
	 Base: 19,8%
	 Effective Percent: 42,27%
----------------------
03:20,645

Intellect
	 Rating: 145594
	 Multiplicative Factor: 8,15%
Stamina
	 Rating: 867233
	 Multiplicative Factor: 11,3%
Crit
	 Rating: 22710
	 Multiplicative Factor: 0%
	 DR Bracket: 1
	 Base: 5%
	 Effective Percent: 37,2%
	 Crit Inc Heal: 2,6
	 Crit Inc Damage: 2
Haste
	 Rating: 21065
	 Multiplicative Factor: 0%
	 DR Bracket: 1
	 Base: 9%
	 Effective Percent: 43,58%
Vers
	 Rating: 17414
	 Multiplicative Factor: 0%
	 DR Bracket: 0
	 Base: 3%
	 Effective Percent: 25,33%
Leech
	 Rating: 918
	 Multiplicative Factor: 0%
	 DR Bracket: 0
	 Base: 2%
	 Effective Percent: 2,9%
Avoidance
	 Rating: 2859
	 Multiplicative Factor: 0%
	 DR Bracket: 0
	 Base: 0%
	 Effective Percent: 5,26%
Mastery
	 Rating: 8739
	 Multiplicative Factor: 0%
	 DR Bracket: 0
	 Base: 19,8%
	 Effective Percent: 42,27%
----------------------
03:25,239

Intellect
	 Rating: 145594
	 Multiplicative Factor: 8,15%
Stamina
	 Rating: 867233
	 Multiplicative Factor: 11,3%
Crit
	 Rating: 22710
	 Multiplicative Factor: 0%
	 DR Bracket: 1
	 Base: 5%
	 Effective Percent: 37,2%
	 Crit Inc Heal: 2,6
	 Crit Inc Damage: 2
Haste
	 Rating: 21065
	 Multiplicative Factor: 0%
	 DR Bracket: 1
	 Base: 0%
	 Effective Percent: 31,72%
Vers
	 Rating: 17414
	 Multiplicative Factor: 0%
	 DR Bracket: 0
	 Base: 3%
	 Effective Percent: 25,33%
Leech
	 Rating: 918
	 Multiplicative Factor: 0%
	 DR Bracket: 0
	 Base: 2%
	 Effective Percent: 2,9%
Avoidance
	 Rating: 2859
	 Multiplicative Factor: 0%
	 DR Bracket: 0
	 Base: 0%
	 Effective Percent: 5,26%
Mastery
	 Rating: 8739
	 Multiplicative Factor: 0%
	 DR Bracket: 0
	 Base: 19,8%
	 Effective Percent: 42,27%
----------------------
03:25,399

Intellect
	 Rating: 145594
	 Multiplicative Factor: 8,15%
Stamina
	 Rating: 867233
	 Multiplicative Factor: 11,3%
Crit
	 Rating: 22710
	 Multiplicative Factor: 0%
	 DR Bracket: 1
	 Base: 5%
	 Effective Percent: 37,2%
	 Crit Inc Heal: 2,6
	 Crit Inc Damage: 2
Haste
	 Rating: 21065
	 Multiplicative Factor: 0%
	 DR Bracket: 1
	 Base: 1%
	 Effective Percent: 33,04%
Vers
	 Rating: 17414
	 Multiplicative Factor: 0%
	 DR Bracket: 0
	 Base: 3%
	 Effective Percent: 25,33%
Leech
	 Rating: 918
	 Multiplicative Factor: 0%
	 DR Bracket: 0
	 Base: 2%
	 Effective Percent: 2,9%
Avoidance
	 Rating: 2859
	 Multiplicative Factor: 0%
	 DR Bracket: 0
	 Base: 0%
	 Effective Percent: 5,26%
Mastery
	 Rating: 8739
	 Multiplicative Factor: 0%
	 DR Bracket: 0
	 Base: 19,8%
	 Effective Percent: 42,27%
----------------------
03:25,420

Intellect
	 Rating: 145594
	 Multiplicative Factor: 8,15%
Stamina
	 Rating: 867233
	 Multiplicative Factor: 11,3%
Crit
	 Rating: 28254
	 Multiplicative Factor: 0%
	 DR Bracket: 2
	 Base: 5%
	 Effective Percent: 44,29%
	 Crit Inc Heal: 2,6
	 Crit Inc Damage: 2
Haste
	 Rating: 21065
	 Multiplicative Factor: 0%
	 DR Bracket: 1
	 Base: 1%
	 Effective Percent: 33,04%
Vers
	 Rating: 17414
	 Multiplicative Factor: 0%
	 DR Bracket: 0
	 Base: 3%
	 Effective Percent: 25,33%
Leech
	 Rating: 918
	 Multiplicative Factor: 0%
	 DR Bracket: 0
	 Base: 2%
	 Effective Percent: 2,9%
Avoidance
	 Rating: 2859
	 Multiplicative Factor: 0%
	 DR Bracket: 0
	 Base: 0%
	 Effective Percent: 5,26%
Mastery
	 Rating: 8739
	 Multiplicative Factor: 0%
	 DR Bracket: 0
	 Base: 19,8%
	 Effective Percent: 42,27%
----------------------
03:26,409

Intellect
	 Rating: 145594
	 Multiplicative Factor: 8,15%
Stamina
	 Rating: 867233
	 Multiplicative Factor: 11,3%
Crit
	 Rating: 28254
	 Multiplicative Factor: 0%
	 DR Bracket: 2
	 Base: 5%
	 Effective Percent: 44,29%
	 Crit Inc Heal: 2,6
	 Crit Inc Damage: 2
Haste
	 Rating: 21065
	 Multiplicative Factor: 0%
	 DR Bracket: 1
	 Base: 29%
	 Effective Percent: 69,93%
Vers
	 Rating: 17414
	 Multiplicative Factor: 0%
	 DR Bracket: 0
	 Base: 3%
	 Effective Percent: 25,33%
Leech
	 Rating: 918
	 Multiplicative Factor: 0%
	 DR Bracket: 0
	 Base: 2%
	 Effective Percent: 2,9%
Avoidance
	 Rating: 2859
	 Multiplicative Factor: 0%
	 DR Bracket: 0
	 Base: 0%
	 Effective Percent: 5,26%
Mastery
	 Rating: 8739
	 Multiplicative Factor: 0%
	 DR Bracket: 0
	 Base: 19,8%
	 Effective Percent: 42,27%
----------------------
03:27,402

Intellect
	 Rating: 145594
	 Multiplicative Factor: 8,15%
Stamina
	 Rating: 867233
	 Multiplicative Factor: 11,3%
Crit
	 Rating: 28254
	 Multiplicative Factor: 0%
	 DR Bracket: 2
	 Base: 5%
	 Effective Percent: 44,29%
	 Crit Inc Heal: 2,6
	 Crit Inc Damage: 2
Haste
	 Rating: 21065
	 Multiplicative Factor: 0%
	 DR Bracket: 1
	 Base: 28%
	 Effective Percent: 68,61%
Vers
	 Rating: 17414
	 Multiplicative Factor: 0%
	 DR Bracket: 0
	 Base: 3%
	 Effective Percent: 25,33%
Leech
	 Rating: 918
	 Multiplicative Factor: 0%
	 DR Bracket: 0
	 Base: 2%
	 Effective Percent: 2,9%
Avoidance
	 Rating: 2859
	 Multiplicative Factor: 0%
	 DR Bracket: 0
	 Base: 0%
	 Effective Percent: 5,26%
Mastery
	 Rating: 8739
	 Multiplicative Factor: 0%
	 DR Bracket: 0
	 Base: 19,8%
	 Effective Percent: 42,27%
----------------------
03:28,391

Intellect
	 Rating: 145594
	 Multiplicative Factor: 8,15%
Stamina
	 Rating: 867233
	 Multiplicative Factor: 11,3%
Crit
	 Rating: 28254
	 Multiplicative Factor: 0%
	 DR Bracket: 2
	 Base: 5%
	 Effective Percent: 44,29%
	 Crit Inc Heal: 2,6
	 Crit Inc Damage: 2
Haste
	 Rating: 21065
	 Multiplicative Factor: 0%
	 DR Bracket: 1
	 Base: 27%
	 Effective Percent: 67,29%
Vers
	 Rating: 17414
	 Multiplicative Factor: 0%
	 DR Bracket: 0
	 Base: 3%
	 Effective Percent: 25,33%
Leech
	 Rating: 918
	 Multiplicative Factor: 0%
	 DR Bracket: 0
	 Base: 2%
	 Effective Percent: 2,9%
Avoidance
	 Rating: 2859
	 Multiplicative Factor: 0%
	 DR Bracket: 0
	 Base: 0%
	 Effective Percent: 5,26%
Mastery
	 Rating: 8739
	 Multiplicative Factor: 0%
	 DR Bracket: 0
	 Base: 19,8%
	 Effective Percent: 42,27%
----------------------
03:29,397

Intellect
	 Rating: 145594
	 Multiplicative Factor: 8,15%
Stamina
	 Rating: 867233
	 Multiplicative Factor: 11,3%
Crit
	 Rating: 28254
	 Multiplicative Factor: 0%
	 DR Bracket: 2
	 Base: 5%
	 Effective Percent: 44,29%
	 Crit Inc Heal: 2,6
	 Crit Inc Damage: 2
Haste
	 Rating: 21065
	 Multiplicative Factor: 0%
	 DR Bracket: 1
	 Base: 26%
	 Effective Percent: 65,97%
Vers
	 Rating: 17414
	 Multiplicative Factor: 0%
	 DR Bracket: 0
	 Base: 3%
	 Effective Percent: 25,33%
Leech
	 Rating: 918
	 Multiplicative Factor: 0%
	 DR Bracket: 0
	 Base: 2%
	 Effective Percent: 2,9%
Avoidance
	 Rating: 2859
	 Multiplicative Factor: 0%
	 DR Bracket: 0
	 Base: 0%
	 Effective Percent: 5,26%
Mastery
	 Rating: 8739
	 Multiplicative Factor: 0%
	 DR Bracket: 0
	 Base: 19,8%
	 Effective Percent: 42,27%
----------------------
03:30,392

Intellect
	 Rating: 145594
	 Multiplicative Factor: 8,15%
Stamina
	 Rating: 867233
	 Multiplicative Factor: 11,3%
Crit
	 Rating: 28254
	 Multiplicative Factor: 0%
	 DR Bracket: 2
	 Base: 5%
	 Effective Percent: 44,29%
	 Crit Inc Heal: 2,6
	 Crit Inc Damage: 2
Haste
	 Rating: 21065
	 Multiplicative Factor: 0%
	 DR Bracket: 1
	 Base: 25%
	 Effective Percent: 64,66%
Vers
	 Rating: 17414
	 Multiplicative Factor: 0%
	 DR Bracket: 0
	 Base: 3%
	 Effective Percent: 25,33%
Leech
	 Rating: 918
	 Multiplicative Factor: 0%
	 DR Bracket: 0
	 Base: 2%
	 Effective Percent: 2,9%
Avoidance
	 Rating: 2859
	 Multiplicative Factor: 0%
	 DR Bracket: 0
	 Base: 0%
	 Effective Percent: 5,26%
Mastery
	 Rating: 8739
	 Multiplicative Factor: 0%
	 DR Bracket: 0
	 Base: 19,8%
	 Effective Percent: 42,27%
----------------------
03:31,405

Intellect
	 Rating: 145594
	 Multiplicative Factor: 8,15%
Stamina
	 Rating: 867233
	 Multiplicative Factor: 11,3%
Crit
	 Rating: 28254
	 Multiplicative Factor: 0%
	 DR Bracket: 2
	 Base: 5%
	 Effective Percent: 44,29%
	 Crit Inc Heal: 2,6
	 Crit Inc Damage: 2
Haste
	 Rating: 21065
	 Multiplicative Factor: 0%
	 DR Bracket: 1
	 Base: 24%
	 Effective Percent: 63,34%
Vers
	 Rating: 17414
	 Multiplicative Factor: 0%
	 DR Bracket: 0
	 Base: 3%
	 Effective Percent: 25,33%
Leech
	 Rating: 918
	 Multiplicative Factor: 0%
	 DR Bracket: 0
	 Base: 2%
	 Effective Percent: 2,9%
Avoidance
	 Rating: 2859
	 Multiplicative Factor: 0%
	 DR Bracket: 0
	 Base: 0%
	 Effective Percent: 5,26%
Mastery
	 Rating: 8739
	 Multiplicative Factor: 0%
	 DR Bracket: 0
	 Base: 19,8%
	 Effective Percent: 42,27%
----------------------
03:32,403

Intellect
	 Rating: 145594
	 Multiplicative Factor: 8,15%
Stamina
	 Rating: 867233
	 Multiplicative Factor: 11,3%
Crit
	 Rating: 28254
	 Multiplicative Factor: 0%
	 DR Bracket: 2
	 Base: 5%
	 Effective Percent: 44,29%
	 Crit Inc Heal: 2,6
	 Crit Inc Damage: 2
Haste
	 Rating: 21065
	 Multiplicative Factor: 0%
	 DR Bracket: 1
	 Base: 23%
	 Effective Percent: 62,02%
Vers
	 Rating: 17414
	 Multiplicative Factor: 0%
	 DR Bracket: 0
	 Base: 3%
	 Effective Percent: 25,33%
Leech
	 Rating: 918
	 Multiplicative Factor: 0%
	 DR Bracket: 0
	 Base: 2%
	 Effective Percent: 2,9%
Avoidance
	 Rating: 2859
	 Multiplicative Factor: 0%
	 DR Bracket: 0
	 Base: 0%
	 Effective Percent: 5,26%
Mastery
	 Rating: 8739
	 Multiplicative Factor: 0%
	 DR Bracket: 0
	 Base: 19,8%
	 Effective Percent: 42,27%
----------------------
03:33,407

Intellect
	 Rating: 145594
	 Multiplicative Factor: 8,15%
Stamina
	 Rating: 867233
	 Multiplicative Factor: 11,3%
Crit
	 Rating: 28254
	 Multiplicative Factor: 0%
	 DR Bracket: 2
	 Base: 5%
	 Effective Percent: 44,29%
	 Crit Inc Heal: 2,6
	 Crit Inc Damage: 2
Haste
	 Rating: 21065
	 Multiplicative Factor: 0%
	 DR Bracket: 1
	 Base: 22%
	 Effective Percent: 60,7%
Vers
	 Rating: 17414
	 Multiplicative Factor: 0%
	 DR Bracket: 0
	 Base: 3%
	 Effective Percent: 25,33%
Leech
	 Rating: 918
	 Multiplicative Factor: 0%
	 DR Bracket: 0
	 Base: 2%
	 Effective Percent: 2,9%
Avoidance
	 Rating: 2859
	 Multiplicative Factor: 0%
	 DR Bracket: 0
	 Base: 0%
	 Effective Percent: 5,26%
Mastery
	 Rating: 8739
	 Multiplicative Factor: 0%
	 DR Bracket: 0
	 Base: 19,8%
	 Effective Percent: 42,27%
----------------------
03:34,401

Intellect
	 Rating: 145594
	 Multiplicative Factor: 8,15%
Stamina
	 Rating: 867233
	 Multiplicative Factor: 11,3%
Crit
	 Rating: 28254
	 Multiplicative Factor: 0%
	 DR Bracket: 2
	 Base: 5%
	 Effective Percent: 44,29%
	 Crit Inc Heal: 2,6
	 Crit Inc Damage: 2
Haste
	 Rating: 21065
	 Multiplicative Factor: 0%
	 DR Bracket: 1
	 Base: 21%
	 Effective Percent: 59,39%
Vers
	 Rating: 17414
	 Multiplicative Factor: 0%
	 DR Bracket: 0
	 Base: 3%
	 Effective Percent: 25,33%
Leech
	 Rating: 918
	 Multiplicative Factor: 0%
	 DR Bracket: 0
	 Base: 2%
	 Effective Percent: 2,9%
Avoidance
	 Rating: 2859
	 Multiplicative Factor: 0%
	 DR Bracket: 0
	 Base: 0%
	 Effective Percent: 5,26%
Mastery
	 Rating: 8739
	 Multiplicative Factor: 0%
	 DR Bracket: 0
	 Base: 19,8%
	 Effective Percent: 42,27%
----------------------
03:35,404

Intellect
	 Rating: 145594
	 Multiplicative Factor: 8,15%
Stamina
	 Rating: 867233
	 Multiplicative Factor: 11,3%
Crit
	 Rating: 28254
	 Multiplicative Factor: 0%
	 DR Bracket: 2
	 Base: 5%
	 Effective Percent: 44,29%
	 Crit Inc Heal: 2,6
	 Crit Inc Damage: 2
Haste
	 Rating: 21065
	 Multiplicative Factor: 0%
	 DR Bracket: 1
	 Base: 20%
	 Effective Percent: 58,07%
Vers
	 Rating: 17414
	 Multiplicative Factor: 0%
	 DR Bracket: 0
	 Base: 3%
	 Effective Percent: 25,33%
Leech
	 Rating: 918
	 Multiplicative Factor: 0%
	 DR Bracket: 0
	 Base: 2%
	 Effective Percent: 2,9%
Avoidance
	 Rating: 2859
	 Multiplicative Factor: 0%
	 DR Bracket: 0
	 Base: 0%
	 Effective Percent: 5,26%
Mastery
	 Rating: 8739
	 Multiplicative Factor: 0%
	 DR Bracket: 0
	 Base: 19,8%
	 Effective Percent: 42,27%
----------------------
03:35,422

Intellect
	 Rating: 145594
	 Multiplicative Factor: 8,15%
Stamina
	 Rating: 867233
	 Multiplicative Factor: 11,3%
Crit
	 Rating: 22710
	 Multiplicative Factor: 0%
	 DR Bracket: 1
	 Base: 5%
	 Effective Percent: 37,2%
	 Crit Inc Heal: 2,6
	 Crit Inc Damage: 2
Haste
	 Rating: 21065
	 Multiplicative Factor: 0%
	 DR Bracket: 1
	 Base: 20%
	 Effective Percent: 58,07%
Vers
	 Rating: 17414
	 Multiplicative Factor: 0%
	 DR Bracket: 0
	 Base: 3%
	 Effective Percent: 25,33%
Leech
	 Rating: 918
	 Multiplicative Factor: 0%
	 DR Bracket: 0
	 Base: 2%
	 Effective Percent: 2,9%
Avoidance
	 Rating: 2859
	 Multiplicative Factor: 0%
	 DR Bracket: 0
	 Base: 0%
	 Effective Percent: 5,26%
Mastery
	 Rating: 8739
	 Multiplicative Factor: 0%
	 DR Bracket: 0
	 Base: 19,8%
	 Effective Percent: 42,27%
----------------------
03:36,392

Intellect
	 Rating: 145594
	 Multiplicative Factor: 8,15%
Stamina
	 Rating: 867233
	 Multiplicative Factor: 11,3%
Crit
	 Rating: 22710
	 Multiplicative Factor: 0%
	 DR Bracket: 1
	 Base: 5%
	 Effective Percent: 37,2%
	 Crit Inc Heal: 2,6
	 Crit Inc Damage: 2
Haste
	 Rating: 21065
	 Multiplicative Factor: 0%
	 DR Bracket: 1
	 Base: 19%
	 Effective Percent: 56,75%
Vers
	 Rating: 17414
	 Multiplicative Factor: 0%
	 DR Bracket: 0
	 Base: 3%
	 Effective Percent: 25,33%
Leech
	 Rating: 918
	 Multiplicative Factor: 0%
	 DR Bracket: 0
	 Base: 2%
	 Effective Percent: 2,9%
Avoidance
	 Rating: 2859
	 Multiplicative Factor: 0%
	 DR Bracket: 0
	 Base: 0%
	 Effective Percent: 5,26%
Mastery
	 Rating: 8739
	 Multiplicative Factor: 0%
	 DR Bracket: 0
	 Base: 19,8%
	 Effective Percent: 42,27%
----------------------
03:37,152

Intellect
	 Rating: 145594
	 Multiplicative Factor: 8,15%
Stamina
	 Rating: 867233
	 Multiplicative Factor: 11,3%
Crit
	 Rating: 28254
	 Multiplicative Factor: 0%
	 DR Bracket: 2
	 Base: 5%
	 Effective Percent: 44,29%
	 Crit Inc Heal: 2,6
	 Crit Inc Damage: 2
Haste
	 Rating: 21065
	 Multiplicative Factor: 0%
	 DR Bracket: 1
	 Base: 19%
	 Effective Percent: 56,75%
Vers
	 Rating: 17414
	 Multiplicative Factor: 0%
	 DR Bracket: 0
	 Base: 3%
	 Effective Percent: 25,33%
Leech
	 Rating: 918
	 Multiplicative Factor: 0%
	 DR Bracket: 0
	 Base: 2%
	 Effective Percent: 2,9%
Avoidance
	 Rating: 2859
	 Multiplicative Factor: 0%
	 DR Bracket: 0
	 Base: 0%
	 Effective Percent: 5,26%
Mastery
	 Rating: 8739
	 Multiplicative Factor: 0%
	 DR Bracket: 0
	 Base: 19,8%
	 Effective Percent: 42,27%
----------------------
03:37,413

Intellect
	 Rating: 145594
	 Multiplicative Factor: 8,15%
Stamina
	 Rating: 867233
	 Multiplicative Factor: 11,3%
Crit
	 Rating: 28254
	 Multiplicative Factor: 0%
	 DR Bracket: 2
	 Base: 5%
	 Effective Percent: 44,29%
	 Crit Inc Heal: 2,6
	 Crit Inc Damage: 2
Haste
	 Rating: 21065
	 Multiplicative Factor: 0%
	 DR Bracket: 1
	 Base: 18%
	 Effective Percent: 55,44%
Vers
	 Rating: 17414
	 Multiplicative Factor: 0%
	 DR Bracket: 0
	 Base: 3%
	 Effective Percent: 25,33%
Leech
	 Rating: 918
	 Multiplicative Factor: 0%
	 DR Bracket: 0
	 Base: 2%
	 Effective Percent: 2,9%
Avoidance
	 Rating: 2859
	 Multiplicative Factor: 0%
	 DR Bracket: 0
	 Base: 0%
	 Effective Percent: 5,26%
Mastery
	 Rating: 8739
	 Multiplicative Factor: 0%
	 DR Bracket: 0
	 Base: 19,8%
	 Effective Percent: 42,27%
----------------------
03:38,396

Intellect
	 Rating: 145594
	 Multiplicative Factor: 8,15%
Stamina
	 Rating: 867233
	 Multiplicative Factor: 11,3%
Crit
	 Rating: 28254
	 Multiplicative Factor: 0%
	 DR Bracket: 2
	 Base: 5%
	 Effective Percent: 44,29%
	 Crit Inc Heal: 2,6
	 Crit Inc Damage: 2
Haste
	 Rating: 21065
	 Multiplicative Factor: 0%
	 DR Bracket: 1
	 Base: 17%
	 Effective Percent: 54,12%
Vers
	 Rating: 17414
	 Multiplicative Factor: 0%
	 DR Bracket: 0
	 Base: 3%
	 Effective Percent: 25,33%
Leech
	 Rating: 918
	 Multiplicative Factor: 0%
	 DR Bracket: 0
	 Base: 2%
	 Effective Percent: 2,9%
Avoidance
	 Rating: 2859
	 Multiplicative Factor: 0%
	 DR Bracket: 0
	 Base: 0%
	 Effective Percent: 5,26%
Mastery
	 Rating: 8739
	 Multiplicative Factor: 0%
	 DR Bracket: 0
	 Base: 19,8%
	 Effective Percent: 42,27%
----------------------
03:39,404

Intellect
	 Rating: 145594
	 Multiplicative Factor: 8,15%
Stamina
	 Rating: 867233
	 Multiplicative Factor: 11,3%
Crit
	 Rating: 28254
	 Multiplicative Factor: 0%
	 DR Bracket: 2
	 Base: 5%
	 Effective Percent: 44,29%
	 Crit Inc Heal: 2,6
	 Crit Inc Damage: 2
Haste
	 Rating: 21065
	 Multiplicative Factor: 0%
	 DR Bracket: 1
	 Base: 16%
	 Effective Percent: 52,8%
Vers
	 Rating: 17414
	 Multiplicative Factor: 0%
	 DR Bracket: 0
	 Base: 3%
	 Effective Percent: 25,33%
Leech
	 Rating: 918
	 Multiplicative Factor: 0%
	 DR Bracket: 0
	 Base: 2%
	 Effective Percent: 2,9%
Avoidance
	 Rating: 2859
	 Multiplicative Factor: 0%
	 DR Bracket: 0
	 Base: 0%
	 Effective Percent: 5,26%
Mastery
	 Rating: 8739
	 Multiplicative Factor: 0%
	 DR Bracket: 0
	 Base: 19,8%
	 Effective Percent: 42,27%
----------------------
03:40,407

Intellect
	 Rating: 145594
	 Multiplicative Factor: 8,15%
Stamina
	 Rating: 867233
	 Multiplicative Factor: 11,3%
Crit
	 Rating: 28254
	 Multiplicative Factor: 0%
	 DR Bracket: 2
	 Base: 5%
	 Effective Percent: 44,29%
	 Crit Inc Heal: 2,6
	 Crit Inc Damage: 2
Haste
	 Rating: 21065
	 Multiplicative Factor: 0%
	 DR Bracket: 1
	 Base: 15%
	 Effective Percent: 51,48%
Vers
	 Rating: 17414
	 Multiplicative Factor: 0%
	 DR Bracket: 0
	 Base: 3%
	 Effective Percent: 25,33%
Leech
	 Rating: 918
	 Multiplicative Factor: 0%
	 DR Bracket: 0
	 Base: 2%
	 Effective Percent: 2,9%
Avoidance
	 Rating: 2859
	 Multiplicative Factor: 0%
	 DR Bracket: 0
	 Base: 0%
	 Effective Percent: 5,26%
Mastery
	 Rating: 8739
	 Multiplicative Factor: 0%
	 DR Bracket: 0
	 Base: 19,8%
	 Effective Percent: 42,27%
----------------------
03:41,391

Intellect
	 Rating: 145594
	 Multiplicative Factor: 8,15%
Stamina
	 Rating: 867233
	 Multiplicative Factor: 11,3%
Crit
	 Rating: 28254
	 Multiplicative Factor: 0%
	 DR Bracket: 2
	 Base: 5%
	 Effective Percent: 44,29%
	 Crit Inc Heal: 2,6
	 Crit Inc Damage: 2
Haste
	 Rating: 21065
	 Multiplicative Factor: 0%
	 DR Bracket: 1
	 Base: 14%
	 Effective Percent: 50,17%
Vers
	 Rating: 17414
	 Multiplicative Factor: 0%
	 DR Bracket: 0
	 Base: 3%
	 Effective Percent: 25,33%
Leech
	 Rating: 918
	 Multiplicative Factor: 0%
	 DR Bracket: 0
	 Base: 2%
	 Effective Percent: 2,9%
Avoidance
	 Rating: 2859
	 Multiplicative Factor: 0%
	 DR Bracket: 0
	 Base: 0%
	 Effective Percent: 5,26%
Mastery
	 Rating: 8739
	 Multiplicative Factor: 0%
	 DR Bracket: 0
	 Base: 19,8%
	 Effective Percent: 42,27%
----------------------
03:42,227

Intellect
	 Rating: 145594
	 Multiplicative Factor: 8,15%
Stamina
	 Rating: 867233
	 Multiplicative Factor: 11,3%
Crit
	 Rating: 28254
	 Multiplicative Factor: 0%
	 DR Bracket: 2
	 Base: 5%
	 Effective Percent: 44,29%
	 Crit Inc Heal: 2,6
	 Crit Inc Damage: 2
Haste
	 Rating: 21065
	 Multiplicative Factor: 0%
	 DR Bracket: 1
	 Base: 17%
	 Effective Percent: 54,12%
Vers
	 Rating: 17414
	 Multiplicative Factor: 0%
	 DR Bracket: 0
	 Base: 3%
	 Effective Percent: 25,33%
Leech
	 Rating: 918
	 Multiplicative Factor: 0%
	 DR Bracket: 0
	 Base: 2%
	 Effective Percent: 2,9%
Avoidance
	 Rating: 2859
	 Multiplicative Factor: 0%
	 DR Bracket: 0
	 Base: 0%
	 Effective Percent: 5,26%
Mastery
	 Rating: 8739
	 Multiplicative Factor: 0%
	 DR Bracket: 0
	 Base: 19,8%
	 Effective Percent: 42,27%
----------------------
03:42,229

Intellect
	 Rating: 145594
	 Multiplicative Factor: 8,15%
Stamina
	 Rating: 867233
	 Multiplicative Factor: 11,3%
Crit
	 Rating: 28254
	 Multiplicative Factor: 0%
	 DR Bracket: 2
	 Base: 5%
	 Effective Percent: 44,29%
	 Crit Inc Heal: 2,6
	 Crit Inc Damage: 2
Haste
	 Rating: 21065
	 Multiplicative Factor: 0%
	 DR Bracket: 1
	 Base: 20%
	 Effective Percent: 58,07%
Vers
	 Rating: 17414
	 Multiplicative Factor: 0%
	 DR Bracket: 0
	 Base: 3%
	 Effective Percent: 25,33%
Leech
	 Rating: 918
	 Multiplicative Factor: 0%
	 DR Bracket: 0
	 Base: 2%
	 Effective Percent: 2,9%
Avoidance
	 Rating: 2859
	 Multiplicative Factor: 0%
	 DR Bracket: 0
	 Base: 0%
	 Effective Percent: 5,26%
Mastery
	 Rating: 8739
	 Multiplicative Factor: 0%
	 DR Bracket: 0
	 Base: 19,8%
	 Effective Percent: 42,27%
----------------------
03:42,229

Intellect
	 Rating: 145594
	 Multiplicative Factor: 8,15%
Stamina
	 Rating: 867233
	 Multiplicative Factor: 11,3%
Crit
	 Rating: 28254
	 Multiplicative Factor: 0%
	 DR Bracket: 2
	 Base: 5%
	 Effective Percent: 44,29%
	 Crit Inc Heal: 2,6
	 Crit Inc Damage: 2
Haste
	 Rating: 21065
	 Multiplicative Factor: 0%
	 DR Bracket: 1
	 Base: 23%
	 Effective Percent: 62,02%
Vers
	 Rating: 17414
	 Multiplicative Factor: 0%
	 DR Bracket: 0
	 Base: 3%
	 Effective Percent: 25,33%
Leech
	 Rating: 918
	 Multiplicative Factor: 0%
	 DR Bracket: 0
	 Base: 2%
	 Effective Percent: 2,9%
Avoidance
	 Rating: 2859
	 Multiplicative Factor: 0%
	 DR Bracket: 0
	 Base: 0%
	 Effective Percent: 5,26%
Mastery
	 Rating: 8739
	 Multiplicative Factor: 0%
	 DR Bracket: 0
	 Base: 19,8%
	 Effective Percent: 42,27%
----------------------
03:42,417

Intellect
	 Rating: 145594
	 Multiplicative Factor: 8,15%
Stamina
	 Rating: 867233
	 Multiplicative Factor: 11,3%
Crit
	 Rating: 28254
	 Multiplicative Factor: 0%
	 DR Bracket: 2
	 Base: 5%
	 Effective Percent: 44,29%
	 Crit Inc Heal: 2,6
	 Crit Inc Damage: 2
Haste
	 Rating: 21065
	 Multiplicative Factor: 0%
	 DR Bracket: 1
	 Base: 22%
	 Effective Percent: 60,7%
Vers
	 Rating: 17414
	 Multiplicative Factor: 0%
	 DR Bracket: 0
	 Base: 3%
	 Effective Percent: 25,33%
Leech
	 Rating: 918
	 Multiplicative Factor: 0%
	 DR Bracket: 0
	 Base: 2%
	 Effective Percent: 2,9%
Avoidance
	 Rating: 2859
	 Multiplicative Factor: 0%
	 DR Bracket: 0
	 Base: 0%
	 Effective Percent: 5,26%
Mastery
	 Rating: 8739
	 Multiplicative Factor: 0%
	 DR Bracket: 0
	 Base: 19,8%
	 Effective Percent: 42,27%
----------------------
03:43,049

Intellect
	 Rating: 145594
	 Multiplicative Factor: 8,15%
Stamina
	 Rating: 867233
	 Multiplicative Factor: 11,3%
Crit
	 Rating: 33797
	 Multiplicative Factor: 0%
	 DR Bracket: 2
	 Base: 5%
	 Effective Percent: 50,63%
	 Crit Inc Heal: 2,6
	 Crit Inc Damage: 2
Haste
	 Rating: 21065
	 Multiplicative Factor: 0%
	 DR Bracket: 1
	 Base: 22%
	 Effective Percent: 60,7%
Vers
	 Rating: 17414
	 Multiplicative Factor: 0%
	 DR Bracket: 0
	 Base: 3%
	 Effective Percent: 25,33%
Leech
	 Rating: 918
	 Multiplicative Factor: 0%
	 DR Bracket: 0
	 Base: 2%
	 Effective Percent: 2,9%
Avoidance
	 Rating: 2859
	 Multiplicative Factor: 0%
	 DR Bracket: 0
	 Base: 0%
	 Effective Percent: 5,26%
Mastery
	 Rating: 8739
	 Multiplicative Factor: 0%
	 DR Bracket: 0
	 Base: 19,8%
	 Effective Percent: 42,27%
----------------------
03:43,397

Intellect
	 Rating: 145594
	 Multiplicative Factor: 8,15%
Stamina
	 Rating: 867233
	 Multiplicative Factor: 11,3%
Crit
	 Rating: 33797
	 Multiplicative Factor: 0%
	 DR Bracket: 2
	 Base: 5%
	 Effective Percent: 50,63%
	 Crit Inc Heal: 2,6
	 Crit Inc Damage: 2
Haste
	 Rating: 21065
	 Multiplicative Factor: 0%
	 DR Bracket: 1
	 Base: 21%
	 Effective Percent: 59,39%
Vers
	 Rating: 17414
	 Multiplicative Factor: 0%
	 DR Bracket: 0
	 Base: 3%
	 Effective Percent: 25,33%
Leech
	 Rating: 918
	 Multiplicative Factor: 0%
	 DR Bracket: 0
	 Base: 2%
	 Effective Percent: 2,9%
Avoidance
	 Rating: 2859
	 Multiplicative Factor: 0%
	 DR Bracket: 0
	 Base: 0%
	 Effective Percent: 5,26%
Mastery
	 Rating: 8739
	 Multiplicative Factor: 0%
	 DR Bracket: 0
	 Base: 19,8%
	 Effective Percent: 42,27%
----------------------
03:44,397

Intellect
	 Rating: 145594
	 Multiplicative Factor: 8,15%
Stamina
	 Rating: 867233
	 Multiplicative Factor: 11,3%
Crit
	 Rating: 33797
	 Multiplicative Factor: 0%
	 DR Bracket: 2
	 Base: 5%
	 Effective Percent: 50,63%
	 Crit Inc Heal: 2,6
	 Crit Inc Damage: 2
Haste
	 Rating: 21065
	 Multiplicative Factor: 0%
	 DR Bracket: 1
	 Base: 20%
	 Effective Percent: 58,07%
Vers
	 Rating: 17414
	 Multiplicative Factor: 0%
	 DR Bracket: 0
	 Base: 3%
	 Effective Percent: 25,33%
Leech
	 Rating: 918
	 Multiplicative Factor: 0%
	 DR Bracket: 0
	 Base: 2%
	 Effective Percent: 2,9%
Avoidance
	 Rating: 2859
	 Multiplicative Factor: 0%
	 DR Bracket: 0
	 Base: 0%
	 Effective Percent: 5,26%
Mastery
	 Rating: 8739
	 Multiplicative Factor: 0%
	 DR Bracket: 0
	 Base: 19,8%
	 Effective Percent: 42,27%
----------------------
03:45,404

Intellect
	 Rating: 145594
	 Multiplicative Factor: 8,15%
Stamina
	 Rating: 867233
	 Multiplicative Factor: 11,3%
Crit
	 Rating: 33797
	 Multiplicative Factor: 0%
	 DR Bracket: 2
	 Base: 5%
	 Effective Percent: 50,63%
	 Crit Inc Heal: 2,6
	 Crit Inc Damage: 2
Haste
	 Rating: 21065
	 Multiplicative Factor: 0%
	 DR Bracket: 1
	 Base: 19%
	 Effective Percent: 56,75%
Vers
	 Rating: 17414
	 Multiplicative Factor: 0%
	 DR Bracket: 0
	 Base: 3%
	 Effective Percent: 25,33%
Leech
	 Rating: 918
	 Multiplicative Factor: 0%
	 DR Bracket: 0
	 Base: 2%
	 Effective Percent: 2,9%
Avoidance
	 Rating: 2859
	 Multiplicative Factor: 0%
	 DR Bracket: 0
	 Base: 0%
	 Effective Percent: 5,26%
Mastery
	 Rating: 8739
	 Multiplicative Factor: 0%
	 DR Bracket: 0
	 Base: 19,8%
	 Effective Percent: 42,27%
----------------------
03:46,399

Intellect
	 Rating: 145594
	 Multiplicative Factor: 8,15%
Stamina
	 Rating: 867233
	 Multiplicative Factor: 11,3%
Crit
	 Rating: 33797
	 Multiplicative Factor: 0%
	 DR Bracket: 2
	 Base: 5%
	 Effective Percent: 50,63%
	 Crit Inc Heal: 2,6
	 Crit Inc Damage: 2
Haste
	 Rating: 21065
	 Multiplicative Factor: 0%
	 DR Bracket: 1
	 Base: 18%
	 Effective Percent: 55,44%
Vers
	 Rating: 17414
	 Multiplicative Factor: 0%
	 DR Bracket: 0
	 Base: 3%
	 Effective Percent: 25,33%
Leech
	 Rating: 918
	 Multiplicative Factor: 0%
	 DR Bracket: 0
	 Base: 2%
	 Effective Percent: 2,9%
Avoidance
	 Rating: 2859
	 Multiplicative Factor: 0%
	 DR Bracket: 0
	 Base: 0%
	 Effective Percent: 5,26%
Mastery
	 Rating: 8739
	 Multiplicative Factor: 0%
	 DR Bracket: 0
	 Base: 19,8%
	 Effective Percent: 42,27%
----------------------
03:47,156

Intellect
	 Rating: 145594
	 Multiplicative Factor: 8,15%
Stamina
	 Rating: 867233
	 Multiplicative Factor: 11,3%
Crit
	 Rating: 28254
	 Multiplicative Factor: 0%
	 DR Bracket: 2
	 Base: 5%
	 Effective Percent: 44,29%
	 Crit Inc Heal: 2,6
	 Crit Inc Damage: 2
Haste
	 Rating: 21065
	 Multiplicative Factor: 0%
	 DR Bracket: 1
	 Base: 18%
	 Effective Percent: 55,44%
Vers
	 Rating: 17414
	 Multiplicative Factor: 0%
	 DR Bracket: 0
	 Base: 3%
	 Effective Percent: 25,33%
Leech
	 Rating: 918
	 Multiplicative Factor: 0%
	 DR Bracket: 0
	 Base: 2%
	 Effective Percent: 2,9%
Avoidance
	 Rating: 2859
	 Multiplicative Factor: 0%
	 DR Bracket: 0
	 Base: 0%
	 Effective Percent: 5,26%
Mastery
	 Rating: 8739
	 Multiplicative Factor: 0%
	 DR Bracket: 0
	 Base: 19,8%
	 Effective Percent: 42,27%
----------------------
03:47,397

Intellect
	 Rating: 145594
	 Multiplicative Factor: 8,15%
Stamina
	 Rating: 867233
	 Multiplicative Factor: 11,3%
Crit
	 Rating: 28254
	 Multiplicative Factor: 0%
	 DR Bracket: 2
	 Base: 5%
	 Effective Percent: 44,29%
	 Crit Inc Heal: 2,6
	 Crit Inc Damage: 2
Haste
	 Rating: 21065
	 Multiplicative Factor: 0%
	 DR Bracket: 1
	 Base: 17%
	 Effective Percent: 54,12%
Vers
	 Rating: 17414
	 Multiplicative Factor: 0%
	 DR Bracket: 0
	 Base: 3%
	 Effective Percent: 25,33%
Leech
	 Rating: 918
	 Multiplicative Factor: 0%
	 DR Bracket: 0
	 Base: 2%
	 Effective Percent: 2,9%
Avoidance
	 Rating: 2859
	 Multiplicative Factor: 0%
	 DR Bracket: 0
	 Base: 0%
	 Effective Percent: 5,26%
Mastery
	 Rating: 8739
	 Multiplicative Factor: 0%
	 DR Bracket: 0
	 Base: 19,8%
	 Effective Percent: 42,27%
----------------------
03:48,404

Intellect
	 Rating: 145594
	 Multiplicative Factor: 8,15%
Stamina
	 Rating: 867233
	 Multiplicative Factor: 11,3%
Crit
	 Rating: 28254
	 Multiplicative Factor: 0%
	 DR Bracket: 2
	 Base: 5%
	 Effective Percent: 44,29%
	 Crit Inc Heal: 2,6
	 Crit Inc Damage: 2
Haste
	 Rating: 21065
	 Multiplicative Factor: 0%
	 DR Bracket: 1
	 Base: 16%
	 Effective Percent: 52,8%
Vers
	 Rating: 17414
	 Multiplicative Factor: 0%
	 DR Bracket: 0
	 Base: 3%
	 Effective Percent: 25,33%
Leech
	 Rating: 918
	 Multiplicative Factor: 0%
	 DR Bracket: 0
	 Base: 2%
	 Effective Percent: 2,9%
Avoidance
	 Rating: 2859
	 Multiplicative Factor: 0%
	 DR Bracket: 0
	 Base: 0%
	 Effective Percent: 5,26%
Mastery
	 Rating: 8739
	 Multiplicative Factor: 0%
	 DR Bracket: 0
	 Base: 19,8%
	 Effective Percent: 42,27%
----------------------
03:49,397

Intellect
	 Rating: 145594
	 Multiplicative Factor: 8,15%
Stamina
	 Rating: 867233
	 Multiplicative Factor: 11,3%
Crit
	 Rating: 28254
	 Multiplicative Factor: 0%
	 DR Bracket: 2
	 Base: 5%
	 Effective Percent: 44,29%
	 Crit Inc Heal: 2,6
	 Crit Inc Damage: 2
Haste
	 Rating: 21065
	 Multiplicative Factor: 0%
	 DR Bracket: 1
	 Base: 15%
	 Effective Percent: 51,48%
Vers
	 Rating: 17414
	 Multiplicative Factor: 0%
	 DR Bracket: 0
	 Base: 3%
	 Effective Percent: 25,33%
Leech
	 Rating: 918
	 Multiplicative Factor: 0%
	 DR Bracket: 0
	 Base: 2%
	 Effective Percent: 2,9%
Avoidance
	 Rating: 2859
	 Multiplicative Factor: 0%
	 DR Bracket: 0
	 Base: 0%
	 Effective Percent: 5,26%
Mastery
	 Rating: 8739
	 Multiplicative Factor: 0%
	 DR Bracket: 0
	 Base: 19,8%
	 Effective Percent: 42,27%
----------------------
03:50,263

Intellect
	 Rating: 145594
	 Multiplicative Factor: 8,15%
Stamina
	 Rating: 867233
	 Multiplicative Factor: 11,3%
Crit
	 Rating: 28254
	 Multiplicative Factor: 0%
	 DR Bracket: 2
	 Base: 5%
	 Effective Percent: 44,29%
	 Crit Inc Heal: 2,6
	 Crit Inc Damage: 2
Haste
	 Rating: 21065
	 Multiplicative Factor: 0%
	 DR Bracket: 1
	 Base: 6%
	 Effective Percent: 39,63%
Vers
	 Rating: 17414
	 Multiplicative Factor: 0%
	 DR Bracket: 0
	 Base: 3%
	 Effective Percent: 25,33%
Leech
	 Rating: 918
	 Multiplicative Factor: 0%
	 DR Bracket: 0
	 Base: 2%
	 Effective Percent: 2,9%
Avoidance
	 Rating: 2859
	 Multiplicative Factor: 0%
	 DR Bracket: 0
	 Base: 0%
	 Effective Percent: 5,26%
Mastery
	 Rating: 8739
	 Multiplicative Factor: 0%
	 DR Bracket: 0
	 Base: 19,8%
	 Effective Percent: 42,27%
----------------------
03:50,410

Intellect
	 Rating: 145594
	 Multiplicative Factor: 8,15%
Stamina
	 Rating: 867233
	 Multiplicative Factor: 11,3%
Crit
	 Rating: 28254
	 Multiplicative Factor: 0%
	 DR Bracket: 2
	 Base: 5%
	 Effective Percent: 44,29%
	 Crit Inc Heal: 2,6
	 Crit Inc Damage: 2
Haste
	 Rating: 21065
	 Multiplicative Factor: 0%
	 DR Bracket: 1
	 Base: 5%
	 Effective Percent: 38,31%
Vers
	 Rating: 17414
	 Multiplicative Factor: 0%
	 DR Bracket: 0
	 Base: 3%
	 Effective Percent: 25,33%
Leech
	 Rating: 918
	 Multiplicative Factor: 0%
	 DR Bracket: 0
	 Base: 2%
	 Effective Percent: 2,9%
Avoidance
	 Rating: 2859
	 Multiplicative Factor: 0%
	 DR Bracket: 0
	 Base: 0%
	 Effective Percent: 5,26%
Mastery
	 Rating: 8739
	 Multiplicative Factor: 0%
	 DR Bracket: 0
	 Base: 19,8%
	 Effective Percent: 42,27%
----------------------
03:51,391

Intellect
	 Rating: 145594
	 Multiplicative Factor: 8,15%
Stamina
	 Rating: 867233
	 Multiplicative Factor: 11,3%
Crit
	 Rating: 28254
	 Multiplicative Factor: 0%
	 DR Bracket: 2
	 Base: 5%
	 Effective Percent: 44,29%
	 Crit Inc Heal: 2,6
	 Crit Inc Damage: 2
Haste
	 Rating: 21065
	 Multiplicative Factor: 0%
	 DR Bracket: 1
	 Base: 4%
	 Effective Percent: 36,99%
Vers
	 Rating: 17414
	 Multiplicative Factor: 0%
	 DR Bracket: 0
	 Base: 3%
	 Effective Percent: 25,33%
Leech
	 Rating: 918
	 Multiplicative Factor: 0%
	 DR Bracket: 0
	 Base: 2%
	 Effective Percent: 2,9%
Avoidance
	 Rating: 2859
	 Multiplicative Factor: 0%
	 DR Bracket: 0
	 Base: 0%
	 Effective Percent: 5,26%
Mastery
	 Rating: 8739
	 Multiplicative Factor: 0%
	 DR Bracket: 0
	 Base: 19,8%
	 Effective Percent: 42,27%
----------------------
03:52,401

Intellect
	 Rating: 145594
	 Multiplicative Factor: 8,15%
Stamina
	 Rating: 867233
	 Multiplicative Factor: 11,3%
Crit
	 Rating: 28254
	 Multiplicative Factor: 0%
	 DR Bracket: 2
	 Base: 5%
	 Effective Percent: 44,29%
	 Crit Inc Heal: 2,6
	 Crit Inc Damage: 2
Haste
	 Rating: 21065
	 Multiplicative Factor: 0%
	 DR Bracket: 1
	 Base: 3%
	 Effective Percent: 35,68%
Vers
	 Rating: 17414
	 Multiplicative Factor: 0%
	 DR Bracket: 0
	 Base: 3%
	 Effective Percent: 25,33%
Leech
	 Rating: 918
	 Multiplicative Factor: 0%
	 DR Bracket: 0
	 Base: 2%
	 Effective Percent: 2,9%
Avoidance
	 Rating: 2859
	 Multiplicative Factor: 0%
	 DR Bracket: 0
	 Base: 0%
	 Effective Percent: 5,26%
Mastery
	 Rating: 8739
	 Multiplicative Factor: 0%
	 DR Bracket: 0
	 Base: 19,8%
	 Effective Percent: 42,27%
----------------------
03:53,077

Intellect
	 Rating: 145594
	 Multiplicative Factor: 8,15%
Stamina
	 Rating: 867233
	 Multiplicative Factor: 11,3%
Crit
	 Rating: 22710
	 Multiplicative Factor: 0%
	 DR Bracket: 1
	 Base: 5%
	 Effective Percent: 37,2%
	 Crit Inc Heal: 2,6
	 Crit Inc Damage: 2
Haste
	 Rating: 21065
	 Multiplicative Factor: 0%
	 DR Bracket: 1
	 Base: 3%
	 Effective Percent: 35,68%
Vers
	 Rating: 17414
	 Multiplicative Factor: 0%
	 DR Bracket: 0
	 Base: 3%
	 Effective Percent: 25,33%
Leech
	 Rating: 918
	 Multiplicative Factor: 0%
	 DR Bracket: 0
	 Base: 2%
	 Effective Percent: 2,9%
Avoidance
	 Rating: 2859
	 Multiplicative Factor: 0%
	 DR Bracket: 0
	 Base: 0%
	 Effective Percent: 5,26%
Mastery
	 Rating: 8739
	 Multiplicative Factor: 0%
	 DR Bracket: 0
	 Base: 19,8%
	 Effective Percent: 42,27%
----------------------
03:53,402

Intellect
	 Rating: 145594
	 Multiplicative Factor: 8,15%
Stamina
	 Rating: 867233
	 Multiplicative Factor: 11,3%
Crit
	 Rating: 22710
	 Multiplicative Factor: 0%
	 DR Bracket: 1
	 Base: 5%
	 Effective Percent: 37,2%
	 Crit Inc Heal: 2,6
	 Crit Inc Damage: 2
Haste
	 Rating: 21065
	 Multiplicative Factor: 0%
	 DR Bracket: 1
	 Base: 2%
	 Effective Percent: 34,36%
Vers
	 Rating: 17414
	 Multiplicative Factor: 0%
	 DR Bracket: 0
	 Base: 3%
	 Effective Percent: 25,33%
Leech
	 Rating: 918
	 Multiplicative Factor: 0%
	 DR Bracket: 0
	 Base: 2%
	 Effective Percent: 2,9%
Avoidance
	 Rating: 2859
	 Multiplicative Factor: 0%
	 DR Bracket: 0
	 Base: 0%
	 Effective Percent: 5,26%
Mastery
	 Rating: 8739
	 Multiplicative Factor: 0%
	 DR Bracket: 0
	 Base: 19,8%
	 Effective Percent: 42,27%
----------------------
03:54,394

Intellect
	 Rating: 145594
	 Multiplicative Factor: 8,15%
Stamina
	 Rating: 867233
	 Multiplicative Factor: 11,3%
Crit
	 Rating: 22710
	 Multiplicative Factor: 0%
	 DR Bracket: 1
	 Base: 5%
	 Effective Percent: 37,2%
	 Crit Inc Heal: 2,6
	 Crit Inc Damage: 2
Haste
	 Rating: 21065
	 Multiplicative Factor: 0%
	 DR Bracket: 1
	 Base: 1%
	 Effective Percent: 33,04%
Vers
	 Rating: 17414
	 Multiplicative Factor: 0%
	 DR Bracket: 0
	 Base: 3%
	 Effective Percent: 25,33%
Leech
	 Rating: 918
	 Multiplicative Factor: 0%
	 DR Bracket: 0
	 Base: 2%
	 Effective Percent: 2,9%
Avoidance
	 Rating: 2859
	 Multiplicative Factor: 0%
	 DR Bracket: 0
	 Base: 0%
	 Effective Percent: 5,26%
Mastery
	 Rating: 8739
	 Multiplicative Factor: 0%
	 DR Bracket: 0
	 Base: 19,8%
	 Effective Percent: 42,27%
----------------------
03:55,399

Intellect
	 Rating: 145594
	 Multiplicative Factor: 8,15%
Stamina
	 Rating: 867233
	 Multiplicative Factor: 11,3%
Crit
	 Rating: 22710
	 Multiplicative Factor: 0%
	 DR Bracket: 1
	 Base: 5%
	 Effective Percent: 37,2%
	 Crit Inc Heal: 2,6
	 Crit Inc Damage: 2
Haste
	 Rating: 21065
	 Multiplicative Factor: 0%
	 DR Bracket: 1
	 Base: 0%
	 Effective Percent: 31,72%
Vers
	 Rating: 17414
	 Multiplicative Factor: 0%
	 DR Bracket: 0
	 Base: 3%
	 Effective Percent: 25,33%
Leech
	 Rating: 918
	 Multiplicative Factor: 0%
	 DR Bracket: 0
	 Base: 2%
	 Effective Percent: 2,9%
Avoidance
	 Rating: 2859
	 Multiplicative Factor: 0%
	 DR Bracket: 0
	 Base: 0%
	 Effective Percent: 5,26%
Mastery
	 Rating: 8739
	 Multiplicative Factor: 0%
	 DR Bracket: 0
	 Base: 19,8%
	 Effective Percent: 42,27%
----------------------
04:06,933

Intellect
	 Rating: 145594
	 Multiplicative Factor: 8,15%
Stamina
	 Rating: 867233
	 Multiplicative Factor: 11,3%
Crit
	 Rating: 28254
	 Multiplicative Factor: 0%
	 DR Bracket: 2
	 Base: 5%
	 Effective Percent: 44,29%
	 Crit Inc Heal: 2,6
	 Crit Inc Damage: 2
Haste
	 Rating: 21065
	 Multiplicative Factor: 0%
	 DR Bracket: 1
	 Base: 0%
	 Effective Percent: 31,72%
Vers
	 Rating: 17414
	 Multiplicative Factor: 0%
	 DR Bracket: 0
	 Base: 3%
	 Effective Percent: 25,33%
Leech
	 Rating: 918
	 Multiplicative Factor: 0%
	 DR Bracket: 0
	 Base: 2%
	 Effective Percent: 2,9%
Avoidance
	 Rating: 2859
	 Multiplicative Factor: 0%
	 DR Bracket: 0
	 Base: 0%
	 Effective Percent: 5,26%
Mastery
	 Rating: 8739
	 Multiplicative Factor: 0%
	 DR Bracket: 0
	 Base: 19,8%
	 Effective Percent: 42,27%
----------------------
04:15,519

Intellect
	 Rating: 145594
	 Multiplicative Factor: 8,15%
Stamina
	 Rating: 867233
	 Multiplicative Factor: 11,3%
Crit
	 Rating: 28254
	 Multiplicative Factor: 0%
	 DR Bracket: 2
	 Base: 5%
	 Effective Percent: 44,29%
	 Crit Inc Heal: 2
	 Crit Inc Damage: 2
Haste
	 Rating: 21065
	 Multiplicative Factor: 0%
	 DR Bracket: 1
	 Base: 0%
	 Effective Percent: 31,72%
Vers
	 Rating: 17414
	 Multiplicative Factor: 0%
	 DR Bracket: 0
	 Base: 3%
	 Effective Percent: 25,33%
Leech
	 Rating: 918
	 Multiplicative Factor: 0%
	 DR Bracket: 0
	 Base: 2%
	 Effective Percent: 2,9%
Avoidance
	 Rating: 2859
	 Multiplicative Factor: 0%
	 DR Bracket: 0
	 Base: 0%
	 Effective Percent: 5,26%
Mastery
	 Rating: 8739
	 Multiplicative Factor: 0%
	 DR Bracket: 0
	 Base: 19,8%
	 Effective Percent: 42,27%
----------------------
04:16,942

Intellect
	 Rating: 145594
	 Multiplicative Factor: 8,15%
Stamina
	 Rating: 867233
	 Multiplicative Factor: 11,3%
Crit
	 Rating: 22710
	 Multiplicative Factor: 0%
	 DR Bracket: 1
	 Base: 5%
	 Effective Percent: 37,2%
	 Crit Inc Heal: 2
	 Crit Inc Damage: 2
Haste
	 Rating: 21065
	 Multiplicative Factor: 0%
	 DR Bracket: 1
	 Base: 0%
	 Effective Percent: 31,72%
Vers
	 Rating: 17414
	 Multiplicative Factor: 0%
	 DR Bracket: 0
	 Base: 3%
	 Effective Percent: 25,33%
Leech
	 Rating: 918
	 Multiplicative Factor: 0%
	 DR Bracket: 0
	 Base: 2%
	 Effective Percent: 2,9%
Avoidance
	 Rating: 2859
	 Multiplicative Factor: 0%
	 DR Bracket: 0
	 Base: 0%
	 Effective Percent: 5,26%
Mastery
	 Rating: 8739
	 Multiplicative Factor: 0%
	 DR Bracket: 0
	 Base: 19,8%
	 Effective Percent: 42,27%
----------------------
04:17,998

Intellect
	 Rating: 145594
	 Multiplicative Factor: 8,15%
Stamina
	 Rating: 867233
	 Multiplicative Factor: 11,3%
Crit
	 Rating: 22710
	 Multiplicative Factor: 0%
	 DR Bracket: 1
	 Base: 5%
	 Effective Percent: 37,2%
	 Crit Inc Heal: 2,6
	 Crit Inc Damage: 2
Haste
	 Rating: 21065
	 Multiplicative Factor: 0%
	 DR Bracket: 1
	 Base: 0%
	 Effective Percent: 31,72%
Vers
	 Rating: 17414
	 Multiplicative Factor: 0%
	 DR Bracket: 0
	 Base: 3%
	 Effective Percent: 25,33%
Leech
	 Rating: 918
	 Multiplicative Factor: 0%
	 DR Bracket: 0
	 Base: 2%
	 Effective Percent: 2,9%
Avoidance
	 Rating: 2859
	 Multiplicative Factor: 0%
	 DR Bracket: 0
	 Base: 0%
	 Effective Percent: 5,26%
Mastery
	 Rating: 8739
	 Multiplicative Factor: 0%
	 DR Bracket: 0
	 Base: 19,8%
	 Effective Percent: 42,27%
----------------------
04:18,020

Intellect
	 Rating: 145594
	 Multiplicative Factor: 8,15%
Stamina
	 Rating: 867233
	 Multiplicative Factor: 11,3%
Crit
	 Rating: 22710
	 Multiplicative Factor: 0%
	 DR Bracket: 1
	 Base: 5%
	 Effective Percent: 37,2%
	 Crit Inc Heal: 2,6
	 Crit Inc Damage: 2
Haste
	 Rating: 21065
	 Multiplicative Factor: 0%
	 DR Bracket: 1
	 Base: 3%
	 Effective Percent: 35,68%
Vers
	 Rating: 17414
	 Multiplicative Factor: 0%
	 DR Bracket: 0
	 Base: 3%
	 Effective Percent: 25,33%
Leech
	 Rating: 918
	 Multiplicative Factor: 0%
	 DR Bracket: 0
	 Base: 2%
	 Effective Percent: 2,9%
Avoidance
	 Rating: 2859
	 Multiplicative Factor: 0%
	 DR Bracket: 0
	 Base: 0%
	 Effective Percent: 5,26%
Mastery
	 Rating: 8739
	 Multiplicative Factor: 0%
	 DR Bracket: 0
	 Base: 19,8%
	 Effective Percent: 42,27%
----------------------
04:18,043

Intellect
	 Rating: 145594
	 Multiplicative Factor: 8,15%
Stamina
	 Rating: 867233
	 Multiplicative Factor: 11,3%
Crit
	 Rating: 22710
	 Multiplicative Factor: 0%
	 DR Bracket: 1
	 Base: 5%
	 Effective Percent: 37,2%
	 Crit Inc Heal: 2,6
	 Crit Inc Damage: 2
Haste
	 Rating: 21065
	 Multiplicative Factor: 0%
	 DR Bracket: 1
	 Base: 6%
	 Effective Percent: 39,63%
Vers
	 Rating: 17414
	 Multiplicative Factor: 0%
	 DR Bracket: 0
	 Base: 3%
	 Effective Percent: 25,33%
Leech
	 Rating: 918
	 Multiplicative Factor: 0%
	 DR Bracket: 0
	 Base: 2%
	 Effective Percent: 2,9%
Avoidance
	 Rating: 2859
	 Multiplicative Factor: 0%
	 DR Bracket: 0
	 Base: 0%
	 Effective Percent: 5,26%
Mastery
	 Rating: 8739
	 Multiplicative Factor: 0%
	 DR Bracket: 0
	 Base: 19,8%
	 Effective Percent: 42,27%
----------------------
04:18,043

Intellect
	 Rating: 145594
	 Multiplicative Factor: 8,15%
Stamina
	 Rating: 867233
	 Multiplicative Factor: 11,3%
Crit
	 Rating: 22710
	 Multiplicative Factor: 0%
	 DR Bracket: 1
	 Base: 5%
	 Effective Percent: 37,2%
	 Crit Inc Heal: 2,6
	 Crit Inc Damage: 2
Haste
	 Rating: 21065
	 Multiplicative Factor: 0%
	 DR Bracket: 1
	 Base: 9%
	 Effective Percent: 43,58%
Vers
	 Rating: 17414
	 Multiplicative Factor: 0%
	 DR Bracket: 0
	 Base: 3%
	 Effective Percent: 25,33%
Leech
	 Rating: 918
	 Multiplicative Factor: 0%
	 DR Bracket: 0
	 Base: 2%
	 Effective Percent: 2,9%
Avoidance
	 Rating: 2859
	 Multiplicative Factor: 0%
	 DR Bracket: 0
	 Base: 0%
	 Effective Percent: 5,26%
Mastery
	 Rating: 8739
	 Multiplicative Factor: 0%
	 DR Bracket: 0
	 Base: 19,8%
	 Effective Percent: 42,27%
----------------------
04:23,360

Intellect
	 Rating: 145594
	 Multiplicative Factor: 8,15%
Stamina
	 Rating: 867233
	 Multiplicative Factor: 11,3%
Crit
	 Rating: 22710
	 Multiplicative Factor: 0%
	 DR Bracket: 1
	 Base: 5%
	 Effective Percent: 37,2%
	 Crit Inc Heal: 2,6
	 Crit Inc Damage: 2
Haste
	 Rating: 21065
	 Multiplicative Factor: 0%
	 DR Bracket: 1
	 Base: 10%
	 Effective Percent: 44,9%
Vers
	 Rating: 17414
	 Multiplicative Factor: 0%
	 DR Bracket: 0
	 Base: 3%
	 Effective Percent: 25,33%
Leech
	 Rating: 918
	 Multiplicative Factor: 0%
	 DR Bracket: 0
	 Base: 2%
	 Effective Percent: 2,9%
Avoidance
	 Rating: 2859
	 Multiplicative Factor: 0%
	 DR Bracket: 0
	 Base: 0%
	 Effective Percent: 5,26%
Mastery
	 Rating: 8739
	 Multiplicative Factor: 0%
	 DR Bracket: 0
	 Base: 19,8%
	 Effective Percent: 42,27%
----------------------
04:24,386

Intellect
	 Rating: 145594
	 Multiplicative Factor: 8,15%
Stamina
	 Rating: 867233
	 Multiplicative Factor: 11,3%
Crit
	 Rating: 22710
	 Multiplicative Factor: 0%
	 DR Bracket: 1
	 Base: 5%
	 Effective Percent: 37,2%
	 Crit Inc Heal: 2,6
	 Crit Inc Damage: 2
Haste
	 Rating: 21065
	 Multiplicative Factor: 0%
	 DR Bracket: 1
	 Base: 38%
	 Effective Percent: 81,78%
Vers
	 Rating: 17414
	 Multiplicative Factor: 0%
	 DR Bracket: 0
	 Base: 3%
	 Effective Percent: 25,33%
Leech
	 Rating: 918
	 Multiplicative Factor: 0%
	 DR Bracket: 0
	 Base: 2%
	 Effective Percent: 2,9%
Avoidance
	 Rating: 2859
	 Multiplicative Factor: 0%
	 DR Bracket: 0
	 Base: 0%
	 Effective Percent: 5,26%
Mastery
	 Rating: 8739
	 Multiplicative Factor: 0%
	 DR Bracket: 0
	 Base: 19,8%
	 Effective Percent: 42,27%
----------------------
04:25,378

Intellect
	 Rating: 145594
	 Multiplicative Factor: 8,15%
Stamina
	 Rating: 867233
	 Multiplicative Factor: 11,3%
Crit
	 Rating: 22710
	 Multiplicative Factor: 0%
	 DR Bracket: 1
	 Base: 5%
	 Effective Percent: 37,2%
	 Crit Inc Heal: 2,6
	 Crit Inc Damage: 2
Haste
	 Rating: 21065
	 Multiplicative Factor: 0%
	 DR Bracket: 1
	 Base: 37%
	 Effective Percent: 80,46%
Vers
	 Rating: 17414
	 Multiplicative Factor: 0%
	 DR Bracket: 0
	 Base: 3%
	 Effective Percent: 25,33%
Leech
	 Rating: 918
	 Multiplicative Factor: 0%
	 DR Bracket: 0
	 Base: 2%
	 Effective Percent: 2,9%
Avoidance
	 Rating: 2859
	 Multiplicative Factor: 0%
	 DR Bracket: 0
	 Base: 0%
	 Effective Percent: 5,26%
Mastery
	 Rating: 8739
	 Multiplicative Factor: 0%
	 DR Bracket: 0
	 Base: 19,8%
	 Effective Percent: 42,27%
----------------------
04:26,047

Intellect
	 Rating: 145594
	 Multiplicative Factor: 8,15%
Stamina
	 Rating: 867233
	 Multiplicative Factor: 11,3%
Crit
	 Rating: 22710
	 Multiplicative Factor: 0%
	 DR Bracket: 1
	 Base: 5%
	 Effective Percent: 37,2%
	 Crit Inc Heal: 2,6
	 Crit Inc Damage: 2
Haste
	 Rating: 21065
	 Multiplicative Factor: 0%
	 DR Bracket: 1
	 Base: 28%
	 Effective Percent: 68,61%
Vers
	 Rating: 17414
	 Multiplicative Factor: 0%
	 DR Bracket: 0
	 Base: 3%
	 Effective Percent: 25,33%
Leech
	 Rating: 918
	 Multiplicative Factor: 0%
	 DR Bracket: 0
	 Base: 2%
	 Effective Percent: 2,9%
Avoidance
	 Rating: 2859
	 Multiplicative Factor: 0%
	 DR Bracket: 0
	 Base: 0%
	 Effective Percent: 5,26%
Mastery
	 Rating: 8739
	 Multiplicative Factor: 0%
	 DR Bracket: 0
	 Base: 19,8%
	 Effective Percent: 42,27%
----------------------
04:26,379

Intellect
	 Rating: 145594
	 Multiplicative Factor: 8,15%
Stamina
	 Rating: 867233
	 Multiplicative Factor: 11,3%
Crit
	 Rating: 22710
	 Multiplicative Factor: 0%
	 DR Bracket: 1
	 Base: 5%
	 Effective Percent: 37,2%
	 Crit Inc Heal: 2,6
	 Crit Inc Damage: 2
Haste
	 Rating: 21065
	 Multiplicative Factor: 0%
	 DR Bracket: 1
	 Base: 27%
	 Effective Percent: 67,29%
Vers
	 Rating: 17414
	 Multiplicative Factor: 0%
	 DR Bracket: 0
	 Base: 3%
	 Effective Percent: 25,33%
Leech
	 Rating: 918
	 Multiplicative Factor: 0%
	 DR Bracket: 0
	 Base: 2%
	 Effective Percent: 2,9%
Avoidance
	 Rating: 2859
	 Multiplicative Factor: 0%
	 DR Bracket: 0
	 Base: 0%
	 Effective Percent: 5,26%
Mastery
	 Rating: 8739
	 Multiplicative Factor: 0%
	 DR Bracket: 0
	 Base: 19,8%
	 Effective Percent: 42,27%
----------------------
04:27,382

Intellect
	 Rating: 145594
	 Multiplicative Factor: 8,15%
Stamina
	 Rating: 867233
	 Multiplicative Factor: 11,3%
Crit
	 Rating: 22710
	 Multiplicative Factor: 0%
	 DR Bracket: 1
	 Base: 5%
	 Effective Percent: 37,2%
	 Crit Inc Heal: 2,6
	 Crit Inc Damage: 2
Haste
	 Rating: 21065
	 Multiplicative Factor: 0%
	 DR Bracket: 1
	 Base: 26%
	 Effective Percent: 65,97%
Vers
	 Rating: 17414
	 Multiplicative Factor: 0%
	 DR Bracket: 0
	 Base: 3%
	 Effective Percent: 25,33%
Leech
	 Rating: 918
	 Multiplicative Factor: 0%
	 DR Bracket: 0
	 Base: 2%
	 Effective Percent: 2,9%
Avoidance
	 Rating: 2859
	 Multiplicative Factor: 0%
	 DR Bracket: 0
	 Base: 0%
	 Effective Percent: 5,26%
Mastery
	 Rating: 8739
	 Multiplicative Factor: 0%
	 DR Bracket: 0
	 Base: 19,8%
	 Effective Percent: 42,27%
----------------------
04:27,777

Intellect
	 Rating: 145594
	 Multiplicative Factor: 8,15%
Stamina
	 Rating: 867233
	 Multiplicative Factor: 11,3%
Crit
	 Rating: 22710
	 Multiplicative Factor: 0%
	 DR Bracket: 1
	 Base: 5%
	 Effective Percent: 37,2%
	 Crit Inc Heal: 2,6
	 Crit Inc Damage: 2
Haste
	 Rating: 21065
	 Multiplicative Factor: 0%
	 DR Bracket: 1
	 Base: 29%
	 Effective Percent: 69,93%
Vers
	 Rating: 17414
	 Multiplicative Factor: 0%
	 DR Bracket: 0
	 Base: 3%
	 Effective Percent: 25,33%
Leech
	 Rating: 918
	 Multiplicative Factor: 0%
	 DR Bracket: 0
	 Base: 2%
	 Effective Percent: 2,9%
Avoidance
	 Rating: 2859
	 Multiplicative Factor: 0%
	 DR Bracket: 0
	 Base: 0%
	 Effective Percent: 5,26%
Mastery
	 Rating: 8739
	 Multiplicative Factor: 0%
	 DR Bracket: 0
	 Base: 19,8%
	 Effective Percent: 42,27%
----------------------
04:27,805

Intellect
	 Rating: 145594
	 Multiplicative Factor: 8,15%
Stamina
	 Rating: 867233
	 Multiplicative Factor: 11,3%
Crit
	 Rating: 22710
	 Multiplicative Factor: 0%
	 DR Bracket: 1
	 Base: 5%
	 Effective Percent: 37,2%
	 Crit Inc Heal: 2,6
	 Crit Inc Damage: 2
Haste
	 Rating: 21065
	 Multiplicative Factor: 0%
	 DR Bracket: 1
	 Base: 32%
	 Effective Percent: 73,88%
Vers
	 Rating: 17414
	 Multiplicative Factor: 0%
	 DR Bracket: 0
	 Base: 3%
	 Effective Percent: 25,33%
Leech
	 Rating: 918
	 Multiplicative Factor: 0%
	 DR Bracket: 0
	 Base: 2%
	 Effective Percent: 2,9%
Avoidance
	 Rating: 2859
	 Multiplicative Factor: 0%
	 DR Bracket: 0
	 Base: 0%
	 Effective Percent: 5,26%
Mastery
	 Rating: 8739
	 Multiplicative Factor: 0%
	 DR Bracket: 0
	 Base: 19,8%
	 Effective Percent: 42,27%
----------------------
04:27,805

Intellect
	 Rating: 145594
	 Multiplicative Factor: 8,15%
Stamina
	 Rating: 867233
	 Multiplicative Factor: 11,3%
Crit
	 Rating: 22710
	 Multiplicative Factor: 0%
	 DR Bracket: 1
	 Base: 5%
	 Effective Percent: 37,2%
	 Crit Inc Heal: 2,6
	 Crit Inc Damage: 2
Haste
	 Rating: 21065
	 Multiplicative Factor: 0%
	 DR Bracket: 1
	 Base: 35%
	 Effective Percent: 77,83%
Vers
	 Rating: 17414
	 Multiplicative Factor: 0%
	 DR Bracket: 0
	 Base: 3%
	 Effective Percent: 25,33%
Leech
	 Rating: 918
	 Multiplicative Factor: 0%
	 DR Bracket: 0
	 Base: 2%
	 Effective Percent: 2,9%
Avoidance
	 Rating: 2859
	 Multiplicative Factor: 0%
	 DR Bracket: 0
	 Base: 0%
	 Effective Percent: 5,26%
Mastery
	 Rating: 8739
	 Multiplicative Factor: 0%
	 DR Bracket: 0
	 Base: 19,8%
	 Effective Percent: 42,27%
----------------------
04:28,074

Intellect
	 Rating: 145594
	 Multiplicative Factor: 8,15%
Stamina
	 Rating: 867233
	 Multiplicative Factor: 11,3%
Crit
	 Rating: 28254
	 Multiplicative Factor: 0%
	 DR Bracket: 2
	 Base: 5%
	 Effective Percent: 44,29%
	 Crit Inc Heal: 2,6
	 Crit Inc Damage: 2
Haste
	 Rating: 21065
	 Multiplicative Factor: 0%
	 DR Bracket: 1
	 Base: 35%
	 Effective Percent: 77,83%
Vers
	 Rating: 17414
	 Multiplicative Factor: 0%
	 DR Bracket: 0
	 Base: 3%
	 Effective Percent: 25,33%
Leech
	 Rating: 918
	 Multiplicative Factor: 0%
	 DR Bracket: 0
	 Base: 2%
	 Effective Percent: 2,9%
Avoidance
	 Rating: 2859
	 Multiplicative Factor: 0%
	 DR Bracket: 0
	 Base: 0%
	 Effective Percent: 5,26%
Mastery
	 Rating: 8739
	 Multiplicative Factor: 0%
	 DR Bracket: 0
	 Base: 19,8%
	 Effective Percent: 42,27%
----------------------
04:28,368

Intellect
	 Rating: 145594
	 Multiplicative Factor: 8,15%
Stamina
	 Rating: 867233
	 Multiplicative Factor: 11,3%
Crit
	 Rating: 28254
	 Multiplicative Factor: 0%
	 DR Bracket: 2
	 Base: 5%
	 Effective Percent: 44,29%
	 Crit Inc Heal: 2,6
	 Crit Inc Damage: 2
Haste
	 Rating: 21065
	 Multiplicative Factor: 0%
	 DR Bracket: 1
	 Base: 34%
	 Effective Percent: 76,51%
Vers
	 Rating: 17414
	 Multiplicative Factor: 0%
	 DR Bracket: 0
	 Base: 3%
	 Effective Percent: 25,33%
Leech
	 Rating: 918
	 Multiplicative Factor: 0%
	 DR Bracket: 0
	 Base: 2%
	 Effective Percent: 2,9%
Avoidance
	 Rating: 2859
	 Multiplicative Factor: 0%
	 DR Bracket: 0
	 Base: 0%
	 Effective Percent: 5,26%
Mastery
	 Rating: 8739
	 Multiplicative Factor: 0%
	 DR Bracket: 0
	 Base: 19,8%
	 Effective Percent: 42,27%
----------------------
04:29,378

Intellect
	 Rating: 145594
	 Multiplicative Factor: 8,15%
Stamina
	 Rating: 867233
	 Multiplicative Factor: 11,3%
Crit
	 Rating: 28254
	 Multiplicative Factor: 0%
	 DR Bracket: 2
	 Base: 5%
	 Effective Percent: 44,29%
	 Crit Inc Heal: 2,6
	 Crit Inc Damage: 2
Haste
	 Rating: 21065
	 Multiplicative Factor: 0%
	 DR Bracket: 1
	 Base: 33%
	 Effective Percent: 75,19%
Vers
	 Rating: 17414
	 Multiplicative Factor: 0%
	 DR Bracket: 0
	 Base: 3%
	 Effective Percent: 25,33%
Leech
	 Rating: 918
	 Multiplicative Factor: 0%
	 DR Bracket: 0
	 Base: 2%
	 Effective Percent: 2,9%
Avoidance
	 Rating: 2859
	 Multiplicative Factor: 0%
	 DR Bracket: 0
	 Base: 0%
	 Effective Percent: 5,26%
Mastery
	 Rating: 8739
	 Multiplicative Factor: 0%
	 DR Bracket: 0
	 Base: 19,8%
	 Effective Percent: 42,27%
----------------------
04:30,365

Intellect
	 Rating: 145594
	 Multiplicative Factor: 8,15%
Stamina
	 Rating: 867233
	 Multiplicative Factor: 11,3%
Crit
	 Rating: 28254
	 Multiplicative Factor: 0%
	 DR Bracket: 2
	 Base: 5%
	 Effective Percent: 44,29%
	 Crit Inc Heal: 2,6
	 Crit Inc Damage: 2
Haste
	 Rating: 21065
	 Multiplicative Factor: 0%
	 DR Bracket: 1
	 Base: 32%
	 Effective Percent: 73,88%
Vers
	 Rating: 17414
	 Multiplicative Factor: 0%
	 DR Bracket: 0
	 Base: 3%
	 Effective Percent: 25,33%
Leech
	 Rating: 918
	 Multiplicative Factor: 0%
	 DR Bracket: 0
	 Base: 2%
	 Effective Percent: 2,9%
Avoidance
	 Rating: 2859
	 Multiplicative Factor: 0%
	 DR Bracket: 0
	 Base: 0%
	 Effective Percent: 5,26%
Mastery
	 Rating: 8739
	 Multiplicative Factor: 0%
	 DR Bracket: 0
	 Base: 19,8%
	 Effective Percent: 42,27%
----------------------
04:31,378

Intellect
	 Rating: 145594
	 Multiplicative Factor: 8,15%
Stamina
	 Rating: 867233
	 Multiplicative Factor: 11,3%
Crit
	 Rating: 28254
	 Multiplicative Factor: 0%
	 DR Bracket: 2
	 Base: 5%
	 Effective Percent: 44,29%
	 Crit Inc Heal: 2,6
	 Crit Inc Damage: 2
Haste
	 Rating: 21065
	 Multiplicative Factor: 0%
	 DR Bracket: 1
	 Base: 31%
	 Effective Percent: 72,56%
Vers
	 Rating: 17414
	 Multiplicative Factor: 0%
	 DR Bracket: 0
	 Base: 3%
	 Effective Percent: 25,33%
Leech
	 Rating: 918
	 Multiplicative Factor: 0%
	 DR Bracket: 0
	 Base: 2%
	 Effective Percent: 2,9%
Avoidance
	 Rating: 2859
	 Multiplicative Factor: 0%
	 DR Bracket: 0
	 Base: 0%
	 Effective Percent: 5,26%
Mastery
	 Rating: 8739
	 Multiplicative Factor: 0%
	 DR Bracket: 0
	 Base: 19,8%
	 Effective Percent: 42,27%
----------------------
04:32,364

Intellect
	 Rating: 145594
	 Multiplicative Factor: 8,15%
Stamina
	 Rating: 867233
	 Multiplicative Factor: 11,3%
Crit
	 Rating: 28254
	 Multiplicative Factor: 0%
	 DR Bracket: 2
	 Base: 5%
	 Effective Percent: 44,29%
	 Crit Inc Heal: 2,6
	 Crit Inc Damage: 2
Haste
	 Rating: 21065
	 Multiplicative Factor: 0%
	 DR Bracket: 1
	 Base: 30%
	 Effective Percent: 71,24%
Vers
	 Rating: 17414
	 Multiplicative Factor: 0%
	 DR Bracket: 0
	 Base: 3%
	 Effective Percent: 25,33%
Leech
	 Rating: 918
	 Multiplicative Factor: 0%
	 DR Bracket: 0
	 Base: 2%
	 Effective Percent: 2,9%
Avoidance
	 Rating: 2859
	 Multiplicative Factor: 0%
	 DR Bracket: 0
	 Base: 0%
	 Effective Percent: 5,26%
Mastery
	 Rating: 8739
	 Multiplicative Factor: 0%
	 DR Bracket: 0
	 Base: 19,8%
	 Effective Percent: 42,27%
----------------------
04:33,376

Intellect
	 Rating: 145594
	 Multiplicative Factor: 8,15%
Stamina
	 Rating: 867233
	 Multiplicative Factor: 11,3%
Crit
	 Rating: 28254
	 Multiplicative Factor: 0%
	 DR Bracket: 2
	 Base: 5%
	 Effective Percent: 44,29%
	 Crit Inc Heal: 2,6
	 Crit Inc Damage: 2
Haste
	 Rating: 21065
	 Multiplicative Factor: 0%
	 DR Bracket: 1
	 Base: 29%
	 Effective Percent: 69,93%
Vers
	 Rating: 17414
	 Multiplicative Factor: 0%
	 DR Bracket: 0
	 Base: 3%
	 Effective Percent: 25,33%
Leech
	 Rating: 918
	 Multiplicative Factor: 0%
	 DR Bracket: 0
	 Base: 2%
	 Effective Percent: 2,9%
Avoidance
	 Rating: 2859
	 Multiplicative Factor: 0%
	 DR Bracket: 0
	 Base: 0%
	 Effective Percent: 5,26%
Mastery
	 Rating: 8739
	 Multiplicative Factor: 0%
	 DR Bracket: 0
	 Base: 19,8%
	 Effective Percent: 42,27%
----------------------
04:34,366

Intellect
	 Rating: 145594
	 Multiplicative Factor: 8,15%
Stamina
	 Rating: 867233
	 Multiplicative Factor: 11,3%
Crit
	 Rating: 28254
	 Multiplicative Factor: 0%
	 DR Bracket: 2
	 Base: 5%
	 Effective Percent: 44,29%
	 Crit Inc Heal: 2,6
	 Crit Inc Damage: 2
Haste
	 Rating: 21065
	 Multiplicative Factor: 0%
	 DR Bracket: 1
	 Base: 28%
	 Effective Percent: 68,61%
Vers
	 Rating: 17414
	 Multiplicative Factor: 0%
	 DR Bracket: 0
	 Base: 3%
	 Effective Percent: 25,33%
Leech
	 Rating: 918
	 Multiplicative Factor: 0%
	 DR Bracket: 0
	 Base: 2%
	 Effective Percent: 2,9%
Avoidance
	 Rating: 2859
	 Multiplicative Factor: 0%
	 DR Bracket: 0
	 Base: 0%
	 Effective Percent: 5,26%
Mastery
	 Rating: 8739
	 Multiplicative Factor: 0%
	 DR Bracket: 0
	 Base: 19,8%
	 Effective Percent: 42,27%
----------------------
04:35,379

Intellect
	 Rating: 145594
	 Multiplicative Factor: 8,15%
Stamina
	 Rating: 867233
	 Multiplicative Factor: 11,3%
Crit
	 Rating: 28254
	 Multiplicative Factor: 0%
	 DR Bracket: 2
	 Base: 5%
	 Effective Percent: 44,29%
	 Crit Inc Heal: 2,6
	 Crit Inc Damage: 2
Haste
	 Rating: 21065
	 Multiplicative Factor: 0%
	 DR Bracket: 1
	 Base: 27%
	 Effective Percent: 67,29%
Vers
	 Rating: 17414
	 Multiplicative Factor: 0%
	 DR Bracket: 0
	 Base: 3%
	 Effective Percent: 25,33%
Leech
	 Rating: 918
	 Multiplicative Factor: 0%
	 DR Bracket: 0
	 Base: 2%
	 Effective Percent: 2,9%
Avoidance
	 Rating: 2859
	 Multiplicative Factor: 0%
	 DR Bracket: 0
	 Base: 0%
	 Effective Percent: 5,26%
Mastery
	 Rating: 8739
	 Multiplicative Factor: 0%
	 DR Bracket: 0
	 Base: 19,8%
	 Effective Percent: 42,27%
----------------------
04:35,419

Intellect
	 Rating: 145594
	 Multiplicative Factor: 8,15%
Stamina
	 Rating: 867233
	 Multiplicative Factor: 11,3%
Crit
	 Rating: 33797
	 Multiplicative Factor: 0%
	 DR Bracket: 2
	 Base: 5%
	 Effective Percent: 50,63%
	 Crit Inc Heal: 2,6
	 Crit Inc Damage: 2
Haste
	 Rating: 21065
	 Multiplicative Factor: 0%
	 DR Bracket: 1
	 Base: 27%
	 Effective Percent: 67,29%
Vers
	 Rating: 17414
	 Multiplicative Factor: 0%
	 DR Bracket: 0
	 Base: 3%
	 Effective Percent: 25,33%
Leech
	 Rating: 918
	 Multiplicative Factor: 0%
	 DR Bracket: 0
	 Base: 2%
	 Effective Percent: 2,9%
Avoidance
	 Rating: 2859
	 Multiplicative Factor: 0%
	 DR Bracket: 0
	 Base: 0%
	 Effective Percent: 5,26%
Mastery
	 Rating: 8739
	 Multiplicative Factor: 0%
	 DR Bracket: 0
	 Base: 19,8%
	 Effective Percent: 42,27%
----------------------
04:35,789

Intellect
	 Rating: 145594
	 Multiplicative Factor: 8,15%
Stamina
	 Rating: 867233
	 Multiplicative Factor: 11,3%
Crit
	 Rating: 33797
	 Multiplicative Factor: 0%
	 DR Bracket: 2
	 Base: 5%
	 Effective Percent: 50,63%
	 Crit Inc Heal: 2,6
	 Crit Inc Damage: 2
Haste
	 Rating: 21065
	 Multiplicative Factor: 0%
	 DR Bracket: 1
	 Base: 18%
	 Effective Percent: 55,44%
Vers
	 Rating: 17414
	 Multiplicative Factor: 0%
	 DR Bracket: 0
	 Base: 3%
	 Effective Percent: 25,33%
Leech
	 Rating: 918
	 Multiplicative Factor: 0%
	 DR Bracket: 0
	 Base: 2%
	 Effective Percent: 2,9%
Avoidance
	 Rating: 2859
	 Multiplicative Factor: 0%
	 DR Bracket: 0
	 Base: 0%
	 Effective Percent: 5,26%
Mastery
	 Rating: 8739
	 Multiplicative Factor: 0%
	 DR Bracket: 0
	 Base: 19,8%
	 Effective Percent: 42,27%
----------------------
04:36,366

Intellect
	 Rating: 145594
	 Multiplicative Factor: 8,15%
Stamina
	 Rating: 867233
	 Multiplicative Factor: 11,3%
Crit
	 Rating: 33797
	 Multiplicative Factor: 0%
	 DR Bracket: 2
	 Base: 5%
	 Effective Percent: 50,63%
	 Crit Inc Heal: 2,6
	 Crit Inc Damage: 2
Haste
	 Rating: 21065
	 Multiplicative Factor: 0%
	 DR Bracket: 1
	 Base: 17%
	 Effective Percent: 54,12%
Vers
	 Rating: 17414
	 Multiplicative Factor: 0%
	 DR Bracket: 0
	 Base: 3%
	 Effective Percent: 25,33%
Leech
	 Rating: 918
	 Multiplicative Factor: 0%
	 DR Bracket: 0
	 Base: 2%
	 Effective Percent: 2,9%
Avoidance
	 Rating: 2859
	 Multiplicative Factor: 0%
	 DR Bracket: 0
	 Base: 0%
	 Effective Percent: 5,26%
Mastery
	 Rating: 8739
	 Multiplicative Factor: 0%
	 DR Bracket: 0
	 Base: 19,8%
	 Effective Percent: 42,27%
----------------------
04:37,378

Intellect
	 Rating: 145594
	 Multiplicative Factor: 8,15%
Stamina
	 Rating: 867233
	 Multiplicative Factor: 11,3%
Crit
	 Rating: 33797
	 Multiplicative Factor: 0%
	 DR Bracket: 2
	 Base: 5%
	 Effective Percent: 50,63%
	 Crit Inc Heal: 2,6
	 Crit Inc Damage: 2
Haste
	 Rating: 21065
	 Multiplicative Factor: 0%
	 DR Bracket: 1
	 Base: 16%
	 Effective Percent: 52,8%
Vers
	 Rating: 17414
	 Multiplicative Factor: 0%
	 DR Bracket: 0
	 Base: 3%
	 Effective Percent: 25,33%
Leech
	 Rating: 918
	 Multiplicative Factor: 0%
	 DR Bracket: 0
	 Base: 2%
	 Effective Percent: 2,9%
Avoidance
	 Rating: 2859
	 Multiplicative Factor: 0%
	 DR Bracket: 0
	 Base: 0%
	 Effective Percent: 5,26%
Mastery
	 Rating: 8739
	 Multiplicative Factor: 0%
	 DR Bracket: 0
	 Base: 19,8%
	 Effective Percent: 42,27%
----------------------
04:38,099

Intellect
	 Rating: 145594
	 Multiplicative Factor: 8,15%
Stamina
	 Rating: 867233
	 Multiplicative Factor: 11,3%
Crit
	 Rating: 28254
	 Multiplicative Factor: 0%
	 DR Bracket: 2
	 Base: 5%
	 Effective Percent: 44,29%
	 Crit Inc Heal: 2,6
	 Crit Inc Damage: 2
Haste
	 Rating: 21065
	 Multiplicative Factor: 0%
	 DR Bracket: 1
	 Base: 16%
	 Effective Percent: 52,8%
Vers
	 Rating: 17414
	 Multiplicative Factor: 0%
	 DR Bracket: 0
	 Base: 3%
	 Effective Percent: 25,33%
Leech
	 Rating: 918
	 Multiplicative Factor: 0%
	 DR Bracket: 0
	 Base: 2%
	 Effective Percent: 2,9%
Avoidance
	 Rating: 2859
	 Multiplicative Factor: 0%
	 DR Bracket: 0
	 Base: 0%
	 Effective Percent: 5,26%
Mastery
	 Rating: 8739
	 Multiplicative Factor: 0%
	 DR Bracket: 0
	 Base: 19,8%
	 Effective Percent: 42,27%
----------------------
04:38,368

Intellect
	 Rating: 145594
	 Multiplicative Factor: 8,15%
Stamina
	 Rating: 867233
	 Multiplicative Factor: 11,3%
Crit
	 Rating: 28254
	 Multiplicative Factor: 0%
	 DR Bracket: 2
	 Base: 5%
	 Effective Percent: 44,29%
	 Crit Inc Heal: 2,6
	 Crit Inc Damage: 2
Haste
	 Rating: 21065
	 Multiplicative Factor: 0%
	 DR Bracket: 1
	 Base: 15%
	 Effective Percent: 51,48%
Vers
	 Rating: 17414
	 Multiplicative Factor: 0%
	 DR Bracket: 0
	 Base: 3%
	 Effective Percent: 25,33%
Leech
	 Rating: 918
	 Multiplicative Factor: 0%
	 DR Bracket: 0
	 Base: 2%
	 Effective Percent: 2,9%
Avoidance
	 Rating: 2859
	 Multiplicative Factor: 0%
	 DR Bracket: 0
	 Base: 0%
	 Effective Percent: 5,26%
Mastery
	 Rating: 8739
	 Multiplicative Factor: 0%
	 DR Bracket: 0
	 Base: 19,8%
	 Effective Percent: 42,27%
----------------------
04:39,377

Intellect
	 Rating: 145594
	 Multiplicative Factor: 8,15%
Stamina
	 Rating: 867233
	 Multiplicative Factor: 11,3%
Crit
	 Rating: 28254
	 Multiplicative Factor: 0%
	 DR Bracket: 2
	 Base: 5%
	 Effective Percent: 44,29%
	 Crit Inc Heal: 2,6
	 Crit Inc Damage: 2
Haste
	 Rating: 21065
	 Multiplicative Factor: 0%
	 DR Bracket: 1
	 Base: 14%
	 Effective Percent: 50,17%
Vers
	 Rating: 17414
	 Multiplicative Factor: 0%
	 DR Bracket: 0
	 Base: 3%
	 Effective Percent: 25,33%
Leech
	 Rating: 918
	 Multiplicative Factor: 0%
	 DR Bracket: 0
	 Base: 2%
	 Effective Percent: 2,9%
Avoidance
	 Rating: 2859
	 Multiplicative Factor: 0%
	 DR Bracket: 0
	 Base: 0%
	 Effective Percent: 5,26%
Mastery
	 Rating: 8739
	 Multiplicative Factor: 0%
	 DR Bracket: 0
	 Base: 19,8%
	 Effective Percent: 42,27%
----------------------
04:40,369

Intellect
	 Rating: 145594
	 Multiplicative Factor: 8,15%
Stamina
	 Rating: 867233
	 Multiplicative Factor: 11,3%
Crit
	 Rating: 28254
	 Multiplicative Factor: 0%
	 DR Bracket: 2
	 Base: 5%
	 Effective Percent: 44,29%
	 Crit Inc Heal: 2,6
	 Crit Inc Damage: 2
Haste
	 Rating: 21065
	 Multiplicative Factor: 0%
	 DR Bracket: 1
	 Base: 13%
	 Effective Percent: 48,85%
Vers
	 Rating: 17414
	 Multiplicative Factor: 0%
	 DR Bracket: 0
	 Base: 3%
	 Effective Percent: 25,33%
Leech
	 Rating: 918
	 Multiplicative Factor: 0%
	 DR Bracket: 0
	 Base: 2%
	 Effective Percent: 2,9%
Avoidance
	 Rating: 2859
	 Multiplicative Factor: 0%
	 DR Bracket: 0
	 Base: 0%
	 Effective Percent: 5,26%
Mastery
	 Rating: 8739
	 Multiplicative Factor: 0%
	 DR Bracket: 0
	 Base: 19,8%
	 Effective Percent: 42,27%
----------------------
04:41,372

Intellect
	 Rating: 145594
	 Multiplicative Factor: 8,15%
Stamina
	 Rating: 867233
	 Multiplicative Factor: 11,3%
Crit
	 Rating: 28254
	 Multiplicative Factor: 0%
	 DR Bracket: 2
	 Base: 5%
	 Effective Percent: 44,29%
	 Crit Inc Heal: 2,6
	 Crit Inc Damage: 2
Haste
	 Rating: 21065
	 Multiplicative Factor: 0%
	 DR Bracket: 1
	 Base: 12%
	 Effective Percent: 47,53%
Vers
	 Rating: 17414
	 Multiplicative Factor: 0%
	 DR Bracket: 0
	 Base: 3%
	 Effective Percent: 25,33%
Leech
	 Rating: 918
	 Multiplicative Factor: 0%
	 DR Bracket: 0
	 Base: 2%
	 Effective Percent: 2,9%
Avoidance
	 Rating: 2859
	 Multiplicative Factor: 0%
	 DR Bracket: 0
	 Base: 0%
	 Effective Percent: 5,26%
Mastery
	 Rating: 8739
	 Multiplicative Factor: 0%
	 DR Bracket: 0
	 Base: 19,8%
	 Effective Percent: 42,27%
----------------------
04:42,114

Intellect
	 Rating: 145594
	 Multiplicative Factor: 8,15%
Stamina
	 Rating: 867233
	 Multiplicative Factor: 11,3%
Crit
	 Rating: 28254
	 Multiplicative Factor: 0%
	 DR Bracket: 2
	 Base: 5%
	 Effective Percent: 44,29%
	 Crit Inc Heal: 2,6
	 Crit Inc Damage: 2
Haste
	 Rating: 21065
	 Multiplicative Factor: 0%
	 DR Bracket: 1
	 Base: 15%
	 Effective Percent: 51,48%
Vers
	 Rating: 17414
	 Multiplicative Factor: 0%
	 DR Bracket: 0
	 Base: 3%
	 Effective Percent: 25,33%
Leech
	 Rating: 918
	 Multiplicative Factor: 0%
	 DR Bracket: 0
	 Base: 2%
	 Effective Percent: 2,9%
Avoidance
	 Rating: 2859
	 Multiplicative Factor: 0%
	 DR Bracket: 0
	 Base: 0%
	 Effective Percent: 5,26%
Mastery
	 Rating: 8739
	 Multiplicative Factor: 0%
	 DR Bracket: 0
	 Base: 19,8%
	 Effective Percent: 42,27%
----------------------
04:42,137

Intellect
	 Rating: 145594
	 Multiplicative Factor: 8,15%
Stamina
	 Rating: 867233
	 Multiplicative Factor: 11,3%
Crit
	 Rating: 28254
	 Multiplicative Factor: 0%
	 DR Bracket: 2
	 Base: 5%
	 Effective Percent: 44,29%
	 Crit Inc Heal: 2,6
	 Crit Inc Damage: 2
Haste
	 Rating: 21065
	 Multiplicative Factor: 0%
	 DR Bracket: 1
	 Base: 18%
	 Effective Percent: 55,44%
Vers
	 Rating: 17414
	 Multiplicative Factor: 0%
	 DR Bracket: 0
	 Base: 3%
	 Effective Percent: 25,33%
Leech
	 Rating: 918
	 Multiplicative Factor: 0%
	 DR Bracket: 0
	 Base: 2%
	 Effective Percent: 2,9%
Avoidance
	 Rating: 2859
	 Multiplicative Factor: 0%
	 DR Bracket: 0
	 Base: 0%
	 Effective Percent: 5,26%
Mastery
	 Rating: 8739
	 Multiplicative Factor: 0%
	 DR Bracket: 0
	 Base: 19,8%
	 Effective Percent: 42,27%
----------------------
04:42,161

Intellect
	 Rating: 145594
	 Multiplicative Factor: 8,15%
Stamina
	 Rating: 867233
	 Multiplicative Factor: 11,3%
Crit
	 Rating: 28254
	 Multiplicative Factor: 0%
	 DR Bracket: 2
	 Base: 5%
	 Effective Percent: 44,29%
	 Crit Inc Heal: 2,6
	 Crit Inc Damage: 2
Haste
	 Rating: 21065
	 Multiplicative Factor: 0%
	 DR Bracket: 1
	 Base: 21%
	 Effective Percent: 59,39%
Vers
	 Rating: 17414
	 Multiplicative Factor: 0%
	 DR Bracket: 0
	 Base: 3%
	 Effective Percent: 25,33%
Leech
	 Rating: 918
	 Multiplicative Factor: 0%
	 DR Bracket: 0
	 Base: 2%
	 Effective Percent: 2,9%
Avoidance
	 Rating: 2859
	 Multiplicative Factor: 0%
	 DR Bracket: 0
	 Base: 0%
	 Effective Percent: 5,26%
Mastery
	 Rating: 8739
	 Multiplicative Factor: 0%
	 DR Bracket: 0
	 Base: 19,8%
	 Effective Percent: 42,27%
----------------------
04:42,366

Intellect
	 Rating: 145594
	 Multiplicative Factor: 8,15%
Stamina
	 Rating: 867233
	 Multiplicative Factor: 11,3%
Crit
	 Rating: 28254
	 Multiplicative Factor: 0%
	 DR Bracket: 2
	 Base: 5%
	 Effective Percent: 44,29%
	 Crit Inc Heal: 2,6
	 Crit Inc Damage: 2
Haste
	 Rating: 21065
	 Multiplicative Factor: 0%
	 DR Bracket: 1
	 Base: 20%
	 Effective Percent: 58,07%
Vers
	 Rating: 17414
	 Multiplicative Factor: 0%
	 DR Bracket: 0
	 Base: 3%
	 Effective Percent: 25,33%
Leech
	 Rating: 918
	 Multiplicative Factor: 0%
	 DR Bracket: 0
	 Base: 2%
	 Effective Percent: 2,9%
Avoidance
	 Rating: 2859
	 Multiplicative Factor: 0%
	 DR Bracket: 0
	 Base: 0%
	 Effective Percent: 5,26%
Mastery
	 Rating: 8739
	 Multiplicative Factor: 0%
	 DR Bracket: 0
	 Base: 19,8%
	 Effective Percent: 42,27%
----------------------
04:43,376

Intellect
	 Rating: 145594
	 Multiplicative Factor: 8,15%
Stamina
	 Rating: 867233
	 Multiplicative Factor: 11,3%
Crit
	 Rating: 28254
	 Multiplicative Factor: 0%
	 DR Bracket: 2
	 Base: 5%
	 Effective Percent: 44,29%
	 Crit Inc Heal: 2,6
	 Crit Inc Damage: 2
Haste
	 Rating: 21065
	 Multiplicative Factor: 0%
	 DR Bracket: 1
	 Base: 19%
	 Effective Percent: 56,75%
Vers
	 Rating: 17414
	 Multiplicative Factor: 0%
	 DR Bracket: 0
	 Base: 3%
	 Effective Percent: 25,33%
Leech
	 Rating: 918
	 Multiplicative Factor: 0%
	 DR Bracket: 0
	 Base: 2%
	 Effective Percent: 2,9%
Avoidance
	 Rating: 2859
	 Multiplicative Factor: 0%
	 DR Bracket: 0
	 Base: 0%
	 Effective Percent: 5,26%
Mastery
	 Rating: 8739
	 Multiplicative Factor: 0%
	 DR Bracket: 0
	 Base: 19,8%
	 Effective Percent: 42,27%
----------------------
04:44,367

Intellect
	 Rating: 145594
	 Multiplicative Factor: 8,15%
Stamina
	 Rating: 867233
	 Multiplicative Factor: 11,3%
Crit
	 Rating: 28254
	 Multiplicative Factor: 0%
	 DR Bracket: 2
	 Base: 5%
	 Effective Percent: 44,29%
	 Crit Inc Heal: 2,6
	 Crit Inc Damage: 2
Haste
	 Rating: 21065
	 Multiplicative Factor: 0%
	 DR Bracket: 1
	 Base: 18%
	 Effective Percent: 55,44%
Vers
	 Rating: 17414
	 Multiplicative Factor: 0%
	 DR Bracket: 0
	 Base: 3%
	 Effective Percent: 25,33%
Leech
	 Rating: 918
	 Multiplicative Factor: 0%
	 DR Bracket: 0
	 Base: 2%
	 Effective Percent: 2,9%
Avoidance
	 Rating: 2859
	 Multiplicative Factor: 0%
	 DR Bracket: 0
	 Base: 0%
	 Effective Percent: 5,26%
Mastery
	 Rating: 8739
	 Multiplicative Factor: 0%
	 DR Bracket: 0
	 Base: 19,8%
	 Effective Percent: 42,27%
----------------------
04:45,360

Intellect
	 Rating: 145594
	 Multiplicative Factor: 8,15%
Stamina
	 Rating: 867233
	 Multiplicative Factor: 11,3%
Crit
	 Rating: 28254
	 Multiplicative Factor: 0%
	 DR Bracket: 2
	 Base: 5%
	 Effective Percent: 44,29%
	 Crit Inc Heal: 2,6
	 Crit Inc Damage: 2
Haste
	 Rating: 21065
	 Multiplicative Factor: 0%
	 DR Bracket: 1
	 Base: 17%
	 Effective Percent: 54,12%
Vers
	 Rating: 17414
	 Multiplicative Factor: 0%
	 DR Bracket: 0
	 Base: 3%
	 Effective Percent: 25,33%
Leech
	 Rating: 918
	 Multiplicative Factor: 0%
	 DR Bracket: 0
	 Base: 2%
	 Effective Percent: 2,9%
Avoidance
	 Rating: 2859
	 Multiplicative Factor: 0%
	 DR Bracket: 0
	 Base: 0%
	 Effective Percent: 5,26%
Mastery
	 Rating: 8739
	 Multiplicative Factor: 0%
	 DR Bracket: 0
	 Base: 19,8%
	 Effective Percent: 42,27%
----------------------
04:45,425

Intellect
	 Rating: 145594
	 Multiplicative Factor: 8,15%
Stamina
	 Rating: 867233
	 Multiplicative Factor: 11,3%
Crit
	 Rating: 22710
	 Multiplicative Factor: 0%
	 DR Bracket: 1
	 Base: 5%
	 Effective Percent: 37,2%
	 Crit Inc Heal: 2,6
	 Crit Inc Damage: 2
Haste
	 Rating: 21065
	 Multiplicative Factor: 0%
	 DR Bracket: 1
	 Base: 17%
	 Effective Percent: 54,12%
Vers
	 Rating: 17414
	 Multiplicative Factor: 0%
	 DR Bracket: 0
	 Base: 3%
	 Effective Percent: 25,33%
Leech
	 Rating: 918
	 Multiplicative Factor: 0%
	 DR Bracket: 0
	 Base: 2%
	 Effective Percent: 2,9%
Avoidance
	 Rating: 2859
	 Multiplicative Factor: 0%
	 DR Bracket: 0
	 Base: 0%
	 Effective Percent: 5,26%
Mastery
	 Rating: 8739
	 Multiplicative Factor: 0%
	 DR Bracket: 0
	 Base: 19,8%
	 Effective Percent: 42,27%
----------------------
04:46,377

Intellect
	 Rating: 145594
	 Multiplicative Factor: 8,15%
Stamina
	 Rating: 867233
	 Multiplicative Factor: 11,3%
Crit
	 Rating: 22710
	 Multiplicative Factor: 0%
	 DR Bracket: 1
	 Base: 5%
	 Effective Percent: 37,2%
	 Crit Inc Heal: 2,6
	 Crit Inc Damage: 2
Haste
	 Rating: 21065
	 Multiplicative Factor: 0%
	 DR Bracket: 1
	 Base: 16%
	 Effective Percent: 52,8%
Vers
	 Rating: 17414
	 Multiplicative Factor: 0%
	 DR Bracket: 0
	 Base: 3%
	 Effective Percent: 25,33%
Leech
	 Rating: 918
	 Multiplicative Factor: 0%
	 DR Bracket: 0
	 Base: 2%
	 Effective Percent: 2,9%
Avoidance
	 Rating: 2859
	 Multiplicative Factor: 0%
	 DR Bracket: 0
	 Base: 0%
	 Effective Percent: 5,26%
Mastery
	 Rating: 8739
	 Multiplicative Factor: 0%
	 DR Bracket: 0
	 Base: 19,8%
	 Effective Percent: 42,27%
----------------------
04:47,359

Intellect
	 Rating: 145594
	 Multiplicative Factor: 8,15%
Stamina
	 Rating: 867233
	 Multiplicative Factor: 11,3%
Crit
	 Rating: 22710
	 Multiplicative Factor: 0%
	 DR Bracket: 1
	 Base: 5%
	 Effective Percent: 37,2%
	 Crit Inc Heal: 2,6
	 Crit Inc Damage: 2
Haste
	 Rating: 21065
	 Multiplicative Factor: 0%
	 DR Bracket: 1
	 Base: 15%
	 Effective Percent: 51,48%
Vers
	 Rating: 17414
	 Multiplicative Factor: 0%
	 DR Bracket: 0
	 Base: 3%
	 Effective Percent: 25,33%
Leech
	 Rating: 918
	 Multiplicative Factor: 0%
	 DR Bracket: 0
	 Base: 2%
	 Effective Percent: 2,9%
Avoidance
	 Rating: 2859
	 Multiplicative Factor: 0%
	 DR Bracket: 0
	 Base: 0%
	 Effective Percent: 5,26%
Mastery
	 Rating: 8739
	 Multiplicative Factor: 0%
	 DR Bracket: 0
	 Base: 19,8%
	 Effective Percent: 42,27%
----------------------
04:48,378

Intellect
	 Rating: 145594
	 Multiplicative Factor: 8,15%
Stamina
	 Rating: 867233
	 Multiplicative Factor: 11,3%
Crit
	 Rating: 22710
	 Multiplicative Factor: 0%
	 DR Bracket: 1
	 Base: 5%
	 Effective Percent: 37,2%
	 Crit Inc Heal: 2,6
	 Crit Inc Damage: 2
Haste
	 Rating: 21065
	 Multiplicative Factor: 0%
	 DR Bracket: 1
	 Base: 14%
	 Effective Percent: 50,17%
Vers
	 Rating: 17414
	 Multiplicative Factor: 0%
	 DR Bracket: 0
	 Base: 3%
	 Effective Percent: 25,33%
Leech
	 Rating: 918
	 Multiplicative Factor: 0%
	 DR Bracket: 0
	 Base: 2%
	 Effective Percent: 2,9%
Avoidance
	 Rating: 2859
	 Multiplicative Factor: 0%
	 DR Bracket: 0
	 Base: 0%
	 Effective Percent: 5,26%
Mastery
	 Rating: 8739
	 Multiplicative Factor: 0%
	 DR Bracket: 0
	 Base: 19,8%
	 Effective Percent: 42,27%
----------------------
04:49,375

Intellect
	 Rating: 145594
	 Multiplicative Factor: 8,15%
Stamina
	 Rating: 867233
	 Multiplicative Factor: 11,3%
Crit
	 Rating: 22710
	 Multiplicative Factor: 0%
	 DR Bracket: 1
	 Base: 5%
	 Effective Percent: 37,2%
	 Crit Inc Heal: 2,6
	 Crit Inc Damage: 2
Haste
	 Rating: 21065
	 Multiplicative Factor: 0%
	 DR Bracket: 1
	 Base: 13%
	 Effective Percent: 48,85%
Vers
	 Rating: 17414
	 Multiplicative Factor: 0%
	 DR Bracket: 0
	 Base: 3%
	 Effective Percent: 25,33%
Leech
	 Rating: 918
	 Multiplicative Factor: 0%
	 DR Bracket: 0
	 Base: 2%
	 Effective Percent: 2,9%
Avoidance
	 Rating: 2859
	 Multiplicative Factor: 0%
	 DR Bracket: 0
	 Base: 0%
	 Effective Percent: 5,26%
Mastery
	 Rating: 8739
	 Multiplicative Factor: 0%
	 DR Bracket: 0
	 Base: 19,8%
	 Effective Percent: 42,27%
----------------------
04:50,146

Intellect
	 Rating: 145594
	 Multiplicative Factor: 8,15%
Stamina
	 Rating: 867233
	 Multiplicative Factor: 11,3%
Crit
	 Rating: 22710
	 Multiplicative Factor: 0%
	 DR Bracket: 1
	 Base: 5%
	 Effective Percent: 37,2%
	 Crit Inc Heal: 2,6
	 Crit Inc Damage: 2
Haste
	 Rating: 21065
	 Multiplicative Factor: 0%
	 DR Bracket: 1
	 Base: 4%
	 Effective Percent: 36,99%
Vers
	 Rating: 17414
	 Multiplicative Factor: 0%
	 DR Bracket: 0
	 Base: 3%
	 Effective Percent: 25,33%
Leech
	 Rating: 918
	 Multiplicative Factor: 0%
	 DR Bracket: 0
	 Base: 2%
	 Effective Percent: 2,9%
Avoidance
	 Rating: 2859
	 Multiplicative Factor: 0%
	 DR Bracket: 0
	 Base: 0%
	 Effective Percent: 5,26%
Mastery
	 Rating: 8739
	 Multiplicative Factor: 0%
	 DR Bracket: 0
	 Base: 19,8%
	 Effective Percent: 42,27%
----------------------
04:50,361

Intellect
	 Rating: 145594
	 Multiplicative Factor: 8,15%
Stamina
	 Rating: 867233
	 Multiplicative Factor: 11,3%
Crit
	 Rating: 22710
	 Multiplicative Factor: 0%
	 DR Bracket: 1
	 Base: 5%
	 Effective Percent: 37,2%
	 Crit Inc Heal: 2,6
	 Crit Inc Damage: 2
Haste
	 Rating: 21065
	 Multiplicative Factor: 0%
	 DR Bracket: 1
	 Base: 3%
	 Effective Percent: 35,68%
Vers
	 Rating: 17414
	 Multiplicative Factor: 0%
	 DR Bracket: 0
	 Base: 3%
	 Effective Percent: 25,33%
Leech
	 Rating: 918
	 Multiplicative Factor: 0%
	 DR Bracket: 0
	 Base: 2%
	 Effective Percent: 2,9%
Avoidance
	 Rating: 2859
	 Multiplicative Factor: 0%
	 DR Bracket: 0
	 Base: 0%
	 Effective Percent: 5,26%
Mastery
	 Rating: 8739
	 Multiplicative Factor: 0%
	 DR Bracket: 0
	 Base: 19,8%
	 Effective Percent: 42,27%
----------------------
04:51,368

Intellect
	 Rating: 145594
	 Multiplicative Factor: 8,15%
Stamina
	 Rating: 867233
	 Multiplicative Factor: 11,3%
Crit
	 Rating: 22710
	 Multiplicative Factor: 0%
	 DR Bracket: 1
	 Base: 5%
	 Effective Percent: 37,2%
	 Crit Inc Heal: 2,6
	 Crit Inc Damage: 2
Haste
	 Rating: 21065
	 Multiplicative Factor: 0%
	 DR Bracket: 1
	 Base: 2%
	 Effective Percent: 34,36%
Vers
	 Rating: 17414
	 Multiplicative Factor: 0%
	 DR Bracket: 0
	 Base: 3%
	 Effective Percent: 25,33%
Leech
	 Rating: 918
	 Multiplicative Factor: 0%
	 DR Bracket: 0
	 Base: 2%
	 Effective Percent: 2,9%
Avoidance
	 Rating: 2859
	 Multiplicative Factor: 0%
	 DR Bracket: 0
	 Base: 0%
	 Effective Percent: 5,26%
Mastery
	 Rating: 8739
	 Multiplicative Factor: 0%
	 DR Bracket: 0
	 Base: 19,8%
	 Effective Percent: 42,27%
----------------------
04:52,364

Intellect
	 Rating: 145594
	 Multiplicative Factor: 8,15%
Stamina
	 Rating: 867233
	 Multiplicative Factor: 11,3%
Crit
	 Rating: 22710
	 Multiplicative Factor: 0%
	 DR Bracket: 1
	 Base: 5%
	 Effective Percent: 37,2%
	 Crit Inc Heal: 2,6
	 Crit Inc Damage: 2
Haste
	 Rating: 21065
	 Multiplicative Factor: 0%
	 DR Bracket: 1
	 Base: 1%
	 Effective Percent: 33,04%
Vers
	 Rating: 17414
	 Multiplicative Factor: 0%
	 DR Bracket: 0
	 Base: 3%
	 Effective Percent: 25,33%
Leech
	 Rating: 918
	 Multiplicative Factor: 0%
	 DR Bracket: 0
	 Base: 2%
	 Effective Percent: 2,9%
Avoidance
	 Rating: 2859
	 Multiplicative Factor: 0%
	 DR Bracket: 0
	 Base: 0%
	 Effective Percent: 5,26%
Mastery
	 Rating: 8739
	 Multiplicative Factor: 0%
	 DR Bracket: 0
	 Base: 19,8%
	 Effective Percent: 42,27%
----------------------
04:53,365

Intellect
	 Rating: 145594
	 Multiplicative Factor: 8,15%
Stamina
	 Rating: 867233
	 Multiplicative Factor: 11,3%
Crit
	 Rating: 22710
	 Multiplicative Factor: 0%
	 DR Bracket: 1
	 Base: 5%
	 Effective Percent: 37,2%
	 Crit Inc Heal: 2,6
	 Crit Inc Damage: 2
Haste
	 Rating: 21065
	 Multiplicative Factor: 0%
	 DR Bracket: 1
	 Base: 0%
	 Effective Percent: 31,72%
Vers
	 Rating: 17414
	 Multiplicative Factor: 0%
	 DR Bracket: 0
	 Base: 3%
	 Effective Percent: 25,33%
Leech
	 Rating: 918
	 Multiplicative Factor: 0%
	 DR Bracket: 0
	 Base: 2%
	 Effective Percent: 2,9%
Avoidance
	 Rating: 2859
	 Multiplicative Factor: 0%
	 DR Bracket: 0
	 Base: 0%
	 Effective Percent: 5,26%
Mastery
	 Rating: 8739
	 Multiplicative Factor: 0%
	 DR Bracket: 0
	 Base: 19,8%
	 Effective Percent: 42,27%
----------------------
04:54,871

Intellect
	 Rating: 145594
	 Multiplicative Factor: 8,15%
Stamina
	 Rating: 867233
	 Multiplicative Factor: 11,3%
Crit
	 Rating: 28254
	 Multiplicative Factor: 0%
	 DR Bracket: 2
	 Base: 5%
	 Effective Percent: 44,29%
	 Crit Inc Heal: 2,6
	 Crit Inc Damage: 2
Haste
	 Rating: 21065
	 Multiplicative Factor: 0%
	 DR Bracket: 1
	 Base: 0%
	 Effective Percent: 31,72%
Vers
	 Rating: 17414
	 Multiplicative Factor: 0%
	 DR Bracket: 0
	 Base: 3%
	 Effective Percent: 25,33%
Leech
	 Rating: 918
	 Multiplicative Factor: 0%
	 DR Bracket: 0
	 Base: 2%
	 Effective Percent: 2,9%
Avoidance
	 Rating: 2859
	 Multiplicative Factor: 0%
	 DR Bracket: 0
	 Base: 0%
	 Effective Percent: 5,26%
Mastery
	 Rating: 8739
	 Multiplicative Factor: 0%
	 DR Bracket: 0
	 Base: 19,8%
	 Effective Percent: 42,27%
----------------------
05:00,659

Intellect
	 Rating: 145594
	 Multiplicative Factor: 8,15%
Stamina
	 Rating: 867233
	 Multiplicative Factor: 11,3%
Crit
	 Rating: 28254
	 Multiplicative Factor: 0%
	 DR Bracket: 2
	 Base: 5%
	 Effective Percent: 44,29%
	 Crit Inc Heal: 2
	 Crit Inc Damage: 2
Haste
	 Rating: 21065
	 Multiplicative Factor: 0%
	 DR Bracket: 1
	 Base: 0%
	 Effective Percent: 31,72%
Vers
	 Rating: 17414
	 Multiplicative Factor: 0%
	 DR Bracket: 0
	 Base: 3%
	 Effective Percent: 25,33%
Leech
	 Rating: 918
	 Multiplicative Factor: 0%
	 DR Bracket: 0
	 Base: 2%
	 Effective Percent: 2,9%
Avoidance
	 Rating: 2859
	 Multiplicative Factor: 0%
	 DR Bracket: 0
	 Base: 0%
	 Effective Percent: 5,26%
Mastery
	 Rating: 8739
	 Multiplicative Factor: 0%
	 DR Bracket: 0
	 Base: 19,8%
	 Effective Percent: 42,27%
----------------------
05:02,064

Intellect
	 Rating: 145594
	 Multiplicative Factor: 8,15%
Stamina
	 Rating: 867233
	 Multiplicative Factor: 11,3%
Crit
	 Rating: 28254
	 Multiplicative Factor: 0%
	 DR Bracket: 2
	 Base: 5%
	 Effective Percent: 44,29%
	 Crit Inc Heal: 2,6
	 Crit Inc Damage: 2
Haste
	 Rating: 21065
	 Multiplicative Factor: 0%
	 DR Bracket: 1
	 Base: 0%
	 Effective Percent: 31,72%
Vers
	 Rating: 17414
	 Multiplicative Factor: 0%
	 DR Bracket: 0
	 Base: 3%
	 Effective Percent: 25,33%
Leech
	 Rating: 918
	 Multiplicative Factor: 0%
	 DR Bracket: 0
	 Base: 2%
	 Effective Percent: 2,9%
Avoidance
	 Rating: 2859
	 Multiplicative Factor: 0%
	 DR Bracket: 0
	 Base: 0%
	 Effective Percent: 5,26%
Mastery
	 Rating: 8739
	 Multiplicative Factor: 0%
	 DR Bracket: 0
	 Base: 19,8%
	 Effective Percent: 42,27%
----------------------
05:04,889

Intellect
	 Rating: 145594
	 Multiplicative Factor: 8,15%
Stamina
	 Rating: 867233
	 Multiplicative Factor: 11,3%
Crit
	 Rating: 22710
	 Multiplicative Factor: 0%
	 DR Bracket: 1
	 Base: 5%
	 Effective Percent: 37,2%
	 Crit Inc Heal: 2,6
	 Crit Inc Damage: 2
Haste
	 Rating: 21065
	 Multiplicative Factor: 0%
	 DR Bracket: 1
	 Base: 0%
	 Effective Percent: 31,72%
Vers
	 Rating: 17414
	 Multiplicative Factor: 0%
	 DR Bracket: 0
	 Base: 3%
	 Effective Percent: 25,33%
Leech
	 Rating: 918
	 Multiplicative Factor: 0%
	 DR Bracket: 0
	 Base: 2%
	 Effective Percent: 2,9%
Avoidance
	 Rating: 2859
	 Multiplicative Factor: 0%
	 DR Bracket: 0
	 Base: 0%
	 Effective Percent: 5,26%
Mastery
	 Rating: 8739
	 Multiplicative Factor: 0%
	 DR Bracket: 0
	 Base: 19,8%
	 Effective Percent: 42,27%
----------------------
05:07,098

Intellect
	 Rating: 145594
	 Multiplicative Factor: 8,15%
Stamina
	 Rating: 867233
	 Multiplicative Factor: 11,3%
Crit
	 Rating: 22710
	 Multiplicative Factor: 0%
	 DR Bracket: 1
	 Base: 5%
	 Effective Percent: 37,2%
	 Crit Inc Heal: 2,6
	 Crit Inc Damage: 2
Haste
	 Rating: 21065
	 Multiplicative Factor: 0%
	 DR Bracket: 1
	 Base: 3%
	 Effective Percent: 35,68%
Vers
	 Rating: 17414
	 Multiplicative Factor: 0%
	 DR Bracket: 0
	 Base: 3%
	 Effective Percent: 25,33%
Leech
	 Rating: 918
	 Multiplicative Factor: 0%
	 DR Bracket: 0
	 Base: 2%
	 Effective Percent: 2,9%
Avoidance
	 Rating: 2859
	 Multiplicative Factor: 0%
	 DR Bracket: 0
	 Base: 0%
	 Effective Percent: 5,26%
Mastery
	 Rating: 8739
	 Multiplicative Factor: 0%
	 DR Bracket: 0
	 Base: 19,8%
	 Effective Percent: 42,27%
----------------------
05:07,122

Intellect
	 Rating: 145594
	 Multiplicative Factor: 8,15%
Stamina
	 Rating: 867233
	 Multiplicative Factor: 11,3%
Crit
	 Rating: 22710
	 Multiplicative Factor: 0%
	 DR Bracket: 1
	 Base: 5%
	 Effective Percent: 37,2%
	 Crit Inc Heal: 2,6
	 Crit Inc Damage: 2
Haste
	 Rating: 21065
	 Multiplicative Factor: 0%
	 DR Bracket: 1
	 Base: 9%
	 Effective Percent: 43,58%
Vers
	 Rating: 17414
	 Multiplicative Factor: 0%
	 DR Bracket: 0
	 Base: 3%
	 Effective Percent: 25,33%
Leech
	 Rating: 918
	 Multiplicative Factor: 0%
	 DR Bracket: 0
	 Base: 2%
	 Effective Percent: 2,9%
Avoidance
	 Rating: 2859
	 Multiplicative Factor: 0%
	 DR Bracket: 0
	 Base: 0%
	 Effective Percent: 5,26%
Mastery
	 Rating: 8739
	 Multiplicative Factor: 0%
	 DR Bracket: 0
	 Base: 19,8%
	 Effective Percent: 42,27%
----------------------
05:07,122

Intellect
	 Rating: 145594
	 Multiplicative Factor: 8,15%
Stamina
	 Rating: 867233
	 Multiplicative Factor: 11,3%
Crit
	 Rating: 22710
	 Multiplicative Factor: 0%
	 DR Bracket: 1
	 Base: 5%
	 Effective Percent: 37,2%
	 Crit Inc Heal: 2,6
	 Crit Inc Damage: 2
Haste
	 Rating: 21065
	 Multiplicative Factor: 0%
	 DR Bracket: 1
	 Base: 6%
	 Effective Percent: 39,63%
Vers
	 Rating: 17414
	 Multiplicative Factor: 0%
	 DR Bracket: 0
	 Base: 3%
	 Effective Percent: 25,33%
Leech
	 Rating: 918
	 Multiplicative Factor: 0%
	 DR Bracket: 0
	 Base: 2%
	 Effective Percent: 2,9%
Avoidance
	 Rating: 2859
	 Multiplicative Factor: 0%
	 DR Bracket: 0
	 Base: 0%
	 Effective Percent: 5,26%
Mastery
	 Rating: 8739
	 Multiplicative Factor: 0%
	 DR Bracket: 0
	 Base: 19,8%
	 Effective Percent: 42,27%
----------------------
05:14,091

Intellect
	 Rating: 145594
	 Multiplicative Factor: 8,15%
Stamina
	 Rating: 867233
	 Multiplicative Factor: 11,3%
Crit
	 Rating: 22710
	 Multiplicative Factor: 0%
	 DR Bracket: 1
	 Base: 5%
	 Effective Percent: 37,2%
	 Crit Inc Heal: 2,6
	 Crit Inc Damage: 2
Haste
	 Rating: 21065
	 Multiplicative Factor: 0%
	 DR Bracket: 1
	 Base: 7%
	 Effective Percent: 40,95%
Vers
	 Rating: 17414
	 Multiplicative Factor: 0%
	 DR Bracket: 0
	 Base: 3%
	 Effective Percent: 25,33%
Leech
	 Rating: 918
	 Multiplicative Factor: 0%
	 DR Bracket: 0
	 Base: 2%
	 Effective Percent: 2,9%
Avoidance
	 Rating: 2859
	 Multiplicative Factor: 0%
	 DR Bracket: 0
	 Base: 0%
	 Effective Percent: 5,26%
Mastery
	 Rating: 8739
	 Multiplicative Factor: 0%
	 DR Bracket: 0
	 Base: 19,8%
	 Effective Percent: 42,27%
----------------------
05:15,092

Intellect
	 Rating: 145594
	 Multiplicative Factor: 8,15%
Stamina
	 Rating: 867233
	 Multiplicative Factor: 11,3%
Crit
	 Rating: 22710
	 Multiplicative Factor: 0%
	 DR Bracket: 1
	 Base: 5%
	 Effective Percent: 37,2%
	 Crit Inc Heal: 2,6
	 Crit Inc Damage: 2
Haste
	 Rating: 21065
	 Multiplicative Factor: 0%
	 DR Bracket: 1
	 Base: 35%
	 Effective Percent: 77,83%
Vers
	 Rating: 17414
	 Multiplicative Factor: 0%
	 DR Bracket: 0
	 Base: 3%
	 Effective Percent: 25,33%
Leech
	 Rating: 918
	 Multiplicative Factor: 0%
	 DR Bracket: 0
	 Base: 2%
	 Effective Percent: 2,9%
Avoidance
	 Rating: 2859
	 Multiplicative Factor: 0%
	 DR Bracket: 0
	 Base: 0%
	 Effective Percent: 5,26%
Mastery
	 Rating: 8739
	 Multiplicative Factor: 0%
	 DR Bracket: 0
	 Base: 19,8%
	 Effective Percent: 42,27%
----------------------
05:15,139

Intellect
	 Rating: 145594
	 Multiplicative Factor: 8,15%
Stamina
	 Rating: 867233
	 Multiplicative Factor: 11,3%
Crit
	 Rating: 22710
	 Multiplicative Factor: 0%
	 DR Bracket: 1
	 Base: 5%
	 Effective Percent: 37,2%
	 Crit Inc Heal: 2,6
	 Crit Inc Damage: 2
Haste
	 Rating: 21065
	 Multiplicative Factor: 0%
	 DR Bracket: 1
	 Base: 29%
	 Effective Percent: 69,93%
Vers
	 Rating: 17414
	 Multiplicative Factor: 0%
	 DR Bracket: 0
	 Base: 3%
	 Effective Percent: 25,33%
Leech
	 Rating: 918
	 Multiplicative Factor: 0%
	 DR Bracket: 0
	 Base: 2%
	 Effective Percent: 2,9%
Avoidance
	 Rating: 2859
	 Multiplicative Factor: 0%
	 DR Bracket: 0
	 Base: 0%
	 Effective Percent: 5,26%
Mastery
	 Rating: 8739
	 Multiplicative Factor: 0%
	 DR Bracket: 0
	 Base: 19,8%
	 Effective Percent: 42,27%
