----------------------
00:03,442

Intellect
	 Rating: 144606
	 Multiplicative Factor: 12,48%
Stamina
	 Rating: 847498
	 Multiplicative Factor: 11,3%
Crit
	 Rating: 11547
	 Multiplicative Factor: 0%
	 DR Bracket: 0
	 Base: 9%
	 Effective Percent: 25,5%
	 Crit Inc Heal: 2
	 Crit Inc Damage: 2
Haste
	 Rating: 20035
	 Multiplicative Factor: 0%
	 DR Bracket: 1
	 Base: 1%
	 Effective Percent: 31,62%
Vers
	 Rating: 3542
	 Multiplicative Factor: 0%
	 DR Bracket: 0
	 Base: 3%
	 Effective Percent: 7,54%
Leech
	 Rating: 4838
	 Multiplicative Factor: 0%
	 DR Bracket: 0
	 Base: 0%
	 Effective Percent: 4,74%
Avoidance
	 Rating: 0
	 Multiplicative Factor: 0%
	 DR Bracket: 0
	 Base: 0%
	 Effective Percent: 0%
Mastery
	 Rating: 25221
	 Multiplicative Factor: 0%
	 DR Bracket: 1
	 Base: 21%
	 Effective Percent: 74,14%
----------------------
00:03,507

Intellect
	 Rating: 144606
	 Multiplicative Factor: 12,48%
Stamina
	 Rating: 847498
	 Multiplicative Factor: 11,3%
Crit
	 Rating: 11547
	 Multiplicative Factor: 0%
	 DR Bracket: 0
	 Base: 9%
	 Effective Percent: 25,5%
	 Crit Inc Heal: 2
	 Crit Inc Damage: 2
Haste
	 Rating: 20035
	 Multiplicative Factor: 0%
	 DR Bracket: 1
	 Base: 3%
	 Effective Percent: 34,23%
Vers
	 Rating: 3542
	 Multiplicative Factor: 0%
	 DR Bracket: 0
	 Base: 3%
	 Effective Percent: 7,54%
Leech
	 Rating: 4838
	 Multiplicative Factor: 0%
	 DR Bracket: 0
	 Base: 0%
	 Effective Percent: 4,74%
Avoidance
	 Rating: 0
	 Multiplicative Factor: 0%
	 DR Bracket: 0
	 Base: 0%
	 Effective Percent: 0%
Mastery
	 Rating: 25221
	 Multiplicative Factor: 0%
	 DR Bracket: 1
	 Base: 21%
	 Effective Percent: 74,14%
----------------------
00:05,706

Intellect
	 Rating: 144606
	 Multiplicative Factor: 12,48%
Stamina
	 Rating: 847498
	 Multiplicative Factor: 11,3%
Crit
	 Rating: 11547
	 Multiplicative Factor: 0%
	 DR Bracket: 0
	 Base: 9%
	 Effective Percent: 25,5%
	 Crit Inc Heal: 2
	 Crit Inc Damage: 2
Haste
	 Rating: 20035
	 Multiplicative Factor: 0%
	 DR Bracket: 1
	 Base: 4%
	 Effective Percent: 35,53%
Vers
	 Rating: 3542
	 Multiplicative Factor: 0%
	 DR Bracket: 0
	 Base: 3%
	 Effective Percent: 7,54%
Leech
	 Rating: 4838
	 Multiplicative Factor: 0%
	 DR Bracket: 0
	 Base: 0%
	 Effective Percent: 4,74%
Avoidance
	 Rating: 0
	 Multiplicative Factor: 0%
	 DR Bracket: 0
	 Base: 0%
	 Effective Percent: 0%
Mastery
	 Rating: 25221
	 Multiplicative Factor: 0%
	 DR Bracket: 1
	 Base: 21%
	 Effective Percent: 74,14%
----------------------
00:05,756

Intellect
	 Rating: 144606
	 Multiplicative Factor: 12,48%
Stamina
	 Rating: 847498
	 Multiplicative Factor: 11,3%
Crit
	 Rating: 11547
	 Multiplicative Factor: 0%
	 DR Bracket: 0
	 Base: 9%
	 Effective Percent: 25,5%
	 Crit Inc Heal: 2
	 Crit Inc Damage: 2
Haste
	 Rating: 20035
	 Multiplicative Factor: 0%
	 DR Bracket: 1
	 Base: 6%
	 Effective Percent: 38,14%
Vers
	 Rating: 3542
	 Multiplicative Factor: 0%
	 DR Bracket: 0
	 Base: 3%
	 Effective Percent: 7,54%
Leech
	 Rating: 4838
	 Multiplicative Factor: 0%
	 DR Bracket: 0
	 Base: 0%
	 Effective Percent: 4,74%
Avoidance
	 Rating: 0
	 Multiplicative Factor: 0%
	 DR Bracket: 0
	 Base: 0%
	 Effective Percent: 0%
Mastery
	 Rating: 25221
	 Multiplicative Factor: 0%
	 DR Bracket: 1
	 Base: 21%
	 Effective Percent: 74,14%
----------------------
00:06,824

Intellect
	 Rating: 144606
	 Multiplicative Factor: 12,48%
Stamina
	 Rating: 847498
	 Multiplicative Factor: 11,3%
Crit
	 Rating: 11547
	 Multiplicative Factor: 0%
	 DR Bracket: 0
	 Base: 9%
	 Effective Percent: 25,5%
	 Crit Inc Heal: 2
	 Crit Inc Damage: 2
Haste
	 Rating: 20035
	 Multiplicative Factor: 0%
	 DR Bracket: 1
	 Base: 7%
	 Effective Percent: 39,44%
Vers
	 Rating: 3542
	 Multiplicative Factor: 0%
	 DR Bracket: 0
	 Base: 3%
	 Effective Percent: 7,54%
Leech
	 Rating: 4838
	 Multiplicative Factor: 0%
	 DR Bracket: 0
	 Base: 0%
	 Effective Percent: 4,74%
Avoidance
	 Rating: 0
	 Multiplicative Factor: 0%
	 DR Bracket: 0
	 Base: 0%
	 Effective Percent: 0%
Mastery
	 Rating: 25221
	 Multiplicative Factor: 0%
	 DR Bracket: 1
	 Base: 21%
	 Effective Percent: 74,14%
----------------------
00:08,982

Intellect
	 Rating: 144606
	 Multiplicative Factor: 12,48%
Stamina
	 Rating: 847498
	 Multiplicative Factor: 11,3%
Crit
	 Rating: 11547
	 Multiplicative Factor: 0%
	 DR Bracket: 0
	 Base: 9%
	 Effective Percent: 25,5%
	 Crit Inc Heal: 2
	 Crit Inc Damage: 2
Haste
	 Rating: 20035
	 Multiplicative Factor: 0%
	 DR Bracket: 1
	 Base: 8%
	 Effective Percent: 40,75%
Vers
	 Rating: 3542
	 Multiplicative Factor: 0%
	 DR Bracket: 0
	 Base: 3%
	 Effective Percent: 7,54%
Leech
	 Rating: 4838
	 Multiplicative Factor: 0%
	 DR Bracket: 0
	 Base: 0%
	 Effective Percent: 4,74%
Avoidance
	 Rating: 0
	 Multiplicative Factor: 0%
	 DR Bracket: 0
	 Base: 0%
	 Effective Percent: 0%
Mastery
	 Rating: 25221
	 Multiplicative Factor: 0%
	 DR Bracket: 1
	 Base: 21%
	 Effective Percent: 74,14%
----------------------
00:10,216

Intellect
	 Rating: 144606
	 Multiplicative Factor: 12,48%
Stamina
	 Rating: 847498
	 Multiplicative Factor: 11,3%
Crit
	 Rating: 17398
	 Multiplicative Factor: 0%
	 DR Bracket: 0
	 Base: 9%
	 Effective Percent: 33,85%
	 Crit Inc Heal: 2
	 Crit Inc Damage: 2
Haste
	 Rating: 20035
	 Multiplicative Factor: 0%
	 DR Bracket: 1
	 Base: 8%
	 Effective Percent: 40,75%
Vers
	 Rating: 3542
	 Multiplicative Factor: 0%
	 DR Bracket: 0
	 Base: 3%
	 Effective Percent: 7,54%
Leech
	 Rating: 4838
	 Multiplicative Factor: 0%
	 DR Bracket: 0
	 Base: 0%
	 Effective Percent: 4,74%
Avoidance
	 Rating: 0
	 Multiplicative Factor: 0%
	 DR Bracket: 0
	 Base: 0%
	 Effective Percent: 0%
Mastery
	 Rating: 25221
	 Multiplicative Factor: 0%
	 DR Bracket: 1
	 Base: 21%
	 Effective Percent: 74,14%
----------------------
00:10,286

Intellect
	 Rating: 144606
	 Multiplicative Factor: 12,48%
Stamina
	 Rating: 847498
	 Multiplicative Factor: 11,3%
Crit
	 Rating: 23248
	 Multiplicative Factor: 0%
	 DR Bracket: 1
	 Base: 9%
	 Effective Percent: 41,89%
	 Crit Inc Heal: 2
	 Crit Inc Damage: 2
Haste
	 Rating: 20035
	 Multiplicative Factor: 0%
	 DR Bracket: 1
	 Base: 8%
	 Effective Percent: 40,75%
Vers
	 Rating: 3542
	 Multiplicative Factor: 0%
	 DR Bracket: 0
	 Base: 3%
	 Effective Percent: 7,54%
Leech
	 Rating: 4838
	 Multiplicative Factor: 0%
	 DR Bracket: 0
	 Base: 0%
	 Effective Percent: 4,74%
Avoidance
	 Rating: 0
	 Multiplicative Factor: 0%
	 DR Bracket: 0
	 Base: 0%
	 Effective Percent: 0%
Mastery
	 Rating: 25221
	 Multiplicative Factor: 0%
	 DR Bracket: 1
	 Base: 21%
	 Effective Percent: 74,14%
----------------------
00:11,116

Intellect
	 Rating: 144606
	 Multiplicative Factor: 12,48%
Stamina
	 Rating: 847498
	 Multiplicative Factor: 11,3%
Crit
	 Rating: 23248
	 Multiplicative Factor: 0%
	 DR Bracket: 1
	 Base: 9%
	 Effective Percent: 41,89%
	 Crit Inc Heal: 2
	 Crit Inc Damage: 2
Haste
	 Rating: 20035
	 Multiplicative Factor: 0%
	 DR Bracket: 1
	 Base: 9%
	 Effective Percent: 42,05%
Vers
	 Rating: 3542
	 Multiplicative Factor: 0%
	 DR Bracket: 0
	 Base: 3%
	 Effective Percent: 7,54%
Leech
	 Rating: 4838
	 Multiplicative Factor: 0%
	 DR Bracket: 0
	 Base: 0%
	 Effective Percent: 4,74%
Avoidance
	 Rating: 0
	 Multiplicative Factor: 0%
	 DR Bracket: 0
	 Base: 0%
	 Effective Percent: 0%
Mastery
	 Rating: 25221
	 Multiplicative Factor: 0%
	 DR Bracket: 1
	 Base: 21%
	 Effective Percent: 74,14%
----------------------
00:15,500

Intellect
	 Rating: 144606
	 Multiplicative Factor: 12,48%
Stamina
	 Rating: 847498
	 Multiplicative Factor: 11,3%
Crit
	 Rating: 23248
	 Multiplicative Factor: 0%
	 DR Bracket: 1
	 Base: 9%
	 Effective Percent: 41,89%
	 Crit Inc Heal: 2
	 Crit Inc Damage: 2
Haste
	 Rating: 20035
	 Multiplicative Factor: 0%
	 DR Bracket: 1
	 Base: 7%
	 Effective Percent: 39,44%
Vers
	 Rating: 3542
	 Multiplicative Factor: 0%
	 DR Bracket: 0
	 Base: 3%
	 Effective Percent: 7,54%
Leech
	 Rating: 4838
	 Multiplicative Factor: 0%
	 DR Bracket: 0
	 Base: 0%
	 Effective Percent: 4,74%
Avoidance
	 Rating: 0
	 Multiplicative Factor: 0%
	 DR Bracket: 0
	 Base: 0%
	 Effective Percent: 0%
Mastery
	 Rating: 25221
	 Multiplicative Factor: 0%
	 DR Bracket: 1
	 Base: 21%
	 Effective Percent: 74,14%
----------------------
00:17,748

Intellect
	 Rating: 144606
	 Multiplicative Factor: 12,48%
Stamina
	 Rating: 847498
	 Multiplicative Factor: 11,3%
Crit
	 Rating: 23248
	 Multiplicative Factor: 0%
	 DR Bracket: 1
	 Base: 9%
	 Effective Percent: 41,89%
	 Crit Inc Heal: 2
	 Crit Inc Damage: 2
Haste
	 Rating: 20035
	 Multiplicative Factor: 0%
	 DR Bracket: 1
	 Base: 5%
	 Effective Percent: 36,84%
Vers
	 Rating: 3542
	 Multiplicative Factor: 0%
	 DR Bracket: 0
	 Base: 3%
	 Effective Percent: 7,54%
Leech
	 Rating: 4838
	 Multiplicative Factor: 0%
	 DR Bracket: 0
	 Base: 0%
	 Effective Percent: 4,74%
Avoidance
	 Rating: 0
	 Multiplicative Factor: 0%
	 DR Bracket: 0
	 Base: 0%
	 Effective Percent: 0%
Mastery
	 Rating: 25221
	 Multiplicative Factor: 0%
	 DR Bracket: 1
	 Base: 21%
	 Effective Percent: 74,14%
----------------------
00:20,235

Intellect
	 Rating: 144606
	 Multiplicative Factor: 12,48%
Stamina
	 Rating: 847498
	 Multiplicative Factor: 11,3%
Crit
	 Rating: 17398
	 Multiplicative Factor: 0%
	 DR Bracket: 0
	 Base: 9%
	 Effective Percent: 33,85%
	 Crit Inc Heal: 2
	 Crit Inc Damage: 2
Haste
	 Rating: 20035
	 Multiplicative Factor: 0%
	 DR Bracket: 1
	 Base: 5%
	 Effective Percent: 36,84%
Vers
	 Rating: 3542
	 Multiplicative Factor: 0%
	 DR Bracket: 0
	 Base: 3%
	 Effective Percent: 7,54%
Leech
	 Rating: 4838
	 Multiplicative Factor: 0%
	 DR Bracket: 0
	 Base: 0%
	 Effective Percent: 4,74%
Avoidance
	 Rating: 0
	 Multiplicative Factor: 0%
	 DR Bracket: 0
	 Base: 0%
	 Effective Percent: 0%
Mastery
	 Rating: 25221
	 Multiplicative Factor: 0%
	 DR Bracket: 1
	 Base: 21%
	 Effective Percent: 74,14%
----------------------
00:20,275

Intellect
	 Rating: 144606
	 Multiplicative Factor: 12,48%
Stamina
	 Rating: 847498
	 Multiplicative Factor: 11,3%
Crit
	 Rating: 11547
	 Multiplicative Factor: 0%
	 DR Bracket: 0
	 Base: 9%
	 Effective Percent: 25,5%
	 Crit Inc Heal: 2
	 Crit Inc Damage: 2
Haste
	 Rating: 20035
	 Multiplicative Factor: 0%
	 DR Bracket: 1
	 Base: 5%
	 Effective Percent: 36,84%
Vers
	 Rating: 3542
	 Multiplicative Factor: 0%
	 DR Bracket: 0
	 Base: 3%
	 Effective Percent: 7,54%
Leech
	 Rating: 4838
	 Multiplicative Factor: 0%
	 DR Bracket: 0
	 Base: 0%
	 Effective Percent: 4,74%
Avoidance
	 Rating: 0
	 Multiplicative Factor: 0%
	 DR Bracket: 0
	 Base: 0%
	 Effective Percent: 0%
Mastery
	 Rating: 25221
	 Multiplicative Factor: 0%
	 DR Bracket: 1
	 Base: 21%
	 Effective Percent: 74,14%
----------------------
00:24,583

Intellect
	 Rating: 144606
	 Multiplicative Factor: 12,48%
Stamina
	 Rating: 847498
	 Multiplicative Factor: 11,3%
Crit
	 Rating: 11547
	 Multiplicative Factor: 0%
	 DR Bracket: 0
	 Base: 9%
	 Effective Percent: 25,5%
	 Crit Inc Heal: 2
	 Crit Inc Damage: 2
Haste
	 Rating: 20035
	 Multiplicative Factor: 0%
	 DR Bracket: 1
	 Base: 7%
	 Effective Percent: 39,44%
Vers
	 Rating: 3542
	 Multiplicative Factor: 0%
	 DR Bracket: 0
	 Base: 3%
	 Effective Percent: 7,54%
Leech
	 Rating: 4838
	 Multiplicative Factor: 0%
	 DR Bracket: 0
	 Base: 0%
	 Effective Percent: 4,74%
Avoidance
	 Rating: 0
	 Multiplicative Factor: 0%
	 DR Bracket: 0
	 Base: 0%
	 Effective Percent: 0%
Mastery
	 Rating: 25221
	 Multiplicative Factor: 0%
	 DR Bracket: 1
	 Base: 21%
	 Effective Percent: 74,14%
----------------------
00:24,583

Intellect
	 Rating: 144606
	 Multiplicative Factor: 12,48%
Stamina
	 Rating: 847498
	 Multiplicative Factor: 11,3%
Crit
	 Rating: 11547
	 Multiplicative Factor: 0%
	 DR Bracket: 0
	 Base: 9%
	 Effective Percent: 25,5%
	 Crit Inc Heal: 2
	 Crit Inc Damage: 2
Haste
	 Rating: 20035
	 Multiplicative Factor: 0%
	 DR Bracket: 1
	 Base: 9%
	 Effective Percent: 42,05%
Vers
	 Rating: 3542
	 Multiplicative Factor: 0%
	 DR Bracket: 0
	 Base: 3%
	 Effective Percent: 7,54%
Leech
	 Rating: 4838
	 Multiplicative Factor: 0%
	 DR Bracket: 0
	 Base: 0%
	 Effective Percent: 4,74%
Avoidance
	 Rating: 0
	 Multiplicative Factor: 0%
	 DR Bracket: 0
	 Base: 0%
	 Effective Percent: 0%
Mastery
	 Rating: 25221
	 Multiplicative Factor: 0%
	 DR Bracket: 1
	 Base: 21%
	 Effective Percent: 74,14%
----------------------
00:24,584

Intellect
	 Rating: 144606
	 Multiplicative Factor: 12,48%
Stamina
	 Rating: 847498
	 Multiplicative Factor: 11,3%
Crit
	 Rating: 11547
	 Multiplicative Factor: 0%
	 DR Bracket: 0
	 Base: 9%
	 Effective Percent: 25,5%
	 Crit Inc Heal: 2
	 Crit Inc Damage: 2
Haste
	 Rating: 20035
	 Multiplicative Factor: 0%
	 DR Bracket: 1
	 Base: 11%
	 Effective Percent: 44,66%
Vers
	 Rating: 3542
	 Multiplicative Factor: 0%
	 DR Bracket: 0
	 Base: 3%
	 Effective Percent: 7,54%
Leech
	 Rating: 4838
	 Multiplicative Factor: 0%
	 DR Bracket: 0
	 Base: 0%
	 Effective Percent: 4,74%
Avoidance
	 Rating: 0
	 Multiplicative Factor: 0%
	 DR Bracket: 0
	 Base: 0%
	 Effective Percent: 0%
Mastery
	 Rating: 25221
	 Multiplicative Factor: 0%
	 DR Bracket: 1
	 Base: 21%
	 Effective Percent: 74,14%
----------------------
00:24,584

Intellect
	 Rating: 144606
	 Multiplicative Factor: 12,48%
Stamina
	 Rating: 847498
	 Multiplicative Factor: 11,3%
Crit
	 Rating: 11547
	 Multiplicative Factor: 0%
	 DR Bracket: 0
	 Base: 9%
	 Effective Percent: 25,5%
	 Crit Inc Heal: 2
	 Crit Inc Damage: 2
Haste
	 Rating: 20035
	 Multiplicative Factor: 0%
	 DR Bracket: 1
	 Base: 13%
	 Effective Percent: 47,26%
Vers
	 Rating: 3542
	 Multiplicative Factor: 0%
	 DR Bracket: 0
	 Base: 3%
	 Effective Percent: 7,54%
Leech
	 Rating: 4838
	 Multiplicative Factor: 0%
	 DR Bracket: 0
	 Base: 0%
	 Effective Percent: 4,74%
Avoidance
	 Rating: 0
	 Multiplicative Factor: 0%
	 DR Bracket: 0
	 Base: 0%
	 Effective Percent: 0%
Mastery
	 Rating: 25221
	 Multiplicative Factor: 0%
	 DR Bracket: 1
	 Base: 21%
	 Effective Percent: 74,14%
----------------------
00:34,172

Intellect
	 Rating: 144606
	 Multiplicative Factor: 12,48%
Stamina
	 Rating: 847498
	 Multiplicative Factor: 11,3%
Crit
	 Rating: 11547
	 Multiplicative Factor: 0%
	 DR Bracket: 0
	 Base: 9%
	 Effective Percent: 25,5%
	 Crit Inc Heal: 2
	 Crit Inc Damage: 2
Haste
	 Rating: 20035
	 Multiplicative Factor: 0%
	 DR Bracket: 1
	 Base: 15%
	 Effective Percent: 49,87%
Vers
	 Rating: 3542
	 Multiplicative Factor: 0%
	 DR Bracket: 0
	 Base: 3%
	 Effective Percent: 7,54%
Leech
	 Rating: 4838
	 Multiplicative Factor: 0%
	 DR Bracket: 0
	 Base: 0%
	 Effective Percent: 4,74%
Avoidance
	 Rating: 0
	 Multiplicative Factor: 0%
	 DR Bracket: 0
	 Base: 0%
	 Effective Percent: 0%
Mastery
	 Rating: 25221
	 Multiplicative Factor: 0%
	 DR Bracket: 1
	 Base: 21%
	 Effective Percent: 74,14%
----------------------
00:36,176

Intellect
	 Rating: 144606
	 Multiplicative Factor: 12,48%
Stamina
	 Rating: 847498
	 Multiplicative Factor: 11,3%
Crit
	 Rating: 11547
	 Multiplicative Factor: 0%
	 DR Bracket: 0
	 Base: 9%
	 Effective Percent: 25,5%
	 Crit Inc Heal: 2
	 Crit Inc Damage: 2
Haste
	 Rating: 20035
	 Multiplicative Factor: 0%
	 DR Bracket: 1
	 Base: 17%
	 Effective Percent: 52,47%
Vers
	 Rating: 3542
	 Multiplicative Factor: 0%
	 DR Bracket: 0
	 Base: 3%
	 Effective Percent: 7,54%
Leech
	 Rating: 4838
	 Multiplicative Factor: 0%
	 DR Bracket: 0
	 Base: 0%
	 Effective Percent: 4,74%
Avoidance
	 Rating: 0
	 Multiplicative Factor: 0%
	 DR Bracket: 0
	 Base: 0%
	 Effective Percent: 0%
Mastery
	 Rating: 25221
	 Multiplicative Factor: 0%
	 DR Bracket: 1
	 Base: 21%
	 Effective Percent: 74,14%
----------------------
00:36,578

Intellect
	 Rating: 144606
	 Multiplicative Factor: 12,48%
Stamina
	 Rating: 847498
	 Multiplicative Factor: 11,3%
Crit
	 Rating: 11547
	 Multiplicative Factor: 0%
	 DR Bracket: 0
	 Base: 9%
	 Effective Percent: 25,5%
	 Crit Inc Heal: 2
	 Crit Inc Damage: 2
Haste
	 Rating: 20035
	 Multiplicative Factor: 0%
	 DR Bracket: 1
	 Base: 15%
	 Effective Percent: 49,87%
Vers
	 Rating: 3542
	 Multiplicative Factor: 0%
	 DR Bracket: 0
	 Base: 3%
	 Effective Percent: 7,54%
Leech
	 Rating: 4838
	 Multiplicative Factor: 0%
	 DR Bracket: 0
	 Base: 0%
	 Effective Percent: 4,74%
Avoidance
	 Rating: 0
	 Multiplicative Factor: 0%
	 DR Bracket: 0
	 Base: 0%
	 Effective Percent: 0%
Mastery
	 Rating: 25221
	 Multiplicative Factor: 0%
	 DR Bracket: 1
	 Base: 21%
	 Effective Percent: 74,14%
----------------------
00:36,578

Intellect
	 Rating: 144606
	 Multiplicative Factor: 12,48%
Stamina
	 Rating: 847498
	 Multiplicative Factor: 11,3%
Crit
	 Rating: 11547
	 Multiplicative Factor: 0%
	 DR Bracket: 0
	 Base: 9%
	 Effective Percent: 25,5%
	 Crit Inc Heal: 2
	 Crit Inc Damage: 2
Haste
	 Rating: 20035
	 Multiplicative Factor: 0%
	 DR Bracket: 1
	 Base: 13%
	 Effective Percent: 47,26%
Vers
	 Rating: 3542
	 Multiplicative Factor: 0%
	 DR Bracket: 0
	 Base: 3%
	 Effective Percent: 7,54%
Leech
	 Rating: 4838
	 Multiplicative Factor: 0%
	 DR Bracket: 0
	 Base: 0%
	 Effective Percent: 4,74%
Avoidance
	 Rating: 0
	 Multiplicative Factor: 0%
	 DR Bracket: 0
	 Base: 0%
	 Effective Percent: 0%
Mastery
	 Rating: 25221
	 Multiplicative Factor: 0%
	 DR Bracket: 1
	 Base: 21%
	 Effective Percent: 74,14%
----------------------
00:36,578

Intellect
	 Rating: 144606
	 Multiplicative Factor: 12,48%
Stamina
	 Rating: 847498
	 Multiplicative Factor: 11,3%
Crit
	 Rating: 11547
	 Multiplicative Factor: 0%
	 DR Bracket: 0
	 Base: 9%
	 Effective Percent: 25,5%
	 Crit Inc Heal: 2
	 Crit Inc Damage: 2
Haste
	 Rating: 20035
	 Multiplicative Factor: 0%
	 DR Bracket: 1
	 Base: 11%
	 Effective Percent: 44,66%
Vers
	 Rating: 3542
	 Multiplicative Factor: 0%
	 DR Bracket: 0
	 Base: 3%
	 Effective Percent: 7,54%
Leech
	 Rating: 4838
	 Multiplicative Factor: 0%
	 DR Bracket: 0
	 Base: 0%
	 Effective Percent: 4,74%
Avoidance
	 Rating: 0
	 Multiplicative Factor: 0%
	 DR Bracket: 0
	 Base: 0%
	 Effective Percent: 0%
Mastery
	 Rating: 25221
	 Multiplicative Factor: 0%
	 DR Bracket: 1
	 Base: 21%
	 Effective Percent: 74,14%
----------------------
00:36,578

Intellect
	 Rating: 144606
	 Multiplicative Factor: 12,48%
Stamina
	 Rating: 847498
	 Multiplicative Factor: 11,3%
Crit
	 Rating: 11547
	 Multiplicative Factor: 0%
	 DR Bracket: 0
	 Base: 9%
	 Effective Percent: 25,5%
	 Crit Inc Heal: 2
	 Crit Inc Damage: 2
Haste
	 Rating: 20035
	 Multiplicative Factor: 0%
	 DR Bracket: 1
	 Base: 9%
	 Effective Percent: 42,05%
Vers
	 Rating: 3542
	 Multiplicative Factor: 0%
	 DR Bracket: 0
	 Base: 3%
	 Effective Percent: 7,54%
Leech
	 Rating: 4838
	 Multiplicative Factor: 0%
	 DR Bracket: 0
	 Base: 0%
	 Effective Percent: 4,74%
Avoidance
	 Rating: 0
	 Multiplicative Factor: 0%
	 DR Bracket: 0
	 Base: 0%
	 Effective Percent: 0%
Mastery
	 Rating: 25221
	 Multiplicative Factor: 0%
	 DR Bracket: 1
	 Base: 21%
	 Effective Percent: 74,14%
----------------------
00:37,680

Intellect
	 Rating: 144606
	 Multiplicative Factor: 12,48%
Stamina
	 Rating: 847498
	 Multiplicative Factor: 11,3%
Crit
	 Rating: 17398
	 Multiplicative Factor: 0%
	 DR Bracket: 0
	 Base: 9%
	 Effective Percent: 33,85%
	 Crit Inc Heal: 2
	 Crit Inc Damage: 2
Haste
	 Rating: 20035
	 Multiplicative Factor: 0%
	 DR Bracket: 1
	 Base: 9%
	 Effective Percent: 42,05%
Vers
	 Rating: 3542
	 Multiplicative Factor: 0%
	 DR Bracket: 0
	 Base: 3%
	 Effective Percent: 7,54%
Leech
	 Rating: 4838
	 Multiplicative Factor: 0%
	 DR Bracket: 0
	 Base: 0%
	 Effective Percent: 4,74%
Avoidance
	 Rating: 0
	 Multiplicative Factor: 0%
	 DR Bracket: 0
	 Base: 0%
	 Effective Percent: 0%
Mastery
	 Rating: 25221
	 Multiplicative Factor: 0%
	 DR Bracket: 1
	 Base: 21%
	 Effective Percent: 74,14%
----------------------
00:40,185

Intellect
	 Rating: 144606
	 Multiplicative Factor: 12,48%
Stamina
	 Rating: 847498
	 Multiplicative Factor: 11,3%
Crit
	 Rating: 23248
	 Multiplicative Factor: 0%
	 DR Bracket: 1
	 Base: 9%
	 Effective Percent: 41,89%
	 Crit Inc Heal: 2
	 Crit Inc Damage: 2
Haste
	 Rating: 20035
	 Multiplicative Factor: 0%
	 DR Bracket: 1
	 Base: 9%
	 Effective Percent: 42,05%
Vers
	 Rating: 3542
	 Multiplicative Factor: 0%
	 DR Bracket: 0
	 Base: 3%
	 Effective Percent: 7,54%
Leech
	 Rating: 4838
	 Multiplicative Factor: 0%
	 DR Bracket: 0
	 Base: 0%
	 Effective Percent: 4,74%
Avoidance
	 Rating: 0
	 Multiplicative Factor: 0%
	 DR Bracket: 0
	 Base: 0%
	 Effective Percent: 0%
Mastery
	 Rating: 25221
	 Multiplicative Factor: 0%
	 DR Bracket: 1
	 Base: 21%
	 Effective Percent: 74,14%
----------------------
00:46,165

Intellect
	 Rating: 144606
	 Multiplicative Factor: 12,48%
Stamina
	 Rating: 847498
	 Multiplicative Factor: 11,3%
Crit
	 Rating: 23248
	 Multiplicative Factor: 0%
	 DR Bracket: 1
	 Base: 9%
	 Effective Percent: 41,89%
	 Crit Inc Heal: 2
	 Crit Inc Damage: 2
Haste
	 Rating: 20035
	 Multiplicative Factor: 0%
	 DR Bracket: 1
	 Base: 7%
	 Effective Percent: 39,44%
Vers
	 Rating: 3542
	 Multiplicative Factor: 0%
	 DR Bracket: 0
	 Base: 3%
	 Effective Percent: 7,54%
Leech
	 Rating: 4838
	 Multiplicative Factor: 0%
	 DR Bracket: 0
	 Base: 0%
	 Effective Percent: 4,74%
Avoidance
	 Rating: 0
	 Multiplicative Factor: 0%
	 DR Bracket: 0
	 Base: 0%
	 Effective Percent: 0%
Mastery
	 Rating: 25221
	 Multiplicative Factor: 0%
	 DR Bracket: 1
	 Base: 21%
	 Effective Percent: 74,14%
----------------------
00:47,686

Intellect
	 Rating: 144606
	 Multiplicative Factor: 12,48%
Stamina
	 Rating: 847498
	 Multiplicative Factor: 11,3%
Crit
	 Rating: 17398
	 Multiplicative Factor: 0%
	 DR Bracket: 0
	 Base: 9%
	 Effective Percent: 33,85%
	 Crit Inc Heal: 2
	 Crit Inc Damage: 2
Haste
	 Rating: 20035
	 Multiplicative Factor: 0%
	 DR Bracket: 1
	 Base: 7%
	 Effective Percent: 39,44%
Vers
	 Rating: 3542
	 Multiplicative Factor: 0%
	 DR Bracket: 0
	 Base: 3%
	 Effective Percent: 7,54%
Leech
	 Rating: 4838
	 Multiplicative Factor: 0%
	 DR Bracket: 0
	 Base: 0%
	 Effective Percent: 4,74%
Avoidance
	 Rating: 0
	 Multiplicative Factor: 0%
	 DR Bracket: 0
	 Base: 0%
	 Effective Percent: 0%
Mastery
	 Rating: 25221
	 Multiplicative Factor: 0%
	 DR Bracket: 1
	 Base: 21%
	 Effective Percent: 74,14%
----------------------
00:48,168

Intellect
	 Rating: 144606
	 Multiplicative Factor: 12,48%
Stamina
	 Rating: 847498
	 Multiplicative Factor: 11,3%
Crit
	 Rating: 17398
	 Multiplicative Factor: 0%
	 DR Bracket: 0
	 Base: 9%
	 Effective Percent: 33,85%
	 Crit Inc Heal: 2
	 Crit Inc Damage: 2
Haste
	 Rating: 20035
	 Multiplicative Factor: 0%
	 DR Bracket: 1
	 Base: 5%
	 Effective Percent: 36,84%
Vers
	 Rating: 3542
	 Multiplicative Factor: 0%
	 DR Bracket: 0
	 Base: 3%
	 Effective Percent: 7,54%
Leech
	 Rating: 4838
	 Multiplicative Factor: 0%
	 DR Bracket: 0
	 Base: 0%
	 Effective Percent: 4,74%
Avoidance
	 Rating: 0
	 Multiplicative Factor: 0%
	 DR Bracket: 0
	 Base: 0%
	 Effective Percent: 0%
Mastery
	 Rating: 25221
	 Multiplicative Factor: 0%
	 DR Bracket: 1
	 Base: 21%
	 Effective Percent: 74,14%
----------------------
00:50,189

Intellect
	 Rating: 144606
	 Multiplicative Factor: 12,48%
Stamina
	 Rating: 847498
	 Multiplicative Factor: 11,3%
Crit
	 Rating: 11547
	 Multiplicative Factor: 0%
	 DR Bracket: 0
	 Base: 9%
	 Effective Percent: 25,5%
	 Crit Inc Heal: 2
	 Crit Inc Damage: 2
Haste
	 Rating: 20035
	 Multiplicative Factor: 0%
	 DR Bracket: 1
	 Base: 5%
	 Effective Percent: 36,84%
Vers
	 Rating: 3542
	 Multiplicative Factor: 0%
	 DR Bracket: 0
	 Base: 3%
	 Effective Percent: 7,54%
Leech
	 Rating: 4838
	 Multiplicative Factor: 0%
	 DR Bracket: 0
	 Base: 0%
	 Effective Percent: 4,74%
Avoidance
	 Rating: 0
	 Multiplicative Factor: 0%
	 DR Bracket: 0
	 Base: 0%
	 Effective Percent: 0%
Mastery
	 Rating: 25221
	 Multiplicative Factor: 0%
	 DR Bracket: 1
	 Base: 21%
	 Effective Percent: 74,14%
----------------------
00:51,156

Intellect
	 Rating: 144606
	 Multiplicative Factor: 12,48%
Stamina
	 Rating: 847498
	 Multiplicative Factor: 11,3%
Crit
	 Rating: 11547
	 Multiplicative Factor: 0%
	 DR Bracket: 0
	 Base: 9%
	 Effective Percent: 25,5%
	 Crit Inc Heal: 2
	 Crit Inc Damage: 2
Haste
	 Rating: 20035
	 Multiplicative Factor: 0%
	 DR Bracket: 1
	 Base: 7%
	 Effective Percent: 39,44%
Vers
	 Rating: 3542
	 Multiplicative Factor: 0%
	 DR Bracket: 0
	 Base: 3%
	 Effective Percent: 7,54%
Leech
	 Rating: 4838
	 Multiplicative Factor: 0%
	 DR Bracket: 0
	 Base: 0%
	 Effective Percent: 4,74%
Avoidance
	 Rating: 0
	 Multiplicative Factor: 0%
	 DR Bracket: 0
	 Base: 0%
	 Effective Percent: 0%
Mastery
	 Rating: 25221
	 Multiplicative Factor: 0%
	 DR Bracket: 1
	 Base: 21%
	 Effective Percent: 74,14%
----------------------
00:53,314

Intellect
	 Rating: 144606
	 Multiplicative Factor: 12,48%
Stamina
	 Rating: 847498
	 Multiplicative Factor: 11,3%
Crit
	 Rating: 11547
	 Multiplicative Factor: 0%
	 DR Bracket: 0
	 Base: 9%
	 Effective Percent: 25,5%
	 Crit Inc Heal: 2
	 Crit Inc Damage: 2
Haste
	 Rating: 20035
	 Multiplicative Factor: 0%
	 DR Bracket: 1
	 Base: 9%
	 Effective Percent: 42,05%
Vers
	 Rating: 3542
	 Multiplicative Factor: 0%
	 DR Bracket: 0
	 Base: 3%
	 Effective Percent: 7,54%
Leech
	 Rating: 4838
	 Multiplicative Factor: 0%
	 DR Bracket: 0
	 Base: 0%
	 Effective Percent: 4,74%
Avoidance
	 Rating: 0
	 Multiplicative Factor: 0%
	 DR Bracket: 0
	 Base: 0%
	 Effective Percent: 0%
Mastery
	 Rating: 25221
	 Multiplicative Factor: 0%
	 DR Bracket: 1
	 Base: 21%
	 Effective Percent: 74,14%
----------------------
00:54,626

Intellect
	 Rating: 144606
	 Multiplicative Factor: 12,48%
Stamina
	 Rating: 847498
	 Multiplicative Factor: 11,3%
Crit
	 Rating: 11547
	 Multiplicative Factor: 0%
	 DR Bracket: 0
	 Base: 9%
	 Effective Percent: 25,5%
	 Crit Inc Heal: 2
	 Crit Inc Damage: 2
Haste
	 Rating: 20035
	 Multiplicative Factor: 0%
	 DR Bracket: 1
	 Base: 11%
	 Effective Percent: 44,66%
Vers
	 Rating: 3542
	 Multiplicative Factor: 0%
	 DR Bracket: 0
	 Base: 3%
	 Effective Percent: 7,54%
Leech
	 Rating: 4838
	 Multiplicative Factor: 0%
	 DR Bracket: 0
	 Base: 0%
	 Effective Percent: 4,74%
Avoidance
	 Rating: 0
	 Multiplicative Factor: 0%
	 DR Bracket: 0
	 Base: 0%
	 Effective Percent: 0%
Mastery
	 Rating: 25221
	 Multiplicative Factor: 0%
	 DR Bracket: 1
	 Base: 21%
	 Effective Percent: 74,14%
----------------------
01:03,135

Intellect
	 Rating: 144606
	 Multiplicative Factor: 12,48%
Stamina
	 Rating: 847498
	 Multiplicative Factor: 11,3%
Crit
	 Rating: 11547
	 Multiplicative Factor: 0%
	 DR Bracket: 0
	 Base: 9%
	 Effective Percent: 25,5%
	 Crit Inc Heal: 2
	 Crit Inc Damage: 2
Haste
	 Rating: 20035
	 Multiplicative Factor: 0%
	 DR Bracket: 1
	 Base: 9%
	 Effective Percent: 42,05%
Vers
	 Rating: 3542
	 Multiplicative Factor: 0%
	 DR Bracket: 0
	 Base: 3%
	 Effective Percent: 7,54%
Leech
	 Rating: 4838
	 Multiplicative Factor: 0%
	 DR Bracket: 0
	 Base: 0%
	 Effective Percent: 4,74%
Avoidance
	 Rating: 0
	 Multiplicative Factor: 0%
	 DR Bracket: 0
	 Base: 0%
	 Effective Percent: 0%
Mastery
	 Rating: 25221
	 Multiplicative Factor: 0%
	 DR Bracket: 1
	 Base: 21%
	 Effective Percent: 74,14%
----------------------
01:05,296

Intellect
	 Rating: 144606
	 Multiplicative Factor: 12,48%
Stamina
	 Rating: 847498
	 Multiplicative Factor: 11,3%
Crit
	 Rating: 11547
	 Multiplicative Factor: 0%
	 DR Bracket: 0
	 Base: 9%
	 Effective Percent: 25,5%
	 Crit Inc Heal: 2
	 Crit Inc Damage: 2
Haste
	 Rating: 20035
	 Multiplicative Factor: 0%
	 DR Bracket: 1
	 Base: 7%
	 Effective Percent: 39,44%
Vers
	 Rating: 3542
	 Multiplicative Factor: 0%
	 DR Bracket: 0
	 Base: 3%
	 Effective Percent: 7,54%
Leech
	 Rating: 4838
	 Multiplicative Factor: 0%
	 DR Bracket: 0
	 Base: 0%
	 Effective Percent: 4,74%
Avoidance
	 Rating: 0
	 Multiplicative Factor: 0%
	 DR Bracket: 0
	 Base: 0%
	 Effective Percent: 0%
Mastery
	 Rating: 25221
	 Multiplicative Factor: 0%
	 DR Bracket: 1
	 Base: 21%
	 Effective Percent: 74,14%
----------------------
01:06,632

Intellect
	 Rating: 144606
	 Multiplicative Factor: 12,48%
Stamina
	 Rating: 847498
	 Multiplicative Factor: 11,3%
Crit
	 Rating: 11547
	 Multiplicative Factor: 0%
	 DR Bracket: 0
	 Base: 9%
	 Effective Percent: 25,5%
	 Crit Inc Heal: 2
	 Crit Inc Damage: 2
Haste
	 Rating: 20035
	 Multiplicative Factor: 0%
	 DR Bracket: 1
	 Base: 5%
	 Effective Percent: 36,84%
Vers
	 Rating: 3542
	 Multiplicative Factor: 0%
	 DR Bracket: 0
	 Base: 3%
	 Effective Percent: 7,54%
Leech
	 Rating: 4838
	 Multiplicative Factor: 0%
	 DR Bracket: 0
	 Base: 0%
	 Effective Percent: 4,74%
Avoidance
	 Rating: 0
	 Multiplicative Factor: 0%
	 DR Bracket: 0
	 Base: 0%
	 Effective Percent: 0%
Mastery
	 Rating: 25221
	 Multiplicative Factor: 0%
	 DR Bracket: 1
	 Base: 21%
	 Effective Percent: 74,14%
----------------------
01:07,402

Intellect
	 Rating: 144606
	 Multiplicative Factor: 12,48%
Stamina
	 Rating: 847498
	 Multiplicative Factor: 11,3%
Crit
	 Rating: 11547
	 Multiplicative Factor: 0%
	 DR Bracket: 0
	 Base: 9%
	 Effective Percent: 25,5%
	 Crit Inc Heal: 2
	 Crit Inc Damage: 2
Haste
	 Rating: 20035
	 Multiplicative Factor: 0%
	 DR Bracket: 1
	 Base: 7%
	 Effective Percent: 39,44%
Vers
	 Rating: 3542
	 Multiplicative Factor: 0%
	 DR Bracket: 0
	 Base: 3%
	 Effective Percent: 7,54%
Leech
	 Rating: 4838
	 Multiplicative Factor: 0%
	 DR Bracket: 0
	 Base: 0%
	 Effective Percent: 4,74%
Avoidance
	 Rating: 0
	 Multiplicative Factor: 0%
	 DR Bracket: 0
	 Base: 0%
	 Effective Percent: 0%
Mastery
	 Rating: 25221
	 Multiplicative Factor: 0%
	 DR Bracket: 1
	 Base: 21%
	 Effective Percent: 74,14%
----------------------
01:09,595

Intellect
	 Rating: 144606
	 Multiplicative Factor: 12,48%
Stamina
	 Rating: 847498
	 Multiplicative Factor: 11,3%
Crit
	 Rating: 11547
	 Multiplicative Factor: 0%
	 DR Bracket: 0
	 Base: 9%
	 Effective Percent: 25,5%
	 Crit Inc Heal: 2
	 Crit Inc Damage: 2
Haste
	 Rating: 20035
	 Multiplicative Factor: 0%
	 DR Bracket: 1
	 Base: 9%
	 Effective Percent: 42,05%
Vers
	 Rating: 3542
	 Multiplicative Factor: 0%
	 DR Bracket: 0
	 Base: 3%
	 Effective Percent: 7,54%
Leech
	 Rating: 4838
	 Multiplicative Factor: 0%
	 DR Bracket: 0
	 Base: 0%
	 Effective Percent: 4,74%
Avoidance
	 Rating: 0
	 Multiplicative Factor: 0%
	 DR Bracket: 0
	 Base: 0%
	 Effective Percent: 0%
Mastery
	 Rating: 25221
	 Multiplicative Factor: 0%
	 DR Bracket: 1
	 Base: 21%
	 Effective Percent: 74,14%
----------------------
01:13,107

Intellect
	 Rating: 144606
	 Multiplicative Factor: 12,48%
Stamina
	 Rating: 847498
	 Multiplicative Factor: 11,3%
Crit
	 Rating: 11547
	 Multiplicative Factor: 0%
	 DR Bracket: 0
	 Base: 9%
	 Effective Percent: 25,5%
	 Crit Inc Heal: 2
	 Crit Inc Damage: 2
Haste
	 Rating: 20035
	 Multiplicative Factor: 0%
	 DR Bracket: 1
	 Base: 11%
	 Effective Percent: 44,66%
Vers
	 Rating: 3542
	 Multiplicative Factor: 0%
	 DR Bracket: 0
	 Base: 3%
	 Effective Percent: 7,54%
Leech
	 Rating: 4838
	 Multiplicative Factor: 0%
	 DR Bracket: 0
	 Base: 0%
	 Effective Percent: 4,74%
Avoidance
	 Rating: 0
	 Multiplicative Factor: 0%
	 DR Bracket: 0
	 Base: 0%
	 Effective Percent: 0%
Mastery
	 Rating: 25221
	 Multiplicative Factor: 0%
	 DR Bracket: 1
	 Base: 21%
	 Effective Percent: 74,14%
----------------------
01:19,416

Intellect
	 Rating: 144606
	 Multiplicative Factor: 12,48%
Stamina
	 Rating: 847498
	 Multiplicative Factor: 11,3%
Crit
	 Rating: 11547
	 Multiplicative Factor: 0%
	 DR Bracket: 0
	 Base: 9%
	 Effective Percent: 25,5%
	 Crit Inc Heal: 2
	 Crit Inc Damage: 2
Haste
	 Rating: 20035
	 Multiplicative Factor: 0%
	 DR Bracket: 1
	 Base: 9%
	 Effective Percent: 42,05%
Vers
	 Rating: 3542
	 Multiplicative Factor: 0%
	 DR Bracket: 0
	 Base: 3%
	 Effective Percent: 7,54%
Leech
	 Rating: 4838
	 Multiplicative Factor: 0%
	 DR Bracket: 0
	 Base: 0%
	 Effective Percent: 4,74%
Avoidance
	 Rating: 0
	 Multiplicative Factor: 0%
	 DR Bracket: 0
	 Base: 0%
	 Effective Percent: 0%
Mastery
	 Rating: 25221
	 Multiplicative Factor: 0%
	 DR Bracket: 1
	 Base: 21%
	 Effective Percent: 74,14%
----------------------
01:21,582

Intellect
	 Rating: 144606
	 Multiplicative Factor: 12,48%
Stamina
	 Rating: 847498
	 Multiplicative Factor: 11,3%
Crit
	 Rating: 11547
	 Multiplicative Factor: 0%
	 DR Bracket: 0
	 Base: 9%
	 Effective Percent: 25,5%
	 Crit Inc Heal: 2
	 Crit Inc Damage: 2
Haste
	 Rating: 20035
	 Multiplicative Factor: 0%
	 DR Bracket: 1
	 Base: 7%
	 Effective Percent: 39,44%
Vers
	 Rating: 3542
	 Multiplicative Factor: 0%
	 DR Bracket: 0
	 Base: 3%
	 Effective Percent: 7,54%
Leech
	 Rating: 4838
	 Multiplicative Factor: 0%
	 DR Bracket: 0
	 Base: 0%
	 Effective Percent: 4,74%
Avoidance
	 Rating: 0
	 Multiplicative Factor: 0%
	 DR Bracket: 0
	 Base: 0%
	 Effective Percent: 0%
Mastery
	 Rating: 25221
	 Multiplicative Factor: 0%
	 DR Bracket: 1
	 Base: 21%
	 Effective Percent: 74,14%
----------------------
01:25,111

Intellect
	 Rating: 144606
	 Multiplicative Factor: 12,48%
Stamina
	 Rating: 847498
	 Multiplicative Factor: 11,3%
Crit
	 Rating: 11547
	 Multiplicative Factor: 0%
	 DR Bracket: 0
	 Base: 9%
	 Effective Percent: 25,5%
	 Crit Inc Heal: 2
	 Crit Inc Damage: 2
Haste
	 Rating: 20035
	 Multiplicative Factor: 0%
	 DR Bracket: 1
	 Base: 5%
	 Effective Percent: 36,84%
Vers
	 Rating: 3542
	 Multiplicative Factor: 0%
	 DR Bracket: 0
	 Base: 3%
	 Effective Percent: 7,54%
Leech
	 Rating: 4838
	 Multiplicative Factor: 0%
	 DR Bracket: 0
	 Base: 0%
	 Effective Percent: 4,74%
Avoidance
	 Rating: 0
	 Multiplicative Factor: 0%
	 DR Bracket: 0
	 Base: 0%
	 Effective Percent: 0%
Mastery
	 Rating: 25221
	 Multiplicative Factor: 0%
	 DR Bracket: 1
	 Base: 21%
	 Effective Percent: 74,14%
----------------------
01:40,537

Intellect
	 Rating: 144606
	 Multiplicative Factor: 12,48%
Stamina
	 Rating: 847498
	 Multiplicative Factor: 11,3%
Crit
	 Rating: 11547
	 Multiplicative Factor: 0%
	 DR Bracket: 0
	 Base: 9%
	 Effective Percent: 25,5%
	 Crit Inc Heal: 2
	 Crit Inc Damage: 2
Haste
	 Rating: 20035
	 Multiplicative Factor: 0%
	 DR Bracket: 1
	 Base: 7%
	 Effective Percent: 39,44%
Vers
	 Rating: 3542
	 Multiplicative Factor: 0%
	 DR Bracket: 0
	 Base: 3%
	 Effective Percent: 7,54%
Leech
	 Rating: 4838
	 Multiplicative Factor: 0%
	 DR Bracket: 0
	 Base: 0%
	 Effective Percent: 4,74%
Avoidance
	 Rating: 0
	 Multiplicative Factor: 0%
	 DR Bracket: 0
	 Base: 0%
	 Effective Percent: 0%
Mastery
	 Rating: 25221
	 Multiplicative Factor: 0%
	 DR Bracket: 1
	 Base: 21%
	 Effective Percent: 74,14%
----------------------
01:41,631

Intellect
	 Rating: 144606
	 Multiplicative Factor: 12,48%
Stamina
	 Rating: 847498
	 Multiplicative Factor: 11,3%
Crit
	 Rating: 11547
	 Multiplicative Factor: 0%
	 DR Bracket: 0
	 Base: 9%
	 Effective Percent: 25,5%
	 Crit Inc Heal: 2
	 Crit Inc Damage: 2
Haste
	 Rating: 20035
	 Multiplicative Factor: 0%
	 DR Bracket: 1
	 Base: 9%
	 Effective Percent: 42,05%
Vers
	 Rating: 3542
	 Multiplicative Factor: 0%
	 DR Bracket: 0
	 Base: 3%
	 Effective Percent: 7,54%
Leech
	 Rating: 4838
	 Multiplicative Factor: 0%
	 DR Bracket: 0
	 Base: 0%
	 Effective Percent: 4,74%
Avoidance
	 Rating: 0
	 Multiplicative Factor: 0%
	 DR Bracket: 0
	 Base: 0%
	 Effective Percent: 0%
Mastery
	 Rating: 25221
	 Multiplicative Factor: 0%
	 DR Bracket: 1
	 Base: 21%
	 Effective Percent: 74,14%
----------------------
01:42,710

Intellect
	 Rating: 144606
	 Multiplicative Factor: 12,48%
Stamina
	 Rating: 847498
	 Multiplicative Factor: 11,3%
Crit
	 Rating: 11547
	 Multiplicative Factor: 0%
	 DR Bracket: 0
	 Base: 9%
	 Effective Percent: 25,5%
	 Crit Inc Heal: 2
	 Crit Inc Damage: 2
Haste
	 Rating: 20035
	 Multiplicative Factor: 0%
	 DR Bracket: 1
	 Base: 11%
	 Effective Percent: 44,66%
Vers
	 Rating: 3542
	 Multiplicative Factor: 0%
	 DR Bracket: 0
	 Base: 3%
	 Effective Percent: 7,54%
Leech
	 Rating: 4838
	 Multiplicative Factor: 0%
	 DR Bracket: 0
	 Base: 0%
	 Effective Percent: 4,74%
Avoidance
	 Rating: 0
	 Multiplicative Factor: 0%
	 DR Bracket: 0
	 Base: 0%
	 Effective Percent: 0%
Mastery
	 Rating: 25221
	 Multiplicative Factor: 0%
	 DR Bracket: 1
	 Base: 21%
	 Effective Percent: 74,14%
----------------------
01:44,980

Intellect
	 Rating: 144606
	 Multiplicative Factor: 12,48%
Stamina
	 Rating: 847498
	 Multiplicative Factor: 11,3%
Crit
	 Rating: 17398
	 Multiplicative Factor: 0%
	 DR Bracket: 0
	 Base: 9%
	 Effective Percent: 33,85%
	 Crit Inc Heal: 2
	 Crit Inc Damage: 2
Haste
	 Rating: 20035
	 Multiplicative Factor: 0%
	 DR Bracket: 1
	 Base: 11%
	 Effective Percent: 44,66%
Vers
	 Rating: 3542
	 Multiplicative Factor: 0%
	 DR Bracket: 0
	 Base: 3%
	 Effective Percent: 7,54%
Leech
	 Rating: 4838
	 Multiplicative Factor: 0%
	 DR Bracket: 0
	 Base: 0%
	 Effective Percent: 4,74%
Avoidance
	 Rating: 0
	 Multiplicative Factor: 0%
	 DR Bracket: 0
	 Base: 0%
	 Effective Percent: 0%
Mastery
	 Rating: 25221
	 Multiplicative Factor: 0%
	 DR Bracket: 1
	 Base: 21%
	 Effective Percent: 74,14%
----------------------
01:52,532

Intellect
	 Rating: 144606
	 Multiplicative Factor: 12,48%
Stamina
	 Rating: 847498
	 Multiplicative Factor: 11,3%
Crit
	 Rating: 17398
	 Multiplicative Factor: 0%
	 DR Bracket: 0
	 Base: 9%
	 Effective Percent: 33,85%
	 Crit Inc Heal: 2
	 Crit Inc Damage: 2
Haste
	 Rating: 20035
	 Multiplicative Factor: 0%
	 DR Bracket: 1
	 Base: 9%
	 Effective Percent: 42,05%
Vers
	 Rating: 3542
	 Multiplicative Factor: 0%
	 DR Bracket: 0
	 Base: 3%
	 Effective Percent: 7,54%
Leech
	 Rating: 4838
	 Multiplicative Factor: 0%
	 DR Bracket: 0
	 Base: 0%
	 Effective Percent: 4,74%
Avoidance
	 Rating: 0
	 Multiplicative Factor: 0%
	 DR Bracket: 0
	 Base: 0%
	 Effective Percent: 0%
Mastery
	 Rating: 25221
	 Multiplicative Factor: 0%
	 DR Bracket: 1
	 Base: 21%
	 Effective Percent: 74,14%
----------------------
01:53,630

Intellect
	 Rating: 144606
	 Multiplicative Factor: 12,48%
Stamina
	 Rating: 847498
	 Multiplicative Factor: 11,3%
Crit
	 Rating: 17398
	 Multiplicative Factor: 0%
	 DR Bracket: 0
	 Base: 9%
	 Effective Percent: 33,85%
	 Crit Inc Heal: 2
	 Crit Inc Damage: 2
Haste
	 Rating: 20035
	 Multiplicative Factor: 0%
	 DR Bracket: 1
	 Base: 7%
	 Effective Percent: 39,44%
Vers
	 Rating: 3542
	 Multiplicative Factor: 0%
	 DR Bracket: 0
	 Base: 3%
	 Effective Percent: 7,54%
Leech
	 Rating: 4838
	 Multiplicative Factor: 0%
	 DR Bracket: 0
	 Base: 0%
	 Effective Percent: 4,74%
Avoidance
	 Rating: 0
	 Multiplicative Factor: 0%
	 DR Bracket: 0
	 Base: 0%
	 Effective Percent: 0%
Mastery
	 Rating: 25221
	 Multiplicative Factor: 0%
	 DR Bracket: 1
	 Base: 21%
	 Effective Percent: 74,14%
----------------------
01:54,695

Intellect
	 Rating: 144606
	 Multiplicative Factor: 12,48%
Stamina
	 Rating: 847498
	 Multiplicative Factor: 11,3%
Crit
	 Rating: 17398
	 Multiplicative Factor: 0%
	 DR Bracket: 0
	 Base: 9%
	 Effective Percent: 33,85%
	 Crit Inc Heal: 2
	 Crit Inc Damage: 2
Haste
	 Rating: 20035
	 Multiplicative Factor: 0%
	 DR Bracket: 1
	 Base: 5%
	 Effective Percent: 36,84%
Vers
	 Rating: 3542
	 Multiplicative Factor: 0%
	 DR Bracket: 0
	 Base: 3%
	 Effective Percent: 7,54%
Leech
	 Rating: 4838
	 Multiplicative Factor: 0%
	 DR Bracket: 0
	 Base: 0%
	 Effective Percent: 4,74%
Avoidance
	 Rating: 0
	 Multiplicative Factor: 0%
	 DR Bracket: 0
	 Base: 0%
	 Effective Percent: 0%
Mastery
	 Rating: 25221
	 Multiplicative Factor: 0%
	 DR Bracket: 1
	 Base: 21%
	 Effective Percent: 74,14%
----------------------
01:54,978

Intellect
	 Rating: 144606
	 Multiplicative Factor: 12,48%
Stamina
	 Rating: 847498
	 Multiplicative Factor: 11,3%
Crit
	 Rating: 11547
	 Multiplicative Factor: 0%
	 DR Bracket: 0
	 Base: 9%
	 Effective Percent: 25,5%
	 Crit Inc Heal: 2
	 Crit Inc Damage: 2
Haste
	 Rating: 20035
	 Multiplicative Factor: 0%
	 DR Bracket: 1
	 Base: 5%
	 Effective Percent: 36,84%
Vers
	 Rating: 3542
	 Multiplicative Factor: 0%
	 DR Bracket: 0
	 Base: 3%
	 Effective Percent: 7,54%
Leech
	 Rating: 4838
	 Multiplicative Factor: 0%
	 DR Bracket: 0
	 Base: 0%
	 Effective Percent: 4,74%
Avoidance
	 Rating: 0
	 Multiplicative Factor: 0%
	 DR Bracket: 0
	 Base: 0%
	 Effective Percent: 0%
Mastery
	 Rating: 25221
	 Multiplicative Factor: 0%
	 DR Bracket: 1
	 Base: 21%
	 Effective Percent: 74,14%
----------------------
01:57,588

Intellect
	 Rating: 144606
	 Multiplicative Factor: 12,48%
Stamina
	 Rating: 847498
	 Multiplicative Factor: 11,3%
Crit
	 Rating: 11547
	 Multiplicative Factor: 0%
	 DR Bracket: 0
	 Base: 9%
	 Effective Percent: 25,5%
	 Crit Inc Heal: 2
	 Crit Inc Damage: 2
Haste
	 Rating: 20035
	 Multiplicative Factor: 0%
	 DR Bracket: 1
	 Base: 7%
	 Effective Percent: 39,44%
Vers
	 Rating: 3542
	 Multiplicative Factor: 0%
	 DR Bracket: 0
	 Base: 3%
	 Effective Percent: 7,54%
Leech
	 Rating: 4838
	 Multiplicative Factor: 0%
	 DR Bracket: 0
	 Base: 0%
	 Effective Percent: 4,74%
Avoidance
	 Rating: 0
	 Multiplicative Factor: 0%
	 DR Bracket: 0
	 Base: 0%
	 Effective Percent: 0%
Mastery
	 Rating: 25221
	 Multiplicative Factor: 0%
	 DR Bracket: 1
	 Base: 21%
	 Effective Percent: 74,14%
----------------------
02:05,768

Intellect
	 Rating: 144606
	 Multiplicative Factor: 12,48%
Stamina
	 Rating: 847498
	 Multiplicative Factor: 11,3%
Crit
	 Rating: 17398
	 Multiplicative Factor: 0%
	 DR Bracket: 0
	 Base: 9%
	 Effective Percent: 33,85%
	 Crit Inc Heal: 2
	 Crit Inc Damage: 2
Haste
	 Rating: 20035
	 Multiplicative Factor: 0%
	 DR Bracket: 1
	 Base: 7%
	 Effective Percent: 39,44%
Vers
	 Rating: 3542
	 Multiplicative Factor: 0%
	 DR Bracket: 0
	 Base: 3%
	 Effective Percent: 7,54%
Leech
	 Rating: 4838
	 Multiplicative Factor: 0%
	 DR Bracket: 0
	 Base: 0%
	 Effective Percent: 4,74%
Avoidance
	 Rating: 0
	 Multiplicative Factor: 0%
	 DR Bracket: 0
	 Base: 0%
	 Effective Percent: 0%
Mastery
	 Rating: 25221
	 Multiplicative Factor: 0%
	 DR Bracket: 1
	 Base: 21%
	 Effective Percent: 74,14%
----------------------
02:09,589

Intellect
	 Rating: 144606
	 Multiplicative Factor: 12,48%
Stamina
	 Rating: 847498
	 Multiplicative Factor: 11,3%
Crit
	 Rating: 17398
	 Multiplicative Factor: 0%
	 DR Bracket: 0
	 Base: 9%
	 Effective Percent: 33,85%
	 Crit Inc Heal: 2
	 Crit Inc Damage: 2
Haste
	 Rating: 20035
	 Multiplicative Factor: 0%
	 DR Bracket: 1
	 Base: 5%
	 Effective Percent: 36,84%
Vers
	 Rating: 3542
	 Multiplicative Factor: 0%
	 DR Bracket: 0
	 Base: 3%
	 Effective Percent: 7,54%
Leech
	 Rating: 4838
	 Multiplicative Factor: 0%
	 DR Bracket: 0
	 Base: 0%
	 Effective Percent: 4,74%
Avoidance
	 Rating: 0
	 Multiplicative Factor: 0%
	 DR Bracket: 0
	 Base: 0%
	 Effective Percent: 0%
Mastery
	 Rating: 25221
	 Multiplicative Factor: 0%
	 DR Bracket: 1
	 Base: 21%
	 Effective Percent: 74,14%
----------------------
02:12,488

Intellect
	 Rating: 144606
	 Multiplicative Factor: 12,48%
Stamina
	 Rating: 847498
	 Multiplicative Factor: 11,3%
Crit
	 Rating: 17398
	 Multiplicative Factor: 0%
	 DR Bracket: 0
	 Base: 9%
	 Effective Percent: 33,85%
	 Crit Inc Heal: 2
	 Crit Inc Damage: 2
Haste
	 Rating: 20035
	 Multiplicative Factor: 0%
	 DR Bracket: 1
	 Base: 7%
	 Effective Percent: 39,44%
Vers
	 Rating: 3542
	 Multiplicative Factor: 0%
	 DR Bracket: 0
	 Base: 3%
	 Effective Percent: 7,54%
Leech
	 Rating: 4838
	 Multiplicative Factor: 0%
	 DR Bracket: 0
	 Base: 0%
	 Effective Percent: 4,74%
Avoidance
	 Rating: 0
	 Multiplicative Factor: 0%
	 DR Bracket: 0
	 Base: 0%
	 Effective Percent: 0%
Mastery
	 Rating: 25221
	 Multiplicative Factor: 0%
	 DR Bracket: 1
	 Base: 21%
	 Effective Percent: 74,14%
----------------------
02:15,775

Intellect
	 Rating: 144606
	 Multiplicative Factor: 12,48%
Stamina
	 Rating: 847498
	 Multiplicative Factor: 11,3%
Crit
	 Rating: 11547
	 Multiplicative Factor: 0%
	 DR Bracket: 0
	 Base: 9%
	 Effective Percent: 25,5%
	 Crit Inc Heal: 2
	 Crit Inc Damage: 2
Haste
	 Rating: 20035
	 Multiplicative Factor: 0%
	 DR Bracket: 1
	 Base: 7%
	 Effective Percent: 39,44%
Vers
	 Rating: 3542
	 Multiplicative Factor: 0%
	 DR Bracket: 0
	 Base: 3%
	 Effective Percent: 7,54%
Leech
	 Rating: 4838
	 Multiplicative Factor: 0%
	 DR Bracket: 0
	 Base: 0%
	 Effective Percent: 4,74%
Avoidance
	 Rating: 0
	 Multiplicative Factor: 0%
	 DR Bracket: 0
	 Base: 0%
	 Effective Percent: 0%
Mastery
	 Rating: 25221
	 Multiplicative Factor: 0%
	 DR Bracket: 1
	 Base: 21%
	 Effective Percent: 74,14%
----------------------
02:16,717

Intellect
	 Rating: 144606
	 Multiplicative Factor: 12,48%
Stamina
	 Rating: 847498
	 Multiplicative Factor: 11,3%
Crit
	 Rating: 11547
	 Multiplicative Factor: 0%
	 DR Bracket: 0
	 Base: 9%
	 Effective Percent: 25,5%
	 Crit Inc Heal: 2
	 Crit Inc Damage: 2
Haste
	 Rating: 20035
	 Multiplicative Factor: 0%
	 DR Bracket: 1
	 Base: 9%
	 Effective Percent: 42,05%
Vers
	 Rating: 3542
	 Multiplicative Factor: 0%
	 DR Bracket: 0
	 Base: 3%
	 Effective Percent: 7,54%
Leech
	 Rating: 4838
	 Multiplicative Factor: 0%
	 DR Bracket: 0
	 Base: 0%
	 Effective Percent: 4,74%
Avoidance
	 Rating: 0
	 Multiplicative Factor: 0%
	 DR Bracket: 0
	 Base: 0%
	 Effective Percent: 0%
Mastery
	 Rating: 25221
	 Multiplicative Factor: 0%
	 DR Bracket: 1
	 Base: 21%
	 Effective Percent: 74,14%
----------------------
02:24,480

Intellect
	 Rating: 144606
	 Multiplicative Factor: 12,48%
Stamina
	 Rating: 847498
	 Multiplicative Factor: 11,3%
Crit
	 Rating: 11547
	 Multiplicative Factor: 0%
	 DR Bracket: 0
	 Base: 9%
	 Effective Percent: 25,5%
	 Crit Inc Heal: 2
	 Crit Inc Damage: 2
Haste
	 Rating: 20035
	 Multiplicative Factor: 0%
	 DR Bracket: 1
	 Base: 7%
	 Effective Percent: 39,44%
Vers
	 Rating: 3542
	 Multiplicative Factor: 0%
	 DR Bracket: 0
	 Base: 3%
	 Effective Percent: 7,54%
Leech
	 Rating: 4838
	 Multiplicative Factor: 0%
	 DR Bracket: 0
	 Base: 0%
	 Effective Percent: 4,74%
Avoidance
	 Rating: 0
	 Multiplicative Factor: 0%
	 DR Bracket: 0
	 Base: 0%
	 Effective Percent: 0%
Mastery
	 Rating: 25221
	 Multiplicative Factor: 0%
	 DR Bracket: 1
	 Base: 21%
	 Effective Percent: 74,14%
----------------------
02:28,700

Intellect
	 Rating: 144606
	 Multiplicative Factor: 12,48%
Stamina
	 Rating: 847498
	 Multiplicative Factor: 11,3%
Crit
	 Rating: 11547
	 Multiplicative Factor: 0%
	 DR Bracket: 0
	 Base: 9%
	 Effective Percent: 25,5%
	 Crit Inc Heal: 2
	 Crit Inc Damage: 2
Haste
	 Rating: 20035
	 Multiplicative Factor: 0%
	 DR Bracket: 1
	 Base: 5%
	 Effective Percent: 36,84%
Vers
	 Rating: 3542
	 Multiplicative Factor: 0%
	 DR Bracket: 0
	 Base: 3%
	 Effective Percent: 7,54%
Leech
	 Rating: 4838
	 Multiplicative Factor: 0%
	 DR Bracket: 0
	 Base: 0%
	 Effective Percent: 4,74%
Avoidance
	 Rating: 0
	 Multiplicative Factor: 0%
	 DR Bracket: 0
	 Base: 0%
	 Effective Percent: 0%
Mastery
	 Rating: 25221
	 Multiplicative Factor: 0%
	 DR Bracket: 1
	 Base: 21%
	 Effective Percent: 74,14%
----------------------
02:38,970

Intellect
	 Rating: 144606
	 Multiplicative Factor: 12,48%
Stamina
	 Rating: 847498
	 Multiplicative Factor: 11,3%
Crit
	 Rating: 17398
	 Multiplicative Factor: 0%
	 DR Bracket: 0
	 Base: 9%
	 Effective Percent: 33,85%
	 Crit Inc Heal: 2
	 Crit Inc Damage: 2
Haste
	 Rating: 20035
	 Multiplicative Factor: 0%
	 DR Bracket: 1
	 Base: 5%
	 Effective Percent: 36,84%
Vers
	 Rating: 3542
	 Multiplicative Factor: 0%
	 DR Bracket: 0
	 Base: 3%
	 Effective Percent: 7,54%
Leech
	 Rating: 4838
	 Multiplicative Factor: 0%
	 DR Bracket: 0
	 Base: 0%
	 Effective Percent: 4,74%
Avoidance
	 Rating: 0
	 Multiplicative Factor: 0%
	 DR Bracket: 0
	 Base: 0%
	 Effective Percent: 0%
Mastery
	 Rating: 25221
	 Multiplicative Factor: 0%
	 DR Bracket: 1
	 Base: 21%
	 Effective Percent: 74,14%
----------------------
02:45,721

Intellect
	 Rating: 144606
	 Multiplicative Factor: 12,48%
Stamina
	 Rating: 847498
	 Multiplicative Factor: 11,3%
Crit
	 Rating: 17398
	 Multiplicative Factor: 0%
	 DR Bracket: 0
	 Base: 9%
	 Effective Percent: 33,85%
	 Crit Inc Heal: 2
	 Crit Inc Damage: 2
Haste
	 Rating: 20035
	 Multiplicative Factor: 0%
	 DR Bracket: 1
	 Base: 0%
	 Effective Percent: 30,32%
Vers
	 Rating: 3542
	 Multiplicative Factor: 0%
	 DR Bracket: 0
	 Base: 3%
	 Effective Percent: 7,54%
Leech
	 Rating: 4838
	 Multiplicative Factor: 0%
	 DR Bracket: 0
	 Base: 0%
	 Effective Percent: 4,74%
Avoidance
	 Rating: 0
	 Multiplicative Factor: 0%
	 DR Bracket: 0
	 Base: 0%
	 Effective Percent: 0%
Mastery
	 Rating: 25221
	 Multiplicative Factor: 0%
	 DR Bracket: 1
	 Base: 21%
	 Effective Percent: 74,14%
----------------------
02:47,492

Intellect
	 Rating: 144606
	 Multiplicative Factor: 12,48%
Stamina
	 Rating: 847498
	 Multiplicative Factor: 11,3%
Crit
	 Rating: 17398
	 Multiplicative Factor: 0%
	 DR Bracket: 0
	 Base: 9%
	 Effective Percent: 33,85%
	 Crit Inc Heal: 2
	 Crit Inc Damage: 2
Haste
	 Rating: 20035
	 Multiplicative Factor: 0%
	 DR Bracket: 1
	 Base: 2%
	 Effective Percent: 32,93%
Vers
	 Rating: 3542
	 Multiplicative Factor: 0%
	 DR Bracket: 0
	 Base: 3%
	 Effective Percent: 7,54%
Leech
	 Rating: 4838
	 Multiplicative Factor: 0%
	 DR Bracket: 0
	 Base: 0%
	 Effective Percent: 4,74%
Avoidance
	 Rating: 0
	 Multiplicative Factor: 0%
	 DR Bracket: 0
	 Base: 0%
	 Effective Percent: 0%
Mastery
	 Rating: 25221
	 Multiplicative Factor: 0%
	 DR Bracket: 1
	 Base: 21%
	 Effective Percent: 74,14%
----------------------
02:47,492

Intellect
	 Rating: 144606
	 Multiplicative Factor: 12,48%
Stamina
	 Rating: 847498
	 Multiplicative Factor: 11,3%
Crit
	 Rating: 17398
	 Multiplicative Factor: 0%
	 DR Bracket: 0
	 Base: 9%
	 Effective Percent: 33,85%
	 Crit Inc Heal: 2
	 Crit Inc Damage: 2
Haste
	 Rating: 20035
	 Multiplicative Factor: 0%
	 DR Bracket: 1
	 Base: 4%
	 Effective Percent: 35,53%
Vers
	 Rating: 3542
	 Multiplicative Factor: 0%
	 DR Bracket: 0
	 Base: 3%
	 Effective Percent: 7,54%
Leech
	 Rating: 4838
	 Multiplicative Factor: 0%
	 DR Bracket: 0
	 Base: 0%
	 Effective Percent: 4,74%
Avoidance
	 Rating: 0
	 Multiplicative Factor: 0%
	 DR Bracket: 0
	 Base: 0%
	 Effective Percent: 0%
Mastery
	 Rating: 25221
	 Multiplicative Factor: 0%
	 DR Bracket: 1
	 Base: 21%
	 Effective Percent: 74,14%
----------------------
02:47,492

Intellect
	 Rating: 144606
	 Multiplicative Factor: 12,48%
Stamina
	 Rating: 847498
	 Multiplicative Factor: 11,3%
Crit
	 Rating: 17398
	 Multiplicative Factor: 0%
	 DR Bracket: 0
	 Base: 9%
	 Effective Percent: 33,85%
	 Crit Inc Heal: 2
	 Crit Inc Damage: 2
Haste
	 Rating: 20035
	 Multiplicative Factor: 0%
	 DR Bracket: 1
	 Base: 6%
	 Effective Percent: 38,14%
Vers
	 Rating: 3542
	 Multiplicative Factor: 0%
	 DR Bracket: 0
	 Base: 3%
	 Effective Percent: 7,54%
Leech
	 Rating: 4838
	 Multiplicative Factor: 0%
	 DR Bracket: 0
	 Base: 0%
	 Effective Percent: 4,74%
Avoidance
	 Rating: 0
	 Multiplicative Factor: 0%
	 DR Bracket: 0
	 Base: 0%
	 Effective Percent: 0%
Mastery
	 Rating: 25221
	 Multiplicative Factor: 0%
	 DR Bracket: 1
	 Base: 21%
	 Effective Percent: 74,14%
----------------------
02:47,493

Intellect
	 Rating: 144606
	 Multiplicative Factor: 12,48%
Stamina
	 Rating: 847498
	 Multiplicative Factor: 11,3%
Crit
	 Rating: 17398
	 Multiplicative Factor: 0%
	 DR Bracket: 0
	 Base: 9%
	 Effective Percent: 33,85%
	 Crit Inc Heal: 2
	 Crit Inc Damage: 2
Haste
	 Rating: 20035
	 Multiplicative Factor: 0%
	 DR Bracket: 1
	 Base: 8%
	 Effective Percent: 40,75%
Vers
	 Rating: 3542
	 Multiplicative Factor: 0%
	 DR Bracket: 0
	 Base: 3%
	 Effective Percent: 7,54%
Leech
	 Rating: 4838
	 Multiplicative Factor: 0%
	 DR Bracket: 0
	 Base: 0%
	 Effective Percent: 4,74%
Avoidance
	 Rating: 0
	 Multiplicative Factor: 0%
	 DR Bracket: 0
	 Base: 0%
	 Effective Percent: 0%
Mastery
	 Rating: 25221
	 Multiplicative Factor: 0%
	 DR Bracket: 1
	 Base: 21%
	 Effective Percent: 74,14%
----------------------
02:48,983

Intellect
	 Rating: 144606
	 Multiplicative Factor: 12,48%
Stamina
	 Rating: 847498
	 Multiplicative Factor: 11,3%
Crit
	 Rating: 11547
	 Multiplicative Factor: 0%
	 DR Bracket: 0
	 Base: 9%
	 Effective Percent: 25,5%
	 Crit Inc Heal: 2
	 Crit Inc Damage: 2
Haste
	 Rating: 20035
	 Multiplicative Factor: 0%
	 DR Bracket: 1
	 Base: 8%
	 Effective Percent: 40,75%
Vers
	 Rating: 3542
	 Multiplicative Factor: 0%
	 DR Bracket: 0
	 Base: 3%
	 Effective Percent: 7,54%
Leech
	 Rating: 4838
	 Multiplicative Factor: 0%
	 DR Bracket: 0
	 Base: 0%
	 Effective Percent: 4,74%
Avoidance
	 Rating: 0
	 Multiplicative Factor: 0%
	 DR Bracket: 0
	 Base: 0%
	 Effective Percent: 0%
Mastery
	 Rating: 25221
	 Multiplicative Factor: 0%
	 DR Bracket: 1
	 Base: 21%
	 Effective Percent: 74,14%
----------------------
02:49,179

Intellect
	 Rating: 144606
	 Multiplicative Factor: 12,48%
Stamina
	 Rating: 847498
	 Multiplicative Factor: 11,3%
Crit
	 Rating: 11547
	 Multiplicative Factor: 0%
	 DR Bracket: 0
	 Base: 9%
	 Effective Percent: 25,5%
	 Crit Inc Heal: 2
	 Crit Inc Damage: 2
Haste
	 Rating: 20035
	 Multiplicative Factor: 0%
	 DR Bracket: 1
	 Base: 9%
	 Effective Percent: 42,05%
Vers
	 Rating: 3542
	 Multiplicative Factor: 0%
	 DR Bracket: 0
	 Base: 3%
	 Effective Percent: 7,54%
Leech
	 Rating: 4838
	 Multiplicative Factor: 0%
	 DR Bracket: 0
	 Base: 0%
	 Effective Percent: 4,74%
Avoidance
	 Rating: 0
	 Multiplicative Factor: 0%
	 DR Bracket: 0
	 Base: 0%
	 Effective Percent: 0%
Mastery
	 Rating: 25221
	 Multiplicative Factor: 0%
	 DR Bracket: 1
	 Base: 21%
	 Effective Percent: 74,14%
----------------------
02:49,218

Intellect
	 Rating: 144606
	 Multiplicative Factor: 12,48%
Stamina
	 Rating: 847498
	 Multiplicative Factor: 11,3%
Crit
	 Rating: 11547
	 Multiplicative Factor: 0%
	 DR Bracket: 0
	 Base: 9%
	 Effective Percent: 25,5%
	 Crit Inc Heal: 2
	 Crit Inc Damage: 2
Haste
	 Rating: 20035
	 Multiplicative Factor: 0%
	 DR Bracket: 1
	 Base: 11%
	 Effective Percent: 44,66%
Vers
	 Rating: 3542
	 Multiplicative Factor: 0%
	 DR Bracket: 0
	 Base: 3%
	 Effective Percent: 7,54%
Leech
	 Rating: 4838
	 Multiplicative Factor: 0%
	 DR Bracket: 0
	 Base: 0%
	 Effective Percent: 4,74%
Avoidance
	 Rating: 0
	 Multiplicative Factor: 0%
	 DR Bracket: 0
	 Base: 0%
	 Effective Percent: 0%
Mastery
	 Rating: 25221
	 Multiplicative Factor: 0%
	 DR Bracket: 1
	 Base: 21%
	 Effective Percent: 74,14%
----------------------
02:50,232

Intellect
	 Rating: 144606
	 Multiplicative Factor: 12,48%
Stamina
	 Rating: 847498
	 Multiplicative Factor: 11,3%
Crit
	 Rating: 11547
	 Multiplicative Factor: 0%
	 DR Bracket: 0
	 Base: 9%
	 Effective Percent: 25,5%
	 Crit Inc Heal: 2
	 Crit Inc Damage: 2
Haste
	 Rating: 20035
	 Multiplicative Factor: 0%
	 DR Bracket: 1
	 Base: 12%
	 Effective Percent: 45,96%
Vers
	 Rating: 3542
	 Multiplicative Factor: 0%
	 DR Bracket: 0
	 Base: 3%
	 Effective Percent: 7,54%
Leech
	 Rating: 4838
	 Multiplicative Factor: 0%
	 DR Bracket: 0
	 Base: 0%
	 Effective Percent: 4,74%
Avoidance
	 Rating: 0
	 Multiplicative Factor: 0%
	 DR Bracket: 0
	 Base: 0%
	 Effective Percent: 0%
Mastery
	 Rating: 25221
	 Multiplicative Factor: 0%
	 DR Bracket: 1
	 Base: 21%
	 Effective Percent: 74,14%
----------------------
02:50,271

Intellect
	 Rating: 144606
	 Multiplicative Factor: 12,48%
Stamina
	 Rating: 847498
	 Multiplicative Factor: 11,3%
Crit
	 Rating: 11547
	 Multiplicative Factor: 0%
	 DR Bracket: 0
	 Base: 9%
	 Effective Percent: 25,5%
	 Crit Inc Heal: 2
	 Crit Inc Damage: 2
Haste
	 Rating: 20035
	 Multiplicative Factor: 0%
	 DR Bracket: 1
	 Base: 14%
	 Effective Percent: 48,57%
Vers
	 Rating: 3542
	 Multiplicative Factor: 0%
	 DR Bracket: 0
	 Base: 3%
	 Effective Percent: 7,54%
Leech
	 Rating: 4838
	 Multiplicative Factor: 0%
	 DR Bracket: 0
	 Base: 0%
	 Effective Percent: 4,74%
Avoidance
	 Rating: 0
	 Multiplicative Factor: 0%
	 DR Bracket: 0
	 Base: 0%
	 Effective Percent: 0%
Mastery
	 Rating: 25221
	 Multiplicative Factor: 0%
	 DR Bracket: 1
	 Base: 21%
	 Effective Percent: 74,14%
----------------------
02:53,577

Intellect
	 Rating: 144606
	 Multiplicative Factor: 12,48%
Stamina
	 Rating: 847498
	 Multiplicative Factor: 11,3%
Crit
	 Rating: 11547
	 Multiplicative Factor: 0%
	 DR Bracket: 0
	 Base: 9%
	 Effective Percent: 25,5%
	 Crit Inc Heal: 2
	 Crit Inc Damage: 2
Haste
	 Rating: 20035
	 Multiplicative Factor: 0%
	 DR Bracket: 1
	 Base: 16%
	 Effective Percent: 51,17%
Vers
	 Rating: 3542
	 Multiplicative Factor: 0%
	 DR Bracket: 0
	 Base: 3%
	 Effective Percent: 7,54%
Leech
	 Rating: 4838
	 Multiplicative Factor: 0%
	 DR Bracket: 0
	 Base: 0%
	 Effective Percent: 4,74%
Avoidance
	 Rating: 0
	 Multiplicative Factor: 0%
	 DR Bracket: 0
	 Base: 0%
	 Effective Percent: 0%
Mastery
	 Rating: 25221
	 Multiplicative Factor: 0%
	 DR Bracket: 1
	 Base: 21%
	 Effective Percent: 74,14%
----------------------
02:54,572

Intellect
	 Rating: 144606
	 Multiplicative Factor: 12,48%
Stamina
	 Rating: 847498
	 Multiplicative Factor: 11,3%
Crit
	 Rating: 11547
	 Multiplicative Factor: 0%
	 DR Bracket: 0
	 Base: 9%
	 Effective Percent: 25,5%
	 Crit Inc Heal: 2
	 Crit Inc Damage: 2
Haste
	 Rating: 20035
	 Multiplicative Factor: 0%
	 DR Bracket: 1
	 Base: 17%
	 Effective Percent: 52,47%
Vers
	 Rating: 3542
	 Multiplicative Factor: 0%
	 DR Bracket: 0
	 Base: 3%
	 Effective Percent: 7,54%
Leech
	 Rating: 4838
	 Multiplicative Factor: 0%
	 DR Bracket: 0
	 Base: 0%
	 Effective Percent: 4,74%
Avoidance
	 Rating: 0
	 Multiplicative Factor: 0%
	 DR Bracket: 0
	 Base: 0%
	 Effective Percent: 0%
Mastery
	 Rating: 25221
	 Multiplicative Factor: 0%
	 DR Bracket: 1
	 Base: 21%
	 Effective Percent: 74,14%
----------------------
02:55,572

Intellect
	 Rating: 144606
	 Multiplicative Factor: 12,48%
Stamina
	 Rating: 847498
	 Multiplicative Factor: 11,3%
Crit
	 Rating: 11547
	 Multiplicative Factor: 0%
	 DR Bracket: 0
	 Base: 9%
	 Effective Percent: 25,5%
	 Crit Inc Heal: 2
	 Crit Inc Damage: 2
Haste
	 Rating: 20035
	 Multiplicative Factor: 0%
	 DR Bracket: 1
	 Base: 18%
	 Effective Percent: 53,78%
Vers
	 Rating: 3542
	 Multiplicative Factor: 0%
	 DR Bracket: 0
	 Base: 3%
	 Effective Percent: 7,54%
Leech
	 Rating: 4838
	 Multiplicative Factor: 0%
	 DR Bracket: 0
	 Base: 0%
	 Effective Percent: 4,74%
Avoidance
	 Rating: 0
	 Multiplicative Factor: 0%
	 DR Bracket: 0
	 Base: 0%
	 Effective Percent: 0%
Mastery
	 Rating: 25221
	 Multiplicative Factor: 0%
	 DR Bracket: 1
	 Base: 21%
	 Effective Percent: 74,14%
----------------------
02:58,086

Intellect
	 Rating: 144606
	 Multiplicative Factor: 12,48%
Stamina
	 Rating: 847498
	 Multiplicative Factor: 11,3%
Crit
	 Rating: 17398
	 Multiplicative Factor: 0%
	 DR Bracket: 0
	 Base: 9%
	 Effective Percent: 33,85%
	 Crit Inc Heal: 2
	 Crit Inc Damage: 2
Haste
	 Rating: 20035
	 Multiplicative Factor: 0%
	 DR Bracket: 1
	 Base: 18%
	 Effective Percent: 53,78%
Vers
	 Rating: 3542
	 Multiplicative Factor: 0%
	 DR Bracket: 0
	 Base: 3%
	 Effective Percent: 7,54%
Leech
	 Rating: 4838
	 Multiplicative Factor: 0%
	 DR Bracket: 0
	 Base: 0%
	 Effective Percent: 4,74%
Avoidance
	 Rating: 0
	 Multiplicative Factor: 0%
	 DR Bracket: 0
	 Base: 0%
	 Effective Percent: 0%
Mastery
	 Rating: 25221
	 Multiplicative Factor: 0%
	 DR Bracket: 1
	 Base: 21%
	 Effective Percent: 74,14%
----------------------
02:58,590

Intellect
	 Rating: 144606
	 Multiplicative Factor: 12,48%
Stamina
	 Rating: 847498
	 Multiplicative Factor: 11,3%
Crit
	 Rating: 17398
	 Multiplicative Factor: 0%
	 DR Bracket: 0
	 Base: 9%
	 Effective Percent: 33,85%
	 Crit Inc Heal: 2
	 Crit Inc Damage: 2
Haste
	 Rating: 20035
	 Multiplicative Factor: 0%
	 DR Bracket: 1
	 Base: 19%
	 Effective Percent: 55,08%
Vers
	 Rating: 3542
	 Multiplicative Factor: 0%
	 DR Bracket: 0
	 Base: 3%
	 Effective Percent: 7,54%
Leech
	 Rating: 4838
	 Multiplicative Factor: 0%
	 DR Bracket: 0
	 Base: 0%
	 Effective Percent: 4,74%
Avoidance
	 Rating: 0
	 Multiplicative Factor: 0%
	 DR Bracket: 0
	 Base: 0%
	 Effective Percent: 0%
Mastery
	 Rating: 25221
	 Multiplicative Factor: 0%
	 DR Bracket: 1
	 Base: 21%
	 Effective Percent: 74,14%
----------------------
02:59,538

Intellect
	 Rating: 144606
	 Multiplicative Factor: 12,48%
Stamina
	 Rating: 847498
	 Multiplicative Factor: 11,3%
Crit
	 Rating: 17398
	 Multiplicative Factor: 0%
	 DR Bracket: 0
	 Base: 9%
	 Effective Percent: 33,85%
	 Crit Inc Heal: 2
	 Crit Inc Damage: 2
Haste
	 Rating: 20035
	 Multiplicative Factor: 0%
	 DR Bracket: 1
	 Base: 17%
	 Effective Percent: 52,47%
Vers
	 Rating: 3542
	 Multiplicative Factor: 0%
	 DR Bracket: 0
	 Base: 3%
	 Effective Percent: 7,54%
Leech
	 Rating: 4838
	 Multiplicative Factor: 0%
	 DR Bracket: 0
	 Base: 0%
	 Effective Percent: 4,74%
Avoidance
	 Rating: 0
	 Multiplicative Factor: 0%
	 DR Bracket: 0
	 Base: 0%
	 Effective Percent: 0%
Mastery
	 Rating: 25221
	 Multiplicative Factor: 0%
	 DR Bracket: 1
	 Base: 21%
	 Effective Percent: 74,14%
----------------------
02:59,538

Intellect
	 Rating: 144606
	 Multiplicative Factor: 12,48%
Stamina
	 Rating: 847498
	 Multiplicative Factor: 11,3%
Crit
	 Rating: 17398
	 Multiplicative Factor: 0%
	 DR Bracket: 0
	 Base: 9%
	 Effective Percent: 33,85%
	 Crit Inc Heal: 2
	 Crit Inc Damage: 2
Haste
	 Rating: 20035
	 Multiplicative Factor: 0%
	 DR Bracket: 1
	 Base: 15%
	 Effective Percent: 49,87%
Vers
	 Rating: 3542
	 Multiplicative Factor: 0%
	 DR Bracket: 0
	 Base: 3%
	 Effective Percent: 7,54%
Leech
	 Rating: 4838
	 Multiplicative Factor: 0%
	 DR Bracket: 0
	 Base: 0%
	 Effective Percent: 4,74%
Avoidance
	 Rating: 0
	 Multiplicative Factor: 0%
	 DR Bracket: 0
	 Base: 0%
	 Effective Percent: 0%
Mastery
	 Rating: 25221
	 Multiplicative Factor: 0%
	 DR Bracket: 1
	 Base: 21%
	 Effective Percent: 74,14%
----------------------
02:59,538

Intellect
	 Rating: 144606
	 Multiplicative Factor: 12,48%
Stamina
	 Rating: 847498
	 Multiplicative Factor: 11,3%
Crit
	 Rating: 17398
	 Multiplicative Factor: 0%
	 DR Bracket: 0
	 Base: 9%
	 Effective Percent: 33,85%
	 Crit Inc Heal: 2
	 Crit Inc Damage: 2
Haste
	 Rating: 20035
	 Multiplicative Factor: 0%
	 DR Bracket: 1
	 Base: 13%
	 Effective Percent: 47,26%
Vers
	 Rating: 3542
	 Multiplicative Factor: 0%
	 DR Bracket: 0
	 Base: 3%
	 Effective Percent: 7,54%
Leech
	 Rating: 4838
	 Multiplicative Factor: 0%
	 DR Bracket: 0
	 Base: 0%
	 Effective Percent: 4,74%
Avoidance
	 Rating: 0
	 Multiplicative Factor: 0%
	 DR Bracket: 0
	 Base: 0%
	 Effective Percent: 0%
Mastery
	 Rating: 25221
	 Multiplicative Factor: 0%
	 DR Bracket: 1
	 Base: 21%
	 Effective Percent: 74,14%
----------------------
02:59,538

Intellect
	 Rating: 144606
	 Multiplicative Factor: 12,48%
Stamina
	 Rating: 847498
	 Multiplicative Factor: 11,3%
Crit
	 Rating: 17398
	 Multiplicative Factor: 0%
	 DR Bracket: 0
	 Base: 9%
	 Effective Percent: 33,85%
	 Crit Inc Heal: 2
	 Crit Inc Damage: 2
Haste
	 Rating: 20035
	 Multiplicative Factor: 0%
	 DR Bracket: 1
	 Base: 11%
	 Effective Percent: 44,66%
Vers
	 Rating: 3542
	 Multiplicative Factor: 0%
	 DR Bracket: 0
	 Base: 3%
	 Effective Percent: 7,54%
Leech
	 Rating: 4838
	 Multiplicative Factor: 0%
	 DR Bracket: 0
	 Base: 0%
	 Effective Percent: 4,74%
Avoidance
	 Rating: 0
	 Multiplicative Factor: 0%
	 DR Bracket: 0
	 Base: 0%
	 Effective Percent: 0%
Mastery
	 Rating: 25221
	 Multiplicative Factor: 0%
	 DR Bracket: 1
	 Base: 21%
	 Effective Percent: 74,14%
----------------------
03:01,217

Intellect
	 Rating: 144606
	 Multiplicative Factor: 12,48%
Stamina
	 Rating: 847498
	 Multiplicative Factor: 11,3%
Crit
	 Rating: 17398
	 Multiplicative Factor: 0%
	 DR Bracket: 0
	 Base: 9%
	 Effective Percent: 33,85%
	 Crit Inc Heal: 2
	 Crit Inc Damage: 2
Haste
	 Rating: 20035
	 Multiplicative Factor: 0%
	 DR Bracket: 1
	 Base: 9%
	 Effective Percent: 42,05%
Vers
	 Rating: 3542
	 Multiplicative Factor: 0%
	 DR Bracket: 0
	 Base: 3%
	 Effective Percent: 7,54%
Leech
	 Rating: 4838
	 Multiplicative Factor: 0%
	 DR Bracket: 0
	 Base: 0%
	 Effective Percent: 4,74%
Avoidance
	 Rating: 0
	 Multiplicative Factor: 0%
	 DR Bracket: 0
	 Base: 0%
	 Effective Percent: 0%
Mastery
	 Rating: 25221
	 Multiplicative Factor: 0%
	 DR Bracket: 1
	 Base: 21%
	 Effective Percent: 74,14%
----------------------
03:02,295

Intellect
	 Rating: 144606
	 Multiplicative Factor: 12,48%
Stamina
	 Rating: 847498
	 Multiplicative Factor: 11,3%
Crit
	 Rating: 17398
	 Multiplicative Factor: 0%
	 DR Bracket: 0
	 Base: 9%
	 Effective Percent: 33,85%
	 Crit Inc Heal: 2
	 Crit Inc Damage: 2
Haste
	 Rating: 20035
	 Multiplicative Factor: 0%
	 DR Bracket: 1
	 Base: 7%
	 Effective Percent: 39,44%
Vers
	 Rating: 3542
	 Multiplicative Factor: 0%
	 DR Bracket: 0
	 Base: 3%
	 Effective Percent: 7,54%
Leech
	 Rating: 4838
	 Multiplicative Factor: 0%
	 DR Bracket: 0
	 Base: 0%
	 Effective Percent: 4,74%
Avoidance
	 Rating: 0
	 Multiplicative Factor: 0%
	 DR Bracket: 0
	 Base: 0%
	 Effective Percent: 0%
Mastery
	 Rating: 25221
	 Multiplicative Factor: 0%
	 DR Bracket: 1
	 Base: 21%
	 Effective Percent: 74,14%
----------------------
03:05,556

Intellect
	 Rating: 144606
	 Multiplicative Factor: 12,48%
Stamina
	 Rating: 847498
	 Multiplicative Factor: 11,3%
Crit
	 Rating: 17398
	 Multiplicative Factor: 0%
	 DR Bracket: 0
	 Base: 9%
	 Effective Percent: 33,85%
	 Crit Inc Heal: 2
	 Crit Inc Damage: 2
Haste
	 Rating: 20035
	 Multiplicative Factor: 0%
	 DR Bracket: 1
	 Base: 5%
	 Effective Percent: 36,84%
Vers
	 Rating: 3542
	 Multiplicative Factor: 0%
	 DR Bracket: 0
	 Base: 3%
	 Effective Percent: 7,54%
Leech
	 Rating: 4838
	 Multiplicative Factor: 0%
	 DR Bracket: 0
	 Base: 0%
	 Effective Percent: 4,74%
Avoidance
	 Rating: 0
	 Multiplicative Factor: 0%
	 DR Bracket: 0
	 Base: 0%
	 Effective Percent: 0%
Mastery
	 Rating: 25221
	 Multiplicative Factor: 0%
	 DR Bracket: 1
	 Base: 21%
	 Effective Percent: 74,14%
----------------------
03:08,077

Intellect
	 Rating: 144606
	 Multiplicative Factor: 12,48%
Stamina
	 Rating: 847498
	 Multiplicative Factor: 11,3%
Crit
	 Rating: 11547
	 Multiplicative Factor: 0%
	 DR Bracket: 0
	 Base: 9%
	 Effective Percent: 25,5%
	 Crit Inc Heal: 2
	 Crit Inc Damage: 2
Haste
	 Rating: 20035
	 Multiplicative Factor: 0%
	 DR Bracket: 1
	 Base: 5%
	 Effective Percent: 36,84%
Vers
	 Rating: 3542
	 Multiplicative Factor: 0%
	 DR Bracket: 0
	 Base: 3%
	 Effective Percent: 7,54%
Leech
	 Rating: 4838
	 Multiplicative Factor: 0%
	 DR Bracket: 0
	 Base: 0%
	 Effective Percent: 4,74%
Avoidance
	 Rating: 0
	 Multiplicative Factor: 0%
	 DR Bracket: 0
	 Base: 0%
	 Effective Percent: 0%
Mastery
	 Rating: 25221
	 Multiplicative Factor: 0%
	 DR Bracket: 1
	 Base: 21%
	 Effective Percent: 74,14%
----------------------
03:19,406

Intellect
	 Rating: 144606
	 Multiplicative Factor: 12,48%
Stamina
	 Rating: 847498
	 Multiplicative Factor: 11,3%
Crit
	 Rating: 11547
	 Multiplicative Factor: 0%
	 DR Bracket: 0
	 Base: 9%
	 Effective Percent: 25,5%
	 Crit Inc Heal: 2
	 Crit Inc Damage: 2
Haste
	 Rating: 20035
	 Multiplicative Factor: 0%
	 DR Bracket: 1
	 Base: 7%
	 Effective Percent: 39,44%
Vers
	 Rating: 3542
	 Multiplicative Factor: 0%
	 DR Bracket: 0
	 Base: 3%
	 Effective Percent: 7,54%
Leech
	 Rating: 4838
	 Multiplicative Factor: 0%
	 DR Bracket: 0
	 Base: 0%
	 Effective Percent: 4,74%
Avoidance
	 Rating: 0
	 Multiplicative Factor: 0%
	 DR Bracket: 0
	 Base: 0%
	 Effective Percent: 0%
Mastery
	 Rating: 25221
	 Multiplicative Factor: 0%
	 DR Bracket: 1
	 Base: 21%
	 Effective Percent: 74,14%
----------------------
03:22,842

Intellect
	 Rating: 144606
	 Multiplicative Factor: 12,48%
Stamina
	 Rating: 847498
	 Multiplicative Factor: 11,3%
Crit
	 Rating: 11547
	 Multiplicative Factor: 0%
	 DR Bracket: 0
	 Base: 9%
	 Effective Percent: 25,5%
	 Crit Inc Heal: 2
	 Crit Inc Damage: 2
Haste
	 Rating: 20035
	 Multiplicative Factor: 0%
	 DR Bracket: 1
	 Base: 9%
	 Effective Percent: 42,05%
Vers
	 Rating: 3542
	 Multiplicative Factor: 0%
	 DR Bracket: 0
	 Base: 3%
	 Effective Percent: 7,54%
Leech
	 Rating: 4838
	 Multiplicative Factor: 0%
	 DR Bracket: 0
	 Base: 0%
	 Effective Percent: 4,74%
Avoidance
	 Rating: 0
	 Multiplicative Factor: 0%
	 DR Bracket: 0
	 Base: 0%
	 Effective Percent: 0%
Mastery
	 Rating: 25221
	 Multiplicative Factor: 0%
	 DR Bracket: 1
	 Base: 21%
	 Effective Percent: 74,14%
----------------------
03:26,044

Intellect
	 Rating: 144606
	 Multiplicative Factor: 12,48%
Stamina
	 Rating: 847498
	 Multiplicative Factor: 11,3%
Crit
	 Rating: 11547
	 Multiplicative Factor: 0%
	 DR Bracket: 0
	 Base: 9%
	 Effective Percent: 25,5%
	 Crit Inc Heal: 2
	 Crit Inc Damage: 2
Haste
	 Rating: 20035
	 Multiplicative Factor: 0%
	 DR Bracket: 1
	 Base: 11%
	 Effective Percent: 44,66%
Vers
	 Rating: 3542
	 Multiplicative Factor: 0%
	 DR Bracket: 0
	 Base: 3%
	 Effective Percent: 7,54%
Leech
	 Rating: 4838
	 Multiplicative Factor: 0%
	 DR Bracket: 0
	 Base: 0%
	 Effective Percent: 4,74%
Avoidance
	 Rating: 0
	 Multiplicative Factor: 0%
	 DR Bracket: 0
	 Base: 0%
	 Effective Percent: 0%
Mastery
	 Rating: 25221
	 Multiplicative Factor: 0%
	 DR Bracket: 1
	 Base: 21%
	 Effective Percent: 74,14%
----------------------
03:28,094

Intellect
	 Rating: 144606
	 Multiplicative Factor: 12,48%
Stamina
	 Rating: 847498
	 Multiplicative Factor: 11,3%
Crit
	 Rating: 11547
	 Multiplicative Factor: 0%
	 DR Bracket: 0
	 Base: 9%
	 Effective Percent: 25,5%
	 Crit Inc Heal: 2
	 Crit Inc Damage: 2
Haste
	 Rating: 20035
	 Multiplicative Factor: 0%
	 DR Bracket: 1
	 Base: 13%
	 Effective Percent: 47,26%
Vers
	 Rating: 3542
	 Multiplicative Factor: 0%
	 DR Bracket: 0
	 Base: 3%
	 Effective Percent: 7,54%
Leech
	 Rating: 4838
	 Multiplicative Factor: 0%
	 DR Bracket: 0
	 Base: 0%
	 Effective Percent: 4,74%
Avoidance
	 Rating: 0
	 Multiplicative Factor: 0%
	 DR Bracket: 0
	 Base: 0%
	 Effective Percent: 0%
Mastery
	 Rating: 25221
	 Multiplicative Factor: 0%
	 DR Bracket: 1
	 Base: 21%
	 Effective Percent: 74,14%
----------------------
03:30,181

Intellect
	 Rating: 144606
	 Multiplicative Factor: 12,48%
Stamina
	 Rating: 847498
	 Multiplicative Factor: 11,3%
Crit
	 Rating: 11547
	 Multiplicative Factor: 0%
	 DR Bracket: 0
	 Base: 9%
	 Effective Percent: 25,5%
	 Crit Inc Heal: 2
	 Crit Inc Damage: 2
Haste
	 Rating: 20035
	 Multiplicative Factor: 0%
	 DR Bracket: 1
	 Base: 15%
	 Effective Percent: 49,87%
Vers
	 Rating: 3542
	 Multiplicative Factor: 0%
	 DR Bracket: 0
	 Base: 3%
	 Effective Percent: 7,54%
Leech
	 Rating: 4838
	 Multiplicative Factor: 0%
	 DR Bracket: 0
	 Base: 0%
	 Effective Percent: 4,74%
Avoidance
	 Rating: 0
	 Multiplicative Factor: 0%
	 DR Bracket: 0
	 Base: 0%
	 Effective Percent: 0%
Mastery
	 Rating: 25221
	 Multiplicative Factor: 0%
	 DR Bracket: 1
	 Base: 21%
	 Effective Percent: 74,14%
----------------------
03:31,397

Intellect
	 Rating: 144606
	 Multiplicative Factor: 12,48%
Stamina
	 Rating: 847498
	 Multiplicative Factor: 11,3%
Crit
	 Rating: 11547
	 Multiplicative Factor: 0%
	 DR Bracket: 0
	 Base: 9%
	 Effective Percent: 25,5%
	 Crit Inc Heal: 2
	 Crit Inc Damage: 2
Haste
	 Rating: 20035
	 Multiplicative Factor: 0%
	 DR Bracket: 1
	 Base: 13%
	 Effective Percent: 47,26%
Vers
	 Rating: 3542
	 Multiplicative Factor: 0%
	 DR Bracket: 0
	 Base: 3%
	 Effective Percent: 7,54%
Leech
	 Rating: 4838
	 Multiplicative Factor: 0%
	 DR Bracket: 0
	 Base: 0%
	 Effective Percent: 4,74%
Avoidance
	 Rating: 0
	 Multiplicative Factor: 0%
	 DR Bracket: 0
	 Base: 0%
	 Effective Percent: 0%
Mastery
	 Rating: 25221
	 Multiplicative Factor: 0%
	 DR Bracket: 1
	 Base: 21%
	 Effective Percent: 74,14%
----------------------
03:34,834

Intellect
	 Rating: 144606
	 Multiplicative Factor: 12,48%
Stamina
	 Rating: 847498
	 Multiplicative Factor: 11,3%
Crit
	 Rating: 11547
	 Multiplicative Factor: 0%
	 DR Bracket: 0
	 Base: 9%
	 Effective Percent: 25,5%
	 Crit Inc Heal: 2
	 Crit Inc Damage: 2
Haste
	 Rating: 20035
	 Multiplicative Factor: 0%
	 DR Bracket: 1
	 Base: 11%
	 Effective Percent: 44,66%
Vers
	 Rating: 3542
	 Multiplicative Factor: 0%
	 DR Bracket: 0
	 Base: 3%
	 Effective Percent: 7,54%
Leech
	 Rating: 4838
	 Multiplicative Factor: 0%
	 DR Bracket: 0
	 Base: 0%
	 Effective Percent: 4,74%
Avoidance
	 Rating: 0
	 Multiplicative Factor: 0%
	 DR Bracket: 0
	 Base: 0%
	 Effective Percent: 0%
Mastery
	 Rating: 25221
	 Multiplicative Factor: 0%
	 DR Bracket: 1
	 Base: 21%
	 Effective Percent: 74,14%
----------------------
03:38,023

Intellect
	 Rating: 144606
	 Multiplicative Factor: 12,48%
Stamina
	 Rating: 847498
	 Multiplicative Factor: 11,3%
Crit
	 Rating: 11547
	 Multiplicative Factor: 0%
	 DR Bracket: 0
	 Base: 9%
	 Effective Percent: 25,5%
	 Crit Inc Heal: 2
	 Crit Inc Damage: 2
Haste
	 Rating: 20035
	 Multiplicative Factor: 0%
	 DR Bracket: 1
	 Base: 9%
	 Effective Percent: 42,05%
Vers
	 Rating: 3542
	 Multiplicative Factor: 0%
	 DR Bracket: 0
	 Base: 3%
	 Effective Percent: 7,54%
Leech
	 Rating: 4838
	 Multiplicative Factor: 0%
	 DR Bracket: 0
	 Base: 0%
	 Effective Percent: 4,74%
Avoidance
	 Rating: 0
	 Multiplicative Factor: 0%
	 DR Bracket: 0
	 Base: 0%
	 Effective Percent: 0%
Mastery
	 Rating: 25221
	 Multiplicative Factor: 0%
	 DR Bracket: 1
	 Base: 21%
	 Effective Percent: 74,14%
----------------------
03:40,098

Intellect
	 Rating: 144606
	 Multiplicative Factor: 12,48%
Stamina
	 Rating: 847498
	 Multiplicative Factor: 11,3%
Crit
	 Rating: 11547
	 Multiplicative Factor: 0%
	 DR Bracket: 0
	 Base: 9%
	 Effective Percent: 25,5%
	 Crit Inc Heal: 2
	 Crit Inc Damage: 2
Haste
	 Rating: 20035
	 Multiplicative Factor: 0%
	 DR Bracket: 1
	 Base: 7%
	 Effective Percent: 39,44%
Vers
	 Rating: 3542
	 Multiplicative Factor: 0%
	 DR Bracket: 0
	 Base: 3%
	 Effective Percent: 7,54%
Leech
	 Rating: 4838
	 Multiplicative Factor: 0%
	 DR Bracket: 0
	 Base: 0%
	 Effective Percent: 4,74%
Avoidance
	 Rating: 0
	 Multiplicative Factor: 0%
	 DR Bracket: 0
	 Base: 0%
	 Effective Percent: 0%
Mastery
	 Rating: 25221
	 Multiplicative Factor: 0%
	 DR Bracket: 1
	 Base: 21%
	 Effective Percent: 74,14%
----------------------
03:42,195

Intellect
	 Rating: 144606
	 Multiplicative Factor: 12,48%
Stamina
	 Rating: 847498
	 Multiplicative Factor: 11,3%
Crit
	 Rating: 11547
	 Multiplicative Factor: 0%
	 DR Bracket: 0
	 Base: 9%
	 Effective Percent: 25,5%
	 Crit Inc Heal: 2
	 Crit Inc Damage: 2
Haste
	 Rating: 20035
	 Multiplicative Factor: 0%
	 DR Bracket: 1
	 Base: 5%
	 Effective Percent: 36,84%
Vers
	 Rating: 3542
	 Multiplicative Factor: 0%
	 DR Bracket: 0
	 Base: 3%
	 Effective Percent: 7,54%
Leech
	 Rating: 4838
	 Multiplicative Factor: 0%
	 DR Bracket: 0
	 Base: 0%
	 Effective Percent: 4,74%
Avoidance
	 Rating: 0
	 Multiplicative Factor: 0%
	 DR Bracket: 0
	 Base: 0%
	 Effective Percent: 0%
Mastery
	 Rating: 25221
	 Multiplicative Factor: 0%
	 DR Bracket: 1
	 Base: 21%
	 Effective Percent: 74,14%
----------------------
03:48,269

Intellect
	 Rating: 144606
	 Multiplicative Factor: 12,48%
Stamina
	 Rating: 847498
	 Multiplicative Factor: 11,3%
Crit
	 Rating: 11547
	 Multiplicative Factor: 0%
	 DR Bracket: 0
	 Base: 9%
	 Effective Percent: 25,5%
	 Crit Inc Heal: 2
	 Crit Inc Damage: 2
Haste
	 Rating: 20035
	 Multiplicative Factor: 0%
	 DR Bracket: 1
	 Base: 7%
	 Effective Percent: 39,44%
Vers
	 Rating: 3542
	 Multiplicative Factor: 0%
	 DR Bracket: 0
	 Base: 3%
	 Effective Percent: 7,54%
Leech
	 Rating: 4838
	 Multiplicative Factor: 0%
	 DR Bracket: 0
	 Base: 0%
	 Effective Percent: 4,74%
Avoidance
	 Rating: 0
	 Multiplicative Factor: 0%
	 DR Bracket: 0
	 Base: 0%
	 Effective Percent: 0%
Mastery
	 Rating: 25221
	 Multiplicative Factor: 0%
	 DR Bracket: 1
	 Base: 21%
	 Effective Percent: 74,14%
----------------------
03:51,563

Intellect
	 Rating: 144606
	 Multiplicative Factor: 12,48%
Stamina
	 Rating: 847498
	 Multiplicative Factor: 11,3%
Crit
	 Rating: 11547
	 Multiplicative Factor: 0%
	 DR Bracket: 0
	 Base: 9%
	 Effective Percent: 25,5%
	 Crit Inc Heal: 2
	 Crit Inc Damage: 2
Haste
	 Rating: 20035
	 Multiplicative Factor: 0%
	 DR Bracket: 1
	 Base: 9%
	 Effective Percent: 42,05%
Vers
	 Rating: 3542
	 Multiplicative Factor: 0%
	 DR Bracket: 0
	 Base: 3%
	 Effective Percent: 7,54%
Leech
	 Rating: 4838
	 Multiplicative Factor: 0%
	 DR Bracket: 0
	 Base: 0%
	 Effective Percent: 4,74%
Avoidance
	 Rating: 0
	 Multiplicative Factor: 0%
	 DR Bracket: 0
	 Base: 0%
	 Effective Percent: 0%
Mastery
	 Rating: 25221
	 Multiplicative Factor: 0%
	 DR Bracket: 1
	 Base: 21%
	 Effective Percent: 74,14%
----------------------
03:55,051

Intellect
	 Rating: 144606
	 Multiplicative Factor: 12,48%
Stamina
	 Rating: 847498
	 Multiplicative Factor: 11,3%
Crit
	 Rating: 11547
	 Multiplicative Factor: 0%
	 DR Bracket: 0
	 Base: 9%
	 Effective Percent: 25,5%
	 Crit Inc Heal: 2
	 Crit Inc Damage: 2
Haste
	 Rating: 20035
	 Multiplicative Factor: 0%
	 DR Bracket: 1
	 Base: 11%
	 Effective Percent: 44,66%
Vers
	 Rating: 3542
	 Multiplicative Factor: 0%
	 DR Bracket: 0
	 Base: 3%
	 Effective Percent: 7,54%
Leech
	 Rating: 4838
	 Multiplicative Factor: 0%
	 DR Bracket: 0
	 Base: 0%
	 Effective Percent: 4,74%
Avoidance
	 Rating: 0
	 Multiplicative Factor: 0%
	 DR Bracket: 0
	 Base: 0%
	 Effective Percent: 0%
Mastery
	 Rating: 25221
	 Multiplicative Factor: 0%
	 DR Bracket: 1
	 Base: 21%
	 Effective Percent: 74,14%
----------------------
03:56,570

Intellect
	 Rating: 144606
	 Multiplicative Factor: 12,48%
Stamina
	 Rating: 847498
	 Multiplicative Factor: 11,3%
Crit
	 Rating: 17398
	 Multiplicative Factor: 0%
	 DR Bracket: 0
	 Base: 9%
	 Effective Percent: 33,85%
	 Crit Inc Heal: 2
	 Crit Inc Damage: 2
Haste
	 Rating: 20035
	 Multiplicative Factor: 0%
	 DR Bracket: 1
	 Base: 11%
	 Effective Percent: 44,66%
Vers
	 Rating: 3542
	 Multiplicative Factor: 0%
	 DR Bracket: 0
	 Base: 3%
	 Effective Percent: 7,54%
Leech
	 Rating: 4838
	 Multiplicative Factor: 0%
	 DR Bracket: 0
	 Base: 0%
	 Effective Percent: 4,74%
Avoidance
	 Rating: 0
	 Multiplicative Factor: 0%
	 DR Bracket: 0
	 Base: 0%
	 Effective Percent: 0%
Mastery
	 Rating: 25221
	 Multiplicative Factor: 0%
	 DR Bracket: 1
	 Base: 21%
	 Effective Percent: 74,14%
----------------------
04:00,286

Intellect
	 Rating: 144606
	 Multiplicative Factor: 12,48%
Stamina
	 Rating: 847498
	 Multiplicative Factor: 11,3%
Crit
	 Rating: 17398
	 Multiplicative Factor: 0%
	 DR Bracket: 0
	 Base: 9%
	 Effective Percent: 33,85%
	 Crit Inc Heal: 2
	 Crit Inc Damage: 2
Haste
	 Rating: 20035
	 Multiplicative Factor: 0%
	 DR Bracket: 1
	 Base: 9%
	 Effective Percent: 42,05%
Vers
	 Rating: 3542
	 Multiplicative Factor: 0%
	 DR Bracket: 0
	 Base: 3%
	 Effective Percent: 7,54%
Leech
	 Rating: 4838
	 Multiplicative Factor: 0%
	 DR Bracket: 0
	 Base: 0%
	 Effective Percent: 4,74%
Avoidance
	 Rating: 0
	 Multiplicative Factor: 0%
	 DR Bracket: 0
	 Base: 0%
	 Effective Percent: 0%
Mastery
	 Rating: 25221
	 Multiplicative Factor: 0%
	 DR Bracket: 1
	 Base: 21%
	 Effective Percent: 74,14%
----------------------
04:00,627

Intellect
	 Rating: 144606
	 Multiplicative Factor: 12,48%
Stamina
	 Rating: 847498
	 Multiplicative Factor: 11,3%
Crit
	 Rating: 17398
	 Multiplicative Factor: 0%
	 DR Bracket: 0
	 Base: 9%
	 Effective Percent: 33,85%
	 Crit Inc Heal: 2
	 Crit Inc Damage: 2
Haste
	 Rating: 20035
	 Multiplicative Factor: 0%
	 DR Bracket: 1
	 Base: 11%
	 Effective Percent: 44,66%
Vers
	 Rating: 3542
	 Multiplicative Factor: 0%
	 DR Bracket: 0
	 Base: 3%
	 Effective Percent: 7,54%
Leech
	 Rating: 4838
	 Multiplicative Factor: 0%
	 DR Bracket: 0
	 Base: 0%
	 Effective Percent: 4,74%
Avoidance
	 Rating: 0
	 Multiplicative Factor: 0%
	 DR Bracket: 0
	 Base: 0%
	 Effective Percent: 0%
Mastery
	 Rating: 25221
	 Multiplicative Factor: 0%
	 DR Bracket: 1
	 Base: 21%
	 Effective Percent: 74,14%
----------------------
04:03,565

Intellect
	 Rating: 144606
	 Multiplicative Factor: 12,48%
Stamina
	 Rating: 847498
	 Multiplicative Factor: 11,3%
Crit
	 Rating: 17398
	 Multiplicative Factor: 0%
	 DR Bracket: 0
	 Base: 9%
	 Effective Percent: 33,85%
	 Crit Inc Heal: 2
	 Crit Inc Damage: 2
Haste
	 Rating: 20035
	 Multiplicative Factor: 0%
	 DR Bracket: 1
	 Base: 9%
	 Effective Percent: 42,05%
Vers
	 Rating: 3542
	 Multiplicative Factor: 0%
	 DR Bracket: 0
	 Base: 3%
	 Effective Percent: 7,54%
Leech
	 Rating: 4838
	 Multiplicative Factor: 0%
	 DR Bracket: 0
	 Base: 0%
	 Effective Percent: 4,74%
Avoidance
	 Rating: 0
	 Multiplicative Factor: 0%
	 DR Bracket: 0
	 Base: 0%
	 Effective Percent: 0%
Mastery
	 Rating: 25221
	 Multiplicative Factor: 0%
	 DR Bracket: 1
	 Base: 21%
	 Effective Percent: 74,14%
----------------------
04:06,547

Intellect
	 Rating: 144606
	 Multiplicative Factor: 12,48%
Stamina
	 Rating: 847498
	 Multiplicative Factor: 11,3%
Crit
	 Rating: 11547
	 Multiplicative Factor: 0%
	 DR Bracket: 0
	 Base: 9%
	 Effective Percent: 25,5%
	 Crit Inc Heal: 2
	 Crit Inc Damage: 2
Haste
	 Rating: 20035
	 Multiplicative Factor: 0%
	 DR Bracket: 1
	 Base: 9%
	 Effective Percent: 42,05%
Vers
	 Rating: 3542
	 Multiplicative Factor: 0%
	 DR Bracket: 0
	 Base: 3%
	 Effective Percent: 7,54%
Leech
	 Rating: 4838
	 Multiplicative Factor: 0%
	 DR Bracket: 0
	 Base: 0%
	 Effective Percent: 4,74%
Avoidance
	 Rating: 0
	 Multiplicative Factor: 0%
	 DR Bracket: 0
	 Base: 0%
	 Effective Percent: 0%
Mastery
	 Rating: 25221
	 Multiplicative Factor: 0%
	 DR Bracket: 1
	 Base: 21%
	 Effective Percent: 74,14%
----------------------
04:07,052

Intellect
	 Rating: 144606
	 Multiplicative Factor: 12,48%
Stamina
	 Rating: 847498
	 Multiplicative Factor: 11,3%
Crit
	 Rating: 11547
	 Multiplicative Factor: 0%
	 DR Bracket: 0
	 Base: 9%
	 Effective Percent: 25,5%
	 Crit Inc Heal: 2
	 Crit Inc Damage: 2
Haste
	 Rating: 20035
	 Multiplicative Factor: 0%
	 DR Bracket: 1
	 Base: 7%
	 Effective Percent: 39,44%
Vers
	 Rating: 3542
	 Multiplicative Factor: 0%
	 DR Bracket: 0
	 Base: 3%
	 Effective Percent: 7,54%
Leech
	 Rating: 4838
	 Multiplicative Factor: 0%
	 DR Bracket: 0
	 Base: 0%
	 Effective Percent: 4,74%
Avoidance
	 Rating: 0
	 Multiplicative Factor: 0%
	 DR Bracket: 0
	 Base: 0%
	 Effective Percent: 0%
Mastery
	 Rating: 25221
	 Multiplicative Factor: 0%
	 DR Bracket: 1
	 Base: 21%
	 Effective Percent: 74,14%
----------------------
04:08,205

Intellect
	 Rating: 144606
	 Multiplicative Factor: 12,48%
Stamina
	 Rating: 847498
	 Multiplicative Factor: 11,3%
Crit
	 Rating: 17398
	 Multiplicative Factor: 0%
	 DR Bracket: 0
	 Base: 9%
	 Effective Percent: 33,85%
	 Crit Inc Heal: 2
	 Crit Inc Damage: 2
Haste
	 Rating: 20035
	 Multiplicative Factor: 0%
	 DR Bracket: 1
	 Base: 7%
	 Effective Percent: 39,44%
Vers
	 Rating: 3542
	 Multiplicative Factor: 0%
	 DR Bracket: 0
	 Base: 3%
	 Effective Percent: 7,54%
Leech
	 Rating: 4838
	 Multiplicative Factor: 0%
	 DR Bracket: 0
	 Base: 0%
	 Effective Percent: 4,74%
Avoidance
	 Rating: 0
	 Multiplicative Factor: 0%
	 DR Bracket: 0
	 Base: 0%
	 Effective Percent: 0%
Mastery
	 Rating: 25221
	 Multiplicative Factor: 0%
	 DR Bracket: 1
	 Base: 21%
	 Effective Percent: 74,14%
----------------------
04:12,635

Intellect
	 Rating: 144606
	 Multiplicative Factor: 12,48%
Stamina
	 Rating: 847498
	 Multiplicative Factor: 11,3%
Crit
	 Rating: 17398
	 Multiplicative Factor: 0%
	 DR Bracket: 0
	 Base: 9%
	 Effective Percent: 33,85%
	 Crit Inc Heal: 2
	 Crit Inc Damage: 2
Haste
	 Rating: 20035
	 Multiplicative Factor: 0%
	 DR Bracket: 1
	 Base: 5%
	 Effective Percent: 36,84%
Vers
	 Rating: 3542
	 Multiplicative Factor: 0%
	 DR Bracket: 0
	 Base: 3%
	 Effective Percent: 7,54%
Leech
	 Rating: 4838
	 Multiplicative Factor: 0%
	 DR Bracket: 0
	 Base: 0%
	 Effective Percent: 4,74%
Avoidance
	 Rating: 0
	 Multiplicative Factor: 0%
	 DR Bracket: 0
	 Base: 0%
	 Effective Percent: 0%
Mastery
	 Rating: 25221
	 Multiplicative Factor: 0%
	 DR Bracket: 1
	 Base: 21%
	 Effective Percent: 74,14%
----------------------
04:18,223

Intellect
	 Rating: 144606
	 Multiplicative Factor: 12,48%
Stamina
	 Rating: 847498
	 Multiplicative Factor: 11,3%
Crit
	 Rating: 11547
	 Multiplicative Factor: 0%
	 DR Bracket: 0
	 Base: 9%
	 Effective Percent: 25,5%
	 Crit Inc Heal: 2
	 Crit Inc Damage: 2
Haste
	 Rating: 20035
	 Multiplicative Factor: 0%
	 DR Bracket: 1
	 Base: 5%
	 Effective Percent: 36,84%
Vers
	 Rating: 3542
	 Multiplicative Factor: 0%
	 DR Bracket: 0
	 Base: 3%
	 Effective Percent: 7,54%
Leech
	 Rating: 4838
	 Multiplicative Factor: 0%
	 DR Bracket: 0
	 Base: 0%
	 Effective Percent: 4,74%
Avoidance
	 Rating: 0
	 Multiplicative Factor: 0%
	 DR Bracket: 0
	 Base: 0%
	 Effective Percent: 0%
Mastery
	 Rating: 25221
	 Multiplicative Factor: 0%
	 DR Bracket: 1
	 Base: 21%
	 Effective Percent: 74,14%
----------------------
04:19,200

Intellect
	 Rating: 144606
	 Multiplicative Factor: 12,48%
Stamina
	 Rating: 847498
	 Multiplicative Factor: 11,3%
Crit
	 Rating: 11547
	 Multiplicative Factor: 0%
	 DR Bracket: 0
	 Base: 9%
	 Effective Percent: 25,5%
	 Crit Inc Heal: 2
	 Crit Inc Damage: 2
Haste
	 Rating: 20035
	 Multiplicative Factor: 0%
	 DR Bracket: 1
	 Base: 7%
	 Effective Percent: 39,44%
Vers
	 Rating: 3542
	 Multiplicative Factor: 0%
	 DR Bracket: 0
	 Base: 3%
	 Effective Percent: 7,54%
Leech
	 Rating: 4838
	 Multiplicative Factor: 0%
	 DR Bracket: 0
	 Base: 0%
	 Effective Percent: 4,74%
Avoidance
	 Rating: 0
	 Multiplicative Factor: 0%
	 DR Bracket: 0
	 Base: 0%
	 Effective Percent: 0%
Mastery
	 Rating: 25221
	 Multiplicative Factor: 0%
	 DR Bracket: 1
	 Base: 21%
	 Effective Percent: 74,14%
----------------------
04:19,415

Intellect
	 Rating: 144606
	 Multiplicative Factor: 12,48%
Stamina
	 Rating: 847498
	 Multiplicative Factor: 11,3%
Crit
	 Rating: 17398
	 Multiplicative Factor: 0%
	 DR Bracket: 0
	 Base: 9%
	 Effective Percent: 33,85%
	 Crit Inc Heal: 2
	 Crit Inc Damage: 2
Haste
	 Rating: 20035
	 Multiplicative Factor: 0%
	 DR Bracket: 1
	 Base: 7%
	 Effective Percent: 39,44%
Vers
	 Rating: 3542
	 Multiplicative Factor: 0%
	 DR Bracket: 0
	 Base: 3%
	 Effective Percent: 7,54%
Leech
	 Rating: 4838
	 Multiplicative Factor: 0%
	 DR Bracket: 0
	 Base: 0%
	 Effective Percent: 4,74%
Avoidance
	 Rating: 0
	 Multiplicative Factor: 0%
	 DR Bracket: 0
	 Base: 0%
	 Effective Percent: 0%
Mastery
	 Rating: 25221
	 Multiplicative Factor: 0%
	 DR Bracket: 1
	 Base: 21%
	 Effective Percent: 74,14%
----------------------
04:22,431

Intellect
	 Rating: 144606
	 Multiplicative Factor: 12,48%
Stamina
	 Rating: 847498
	 Multiplicative Factor: 11,3%
Crit
	 Rating: 17398
	 Multiplicative Factor: 0%
	 DR Bracket: 0
	 Base: 9%
	 Effective Percent: 33,85%
	 Crit Inc Heal: 2
	 Crit Inc Damage: 2
Haste
	 Rating: 20035
	 Multiplicative Factor: 0%
	 DR Bracket: 1
	 Base: 9%
	 Effective Percent: 42,05%
Vers
	 Rating: 3542
	 Multiplicative Factor: 0%
	 DR Bracket: 0
	 Base: 3%
	 Effective Percent: 7,54%
Leech
	 Rating: 4838
	 Multiplicative Factor: 0%
	 DR Bracket: 0
	 Base: 0%
	 Effective Percent: 4,74%
Avoidance
	 Rating: 0
	 Multiplicative Factor: 0%
	 DR Bracket: 0
	 Base: 0%
	 Effective Percent: 0%
Mastery
	 Rating: 25221
	 Multiplicative Factor: 0%
	 DR Bracket: 1
	 Base: 21%
	 Effective Percent: 74,14%
----------------------
04:24,561

Intellect
	 Rating: 144606
	 Multiplicative Factor: 12,48%
Stamina
	 Rating: 847498
	 Multiplicative Factor: 11,3%
Crit
	 Rating: 17398
	 Multiplicative Factor: 0%
	 DR Bracket: 0
	 Base: 9%
	 Effective Percent: 33,85%
	 Crit Inc Heal: 2
	 Crit Inc Damage: 2
Haste
	 Rating: 20035
	 Multiplicative Factor: 0%
	 DR Bracket: 1
	 Base: 39%
	 Effective Percent: 81,15%
Vers
	 Rating: 3542
	 Multiplicative Factor: 0%
	 DR Bracket: 0
	 Base: 3%
	 Effective Percent: 7,54%
Leech
	 Rating: 4838
	 Multiplicative Factor: 0%
	 DR Bracket: 0
	 Base: 0%
	 Effective Percent: 4,74%
Avoidance
	 Rating: 0
	 Multiplicative Factor: 0%
	 DR Bracket: 0
	 Base: 0%
	 Effective Percent: 0%
Mastery
	 Rating: 25221
	 Multiplicative Factor: 0%
	 DR Bracket: 1
	 Base: 21%
	 Effective Percent: 74,14%
----------------------
04:27,635

Intellect
	 Rating: 144606
	 Multiplicative Factor: 12,48%
Stamina
	 Rating: 847498
	 Multiplicative Factor: 11,3%
Crit
	 Rating: 23248
	 Multiplicative Factor: 0%
	 DR Bracket: 1
	 Base: 9%
	 Effective Percent: 41,89%
	 Crit Inc Heal: 2
	 Crit Inc Damage: 2
Haste
	 Rating: 20035
	 Multiplicative Factor: 0%
	 DR Bracket: 1
	 Base: 39%
	 Effective Percent: 81,15%
Vers
	 Rating: 3542
	 Multiplicative Factor: 0%
	 DR Bracket: 0
	 Base: 3%
	 Effective Percent: 7,54%
Leech
	 Rating: 4838
	 Multiplicative Factor: 0%
	 DR Bracket: 0
	 Base: 0%
	 Effective Percent: 4,74%
Avoidance
	 Rating: 0
	 Multiplicative Factor: 0%
	 DR Bracket: 0
	 Base: 0%
	 Effective Percent: 0%
Mastery
	 Rating: 25221
	 Multiplicative Factor: 0%
	 DR Bracket: 1
	 Base: 21%
	 Effective Percent: 74,14%
----------------------
04:29,432

Intellect
	 Rating: 144606
	 Multiplicative Factor: 12,48%
Stamina
	 Rating: 847498
	 Multiplicative Factor: 11,3%
Crit
	 Rating: 17398
	 Multiplicative Factor: 0%
	 DR Bracket: 0
	 Base: 9%
	 Effective Percent: 33,85%
	 Crit Inc Heal: 2
	 Crit Inc Damage: 2
Haste
	 Rating: 20035
	 Multiplicative Factor: 0%
	 DR Bracket: 1
	 Base: 39%
	 Effective Percent: 81,15%
Vers
	 Rating: 3542
	 Multiplicative Factor: 0%
	 DR Bracket: 0
	 Base: 3%
	 Effective Percent: 7,54%
Leech
	 Rating: 4838
	 Multiplicative Factor: 0%
	 DR Bracket: 0
	 Base: 0%
	 Effective Percent: 4,74%
Avoidance
	 Rating: 0
	 Multiplicative Factor: 0%
	 DR Bracket: 0
	 Base: 0%
	 Effective Percent: 0%
Mastery
	 Rating: 25221
	 Multiplicative Factor: 0%
	 DR Bracket: 1
	 Base: 21%
	 Effective Percent: 74,14%
----------------------
04:29,660

Intellect
	 Rating: 144606
	 Multiplicative Factor: 12,48%
Stamina
	 Rating: 847498
	 Multiplicative Factor: 11,3%
Crit
	 Rating: 23248
	 Multiplicative Factor: 0%
	 DR Bracket: 1
	 Base: 9%
	 Effective Percent: 41,89%
	 Crit Inc Heal: 2
	 Crit Inc Damage: 2
Haste
	 Rating: 20035
	 Multiplicative Factor: 0%
	 DR Bracket: 1
	 Base: 39%
	 Effective Percent: 81,15%
Vers
	 Rating: 3542
	 Multiplicative Factor: 0%
	 DR Bracket: 0
	 Base: 3%
	 Effective Percent: 7,54%
Leech
	 Rating: 4838
	 Multiplicative Factor: 0%
	 DR Bracket: 0
	 Base: 0%
	 Effective Percent: 4,74%
Avoidance
	 Rating: 0
	 Multiplicative Factor: 0%
	 DR Bracket: 0
	 Base: 0%
	 Effective Percent: 0%
Mastery
	 Rating: 25221
	 Multiplicative Factor: 0%
	 DR Bracket: 1
	 Base: 21%
	 Effective Percent: 74,14%
----------------------
04:29,921

Intellect
	 Rating: 144606
	 Multiplicative Factor: 12,48%
Stamina
	 Rating: 847498
	 Multiplicative Factor: 11,3%
Crit
	 Rating: 29099
	 Multiplicative Factor: 0%
	 DR Bracket: 2
	 Base: 9%
	 Effective Percent: 49,26%
	 Crit Inc Heal: 2
	 Crit Inc Damage: 2
Haste
	 Rating: 20035
	 Multiplicative Factor: 0%
	 DR Bracket: 1
	 Base: 39%
	 Effective Percent: 81,15%
Vers
	 Rating: 3542
	 Multiplicative Factor: 0%
	 DR Bracket: 0
	 Base: 3%
	 Effective Percent: 7,54%
Leech
	 Rating: 4838
	 Multiplicative Factor: 0%
	 DR Bracket: 0
	 Base: 0%
	 Effective Percent: 4,74%
Avoidance
	 Rating: 0
	 Multiplicative Factor: 0%
	 DR Bracket: 0
	 Base: 0%
	 Effective Percent: 0%
Mastery
	 Rating: 25221
	 Multiplicative Factor: 0%
	 DR Bracket: 1
	 Base: 21%
	 Effective Percent: 74,14%
----------------------
04:31,237

Intellect
	 Rating: 144606
	 Multiplicative Factor: 12,48%
Stamina
	 Rating: 847498
	 Multiplicative Factor: 11,3%
Crit
	 Rating: 29099
	 Multiplicative Factor: 0%
	 DR Bracket: 2
	 Base: 9%
	 Effective Percent: 49,26%
	 Crit Inc Heal: 2
	 Crit Inc Damage: 2
Haste
	 Rating: 20035
	 Multiplicative Factor: 0%
	 DR Bracket: 1
	 Base: 37%
	 Effective Percent: 78,54%
Vers
	 Rating: 3542
	 Multiplicative Factor: 0%
	 DR Bracket: 0
	 Base: 3%
	 Effective Percent: 7,54%
Leech
	 Rating: 4838
	 Multiplicative Factor: 0%
	 DR Bracket: 0
	 Base: 0%
	 Effective Percent: 4,74%
Avoidance
	 Rating: 0
	 Multiplicative Factor: 0%
	 DR Bracket: 0
	 Base: 0%
	 Effective Percent: 0%
Mastery
	 Rating: 25221
	 Multiplicative Factor: 0%
	 DR Bracket: 1
	 Base: 21%
	 Effective Percent: 74,14%
----------------------
04:33,392

Intellect
	 Rating: 144606
	 Multiplicative Factor: 12,48%
Stamina
	 Rating: 847498
	 Multiplicative Factor: 11,3%
Crit
	 Rating: 34949
	 Multiplicative Factor: 0%
	 DR Bracket: 2
	 Base: 9%
	 Effective Percent: 55,94%
	 Crit Inc Heal: 2
	 Crit Inc Damage: 2
Haste
	 Rating: 20035
	 Multiplicative Factor: 0%
	 DR Bracket: 1
	 Base: 37%
	 Effective Percent: 78,54%
Vers
	 Rating: 3542
	 Multiplicative Factor: 0%
	 DR Bracket: 0
	 Base: 3%
	 Effective Percent: 7,54%
Leech
	 Rating: 4838
	 Multiplicative Factor: 0%
	 DR Bracket: 0
	 Base: 0%
	 Effective Percent: 4,74%
Avoidance
	 Rating: 0
	 Multiplicative Factor: 0%
	 DR Bracket: 0
	 Base: 0%
	 Effective Percent: 0%
Mastery
	 Rating: 25221
	 Multiplicative Factor: 0%
	 DR Bracket: 1
	 Base: 21%
	 Effective Percent: 74,14%
----------------------
04:34,432

Intellect
	 Rating: 144606
	 Multiplicative Factor: 12,48%
Stamina
	 Rating: 847498
	 Multiplicative Factor: 11,3%
Crit
	 Rating: 34949
	 Multiplicative Factor: 0%
	 DR Bracket: 2
	 Base: 9%
	 Effective Percent: 55,94%
	 Crit Inc Heal: 2
	 Crit Inc Damage: 2
Haste
	 Rating: 20035
	 Multiplicative Factor: 0%
	 DR Bracket: 1
	 Base: 35%
	 Effective Percent: 75,93%
Vers
	 Rating: 3542
	 Multiplicative Factor: 0%
	 DR Bracket: 0
	 Base: 3%
	 Effective Percent: 7,54%
Leech
	 Rating: 4838
	 Multiplicative Factor: 0%
	 DR Bracket: 0
	 Base: 0%
	 Effective Percent: 4,74%
Avoidance
	 Rating: 0
	 Multiplicative Factor: 0%
	 DR Bracket: 0
	 Base: 0%
	 Effective Percent: 0%
Mastery
	 Rating: 25221
	 Multiplicative Factor: 0%
	 DR Bracket: 1
	 Base: 21%
	 Effective Percent: 74,14%
----------------------
04:35,362

Intellect
	 Rating: 144606
	 Multiplicative Factor: 12,48%
Stamina
	 Rating: 847498
	 Multiplicative Factor: 11,3%
Crit
	 Rating: 40800
	 Multiplicative Factor: 0%
	 DR Bracket: 3
	 Base: 9%
	 Effective Percent: 61,8%
	 Crit Inc Heal: 2
	 Crit Inc Damage: 2
Haste
	 Rating: 20035
	 Multiplicative Factor: 0%
	 DR Bracket: 1
	 Base: 35%
	 Effective Percent: 75,93%
Vers
	 Rating: 3542
	 Multiplicative Factor: 0%
	 DR Bracket: 0
	 Base: 3%
	 Effective Percent: 7,54%
Leech
	 Rating: 4838
	 Multiplicative Factor: 0%
	 DR Bracket: 0
	 Base: 0%
	 Effective Percent: 4,74%
Avoidance
	 Rating: 0
	 Multiplicative Factor: 0%
	 DR Bracket: 0
	 Base: 0%
	 Effective Percent: 0%
Mastery
	 Rating: 25221
	 Multiplicative Factor: 0%
	 DR Bracket: 1
	 Base: 21%
	 Effective Percent: 74,14%
----------------------
04:37,643

Intellect
	 Rating: 144606
	 Multiplicative Factor: 12,48%
Stamina
	 Rating: 847498
	 Multiplicative Factor: 11,3%
Crit
	 Rating: 34949
	 Multiplicative Factor: 0%
	 DR Bracket: 2
	 Base: 9%
	 Effective Percent: 55,94%
	 Crit Inc Heal: 2
	 Crit Inc Damage: 2
Haste
	 Rating: 20035
	 Multiplicative Factor: 0%
	 DR Bracket: 1
	 Base: 35%
	 Effective Percent: 75,93%
Vers
	 Rating: 3542
	 Multiplicative Factor: 0%
	 DR Bracket: 0
	 Base: 3%
	 Effective Percent: 7,54%
Leech
	 Rating: 4838
	 Multiplicative Factor: 0%
	 DR Bracket: 0
	 Base: 0%
	 Effective Percent: 4,74%
Avoidance
	 Rating: 0
	 Multiplicative Factor: 0%
	 DR Bracket: 0
	 Base: 0%
	 Effective Percent: 0%
Mastery
	 Rating: 25221
	 Multiplicative Factor: 0%
	 DR Bracket: 1
	 Base: 21%
	 Effective Percent: 74,14%
----------------------
04:38,504

Intellect
	 Rating: 144606
	 Multiplicative Factor: 12,48%
Stamina
	 Rating: 847498
	 Multiplicative Factor: 11,3%
Crit
	 Rating: 34949
	 Multiplicative Factor: 0%
	 DR Bracket: 2
	 Base: 9%
	 Effective Percent: 55,94%
	 Crit Inc Heal: 2
	 Crit Inc Damage: 2
Haste
	 Rating: 20035
	 Multiplicative Factor: 0%
	 DR Bracket: 1
	 Base: 37%
	 Effective Percent: 78,54%
Vers
	 Rating: 3542
	 Multiplicative Factor: 0%
	 DR Bracket: 0
	 Base: 3%
	 Effective Percent: 7,54%
Leech
	 Rating: 4838
	 Multiplicative Factor: 0%
	 DR Bracket: 0
	 Base: 0%
	 Effective Percent: 4,74%
Avoidance
	 Rating: 0
	 Multiplicative Factor: 0%
	 DR Bracket: 0
	 Base: 0%
	 Effective Percent: 0%
Mastery
	 Rating: 25221
	 Multiplicative Factor: 0%
	 DR Bracket: 1
	 Base: 21%
	 Effective Percent: 74,14%
----------------------
04:38,504

Intellect
	 Rating: 144606
	 Multiplicative Factor: 12,48%
Stamina
	 Rating: 847498
	 Multiplicative Factor: 11,3%
Crit
	 Rating: 34949
	 Multiplicative Factor: 0%
	 DR Bracket: 2
	 Base: 9%
	 Effective Percent: 55,94%
	 Crit Inc Heal: 2
	 Crit Inc Damage: 2
Haste
	 Rating: 20035
	 Multiplicative Factor: 0%
	 DR Bracket: 1
	 Base: 39%
	 Effective Percent: 81,15%
Vers
	 Rating: 3542
	 Multiplicative Factor: 0%
	 DR Bracket: 0
	 Base: 3%
	 Effective Percent: 7,54%
Leech
	 Rating: 4838
	 Multiplicative Factor: 0%
	 DR Bracket: 0
	 Base: 0%
	 Effective Percent: 4,74%
Avoidance
	 Rating: 0
	 Multiplicative Factor: 0%
	 DR Bracket: 0
	 Base: 0%
	 Effective Percent: 0%
Mastery
	 Rating: 25221
	 Multiplicative Factor: 0%
	 DR Bracket: 1
	 Base: 21%
	 Effective Percent: 74,14%
----------------------
04:38,504

Intellect
	 Rating: 144606
	 Multiplicative Factor: 12,48%
Stamina
	 Rating: 847498
	 Multiplicative Factor: 11,3%
Crit
	 Rating: 34949
	 Multiplicative Factor: 0%
	 DR Bracket: 2
	 Base: 9%
	 Effective Percent: 55,94%
	 Crit Inc Heal: 2
	 Crit Inc Damage: 2
Haste
	 Rating: 20035
	 Multiplicative Factor: 0%
	 DR Bracket: 1
	 Base: 41%
	 Effective Percent: 83,75%
Vers
	 Rating: 3542
	 Multiplicative Factor: 0%
	 DR Bracket: 0
	 Base: 3%
	 Effective Percent: 7,54%
Leech
	 Rating: 4838
	 Multiplicative Factor: 0%
	 DR Bracket: 0
	 Base: 0%
	 Effective Percent: 4,74%
Avoidance
	 Rating: 0
	 Multiplicative Factor: 0%
	 DR Bracket: 0
	 Base: 0%
	 Effective Percent: 0%
Mastery
	 Rating: 25221
	 Multiplicative Factor: 0%
	 DR Bracket: 1
	 Base: 21%
	 Effective Percent: 74,14%
----------------------
04:38,505

Intellect
	 Rating: 144606
	 Multiplicative Factor: 12,48%
Stamina
	 Rating: 847498
	 Multiplicative Factor: 11,3%
Crit
	 Rating: 34949
	 Multiplicative Factor: 0%
	 DR Bracket: 2
	 Base: 9%
	 Effective Percent: 55,94%
	 Crit Inc Heal: 2
	 Crit Inc Damage: 2
Haste
	 Rating: 20035
	 Multiplicative Factor: 0%
	 DR Bracket: 1
	 Base: 43%
	 Effective Percent: 86,36%
Vers
	 Rating: 3542
	 Multiplicative Factor: 0%
	 DR Bracket: 0
	 Base: 3%
	 Effective Percent: 7,54%
Leech
	 Rating: 4838
	 Multiplicative Factor: 0%
	 DR Bracket: 0
	 Base: 0%
	 Effective Percent: 4,74%
Avoidance
	 Rating: 0
	 Multiplicative Factor: 0%
	 DR Bracket: 0
	 Base: 0%
	 Effective Percent: 0%
Mastery
	 Rating: 25221
	 Multiplicative Factor: 0%
	 DR Bracket: 1
	 Base: 21%
	 Effective Percent: 74,14%
----------------------
04:39,679

Intellect
	 Rating: 144606
	 Multiplicative Factor: 12,48%
Stamina
	 Rating: 847498
	 Multiplicative Factor: 11,3%
Crit
	 Rating: 29099
	 Multiplicative Factor: 0%
	 DR Bracket: 2
	 Base: 9%
	 Effective Percent: 49,26%
	 Crit Inc Heal: 2
	 Crit Inc Damage: 2
Haste
	 Rating: 20035
	 Multiplicative Factor: 0%
	 DR Bracket: 1
	 Base: 43%
	 Effective Percent: 86,36%
Vers
	 Rating: 3542
	 Multiplicative Factor: 0%
	 DR Bracket: 0
	 Base: 3%
	 Effective Percent: 7,54%
Leech
	 Rating: 4838
	 Multiplicative Factor: 0%
	 DR Bracket: 0
	 Base: 0%
	 Effective Percent: 4,74%
Avoidance
	 Rating: 0
	 Multiplicative Factor: 0%
	 DR Bracket: 0
	 Base: 0%
	 Effective Percent: 0%
Mastery
	 Rating: 25221
	 Multiplicative Factor: 0%
	 DR Bracket: 1
	 Base: 21%
	 Effective Percent: 74,14%
----------------------
04:39,781

Intellect
	 Rating: 144606
	 Multiplicative Factor: 12,48%
Stamina
	 Rating: 847498
	 Multiplicative Factor: 11,3%
Crit
	 Rating: 29099
	 Multiplicative Factor: 0%
	 DR Bracket: 2
	 Base: 9%
	 Effective Percent: 49,26%
	 Crit Inc Heal: 2
	 Crit Inc Damage: 2
Haste
	 Rating: 20035
	 Multiplicative Factor: 0%
	 DR Bracket: 1
	 Base: 45%
	 Effective Percent: 88,96%
Vers
	 Rating: 3542
	 Multiplicative Factor: 0%
	 DR Bracket: 0
	 Base: 3%
	 Effective Percent: 7,54%
Leech
	 Rating: 4838
	 Multiplicative Factor: 0%
	 DR Bracket: 0
	 Base: 0%
	 Effective Percent: 4,74%
Avoidance
	 Rating: 0
	 Multiplicative Factor: 0%
	 DR Bracket: 0
	 Base: 0%
	 Effective Percent: 0%
Mastery
	 Rating: 25221
	 Multiplicative Factor: 0%
	 DR Bracket: 1
	 Base: 21%
	 Effective Percent: 74,14%
----------------------
04:39,925

Intellect
	 Rating: 144606
	 Multiplicative Factor: 12,48%
Stamina
	 Rating: 847498
	 Multiplicative Factor: 11,3%
Crit
	 Rating: 23248
	 Multiplicative Factor: 0%
	 DR Bracket: 1
	 Base: 9%
	 Effective Percent: 41,89%
	 Crit Inc Heal: 2
	 Crit Inc Damage: 2
Haste
	 Rating: 20035
	 Multiplicative Factor: 0%
	 DR Bracket: 1
	 Base: 45%
	 Effective Percent: 88,96%
Vers
	 Rating: 3542
	 Multiplicative Factor: 0%
	 DR Bracket: 0
	 Base: 3%
	 Effective Percent: 7,54%
Leech
	 Rating: 4838
	 Multiplicative Factor: 0%
	 DR Bracket: 0
	 Base: 0%
	 Effective Percent: 4,74%
Avoidance
	 Rating: 0
	 Multiplicative Factor: 0%
	 DR Bracket: 0
	 Base: 0%
	 Effective Percent: 0%
Mastery
	 Rating: 25221
	 Multiplicative Factor: 0%
	 DR Bracket: 1
	 Base: 21%
	 Effective Percent: 74,14%
----------------------
04:43,402

Intellect
	 Rating: 144606
	 Multiplicative Factor: 12,48%
Stamina
	 Rating: 847498
	 Multiplicative Factor: 11,3%
Crit
	 Rating: 17398
	 Multiplicative Factor: 0%
	 DR Bracket: 0
	 Base: 9%
	 Effective Percent: 33,85%
	 Crit Inc Heal: 2
	 Crit Inc Damage: 2
Haste
	 Rating: 20035
	 Multiplicative Factor: 0%
	 DR Bracket: 1
	 Base: 45%
	 Effective Percent: 88,96%
Vers
	 Rating: 3542
	 Multiplicative Factor: 0%
	 DR Bracket: 0
	 Base: 3%
	 Effective Percent: 7,54%
Leech
	 Rating: 4838
	 Multiplicative Factor: 0%
	 DR Bracket: 0
	 Base: 0%
	 Effective Percent: 4,74%
Avoidance
	 Rating: 0
	 Multiplicative Factor: 0%
	 DR Bracket: 0
	 Base: 0%
	 Effective Percent: 0%
Mastery
	 Rating: 25221
	 Multiplicative Factor: 0%
	 DR Bracket: 1
	 Base: 21%
	 Effective Percent: 74,14%
----------------------
04:45,352

Intellect
	 Rating: 144606
	 Multiplicative Factor: 12,48%
Stamina
	 Rating: 847498
	 Multiplicative Factor: 11,3%
Crit
	 Rating: 11547
	 Multiplicative Factor: 0%
	 DR Bracket: 0
	 Base: 9%
	 Effective Percent: 25,5%
	 Crit Inc Heal: 2
	 Crit Inc Damage: 2
Haste
	 Rating: 20035
	 Multiplicative Factor: 0%
	 DR Bracket: 1
	 Base: 45%
	 Effective Percent: 88,96%
Vers
	 Rating: 3542
	 Multiplicative Factor: 0%
	 DR Bracket: 0
	 Base: 3%
	 Effective Percent: 7,54%
Leech
	 Rating: 4838
	 Multiplicative Factor: 0%
	 DR Bracket: 0
	 Base: 0%
	 Effective Percent: 4,74%
Avoidance
	 Rating: 0
	 Multiplicative Factor: 0%
	 DR Bracket: 0
	 Base: 0%
	 Effective Percent: 0%
Mastery
	 Rating: 25221
	 Multiplicative Factor: 0%
	 DR Bracket: 1
	 Base: 21%
	 Effective Percent: 74,14%
----------------------
04:47,215

Intellect
	 Rating: 144606
	 Multiplicative Factor: 12,48%
Stamina
	 Rating: 847498
	 Multiplicative Factor: 11,3%
Crit
	 Rating: 17398
	 Multiplicative Factor: 0%
	 DR Bracket: 0
	 Base: 9%
	 Effective Percent: 33,85%
	 Crit Inc Heal: 2
	 Crit Inc Damage: 2
Haste
	 Rating: 20035
	 Multiplicative Factor: 0%
	 DR Bracket: 1
	 Base: 45%
	 Effective Percent: 88,96%
Vers
	 Rating: 3542
	 Multiplicative Factor: 0%
	 DR Bracket: 0
	 Base: 3%
	 Effective Percent: 7,54%
Leech
	 Rating: 4838
	 Multiplicative Factor: 0%
	 DR Bracket: 0
	 Base: 0%
	 Effective Percent: 4,74%
Avoidance
	 Rating: 0
	 Multiplicative Factor: 0%
	 DR Bracket: 0
	 Base: 0%
	 Effective Percent: 0%
Mastery
	 Rating: 25221
	 Multiplicative Factor: 0%
	 DR Bracket: 1
	 Base: 21%
	 Effective Percent: 74,14%
----------------------
04:47,254

Intellect
	 Rating: 144606
	 Multiplicative Factor: 12,48%
Stamina
	 Rating: 847498
	 Multiplicative Factor: 11,3%
Crit
	 Rating: 17398
	 Multiplicative Factor: 0%
	 DR Bracket: 0
	 Base: 9%
	 Effective Percent: 33,85%
	 Crit Inc Heal: 2
	 Crit Inc Damage: 2
Haste
	 Rating: 20035
	 Multiplicative Factor: 0%
	 DR Bracket: 1
	 Base: 47%
	 Effective Percent: 91,57%
Vers
	 Rating: 3542
	 Multiplicative Factor: 0%
	 DR Bracket: 0
	 Base: 3%
	 Effective Percent: 7,54%
Leech
	 Rating: 4838
	 Multiplicative Factor: 0%
	 DR Bracket: 0
	 Base: 0%
	 Effective Percent: 4,74%
Avoidance
	 Rating: 0
	 Multiplicative Factor: 0%
	 DR Bracket: 0
	 Base: 0%
	 Effective Percent: 0%
Mastery
	 Rating: 25221
	 Multiplicative Factor: 0%
	 DR Bracket: 1
	 Base: 21%
	 Effective Percent: 74,14%
----------------------
04:48,290

Intellect
	 Rating: 144606
	 Multiplicative Factor: 12,48%
Stamina
	 Rating: 847498
	 Multiplicative Factor: 11,3%
Crit
	 Rating: 23248
	 Multiplicative Factor: 0%
	 DR Bracket: 1
	 Base: 9%
	 Effective Percent: 41,89%
	 Crit Inc Heal: 2
	 Crit Inc Damage: 2
Haste
	 Rating: 20035
	 Multiplicative Factor: 0%
	 DR Bracket: 1
	 Base: 47%
	 Effective Percent: 91,57%
Vers
	 Rating: 3542
	 Multiplicative Factor: 0%
	 DR Bracket: 0
	 Base: 3%
	 Effective Percent: 7,54%
Leech
	 Rating: 4838
	 Multiplicative Factor: 0%
	 DR Bracket: 0
	 Base: 0%
	 Effective Percent: 4,74%
Avoidance
	 Rating: 0
	 Multiplicative Factor: 0%
	 DR Bracket: 0
	 Base: 0%
	 Effective Percent: 0%
Mastery
	 Rating: 25221
	 Multiplicative Factor: 0%
	 DR Bracket: 1
	 Base: 21%
	 Effective Percent: 74,14%
----------------------
04:49,918

Intellect
	 Rating: 144606
	 Multiplicative Factor: 12,48%
Stamina
	 Rating: 847498
	 Multiplicative Factor: 11,3%
Crit
	 Rating: 23248
	 Multiplicative Factor: 0%
	 DR Bracket: 1
	 Base: 9%
	 Effective Percent: 41,89%
	 Crit Inc Heal: 2
	 Crit Inc Damage: 2
Haste
	 Rating: 20035
	 Multiplicative Factor: 0%
	 DR Bracket: 1
	 Base: 49%
	 Effective Percent: 94,18%
Vers
	 Rating: 3542
	 Multiplicative Factor: 0%
	 DR Bracket: 0
	 Base: 3%
	 Effective Percent: 7,54%
Leech
	 Rating: 4838
	 Multiplicative Factor: 0%
	 DR Bracket: 0
	 Base: 0%
	 Effective Percent: 4,74%
Avoidance
	 Rating: 0
	 Multiplicative Factor: 0%
	 DR Bracket: 0
	 Base: 0%
	 Effective Percent: 0%
Mastery
	 Rating: 25221
	 Multiplicative Factor: 0%
	 DR Bracket: 1
	 Base: 21%
	 Effective Percent: 74,14%
----------------------
04:50,523

Intellect
	 Rating: 144606
	 Multiplicative Factor: 12,48%
Stamina
	 Rating: 847498
	 Multiplicative Factor: 11,3%
Crit
	 Rating: 23248
	 Multiplicative Factor: 0%
	 DR Bracket: 1
	 Base: 9%
	 Effective Percent: 41,89%
	 Crit Inc Heal: 2
	 Crit Inc Damage: 2
Haste
	 Rating: 20035
	 Multiplicative Factor: 0%
	 DR Bracket: 1
	 Base: 47%
	 Effective Percent: 91,57%
Vers
	 Rating: 3542
	 Multiplicative Factor: 0%
	 DR Bracket: 0
	 Base: 3%
	 Effective Percent: 7,54%
Leech
	 Rating: 4838
	 Multiplicative Factor: 0%
	 DR Bracket: 0
	 Base: 0%
	 Effective Percent: 4,74%
Avoidance
	 Rating: 0
	 Multiplicative Factor: 0%
	 DR Bracket: 0
	 Base: 0%
	 Effective Percent: 0%
Mastery
	 Rating: 25221
	 Multiplicative Factor: 0%
	 DR Bracket: 1
	 Base: 21%
	 Effective Percent: 74,14%
----------------------
04:50,524

Intellect
	 Rating: 144606
	 Multiplicative Factor: 12,48%
Stamina
	 Rating: 847498
	 Multiplicative Factor: 11,3%
Crit
	 Rating: 23248
	 Multiplicative Factor: 0%
	 DR Bracket: 1
	 Base: 9%
	 Effective Percent: 41,89%
	 Crit Inc Heal: 2
	 Crit Inc Damage: 2
Haste
	 Rating: 20035
	 Multiplicative Factor: 0%
	 DR Bracket: 1
	 Base: 45%
	 Effective Percent: 88,96%
Vers
	 Rating: 3542
	 Multiplicative Factor: 0%
	 DR Bracket: 0
	 Base: 3%
	 Effective Percent: 7,54%
Leech
	 Rating: 4838
	 Multiplicative Factor: 0%
	 DR Bracket: 0
	 Base: 0%
	 Effective Percent: 4,74%
Avoidance
	 Rating: 0
	 Multiplicative Factor: 0%
	 DR Bracket: 0
	 Base: 0%
	 Effective Percent: 0%
Mastery
	 Rating: 25221
	 Multiplicative Factor: 0%
	 DR Bracket: 1
	 Base: 21%
	 Effective Percent: 74,14%
----------------------
04:50,524

Intellect
	 Rating: 144606
	 Multiplicative Factor: 12,48%
Stamina
	 Rating: 847498
	 Multiplicative Factor: 11,3%
Crit
	 Rating: 23248
	 Multiplicative Factor: 0%
	 DR Bracket: 1
	 Base: 9%
	 Effective Percent: 41,89%
	 Crit Inc Heal: 2
	 Crit Inc Damage: 2
Haste
	 Rating: 20035
	 Multiplicative Factor: 0%
	 DR Bracket: 1
	 Base: 43%
	 Effective Percent: 86,36%
Vers
	 Rating: 3542
	 Multiplicative Factor: 0%
	 DR Bracket: 0
	 Base: 3%
	 Effective Percent: 7,54%
Leech
	 Rating: 4838
	 Multiplicative Factor: 0%
	 DR Bracket: 0
	 Base: 0%
	 Effective Percent: 4,74%
Avoidance
	 Rating: 0
	 Multiplicative Factor: 0%
	 DR Bracket: 0
	 Base: 0%
	 Effective Percent: 0%
Mastery
	 Rating: 25221
	 Multiplicative Factor: 0%
	 DR Bracket: 1
	 Base: 21%
	 Effective Percent: 74,14%
----------------------
04:50,524

Intellect
	 Rating: 144606
	 Multiplicative Factor: 12,48%
Stamina
	 Rating: 847498
	 Multiplicative Factor: 11,3%
Crit
	 Rating: 23248
	 Multiplicative Factor: 0%
	 DR Bracket: 1
	 Base: 9%
	 Effective Percent: 41,89%
	 Crit Inc Heal: 2
	 Crit Inc Damage: 2
Haste
	 Rating: 20035
	 Multiplicative Factor: 0%
	 DR Bracket: 1
	 Base: 41%
	 Effective Percent: 83,75%
Vers
	 Rating: 3542
	 Multiplicative Factor: 0%
	 DR Bracket: 0
	 Base: 3%
	 Effective Percent: 7,54%
Leech
	 Rating: 4838
	 Multiplicative Factor: 0%
	 DR Bracket: 0
	 Base: 0%
	 Effective Percent: 4,74%
Avoidance
	 Rating: 0
	 Multiplicative Factor: 0%
	 DR Bracket: 0
	 Base: 0%
	 Effective Percent: 0%
Mastery
	 Rating: 25221
	 Multiplicative Factor: 0%
	 DR Bracket: 1
	 Base: 21%
	 Effective Percent: 74,14%
----------------------
04:51,779

Intellect
	 Rating: 144606
	 Multiplicative Factor: 12,48%
Stamina
	 Rating: 847498
	 Multiplicative Factor: 11,3%
Crit
	 Rating: 23248
	 Multiplicative Factor: 0%
	 DR Bracket: 1
	 Base: 9%
	 Effective Percent: 41,89%
	 Crit Inc Heal: 2
	 Crit Inc Damage: 2
Haste
	 Rating: 20035
	 Multiplicative Factor: 0%
	 DR Bracket: 1
	 Base: 39%
	 Effective Percent: 81,15%
Vers
	 Rating: 3542
	 Multiplicative Factor: 0%
	 DR Bracket: 0
	 Base: 3%
	 Effective Percent: 7,54%
Leech
	 Rating: 4838
	 Multiplicative Factor: 0%
	 DR Bracket: 0
	 Base: 0%
	 Effective Percent: 4,74%
Avoidance
	 Rating: 0
	 Multiplicative Factor: 0%
	 DR Bracket: 0
	 Base: 0%
	 Effective Percent: 0%
Mastery
	 Rating: 25221
	 Multiplicative Factor: 0%
	 DR Bracket: 1
	 Base: 21%
	 Effective Percent: 74,14%
----------------------
04:57,241

Intellect
	 Rating: 144606
	 Multiplicative Factor: 12,48%
Stamina
	 Rating: 847498
	 Multiplicative Factor: 11,3%
Crit
	 Rating: 17398
	 Multiplicative Factor: 0%
	 DR Bracket: 0
	 Base: 9%
	 Effective Percent: 33,85%
	 Crit Inc Heal: 2
	 Crit Inc Damage: 2
Haste
	 Rating: 20035
	 Multiplicative Factor: 0%
	 DR Bracket: 1
	 Base: 39%
	 Effective Percent: 81,15%
Vers
	 Rating: 3542
	 Multiplicative Factor: 0%
	 DR Bracket: 0
	 Base: 3%
	 Effective Percent: 7,54%
Leech
	 Rating: 4838
	 Multiplicative Factor: 0%
	 DR Bracket: 0
	 Base: 0%
	 Effective Percent: 4,74%
Avoidance
	 Rating: 0
	 Multiplicative Factor: 0%
	 DR Bracket: 0
	 Base: 0%
	 Effective Percent: 0%
Mastery
	 Rating: 25221
	 Multiplicative Factor: 0%
	 DR Bracket: 1
	 Base: 21%
	 Effective Percent: 74,14%
----------------------
04:58,294

Intellect
	 Rating: 144606
	 Multiplicative Factor: 12,48%
Stamina
	 Rating: 847498
	 Multiplicative Factor: 11,3%
Crit
	 Rating: 11547
	 Multiplicative Factor: 0%
	 DR Bracket: 0
	 Base: 9%
	 Effective Percent: 25,5%
	 Crit Inc Heal: 2
	 Crit Inc Damage: 2
Haste
	 Rating: 20035
	 Multiplicative Factor: 0%
	 DR Bracket: 1
	 Base: 39%
	 Effective Percent: 81,15%
Vers
	 Rating: 3542
	 Multiplicative Factor: 0%
	 DR Bracket: 0
	 Base: 3%
	 Effective Percent: 7,54%
Leech
	 Rating: 4838
	 Multiplicative Factor: 0%
	 DR Bracket: 0
	 Base: 0%
	 Effective Percent: 4,74%
Avoidance
	 Rating: 0
	 Multiplicative Factor: 0%
	 DR Bracket: 0
	 Base: 0%
	 Effective Percent: 0%
Mastery
	 Rating: 25221
	 Multiplicative Factor: 0%
	 DR Bracket: 1
	 Base: 21%
	 Effective Percent: 74,14%
----------------------
04:58,662

Intellect
	 Rating: 144606
	 Multiplicative Factor: 12,48%
Stamina
	 Rating: 847498
	 Multiplicative Factor: 11,3%
Crit
	 Rating: 11547
	 Multiplicative Factor: 0%
	 DR Bracket: 0
	 Base: 9%
	 Effective Percent: 25,5%
	 Crit Inc Heal: 2
	 Crit Inc Damage: 2
Haste
	 Rating: 20035
	 Multiplicative Factor: 0%
	 DR Bracket: 1
	 Base: 39%
	 Effective Percent: 81,15%
Vers
	 Rating: 3542
	 Multiplicative Factor: 0%
	 DR Bracket: 0
	 Base: 3%
	 Effective Percent: 7,54%
Leech
	 Rating: 4838
	 Multiplicative Factor: 0%
	 DR Bracket: 0
	 Base: 0%
	 Effective Percent: 4,74%
Avoidance
	 Rating: 0
	 Multiplicative Factor: 0%
	 DR Bracket: 0
	 Base: 0%
	 Effective Percent: 0%
Mastery
	 Rating: 25221
	 Multiplicative Factor: 0%
	 DR Bracket: 1
	 Base: 18%
	 Effective Percent: 71,14%
----------------------
04:58,662

Intellect
	 Rating: 144606
	 Multiplicative Factor: 12,48%
Stamina
	 Rating: 847498
	 Multiplicative Factor: 11,3%
Crit
	 Rating: 11547
	 Multiplicative Factor: 0%
	 DR Bracket: 0
	 Base: 9%
	 Effective Percent: 25,5%
	 Crit Inc Heal: 2
	 Crit Inc Damage: 2
Haste
	 Rating: 20035
	 Multiplicative Factor: 0%
	 DR Bracket: 1
	 Base: 39%
	 Effective Percent: 81,15%
Vers
	 Rating: 3542
	 Multiplicative Factor: 0%
	 DR Bracket: 0
	 Base: 3%
	 Effective Percent: 7,54%
Leech
	 Rating: 4838
	 Multiplicative Factor: 0%
	 DR Bracket: 0
	 Base: 0%
	 Effective Percent: 4,74%
Avoidance
	 Rating: 0
	 Multiplicative Factor: 0%
	 DR Bracket: 0
	 Base: 0%
	 Effective Percent: 0%
Mastery
	 Rating: 25221
	 Multiplicative Factor: 0%
	 DR Bracket: 1
	 Base: 21%
	 Effective Percent: 74,14%
----------------------
04:59,265

Intellect
	 Rating: 144606
	 Multiplicative Factor: 12,48%
Stamina
	 Rating: 847498
	 Multiplicative Factor: 11,3%
Crit
	 Rating: 11547
	 Multiplicative Factor: 0%
	 DR Bracket: 0
	 Base: 9%
	 Effective Percent: 25,5%
	 Crit Inc Heal: 2
	 Crit Inc Damage: 2
Haste
	 Rating: 20035
	 Multiplicative Factor: 0%
	 DR Bracket: 1
	 Base: 37%
	 Effective Percent: 78,54%
Vers
	 Rating: 3542
	 Multiplicative Factor: 0%
	 DR Bracket: 0
	 Base: 3%
	 Effective Percent: 7,54%
Leech
	 Rating: 4838
	 Multiplicative Factor: 0%
	 DR Bracket: 0
	 Base: 0%
	 Effective Percent: 4,74%
Avoidance
	 Rating: 0
	 Multiplicative Factor: 0%
	 DR Bracket: 0
	 Base: 0%
	 Effective Percent: 0%
Mastery
	 Rating: 25221
	 Multiplicative Factor: 0%
	 DR Bracket: 1
	 Base: 21%
	 Effective Percent: 74,14%
----------------------
05:01,917

Intellect
	 Rating: 144606
	 Multiplicative Factor: 12,48%
Stamina
	 Rating: 847498
	 Multiplicative Factor: 11,3%
Crit
	 Rating: 11547
	 Multiplicative Factor: 0%
	 DR Bracket: 0
	 Base: 9%
	 Effective Percent: 25,5%
	 Crit Inc Heal: 2
	 Crit Inc Damage: 2
Haste
	 Rating: 20035
	 Multiplicative Factor: 0%
	 DR Bracket: 1
	 Base: 35%
	 Effective Percent: 75,93%
Vers
	 Rating: 3542
	 Multiplicative Factor: 0%
	 DR Bracket: 0
	 Base: 3%
	 Effective Percent: 7,54%
Leech
	 Rating: 4838
	 Multiplicative Factor: 0%
	 DR Bracket: 0
	 Base: 0%
	 Effective Percent: 4,74%
Avoidance
	 Rating: 0
	 Multiplicative Factor: 0%
	 DR Bracket: 0
	 Base: 0%
	 Effective Percent: 0%
Mastery
	 Rating: 25221
	 Multiplicative Factor: 0%
	 DR Bracket: 1
	 Base: 21%
	 Effective Percent: 74,14%
----------------------
05:04,572

Intellect
	 Rating: 144606
	 Multiplicative Factor: 12,48%
Stamina
	 Rating: 847498
	 Multiplicative Factor: 11,3%
Crit
	 Rating: 11547
	 Multiplicative Factor: 0%
	 DR Bracket: 0
	 Base: 9%
	 Effective Percent: 25,5%
	 Crit Inc Heal: 2
	 Crit Inc Damage: 2
Haste
	 Rating: 20035
	 Multiplicative Factor: 0%
	 DR Bracket: 1
	 Base: 5%
	 Effective Percent: 36,84%
Vers
	 Rating: 3542
	 Multiplicative Factor: 0%
	 DR Bracket: 0
	 Base: 3%
	 Effective Percent: 7,54%
Leech
	 Rating: 4838
	 Multiplicative Factor: 0%
	 DR Bracket: 0
	 Base: 0%
	 Effective Percent: 4,74%
Avoidance
	 Rating: 0
	 Multiplicative Factor: 0%
	 DR Bracket: 0
	 Base: 0%
	 Effective Percent: 0%
Mastery
	 Rating: 25221
	 Multiplicative Factor: 0%
	 DR Bracket: 1
	 Base: 21%
	 Effective Percent: 74,14%
----------------------
05:15,320

Intellect
	 Rating: 144606
	 Multiplicative Factor: 12,48%
Stamina
	 Rating: 847498
	 Multiplicative Factor: 11,3%
Crit
	 Rating: 11547
	 Multiplicative Factor: 0%
	 DR Bracket: 0
	 Base: 9%
	 Effective Percent: 25,5%
	 Crit Inc Heal: 2
	 Crit Inc Damage: 2
Haste
	 Rating: 20035
	 Multiplicative Factor: 0%
	 DR Bracket: 1
	 Base: 7%
	 Effective Percent: 39,44%
Vers
	 Rating: 3542
	 Multiplicative Factor: 0%
	 DR Bracket: 0
	 Base: 3%
	 Effective Percent: 7,54%
Leech
	 Rating: 4838
	 Multiplicative Factor: 0%
	 DR Bracket: 0
	 Base: 0%
	 Effective Percent: 4,74%
Avoidance
	 Rating: 0
	 Multiplicative Factor: 0%
	 DR Bracket: 0
	 Base: 0%
	 Effective Percent: 0%
Mastery
	 Rating: 25221
	 Multiplicative Factor: 0%
	 DR Bracket: 1
	 Base: 21%
	 Effective Percent: 74,14%
----------------------
05:17,547

Intellect
	 Rating: 144606
	 Multiplicative Factor: 12,48%
Stamina
	 Rating: 847498
	 Multiplicative Factor: 11,3%
Crit
	 Rating: 11547
	 Multiplicative Factor: 0%
	 DR Bracket: 0
	 Base: 9%
	 Effective Percent: 25,5%
	 Crit Inc Heal: 2
	 Crit Inc Damage: 2
Haste
	 Rating: 20035
	 Multiplicative Factor: 0%
	 DR Bracket: 1
	 Base: 9%
	 Effective Percent: 42,05%
Vers
	 Rating: 3542
	 Multiplicative Factor: 0%
	 DR Bracket: 0
	 Base: 3%
	 Effective Percent: 7,54%
Leech
	 Rating: 4838
	 Multiplicative Factor: 0%
	 DR Bracket: 0
	 Base: 0%
	 Effective Percent: 4,74%
Avoidance
	 Rating: 0
	 Multiplicative Factor: 0%
	 DR Bracket: 0
	 Base: 0%
	 Effective Percent: 0%
Mastery
	 Rating: 25221
	 Multiplicative Factor: 0%
	 DR Bracket: 1
	 Base: 21%
	 Effective Percent: 74,14%
----------------------
05:19,694

Intellect
	 Rating: 144606
	 Multiplicative Factor: 12,48%
Stamina
	 Rating: 847498
	 Multiplicative Factor: 11,3%
Crit
	 Rating: 11547
	 Multiplicative Factor: 0%
	 DR Bracket: 0
	 Base: 9%
	 Effective Percent: 25,5%
	 Crit Inc Heal: 2
	 Crit Inc Damage: 2
Haste
	 Rating: 20035
	 Multiplicative Factor: 0%
	 DR Bracket: 1
	 Base: 11%
	 Effective Percent: 44,66%
Vers
	 Rating: 3542
	 Multiplicative Factor: 0%
	 DR Bracket: 0
	 Base: 3%
	 Effective Percent: 7,54%
Leech
	 Rating: 4838
	 Multiplicative Factor: 0%
	 DR Bracket: 0
	 Base: 0%
	 Effective Percent: 4,74%
Avoidance
	 Rating: 0
	 Multiplicative Factor: 0%
	 DR Bracket: 0
	 Base: 0%
	 Effective Percent: 0%
Mastery
	 Rating: 25221
	 Multiplicative Factor: 0%
	 DR Bracket: 1
	 Base: 21%
	 Effective Percent: 74,14%
----------------------
05:20,776

Intellect
	 Rating: 144606
	 Multiplicative Factor: 12,48%
Stamina
	 Rating: 847498
	 Multiplicative Factor: 11,3%
Crit
	 Rating: 11547
	 Multiplicative Factor: 0%
	 DR Bracket: 0
	 Base: 9%
	 Effective Percent: 25,5%
	 Crit Inc Heal: 2
	 Crit Inc Damage: 2
Haste
	 Rating: 20035
	 Multiplicative Factor: 0%
	 DR Bracket: 1
	 Base: 13%
	 Effective Percent: 47,26%
Vers
	 Rating: 3542
	 Multiplicative Factor: 0%
	 DR Bracket: 0
	 Base: 3%
	 Effective Percent: 7,54%
Leech
	 Rating: 4838
	 Multiplicative Factor: 0%
	 DR Bracket: 0
	 Base: 0%
	 Effective Percent: 4,74%
Avoidance
	 Rating: 0
	 Multiplicative Factor: 0%
	 DR Bracket: 0
	 Base: 0%
	 Effective Percent: 0%
Mastery
	 Rating: 25221
	 Multiplicative Factor: 0%
	 DR Bracket: 1
	 Base: 21%
	 Effective Percent: 74,14%
----------------------
05:21,788

Intellect
	 Rating: 144606
	 Multiplicative Factor: 12,48%
Stamina
	 Rating: 847498
	 Multiplicative Factor: 11,3%
Crit
	 Rating: 11547
	 Multiplicative Factor: 0%
	 DR Bracket: 0
	 Base: 9%
	 Effective Percent: 25,5%
	 Crit Inc Heal: 2
	 Crit Inc Damage: 2
Haste
	 Rating: 20035
	 Multiplicative Factor: 0%
	 DR Bracket: 1
	 Base: 15%
	 Effective Percent: 49,87%
Vers
	 Rating: 3542
	 Multiplicative Factor: 0%
	 DR Bracket: 0
	 Base: 3%
	 Effective Percent: 7,54%
Leech
	 Rating: 4838
	 Multiplicative Factor: 0%
	 DR Bracket: 0
	 Base: 0%
	 Effective Percent: 4,74%
Avoidance
	 Rating: 0
	 Multiplicative Factor: 0%
	 DR Bracket: 0
	 Base: 0%
	 Effective Percent: 0%
Mastery
	 Rating: 25221
	 Multiplicative Factor: 0%
	 DR Bracket: 1
	 Base: 21%
	 Effective Percent: 74,14%
----------------------
05:27,316

Intellect
	 Rating: 144606
	 Multiplicative Factor: 12,48%
Stamina
	 Rating: 847498
	 Multiplicative Factor: 11,3%
Crit
	 Rating: 11547
	 Multiplicative Factor: 0%
	 DR Bracket: 0
	 Base: 9%
	 Effective Percent: 25,5%
	 Crit Inc Heal: 2
	 Crit Inc Damage: 2
Haste
	 Rating: 20035
	 Multiplicative Factor: 0%
	 DR Bracket: 1
	 Base: 13%
	 Effective Percent: 47,26%
Vers
	 Rating: 3542
	 Multiplicative Factor: 0%
	 DR Bracket: 0
	 Base: 3%
	 Effective Percent: 7,54%
Leech
	 Rating: 4838
	 Multiplicative Factor: 0%
	 DR Bracket: 0
	 Base: 0%
	 Effective Percent: 4,74%
Avoidance
	 Rating: 0
	 Multiplicative Factor: 0%
	 DR Bracket: 0
	 Base: 0%
	 Effective Percent: 0%
Mastery
	 Rating: 25221
	 Multiplicative Factor: 0%
	 DR Bracket: 1
	 Base: 21%
	 Effective Percent: 74,14%
----------------------
05:27,526

Intellect
	 Rating: 144606
	 Multiplicative Factor: 12,48%
Stamina
	 Rating: 847498
	 Multiplicative Factor: 11,3%
Crit
	 Rating: 11547
	 Multiplicative Factor: 0%
	 DR Bracket: 0
	 Base: 9%
	 Effective Percent: 25,5%
	 Crit Inc Heal: 2
	 Crit Inc Damage: 2
Haste
	 Rating: 20035
	 Multiplicative Factor: 0%
	 DR Bracket: 1
	 Base: 15%
	 Effective Percent: 49,87%
Vers
	 Rating: 3542
	 Multiplicative Factor: 0%
	 DR Bracket: 0
	 Base: 3%
	 Effective Percent: 7,54%
Leech
	 Rating: 4838
	 Multiplicative Factor: 0%
	 DR Bracket: 0
	 Base: 0%
	 Effective Percent: 4,74%
Avoidance
	 Rating: 0
	 Multiplicative Factor: 0%
	 DR Bracket: 0
	 Base: 0%
	 Effective Percent: 0%
Mastery
	 Rating: 25221
	 Multiplicative Factor: 0%
	 DR Bracket: 1
	 Base: 21%
	 Effective Percent: 74,14%
----------------------
05:29,547

Intellect
	 Rating: 144606
	 Multiplicative Factor: 12,48%
Stamina
	 Rating: 847498
	 Multiplicative Factor: 11,3%
Crit
	 Rating: 11547
	 Multiplicative Factor: 0%
	 DR Bracket: 0
	 Base: 9%
	 Effective Percent: 25,5%
	 Crit Inc Heal: 2
	 Crit Inc Damage: 2
Haste
	 Rating: 20035
	 Multiplicative Factor: 0%
	 DR Bracket: 1
	 Base: 13%
	 Effective Percent: 47,26%
Vers
	 Rating: 3542
	 Multiplicative Factor: 0%
	 DR Bracket: 0
	 Base: 3%
	 Effective Percent: 7,54%
Leech
	 Rating: 4838
	 Multiplicative Factor: 0%
	 DR Bracket: 0
	 Base: 0%
	 Effective Percent: 4,74%
Avoidance
	 Rating: 0
	 Multiplicative Factor: 0%
	 DR Bracket: 0
	 Base: 0%
	 Effective Percent: 0%
Mastery
	 Rating: 25221
	 Multiplicative Factor: 0%
	 DR Bracket: 1
	 Base: 21%
	 Effective Percent: 74,14%
----------------------
05:31,725

Intellect
	 Rating: 144606
	 Multiplicative Factor: 12,48%
Stamina
	 Rating: 847498
	 Multiplicative Factor: 11,3%
Crit
	 Rating: 11547
	 Multiplicative Factor: 0%
	 DR Bracket: 0
	 Base: 9%
	 Effective Percent: 25,5%
	 Crit Inc Heal: 2
	 Crit Inc Damage: 2
Haste
	 Rating: 20035
	 Multiplicative Factor: 0%
	 DR Bracket: 1
	 Base: 11%
	 Effective Percent: 44,66%
Vers
	 Rating: 3542
	 Multiplicative Factor: 0%
	 DR Bracket: 0
	 Base: 3%
	 Effective Percent: 7,54%
Leech
	 Rating: 4838
	 Multiplicative Factor: 0%
	 DR Bracket: 0
	 Base: 0%
	 Effective Percent: 4,74%
Avoidance
	 Rating: 0
	 Multiplicative Factor: 0%
	 DR Bracket: 0
	 Base: 0%
	 Effective Percent: 0%
Mastery
	 Rating: 25221
	 Multiplicative Factor: 0%
	 DR Bracket: 1
	 Base: 21%
	 Effective Percent: 74,14%
----------------------
05:32,784

Intellect
	 Rating: 144606
	 Multiplicative Factor: 12,48%
Stamina
	 Rating: 847498
	 Multiplicative Factor: 11,3%
Crit
	 Rating: 11547
	 Multiplicative Factor: 0%
	 DR Bracket: 0
	 Base: 9%
	 Effective Percent: 25,5%
	 Crit Inc Heal: 2
	 Crit Inc Damage: 2
Haste
	 Rating: 20035
	 Multiplicative Factor: 0%
	 DR Bracket: 1
	 Base: 9%
	 Effective Percent: 42,05%
Vers
	 Rating: 3542
	 Multiplicative Factor: 0%
	 DR Bracket: 0
	 Base: 3%
	 Effective Percent: 7,54%
Leech
	 Rating: 4838
	 Multiplicative Factor: 0%
	 DR Bracket: 0
	 Base: 0%
	 Effective Percent: 4,74%
Avoidance
	 Rating: 0
	 Multiplicative Factor: 0%
	 DR Bracket: 0
	 Base: 0%
	 Effective Percent: 0%
Mastery
	 Rating: 25221
	 Multiplicative Factor: 0%
	 DR Bracket: 1
	 Base: 21%
	 Effective Percent: 74,14%
----------------------
05:33,804

Intellect
	 Rating: 144606
	 Multiplicative Factor: 12,48%
Stamina
	 Rating: 847498
	 Multiplicative Factor: 11,3%
Crit
	 Rating: 11547
	 Multiplicative Factor: 0%
	 DR Bracket: 0
	 Base: 9%
	 Effective Percent: 25,5%
	 Crit Inc Heal: 2
	 Crit Inc Damage: 2
Haste
	 Rating: 20035
	 Multiplicative Factor: 0%
	 DR Bracket: 1
	 Base: 7%
	 Effective Percent: 39,44%
Vers
	 Rating: 3542
	 Multiplicative Factor: 0%
	 DR Bracket: 0
	 Base: 3%
	 Effective Percent: 7,54%
Leech
	 Rating: 4838
	 Multiplicative Factor: 0%
	 DR Bracket: 0
	 Base: 0%
	 Effective Percent: 4,74%
Avoidance
	 Rating: 0
	 Multiplicative Factor: 0%
	 DR Bracket: 0
	 Base: 0%
	 Effective Percent: 0%
Mastery
	 Rating: 25221
	 Multiplicative Factor: 0%
	 DR Bracket: 1
	 Base: 21%
	 Effective Percent: 74,14%
----------------------
05:37,170

Intellect
	 Rating: 144606
	 Multiplicative Factor: 12,48%
Stamina
	 Rating: 847498
	 Multiplicative Factor: 11,3%
Crit
	 Rating: 11547
	 Multiplicative Factor: 0%
	 DR Bracket: 0
	 Base: 9%
	 Effective Percent: 25,5%
	 Crit Inc Heal: 2
	 Crit Inc Damage: 2
Haste
	 Rating: 20035
	 Multiplicative Factor: 0%
	 DR Bracket: 1
	 Base: 9%
	 Effective Percent: 42,05%
Vers
	 Rating: 3542
	 Multiplicative Factor: 0%
	 DR Bracket: 0
	 Base: 3%
	 Effective Percent: 7,54%
Leech
	 Rating: 4838
	 Multiplicative Factor: 0%
	 DR Bracket: 0
	 Base: 0%
	 Effective Percent: 4,74%
Avoidance
	 Rating: 0
	 Multiplicative Factor: 0%
	 DR Bracket: 0
	 Base: 0%
	 Effective Percent: 0%
Mastery
	 Rating: 25221
	 Multiplicative Factor: 0%
	 DR Bracket: 1
	 Base: 21%
	 Effective Percent: 74,14%
----------------------
05:39,514

Intellect
	 Rating: 144606
	 Multiplicative Factor: 12,48%
Stamina
	 Rating: 847498
	 Multiplicative Factor: 11,3%
Crit
	 Rating: 11547
	 Multiplicative Factor: 0%
	 DR Bracket: 0
	 Base: 9%
	 Effective Percent: 25,5%
	 Crit Inc Heal: 2
	 Crit Inc Damage: 2
Haste
	 Rating: 20035
	 Multiplicative Factor: 0%
	 DR Bracket: 1
	 Base: 7%
	 Effective Percent: 39,44%
Vers
	 Rating: 3542
	 Multiplicative Factor: 0%
	 DR Bracket: 0
	 Base: 3%
	 Effective Percent: 7,54%
Leech
	 Rating: 4838
	 Multiplicative Factor: 0%
	 DR Bracket: 0
	 Base: 0%
	 Effective Percent: 4,74%
Avoidance
	 Rating: 0
	 Multiplicative Factor: 0%
	 DR Bracket: 0
	 Base: 0%
	 Effective Percent: 0%
Mastery
	 Rating: 25221
	 Multiplicative Factor: 0%
	 DR Bracket: 1
	 Base: 21%
	 Effective Percent: 74,14%
----------------------
05:48,242

Intellect
	 Rating: 144606
	 Multiplicative Factor: 12,48%
Stamina
	 Rating: 847498
	 Multiplicative Factor: 11,3%
Crit
	 Rating: 11547
	 Multiplicative Factor: 0%
	 DR Bracket: 0
	 Base: 9%
	 Effective Percent: 25,5%
	 Crit Inc Heal: 2
	 Crit Inc Damage: 2
Haste
	 Rating: 20035
	 Multiplicative Factor: 0%
	 DR Bracket: 1
	 Base: 9%
	 Effective Percent: 42,05%
Vers
	 Rating: 3542
	 Multiplicative Factor: 0%
	 DR Bracket: 0
	 Base: 3%
	 Effective Percent: 7,54%
Leech
	 Rating: 4838
	 Multiplicative Factor: 0%
	 DR Bracket: 0
	 Base: 0%
	 Effective Percent: 4,74%
Avoidance
	 Rating: 0
	 Multiplicative Factor: 0%
	 DR Bracket: 0
	 Base: 0%
	 Effective Percent: 0%
Mastery
	 Rating: 25221
	 Multiplicative Factor: 0%
	 DR Bracket: 1
	 Base: 21%
	 Effective Percent: 74,14%
----------------------
05:49,181

Intellect
	 Rating: 144606
	 Multiplicative Factor: 12,48%
Stamina
	 Rating: 847498
	 Multiplicative Factor: 11,3%
Crit
	 Rating: 11547
	 Multiplicative Factor: 0%
	 DR Bracket: 0
	 Base: 9%
	 Effective Percent: 25,5%
	 Crit Inc Heal: 2
	 Crit Inc Damage: 2
Haste
	 Rating: 20035
	 Multiplicative Factor: 0%
	 DR Bracket: 1
	 Base: 7%
	 Effective Percent: 39,44%
Vers
	 Rating: 3542
	 Multiplicative Factor: 0%
	 DR Bracket: 0
	 Base: 3%
	 Effective Percent: 7,54%
Leech
	 Rating: 4838
	 Multiplicative Factor: 0%
	 DR Bracket: 0
	 Base: 0%
	 Effective Percent: 4,74%
Avoidance
	 Rating: 0
	 Multiplicative Factor: 0%
	 DR Bracket: 0
	 Base: 0%
	 Effective Percent: 0%
Mastery
	 Rating: 25221
	 Multiplicative Factor: 0%
	 DR Bracket: 1
	 Base: 21%
	 Effective Percent: 74,14%
----------------------
05:50,498

Intellect
	 Rating: 144606
	 Multiplicative Factor: 12,48%
Stamina
	 Rating: 847498
	 Multiplicative Factor: 11,3%
Crit
	 Rating: 11547
	 Multiplicative Factor: 0%
	 DR Bracket: 0
	 Base: 9%
	 Effective Percent: 25,5%
	 Crit Inc Heal: 2
	 Crit Inc Damage: 2
Haste
	 Rating: 20035
	 Multiplicative Factor: 0%
	 DR Bracket: 1
	 Base: 9%
	 Effective Percent: 42,05%
Vers
	 Rating: 3542
	 Multiplicative Factor: 0%
	 DR Bracket: 0
	 Base: 3%
	 Effective Percent: 7,54%
Leech
	 Rating: 4838
	 Multiplicative Factor: 0%
	 DR Bracket: 0
	 Base: 0%
	 Effective Percent: 4,74%
Avoidance
	 Rating: 0
	 Multiplicative Factor: 0%
	 DR Bracket: 0
	 Base: 0%
	 Effective Percent: 0%
Mastery
	 Rating: 25221
	 Multiplicative Factor: 0%
	 DR Bracket: 1
	 Base: 21%
	 Effective Percent: 74,14%
----------------------
06:00,258

Intellect
	 Rating: 144606
	 Multiplicative Factor: 12,48%
Stamina
	 Rating: 847498
	 Multiplicative Factor: 11,3%
Crit
	 Rating: 11547
	 Multiplicative Factor: 0%
	 DR Bracket: 0
	 Base: 9%
	 Effective Percent: 25,5%
	 Crit Inc Heal: 2
	 Crit Inc Damage: 2
Haste
	 Rating: 20035
	 Multiplicative Factor: 0%
	 DR Bracket: 1
	 Base: 7%
	 Effective Percent: 39,44%
Vers
	 Rating: 3542
	 Multiplicative Factor: 0%
	 DR Bracket: 0
	 Base: 3%
	 Effective Percent: 7,54%
Leech
	 Rating: 4838
	 Multiplicative Factor: 0%
	 DR Bracket: 0
	 Base: 0%
	 Effective Percent: 4,74%
Avoidance
	 Rating: 0
	 Multiplicative Factor: 0%
	 DR Bracket: 0
	 Base: 0%
	 Effective Percent: 0%
Mastery
	 Rating: 25221
	 Multiplicative Factor: 0%
	 DR Bracket: 1
	 Base: 21%
	 Effective Percent: 74,14%
----------------------
06:02,497

Intellect
	 Rating: 144606
	 Multiplicative Factor: 12,48%
Stamina
	 Rating: 847498
	 Multiplicative Factor: 11,3%
Crit
	 Rating: 11547
	 Multiplicative Factor: 0%
	 DR Bracket: 0
	 Base: 9%
	 Effective Percent: 25,5%
	 Crit Inc Heal: 2
	 Crit Inc Damage: 2
Haste
	 Rating: 20035
	 Multiplicative Factor: 0%
	 DR Bracket: 1
	 Base: 5%
	 Effective Percent: 36,84%
Vers
	 Rating: 3542
	 Multiplicative Factor: 0%
	 DR Bracket: 0
	 Base: 3%
	 Effective Percent: 7,54%
Leech
	 Rating: 4838
	 Multiplicative Factor: 0%
	 DR Bracket: 0
	 Base: 0%
	 Effective Percent: 4,74%
Avoidance
	 Rating: 0
	 Multiplicative Factor: 0%
	 DR Bracket: 0
	 Base: 0%
	 Effective Percent: 0%
Mastery
	 Rating: 25221
	 Multiplicative Factor: 0%
	 DR Bracket: 1
	 Base: 21%
	 Effective Percent: 74,14%
----------------------
06:22,744

Intellect
	 Rating: 144606
	 Multiplicative Factor: 12,48%
Stamina
	 Rating: 847498
	 Multiplicative Factor: 11,3%
Crit
	 Rating: 11547
	 Multiplicative Factor: 0%
	 DR Bracket: 0
	 Base: 9%
	 Effective Percent: 25,5%
	 Crit Inc Heal: 2
	 Crit Inc Damage: 2
Haste
	 Rating: 20035
	 Multiplicative Factor: 0%
	 DR Bracket: 1
	 Base: 7%
	 Effective Percent: 39,44%
Vers
	 Rating: 3542
	 Multiplicative Factor: 0%
	 DR Bracket: 0
	 Base: 3%
	 Effective Percent: 7,54%
Leech
	 Rating: 4838
	 Multiplicative Factor: 0%
	 DR Bracket: 0
	 Base: 0%
	 Effective Percent: 4,74%
Avoidance
	 Rating: 0
	 Multiplicative Factor: 0%
	 DR Bracket: 0
	 Base: 0%
	 Effective Percent: 0%
Mastery
	 Rating: 25221
	 Multiplicative Factor: 0%
	 DR Bracket: 1
	 Base: 21%
	 Effective Percent: 74,14%
----------------------
06:23,822

Intellect
	 Rating: 144606
	 Multiplicative Factor: 12,48%
Stamina
	 Rating: 847498
	 Multiplicative Factor: 11,3%
Crit
	 Rating: 11547
	 Multiplicative Factor: 0%
	 DR Bracket: 0
	 Base: 9%
	 Effective Percent: 25,5%
	 Crit Inc Heal: 2
	 Crit Inc Damage: 2
Haste
	 Rating: 20035
	 Multiplicative Factor: 0%
	 DR Bracket: 1
	 Base: 9%
	 Effective Percent: 42,05%
Vers
	 Rating: 3542
	 Multiplicative Factor: 0%
	 DR Bracket: 0
	 Base: 3%
	 Effective Percent: 7,54%
Leech
	 Rating: 4838
	 Multiplicative Factor: 0%
	 DR Bracket: 0
	 Base: 0%
	 Effective Percent: 4,74%
Avoidance
	 Rating: 0
	 Multiplicative Factor: 0%
	 DR Bracket: 0
	 Base: 0%
	 Effective Percent: 0%
Mastery
	 Rating: 25221
	 Multiplicative Factor: 0%
	 DR Bracket: 1
	 Base: 21%
	 Effective Percent: 74,14%
----------------------
06:25,458

Intellect
	 Rating: 144606
	 Multiplicative Factor: 12,48%
Stamina
	 Rating: 847498
	 Multiplicative Factor: 11,3%
Crit
	 Rating: 11547
	 Multiplicative Factor: 0%
	 DR Bracket: 0
	 Base: 9%
	 Effective Percent: 25,5%
	 Crit Inc Heal: 2
	 Crit Inc Damage: 2
Haste
	 Rating: 20035
	 Multiplicative Factor: 0%
	 DR Bracket: 1
	 Base: 11%
	 Effective Percent: 44,66%
Vers
	 Rating: 3542
	 Multiplicative Factor: 0%
	 DR Bracket: 0
	 Base: 3%
	 Effective Percent: 7,54%
Leech
	 Rating: 4838
	 Multiplicative Factor: 0%
	 DR Bracket: 0
	 Base: 0%
	 Effective Percent: 4,74%
Avoidance
	 Rating: 0
	 Multiplicative Factor: 0%
	 DR Bracket: 0
	 Base: 0%
	 Effective Percent: 0%
Mastery
	 Rating: 25221
	 Multiplicative Factor: 0%
	 DR Bracket: 1
	 Base: 21%
	 Effective Percent: 74,14%
----------------------
06:34,765

Intellect
	 Rating: 144606
	 Multiplicative Factor: 12,48%
Stamina
	 Rating: 847498
	 Multiplicative Factor: 11,3%
Crit
	 Rating: 11547
	 Multiplicative Factor: 0%
	 DR Bracket: 0
	 Base: 9%
	 Effective Percent: 25,5%
	 Crit Inc Heal: 2
	 Crit Inc Damage: 2
Haste
	 Rating: 20035
	 Multiplicative Factor: 0%
	 DR Bracket: 1
	 Base: 9%
	 Effective Percent: 42,05%
Vers
	 Rating: 3542
	 Multiplicative Factor: 0%
	 DR Bracket: 0
	 Base: 3%
	 Effective Percent: 7,54%
Leech
	 Rating: 4838
	 Multiplicative Factor: 0%
	 DR Bracket: 0
	 Base: 0%
	 Effective Percent: 4,74%
Avoidance
	 Rating: 0
	 Multiplicative Factor: 0%
	 DR Bracket: 0
	 Base: 0%
	 Effective Percent: 0%
Mastery
	 Rating: 25221
	 Multiplicative Factor: 0%
	 DR Bracket: 1
	 Base: 21%
	 Effective Percent: 74,14%
----------------------
06:35,853

Intellect
	 Rating: 144606
	 Multiplicative Factor: 12,48%
Stamina
	 Rating: 847498
	 Multiplicative Factor: 11,3%
Crit
	 Rating: 11547
	 Multiplicative Factor: 0%
	 DR Bracket: 0
	 Base: 9%
	 Effective Percent: 25,5%
	 Crit Inc Heal: 2
	 Crit Inc Damage: 2
Haste
	 Rating: 20035
	 Multiplicative Factor: 0%
	 DR Bracket: 1
	 Base: 7%
	 Effective Percent: 39,44%
Vers
	 Rating: 3542
	 Multiplicative Factor: 0%
	 DR Bracket: 0
	 Base: 3%
	 Effective Percent: 7,54%
Leech
	 Rating: 4838
	 Multiplicative Factor: 0%
	 DR Bracket: 0
	 Base: 0%
	 Effective Percent: 4,74%
Avoidance
	 Rating: 0
	 Multiplicative Factor: 0%
	 DR Bracket: 0
	 Base: 0%
	 Effective Percent: 0%
Mastery
	 Rating: 25221
	 Multiplicative Factor: 0%
	 DR Bracket: 1
	 Base: 21%
	 Effective Percent: 74,14%
----------------------
06:37,498

Intellect
	 Rating: 144606
	 Multiplicative Factor: 12,48%
Stamina
	 Rating: 847498
	 Multiplicative Factor: 11,3%
Crit
	 Rating: 11547
	 Multiplicative Factor: 0%
	 DR Bracket: 0
	 Base: 9%
	 Effective Percent: 25,5%
	 Crit Inc Heal: 2
	 Crit Inc Damage: 2
Haste
	 Rating: 20035
	 Multiplicative Factor: 0%
	 DR Bracket: 1
	 Base: 5%
	 Effective Percent: 36,84%
Vers
	 Rating: 3542
	 Multiplicative Factor: 0%
	 DR Bracket: 0
	 Base: 3%
	 Effective Percent: 7,54%
Leech
	 Rating: 4838
	 Multiplicative Factor: 0%
	 DR Bracket: 0
	 Base: 0%
	 Effective Percent: 4,74%
Avoidance
	 Rating: 0
	 Multiplicative Factor: 0%
	 DR Bracket: 0
	 Base: 0%
	 Effective Percent: 0%
Mastery
	 Rating: 25221
	 Multiplicative Factor: 0%
	 DR Bracket: 1
	 Base: 21%
	 Effective Percent: 74,14%
----------------------
06:38,928

Intellect
	 Rating: 144606
	 Multiplicative Factor: 12,48%
Stamina
	 Rating: 847498
	 Multiplicative Factor: 11,3%
Crit
	 Rating: 11547
	 Multiplicative Factor: 0%
	 DR Bracket: 0
	 Base: 9%
	 Effective Percent: 25,5%
	 Crit Inc Heal: 2
	 Crit Inc Damage: 2
Haste
	 Rating: 20035
	 Multiplicative Factor: 0%
	 DR Bracket: 1
	 Base: 7%
	 Effective Percent: 39,44%
Vers
	 Rating: 3542
	 Multiplicative Factor: 0%
	 DR Bracket: 0
	 Base: 3%
	 Effective Percent: 7,54%
Leech
	 Rating: 4838
	 Multiplicative Factor: 0%
	 DR Bracket: 0
	 Base: 0%
	 Effective Percent: 4,74%
Avoidance
	 Rating: 0
	 Multiplicative Factor: 0%
	 DR Bracket: 0
	 Base: 0%
	 Effective Percent: 0%
Mastery
	 Rating: 25221
	 Multiplicative Factor: 0%
	 DR Bracket: 1
	 Base: 21%
	 Effective Percent: 74,14%
----------------------
06:38,929

Intellect
	 Rating: 144606
	 Multiplicative Factor: 12,48%
Stamina
	 Rating: 847498
	 Multiplicative Factor: 11,3%
Crit
	 Rating: 11547
	 Multiplicative Factor: 0%
	 DR Bracket: 0
	 Base: 9%
	 Effective Percent: 25,5%
	 Crit Inc Heal: 2
	 Crit Inc Damage: 2
Haste
	 Rating: 20035
	 Multiplicative Factor: 0%
	 DR Bracket: 1
	 Base: 9%
	 Effective Percent: 42,05%
Vers
	 Rating: 3542
	 Multiplicative Factor: 0%
	 DR Bracket: 0
	 Base: 3%
	 Effective Percent: 7,54%
Leech
	 Rating: 4838
	 Multiplicative Factor: 0%
	 DR Bracket: 0
	 Base: 0%
	 Effective Percent: 4,74%
Avoidance
	 Rating: 0
	 Multiplicative Factor: 0%
	 DR Bracket: 0
	 Base: 0%
	 Effective Percent: 0%
Mastery
	 Rating: 25221
	 Multiplicative Factor: 0%
	 DR Bracket: 1
	 Base: 21%
	 Effective Percent: 74,14%
----------------------
06:38,929

Intellect
	 Rating: 144606
	 Multiplicative Factor: 12,48%
Stamina
	 Rating: 847498
	 Multiplicative Factor: 11,3%
Crit
	 Rating: 11547
	 Multiplicative Factor: 0%
	 DR Bracket: 0
	 Base: 9%
	 Effective Percent: 25,5%
	 Crit Inc Heal: 2
	 Crit Inc Damage: 2
Haste
	 Rating: 20035
	 Multiplicative Factor: 0%
	 DR Bracket: 1
	 Base: 11%
	 Effective Percent: 44,66%
Vers
	 Rating: 3542
	 Multiplicative Factor: 0%
	 DR Bracket: 0
	 Base: 3%
	 Effective Percent: 7,54%
Leech
	 Rating: 4838
	 Multiplicative Factor: 0%
	 DR Bracket: 0
	 Base: 0%
	 Effective Percent: 4,74%
Avoidance
	 Rating: 0
	 Multiplicative Factor: 0%
	 DR Bracket: 0
	 Base: 0%
	 Effective Percent: 0%
Mastery
	 Rating: 25221
	 Multiplicative Factor: 0%
	 DR Bracket: 1
	 Base: 21%
	 Effective Percent: 74,14%
----------------------
06:38,929

Intellect
	 Rating: 144606
	 Multiplicative Factor: 12,48%
Stamina
	 Rating: 847498
	 Multiplicative Factor: 11,3%
Crit
	 Rating: 11547
	 Multiplicative Factor: 0%
	 DR Bracket: 0
	 Base: 9%
	 Effective Percent: 25,5%
	 Crit Inc Heal: 2
	 Crit Inc Damage: 2
Haste
	 Rating: 20035
	 Multiplicative Factor: 0%
	 DR Bracket: 1
	 Base: 13%
	 Effective Percent: 47,26%
Vers
	 Rating: 3542
	 Multiplicative Factor: 0%
	 DR Bracket: 0
	 Base: 3%
	 Effective Percent: 7,54%
Leech
	 Rating: 4838
	 Multiplicative Factor: 0%
	 DR Bracket: 0
	 Base: 0%
	 Effective Percent: 4,74%
Avoidance
	 Rating: 0
	 Multiplicative Factor: 0%
	 DR Bracket: 0
	 Base: 0%
	 Effective Percent: 0%
Mastery
	 Rating: 25221
	 Multiplicative Factor: 0%
	 DR Bracket: 1
	 Base: 21%
	 Effective Percent: 74,14%
----------------------
06:40,049

Intellect
	 Rating: 144606
	 Multiplicative Factor: 12,48%
Stamina
	 Rating: 847498
	 Multiplicative Factor: 11,3%
Crit
	 Rating: 11547
	 Multiplicative Factor: 0%
	 DR Bracket: 0
	 Base: 9%
	 Effective Percent: 25,5%
	 Crit Inc Heal: 2
	 Crit Inc Damage: 2
Haste
	 Rating: 20035
	 Multiplicative Factor: 0%
	 DR Bracket: 1
	 Base: 15%
	 Effective Percent: 49,87%
Vers
	 Rating: 3542
	 Multiplicative Factor: 0%
	 DR Bracket: 0
	 Base: 3%
	 Effective Percent: 7,54%
Leech
	 Rating: 4838
	 Multiplicative Factor: 0%
	 DR Bracket: 0
	 Base: 0%
	 Effective Percent: 4,74%
Avoidance
	 Rating: 0
	 Multiplicative Factor: 0%
	 DR Bracket: 0
	 Base: 0%
	 Effective Percent: 0%
Mastery
	 Rating: 25221
	 Multiplicative Factor: 0%
	 DR Bracket: 1
	 Base: 21%
	 Effective Percent: 74,14%
