----------------------
00:00,313

Intellect
	 Rating: 141986
	 Multiplicative Factor: 8,15%
Stamina
	 Rating: 879958
	 Multiplicative Factor: 11,3%
Crit
	 Rating: 19738
	 Multiplicative Factor: 0%
	 DR Bracket: 0
	 Base: 5%
	 Effective Percent: 33,2%
	 Crit Inc Heal: 2
	 Crit Inc Damage: 2
Haste
	 Rating: 21194
	 Multiplicative Factor: 0%
	 DR Bracket: 1
	 Base: 1%
	 Effective Percent: 33,22%
Vers
	 Rating: 6300
	 Multiplicative Factor: 0%
	 DR Bracket: 0
	 Base: 3%
	 Effective Percent: 11,08%
Leech
	 Rating: 0
	 Multiplicative Factor: 0%
	 DR Bracket: 0
	 Base: 2%
	 Effective Percent: 2%
Avoidance
	 Rating: 1635
	 Multiplicative Factor: 0%
	 DR Bracket: 0
	 Base: 0%
	 Effective Percent: 3,01%
Mastery
	 Rating: 14933
	 Multiplicative Factor: 0%
	 DR Bracket: 0
	 Base: 19,8%
	 Effective Percent: 58,2%
----------------------
00:00,314

Intellect
	 Rating: 149085
	 Multiplicative Factor: 13,56%
Stamina
	 Rating: 879958
	 Multiplicative Factor: 11,3%
Crit
	 Rating: 19738
	 Multiplicative Factor: 0%
	 DR Bracket: 0
	 Base: 5%
	 Effective Percent: 33,2%
	 Crit Inc Heal: 2
	 Crit Inc Damage: 2
Haste
	 Rating: 21194
	 Multiplicative Factor: 0%
	 DR Bracket: 1
	 Base: 1%
	 Effective Percent: 33,22%
Vers
	 Rating: 6300
	 Multiplicative Factor: 0%
	 DR Bracket: 0
	 Base: 3%
	 Effective Percent: 11,08%
Leech
	 Rating: 0
	 Multiplicative Factor: 0%
	 DR Bracket: 0
	 Base: 2%
	 Effective Percent: 2%
Avoidance
	 Rating: 1635
	 Multiplicative Factor: 0%
	 DR Bracket: 0
	 Base: 0%
	 Effective Percent: 3,01%
Mastery
	 Rating: 14933
	 Multiplicative Factor: 0%
	 DR Bracket: 0
	 Base: 19,8%
	 Effective Percent: 58,2%
----------------------
00:01,302

Intellect
	 Rating: 149085
	 Multiplicative Factor: 13,56%
Stamina
	 Rating: 879958
	 Multiplicative Factor: 11,3%
Crit
	 Rating: 19738
	 Multiplicative Factor: 0%
	 DR Bracket: 0
	 Base: 5%
	 Effective Percent: 33,2%
	 Crit Inc Heal: 2
	 Crit Inc Damage: 2
Haste
	 Rating: 21194
	 Multiplicative Factor: 0%
	 DR Bracket: 1
	 Base: 29%
	 Effective Percent: 70,15%
Vers
	 Rating: 6300
	 Multiplicative Factor: 0%
	 DR Bracket: 0
	 Base: 3%
	 Effective Percent: 11,08%
Leech
	 Rating: 0
	 Multiplicative Factor: 0%
	 DR Bracket: 0
	 Base: 2%
	 Effective Percent: 2%
Avoidance
	 Rating: 1635
	 Multiplicative Factor: 0%
	 DR Bracket: 0
	 Base: 0%
	 Effective Percent: 3,01%
Mastery
	 Rating: 14933
	 Multiplicative Factor: 0%
	 DR Bracket: 0
	 Base: 19,8%
	 Effective Percent: 58,2%
----------------------
00:01,938

Intellect
	 Rating: 149085
	 Multiplicative Factor: 13,56%
Stamina
	 Rating: 879958
	 Multiplicative Factor: 11,3%
Crit
	 Rating: 19738
	 Multiplicative Factor: 0%
	 DR Bracket: 0
	 Base: 5%
	 Effective Percent: 33,2%
	 Crit Inc Heal: 2,6
	 Crit Inc Damage: 2
Haste
	 Rating: 21194
	 Multiplicative Factor: 0%
	 DR Bracket: 1
	 Base: 29%
	 Effective Percent: 70,15%
Vers
	 Rating: 6300
	 Multiplicative Factor: 0%
	 DR Bracket: 0
	 Base: 3%
	 Effective Percent: 11,08%
Leech
	 Rating: 0
	 Multiplicative Factor: 0%
	 DR Bracket: 0
	 Base: 2%
	 Effective Percent: 2%
Avoidance
	 Rating: 1635
	 Multiplicative Factor: 0%
	 DR Bracket: 0
	 Base: 0%
	 Effective Percent: 3,01%
Mastery
	 Rating: 14933
	 Multiplicative Factor: 0%
	 DR Bracket: 0
	 Base: 19,8%
	 Effective Percent: 58,2%
----------------------
00:02,313

Intellect
	 Rating: 149085
	 Multiplicative Factor: 13,56%
Stamina
	 Rating: 879958
	 Multiplicative Factor: 11,3%
Crit
	 Rating: 19738
	 Multiplicative Factor: 0%
	 DR Bracket: 0
	 Base: 5%
	 Effective Percent: 33,2%
	 Crit Inc Heal: 2,6
	 Crit Inc Damage: 2
Haste
	 Rating: 21194
	 Multiplicative Factor: 0%
	 DR Bracket: 1
	 Base: 28%
	 Effective Percent: 68,83%
Vers
	 Rating: 6300
	 Multiplicative Factor: 0%
	 DR Bracket: 0
	 Base: 3%
	 Effective Percent: 11,08%
Leech
	 Rating: 0
	 Multiplicative Factor: 0%
	 DR Bracket: 0
	 Base: 2%
	 Effective Percent: 2%
Avoidance
	 Rating: 1635
	 Multiplicative Factor: 0%
	 DR Bracket: 0
	 Base: 0%
	 Effective Percent: 3,01%
Mastery
	 Rating: 14933
	 Multiplicative Factor: 0%
	 DR Bracket: 0
	 Base: 19,8%
	 Effective Percent: 58,2%
----------------------
00:03,321

Intellect
	 Rating: 149085
	 Multiplicative Factor: 13,56%
Stamina
	 Rating: 879958
	 Multiplicative Factor: 11,3%
Crit
	 Rating: 19738
	 Multiplicative Factor: 0%
	 DR Bracket: 0
	 Base: 5%
	 Effective Percent: 33,2%
	 Crit Inc Heal: 2,6
	 Crit Inc Damage: 2
Haste
	 Rating: 21194
	 Multiplicative Factor: 0%
	 DR Bracket: 1
	 Base: 27%
	 Effective Percent: 67,51%
Vers
	 Rating: 6300
	 Multiplicative Factor: 0%
	 DR Bracket: 0
	 Base: 3%
	 Effective Percent: 11,08%
Leech
	 Rating: 0
	 Multiplicative Factor: 0%
	 DR Bracket: 0
	 Base: 2%
	 Effective Percent: 2%
Avoidance
	 Rating: 1635
	 Multiplicative Factor: 0%
	 DR Bracket: 0
	 Base: 0%
	 Effective Percent: 3,01%
Mastery
	 Rating: 14933
	 Multiplicative Factor: 0%
	 DR Bracket: 0
	 Base: 19,8%
	 Effective Percent: 58,2%
----------------------
00:04,149

Intellect
	 Rating: 149085
	 Multiplicative Factor: 13,56%
Stamina
	 Rating: 879958
	 Multiplicative Factor: 11,3%
Crit
	 Rating: 19738
	 Multiplicative Factor: 0%
	 DR Bracket: 0
	 Base: 5%
	 Effective Percent: 33,2%
	 Crit Inc Heal: 2,6
	 Crit Inc Damage: 2
Haste
	 Rating: 21194
	 Multiplicative Factor: 0%
	 DR Bracket: 1
	 Base: 57%
	 Effective Percent: 107,08%
Vers
	 Rating: 6300
	 Multiplicative Factor: 0%
	 DR Bracket: 0
	 Base: 3%
	 Effective Percent: 11,08%
Leech
	 Rating: 0
	 Multiplicative Factor: 0%
	 DR Bracket: 0
	 Base: 2%
	 Effective Percent: 2%
Avoidance
	 Rating: 1635
	 Multiplicative Factor: 0%
	 DR Bracket: 0
	 Base: 0%
	 Effective Percent: 3,01%
Mastery
	 Rating: 14933
	 Multiplicative Factor: 0%
	 DR Bracket: 0
	 Base: 19,8%
	 Effective Percent: 58,2%
----------------------
00:04,321

Intellect
	 Rating: 149085
	 Multiplicative Factor: 13,56%
Stamina
	 Rating: 879958
	 Multiplicative Factor: 11,3%
Crit
	 Rating: 19738
	 Multiplicative Factor: 0%
	 DR Bracket: 0
	 Base: 5%
	 Effective Percent: 33,2%
	 Crit Inc Heal: 2,6
	 Crit Inc Damage: 2
Haste
	 Rating: 21194
	 Multiplicative Factor: 0%
	 DR Bracket: 1
	 Base: 56%
	 Effective Percent: 105,77%
Vers
	 Rating: 6300
	 Multiplicative Factor: 0%
	 DR Bracket: 0
	 Base: 3%
	 Effective Percent: 11,08%
Leech
	 Rating: 0
	 Multiplicative Factor: 0%
	 DR Bracket: 0
	 Base: 2%
	 Effective Percent: 2%
Avoidance
	 Rating: 1635
	 Multiplicative Factor: 0%
	 DR Bracket: 0
	 Base: 0%
	 Effective Percent: 3,01%
Mastery
	 Rating: 14933
	 Multiplicative Factor: 0%
	 DR Bracket: 0
	 Base: 19,8%
	 Effective Percent: 58,2%
----------------------
00:05,323

Intellect
	 Rating: 149085
	 Multiplicative Factor: 13,56%
Stamina
	 Rating: 879958
	 Multiplicative Factor: 11,3%
Crit
	 Rating: 19738
	 Multiplicative Factor: 0%
	 DR Bracket: 0
	 Base: 5%
	 Effective Percent: 33,2%
	 Crit Inc Heal: 2,6
	 Crit Inc Damage: 2
Haste
	 Rating: 21194
	 Multiplicative Factor: 0%
	 DR Bracket: 1
	 Base: 55%
	 Effective Percent: 104,45%
Vers
	 Rating: 6300
	 Multiplicative Factor: 0%
	 DR Bracket: 0
	 Base: 3%
	 Effective Percent: 11,08%
Leech
	 Rating: 0
	 Multiplicative Factor: 0%
	 DR Bracket: 0
	 Base: 2%
	 Effective Percent: 2%
Avoidance
	 Rating: 1635
	 Multiplicative Factor: 0%
	 DR Bracket: 0
	 Base: 0%
	 Effective Percent: 3,01%
Mastery
	 Rating: 14933
	 Multiplicative Factor: 0%
	 DR Bracket: 0
	 Base: 19,8%
	 Effective Percent: 58,2%
----------------------
00:06,326

Intellect
	 Rating: 149085
	 Multiplicative Factor: 13,56%
Stamina
	 Rating: 879958
	 Multiplicative Factor: 11,3%
Crit
	 Rating: 19738
	 Multiplicative Factor: 0%
	 DR Bracket: 0
	 Base: 5%
	 Effective Percent: 33,2%
	 Crit Inc Heal: 2,6
	 Crit Inc Damage: 2
Haste
	 Rating: 21194
	 Multiplicative Factor: 0%
	 DR Bracket: 1
	 Base: 54%
	 Effective Percent: 103,13%
Vers
	 Rating: 6300
	 Multiplicative Factor: 0%
	 DR Bracket: 0
	 Base: 3%
	 Effective Percent: 11,08%
Leech
	 Rating: 0
	 Multiplicative Factor: 0%
	 DR Bracket: 0
	 Base: 2%
	 Effective Percent: 2%
Avoidance
	 Rating: 1635
	 Multiplicative Factor: 0%
	 DR Bracket: 0
	 Base: 0%
	 Effective Percent: 3,01%
Mastery
	 Rating: 14933
	 Multiplicative Factor: 0%
	 DR Bracket: 0
	 Base: 19,8%
	 Effective Percent: 58,2%
----------------------
00:07,314

Intellect
	 Rating: 149085
	 Multiplicative Factor: 13,56%
Stamina
	 Rating: 879958
	 Multiplicative Factor: 11,3%
Crit
	 Rating: 19738
	 Multiplicative Factor: 0%
	 DR Bracket: 0
	 Base: 5%
	 Effective Percent: 33,2%
	 Crit Inc Heal: 2,6
	 Crit Inc Damage: 2
Haste
	 Rating: 21194
	 Multiplicative Factor: 0%
	 DR Bracket: 1
	 Base: 53%
	 Effective Percent: 101,81%
Vers
	 Rating: 6300
	 Multiplicative Factor: 0%
	 DR Bracket: 0
	 Base: 3%
	 Effective Percent: 11,08%
Leech
	 Rating: 0
	 Multiplicative Factor: 0%
	 DR Bracket: 0
	 Base: 2%
	 Effective Percent: 2%
Avoidance
	 Rating: 1635
	 Multiplicative Factor: 0%
	 DR Bracket: 0
	 Base: 0%
	 Effective Percent: 3,01%
Mastery
	 Rating: 14933
	 Multiplicative Factor: 0%
	 DR Bracket: 0
	 Base: 19,8%
	 Effective Percent: 58,2%
----------------------
00:08,322

Intellect
	 Rating: 149085
	 Multiplicative Factor: 13,56%
Stamina
	 Rating: 879958
	 Multiplicative Factor: 11,3%
Crit
	 Rating: 19738
	 Multiplicative Factor: 0%
	 DR Bracket: 0
	 Base: 5%
	 Effective Percent: 33,2%
	 Crit Inc Heal: 2,6
	 Crit Inc Damage: 2
Haste
	 Rating: 21194
	 Multiplicative Factor: 0%
	 DR Bracket: 1
	 Base: 52%
	 Effective Percent: 100,49%
Vers
	 Rating: 6300
	 Multiplicative Factor: 0%
	 DR Bracket: 0
	 Base: 3%
	 Effective Percent: 11,08%
Leech
	 Rating: 0
	 Multiplicative Factor: 0%
	 DR Bracket: 0
	 Base: 2%
	 Effective Percent: 2%
Avoidance
	 Rating: 1635
	 Multiplicative Factor: 0%
	 DR Bracket: 0
	 Base: 0%
	 Effective Percent: 3,01%
Mastery
	 Rating: 14933
	 Multiplicative Factor: 0%
	 DR Bracket: 0
	 Base: 19,8%
	 Effective Percent: 58,2%
----------------------
00:08,730

Intellect
	 Rating: 149085
	 Multiplicative Factor: 13,56%
Stamina
	 Rating: 879958
	 Multiplicative Factor: 11,3%
Crit
	 Rating: 25723
	 Multiplicative Factor: 0%
	 DR Bracket: 1
	 Base: 5%
	 Effective Percent: 41,07%
	 Crit Inc Heal: 2,6
	 Crit Inc Damage: 2
Haste
	 Rating: 21194
	 Multiplicative Factor: 0%
	 DR Bracket: 1
	 Base: 52%
	 Effective Percent: 100,49%
Vers
	 Rating: 6300
	 Multiplicative Factor: 0%
	 DR Bracket: 0
	 Base: 3%
	 Effective Percent: 11,08%
Leech
	 Rating: 0
	 Multiplicative Factor: 0%
	 DR Bracket: 0
	 Base: 2%
	 Effective Percent: 2%
Avoidance
	 Rating: 1635
	 Multiplicative Factor: 0%
	 DR Bracket: 0
	 Base: 0%
	 Effective Percent: 3,01%
Mastery
	 Rating: 14933
	 Multiplicative Factor: 0%
	 DR Bracket: 0
	 Base: 19,8%
	 Effective Percent: 58,2%
----------------------
00:09,316

Intellect
	 Rating: 149085
	 Multiplicative Factor: 13,56%
Stamina
	 Rating: 879958
	 Multiplicative Factor: 11,3%
Crit
	 Rating: 25723
	 Multiplicative Factor: 0%
	 DR Bracket: 1
	 Base: 5%
	 Effective Percent: 41,07%
	 Crit Inc Heal: 2,6
	 Crit Inc Damage: 2
Haste
	 Rating: 21194
	 Multiplicative Factor: 0%
	 DR Bracket: 1
	 Base: 51%
	 Effective Percent: 99,17%
Vers
	 Rating: 6300
	 Multiplicative Factor: 0%
	 DR Bracket: 0
	 Base: 3%
	 Effective Percent: 11,08%
Leech
	 Rating: 0
	 Multiplicative Factor: 0%
	 DR Bracket: 0
	 Base: 2%
	 Effective Percent: 2%
Avoidance
	 Rating: 1635
	 Multiplicative Factor: 0%
	 DR Bracket: 0
	 Base: 0%
	 Effective Percent: 3,01%
Mastery
	 Rating: 14933
	 Multiplicative Factor: 0%
	 DR Bracket: 0
	 Base: 19,8%
	 Effective Percent: 58,2%
----------------------
00:10,315

Intellect
	 Rating: 149085
	 Multiplicative Factor: 13,56%
Stamina
	 Rating: 879958
	 Multiplicative Factor: 11,3%
Crit
	 Rating: 25723
	 Multiplicative Factor: 0%
	 DR Bracket: 1
	 Base: 5%
	 Effective Percent: 41,07%
	 Crit Inc Heal: 2,6
	 Crit Inc Damage: 2
Haste
	 Rating: 21194
	 Multiplicative Factor: 0%
	 DR Bracket: 1
	 Base: 50%
	 Effective Percent: 97,85%
Vers
	 Rating: 6300
	 Multiplicative Factor: 0%
	 DR Bracket: 0
	 Base: 3%
	 Effective Percent: 11,08%
Leech
	 Rating: 0
	 Multiplicative Factor: 0%
	 DR Bracket: 0
	 Base: 2%
	 Effective Percent: 2%
Avoidance
	 Rating: 1635
	 Multiplicative Factor: 0%
	 DR Bracket: 0
	 Base: 0%
	 Effective Percent: 3,01%
Mastery
	 Rating: 14933
	 Multiplicative Factor: 0%
	 DR Bracket: 0
	 Base: 19,8%
	 Effective Percent: 58,2%
----------------------
00:11,309

Intellect
	 Rating: 149085
	 Multiplicative Factor: 13,56%
Stamina
	 Rating: 879958
	 Multiplicative Factor: 11,3%
Crit
	 Rating: 25723
	 Multiplicative Factor: 0%
	 DR Bracket: 1
	 Base: 5%
	 Effective Percent: 41,07%
	 Crit Inc Heal: 2,6
	 Crit Inc Damage: 2
Haste
	 Rating: 21194
	 Multiplicative Factor: 0%
	 DR Bracket: 1
	 Base: 49%
	 Effective Percent: 96,53%
Vers
	 Rating: 6300
	 Multiplicative Factor: 0%
	 DR Bracket: 0
	 Base: 3%
	 Effective Percent: 11,08%
Leech
	 Rating: 0
	 Multiplicative Factor: 0%
	 DR Bracket: 0
	 Base: 2%
	 Effective Percent: 2%
Avoidance
	 Rating: 1635
	 Multiplicative Factor: 0%
	 DR Bracket: 0
	 Base: 0%
	 Effective Percent: 3,01%
Mastery
	 Rating: 14933
	 Multiplicative Factor: 0%
	 DR Bracket: 0
	 Base: 19,8%
	 Effective Percent: 58,2%
----------------------
00:12,321

Intellect
	 Rating: 149085
	 Multiplicative Factor: 13,56%
Stamina
	 Rating: 879958
	 Multiplicative Factor: 11,3%
Crit
	 Rating: 25723
	 Multiplicative Factor: 0%
	 DR Bracket: 1
	 Base: 5%
	 Effective Percent: 41,07%
	 Crit Inc Heal: 2,6
	 Crit Inc Damage: 2
Haste
	 Rating: 21194
	 Multiplicative Factor: 0%
	 DR Bracket: 1
	 Base: 48%
	 Effective Percent: 95,21%
Vers
	 Rating: 6300
	 Multiplicative Factor: 0%
	 DR Bracket: 0
	 Base: 3%
	 Effective Percent: 11,08%
Leech
	 Rating: 0
	 Multiplicative Factor: 0%
	 DR Bracket: 0
	 Base: 2%
	 Effective Percent: 2%
Avoidance
	 Rating: 1635
	 Multiplicative Factor: 0%
	 DR Bracket: 0
	 Base: 0%
	 Effective Percent: 3,01%
Mastery
	 Rating: 14933
	 Multiplicative Factor: 0%
	 DR Bracket: 0
	 Base: 19,8%
	 Effective Percent: 58,2%
----------------------
00:13,308

Intellect
	 Rating: 149085
	 Multiplicative Factor: 13,56%
Stamina
	 Rating: 879958
	 Multiplicative Factor: 11,3%
Crit
	 Rating: 25723
	 Multiplicative Factor: 0%
	 DR Bracket: 1
	 Base: 5%
	 Effective Percent: 41,07%
	 Crit Inc Heal: 2,6
	 Crit Inc Damage: 2
Haste
	 Rating: 21194
	 Multiplicative Factor: 0%
	 DR Bracket: 1
	 Base: 47%
	 Effective Percent: 93,89%
Vers
	 Rating: 6300
	 Multiplicative Factor: 0%
	 DR Bracket: 0
	 Base: 3%
	 Effective Percent: 11,08%
Leech
	 Rating: 0
	 Multiplicative Factor: 0%
	 DR Bracket: 0
	 Base: 2%
	 Effective Percent: 2%
Avoidance
	 Rating: 1635
	 Multiplicative Factor: 0%
	 DR Bracket: 0
	 Base: 0%
	 Effective Percent: 3,01%
Mastery
	 Rating: 14933
	 Multiplicative Factor: 0%
	 DR Bracket: 0
	 Base: 19,8%
	 Effective Percent: 58,2%
----------------------
00:14,310

Intellect
	 Rating: 149085
	 Multiplicative Factor: 13,56%
Stamina
	 Rating: 879958
	 Multiplicative Factor: 11,3%
Crit
	 Rating: 25723
	 Multiplicative Factor: 0%
	 DR Bracket: 1
	 Base: 5%
	 Effective Percent: 41,07%
	 Crit Inc Heal: 2,6
	 Crit Inc Damage: 2
Haste
	 Rating: 21194
	 Multiplicative Factor: 0%
	 DR Bracket: 1
	 Base: 46%
	 Effective Percent: 92,58%
Vers
	 Rating: 6300
	 Multiplicative Factor: 0%
	 DR Bracket: 0
	 Base: 3%
	 Effective Percent: 11,08%
Leech
	 Rating: 0
	 Multiplicative Factor: 0%
	 DR Bracket: 0
	 Base: 2%
	 Effective Percent: 2%
Avoidance
	 Rating: 1635
	 Multiplicative Factor: 0%
	 DR Bracket: 0
	 Base: 0%
	 Effective Percent: 3,01%
Mastery
	 Rating: 14933
	 Multiplicative Factor: 0%
	 DR Bracket: 0
	 Base: 19,8%
	 Effective Percent: 58,2%
----------------------
00:14,807

Intellect
	 Rating: 149085
	 Multiplicative Factor: 13,56%
Stamina
	 Rating: 879958
	 Multiplicative Factor: 11,3%
Crit
	 Rating: 31708
	 Multiplicative Factor: 0%
	 DR Bracket: 2
	 Base: 5%
	 Effective Percent: 48,24%
	 Crit Inc Heal: 2,6
	 Crit Inc Damage: 2
Haste
	 Rating: 21194
	 Multiplicative Factor: 0%
	 DR Bracket: 1
	 Base: 46%
	 Effective Percent: 92,58%
Vers
	 Rating: 6300
	 Multiplicative Factor: 0%
	 DR Bracket: 0
	 Base: 3%
	 Effective Percent: 11,08%
Leech
	 Rating: 0
	 Multiplicative Factor: 0%
	 DR Bracket: 0
	 Base: 2%
	 Effective Percent: 2%
Avoidance
	 Rating: 1635
	 Multiplicative Factor: 0%
	 DR Bracket: 0
	 Base: 0%
	 Effective Percent: 3,01%
Mastery
	 Rating: 14933
	 Multiplicative Factor: 0%
	 DR Bracket: 0
	 Base: 19,8%
	 Effective Percent: 58,2%
----------------------
00:15,314

Intellect
	 Rating: 149085
	 Multiplicative Factor: 13,56%
Stamina
	 Rating: 879958
	 Multiplicative Factor: 11,3%
Crit
	 Rating: 31708
	 Multiplicative Factor: 0%
	 DR Bracket: 2
	 Base: 5%
	 Effective Percent: 48,24%
	 Crit Inc Heal: 2,6
	 Crit Inc Damage: 2
Haste
	 Rating: 21194
	 Multiplicative Factor: 0%
	 DR Bracket: 1
	 Base: 45%
	 Effective Percent: 91,26%
Vers
	 Rating: 6300
	 Multiplicative Factor: 0%
	 DR Bracket: 0
	 Base: 3%
	 Effective Percent: 11,08%
Leech
	 Rating: 0
	 Multiplicative Factor: 0%
	 DR Bracket: 0
	 Base: 2%
	 Effective Percent: 2%
Avoidance
	 Rating: 1635
	 Multiplicative Factor: 0%
	 DR Bracket: 0
	 Base: 0%
	 Effective Percent: 3,01%
Mastery
	 Rating: 14933
	 Multiplicative Factor: 0%
	 DR Bracket: 0
	 Base: 19,8%
	 Effective Percent: 58,2%
----------------------
00:16,326

Intellect
	 Rating: 149085
	 Multiplicative Factor: 13,56%
Stamina
	 Rating: 879958
	 Multiplicative Factor: 11,3%
Crit
	 Rating: 31708
	 Multiplicative Factor: 0%
	 DR Bracket: 2
	 Base: 5%
	 Effective Percent: 48,24%
	 Crit Inc Heal: 2,6
	 Crit Inc Damage: 2
Haste
	 Rating: 21194
	 Multiplicative Factor: 0%
	 DR Bracket: 1
	 Base: 44%
	 Effective Percent: 89,94%
Vers
	 Rating: 6300
	 Multiplicative Factor: 0%
	 DR Bracket: 0
	 Base: 3%
	 Effective Percent: 11,08%
Leech
	 Rating: 0
	 Multiplicative Factor: 0%
	 DR Bracket: 0
	 Base: 2%
	 Effective Percent: 2%
Avoidance
	 Rating: 1635
	 Multiplicative Factor: 0%
	 DR Bracket: 0
	 Base: 0%
	 Effective Percent: 3,01%
Mastery
	 Rating: 14933
	 Multiplicative Factor: 0%
	 DR Bracket: 0
	 Base: 19,8%
	 Effective Percent: 58,2%
----------------------
00:17,321

Intellect
	 Rating: 149085
	 Multiplicative Factor: 13,56%
Stamina
	 Rating: 879958
	 Multiplicative Factor: 11,3%
Crit
	 Rating: 31708
	 Multiplicative Factor: 0%
	 DR Bracket: 2
	 Base: 5%
	 Effective Percent: 48,24%
	 Crit Inc Heal: 2,6
	 Crit Inc Damage: 2
Haste
	 Rating: 21194
	 Multiplicative Factor: 0%
	 DR Bracket: 1
	 Base: 43%
	 Effective Percent: 88,62%
Vers
	 Rating: 6300
	 Multiplicative Factor: 0%
	 DR Bracket: 0
	 Base: 3%
	 Effective Percent: 11,08%
Leech
	 Rating: 0
	 Multiplicative Factor: 0%
	 DR Bracket: 0
	 Base: 2%
	 Effective Percent: 2%
Avoidance
	 Rating: 1635
	 Multiplicative Factor: 0%
	 DR Bracket: 0
	 Base: 0%
	 Effective Percent: 3,01%
Mastery
	 Rating: 14933
	 Multiplicative Factor: 0%
	 DR Bracket: 0
	 Base: 19,8%
	 Effective Percent: 58,2%
----------------------
00:18,327

Intellect
	 Rating: 149085
	 Multiplicative Factor: 13,56%
Stamina
	 Rating: 879958
	 Multiplicative Factor: 11,3%
Crit
	 Rating: 31708
	 Multiplicative Factor: 0%
	 DR Bracket: 2
	 Base: 5%
	 Effective Percent: 48,24%
	 Crit Inc Heal: 2,6
	 Crit Inc Damage: 2
Haste
	 Rating: 21194
	 Multiplicative Factor: 0%
	 DR Bracket: 1
	 Base: 42%
	 Effective Percent: 87,3%
Vers
	 Rating: 6300
	 Multiplicative Factor: 0%
	 DR Bracket: 0
	 Base: 3%
	 Effective Percent: 11,08%
Leech
	 Rating: 0
	 Multiplicative Factor: 0%
	 DR Bracket: 0
	 Base: 2%
	 Effective Percent: 2%
Avoidance
	 Rating: 1635
	 Multiplicative Factor: 0%
	 DR Bracket: 0
	 Base: 0%
	 Effective Percent: 3,01%
Mastery
	 Rating: 14933
	 Multiplicative Factor: 0%
	 DR Bracket: 0
	 Base: 19,8%
	 Effective Percent: 58,2%
----------------------
00:18,718

Intellect
	 Rating: 149085
	 Multiplicative Factor: 13,56%
Stamina
	 Rating: 879958
	 Multiplicative Factor: 11,3%
Crit
	 Rating: 25723
	 Multiplicative Factor: 0%
	 DR Bracket: 1
	 Base: 5%
	 Effective Percent: 41,07%
	 Crit Inc Heal: 2,6
	 Crit Inc Damage: 2
Haste
	 Rating: 21194
	 Multiplicative Factor: 0%
	 DR Bracket: 1
	 Base: 42%
	 Effective Percent: 87,3%
Vers
	 Rating: 6300
	 Multiplicative Factor: 0%
	 DR Bracket: 0
	 Base: 3%
	 Effective Percent: 11,08%
Leech
	 Rating: 0
	 Multiplicative Factor: 0%
	 DR Bracket: 0
	 Base: 2%
	 Effective Percent: 2%
Avoidance
	 Rating: 1635
	 Multiplicative Factor: 0%
	 DR Bracket: 0
	 Base: 0%
	 Effective Percent: 3,01%
Mastery
	 Rating: 14933
	 Multiplicative Factor: 0%
	 DR Bracket: 0
	 Base: 19,8%
	 Effective Percent: 58,2%
----------------------
00:19,310

Intellect
	 Rating: 149085
	 Multiplicative Factor: 13,56%
Stamina
	 Rating: 879958
	 Multiplicative Factor: 11,3%
Crit
	 Rating: 25723
	 Multiplicative Factor: 0%
	 DR Bracket: 1
	 Base: 5%
	 Effective Percent: 41,07%
	 Crit Inc Heal: 2,6
	 Crit Inc Damage: 2
Haste
	 Rating: 21194
	 Multiplicative Factor: 0%
	 DR Bracket: 1
	 Base: 41%
	 Effective Percent: 85,98%
Vers
	 Rating: 6300
	 Multiplicative Factor: 0%
	 DR Bracket: 0
	 Base: 3%
	 Effective Percent: 11,08%
Leech
	 Rating: 0
	 Multiplicative Factor: 0%
	 DR Bracket: 0
	 Base: 2%
	 Effective Percent: 2%
Avoidance
	 Rating: 1635
	 Multiplicative Factor: 0%
	 DR Bracket: 0
	 Base: 0%
	 Effective Percent: 3,01%
Mastery
	 Rating: 14933
	 Multiplicative Factor: 0%
	 DR Bracket: 0
	 Base: 19,8%
	 Effective Percent: 58,2%
----------------------
00:20,325

Intellect
	 Rating: 149085
	 Multiplicative Factor: 13,56%
Stamina
	 Rating: 879958
	 Multiplicative Factor: 11,3%
Crit
	 Rating: 25723
	 Multiplicative Factor: 0%
	 DR Bracket: 1
	 Base: 5%
	 Effective Percent: 41,07%
	 Crit Inc Heal: 2,6
	 Crit Inc Damage: 2
Haste
	 Rating: 21194
	 Multiplicative Factor: 0%
	 DR Bracket: 1
	 Base: 40%
	 Effective Percent: 84,66%
Vers
	 Rating: 6300
	 Multiplicative Factor: 0%
	 DR Bracket: 0
	 Base: 3%
	 Effective Percent: 11,08%
Leech
	 Rating: 0
	 Multiplicative Factor: 0%
	 DR Bracket: 0
	 Base: 2%
	 Effective Percent: 2%
Avoidance
	 Rating: 1635
	 Multiplicative Factor: 0%
	 DR Bracket: 0
	 Base: 0%
	 Effective Percent: 3,01%
Mastery
	 Rating: 14933
	 Multiplicative Factor: 0%
	 DR Bracket: 0
	 Base: 19,8%
	 Effective Percent: 58,2%
----------------------
00:21,318

Intellect
	 Rating: 149085
	 Multiplicative Factor: 13,56%
Stamina
	 Rating: 879958
	 Multiplicative Factor: 11,3%
Crit
	 Rating: 25723
	 Multiplicative Factor: 0%
	 DR Bracket: 1
	 Base: 5%
	 Effective Percent: 41,07%
	 Crit Inc Heal: 2,6
	 Crit Inc Damage: 2
Haste
	 Rating: 21194
	 Multiplicative Factor: 0%
	 DR Bracket: 1
	 Base: 39%
	 Effective Percent: 83,34%
Vers
	 Rating: 6300
	 Multiplicative Factor: 0%
	 DR Bracket: 0
	 Base: 3%
	 Effective Percent: 11,08%
Leech
	 Rating: 0
	 Multiplicative Factor: 0%
	 DR Bracket: 0
	 Base: 2%
	 Effective Percent: 2%
Avoidance
	 Rating: 1635
	 Multiplicative Factor: 0%
	 DR Bracket: 0
	 Base: 0%
	 Effective Percent: 3,01%
Mastery
	 Rating: 14933
	 Multiplicative Factor: 0%
	 DR Bracket: 0
	 Base: 19,8%
	 Effective Percent: 58,2%
----------------------
00:22,312

Intellect
	 Rating: 149085
	 Multiplicative Factor: 13,56%
Stamina
	 Rating: 879958
	 Multiplicative Factor: 11,3%
Crit
	 Rating: 25723
	 Multiplicative Factor: 0%
	 DR Bracket: 1
	 Base: 5%
	 Effective Percent: 41,07%
	 Crit Inc Heal: 2,6
	 Crit Inc Damage: 2
Haste
	 Rating: 21194
	 Multiplicative Factor: 0%
	 DR Bracket: 1
	 Base: 38%
	 Effective Percent: 82,02%
Vers
	 Rating: 6300
	 Multiplicative Factor: 0%
	 DR Bracket: 0
	 Base: 3%
	 Effective Percent: 11,08%
Leech
	 Rating: 0
	 Multiplicative Factor: 0%
	 DR Bracket: 0
	 Base: 2%
	 Effective Percent: 2%
Avoidance
	 Rating: 1635
	 Multiplicative Factor: 0%
	 DR Bracket: 0
	 Base: 0%
	 Effective Percent: 3,01%
Mastery
	 Rating: 14933
	 Multiplicative Factor: 0%
	 DR Bracket: 0
	 Base: 19,8%
	 Effective Percent: 58,2%
----------------------
00:23,317

Intellect
	 Rating: 149085
	 Multiplicative Factor: 13,56%
Stamina
	 Rating: 879958
	 Multiplicative Factor: 11,3%
Crit
	 Rating: 25723
	 Multiplicative Factor: 0%
	 DR Bracket: 1
	 Base: 5%
	 Effective Percent: 41,07%
	 Crit Inc Heal: 2,6
	 Crit Inc Damage: 2
Haste
	 Rating: 21194
	 Multiplicative Factor: 0%
	 DR Bracket: 1
	 Base: 37%
	 Effective Percent: 80,7%
Vers
	 Rating: 6300
	 Multiplicative Factor: 0%
	 DR Bracket: 0
	 Base: 3%
	 Effective Percent: 11,08%
Leech
	 Rating: 0
	 Multiplicative Factor: 0%
	 DR Bracket: 0
	 Base: 2%
	 Effective Percent: 2%
Avoidance
	 Rating: 1635
	 Multiplicative Factor: 0%
	 DR Bracket: 0
	 Base: 0%
	 Effective Percent: 3,01%
Mastery
	 Rating: 14933
	 Multiplicative Factor: 0%
	 DR Bracket: 0
	 Base: 19,8%
	 Effective Percent: 58,2%
----------------------
00:24,322

Intellect
	 Rating: 149085
	 Multiplicative Factor: 13,56%
Stamina
	 Rating: 879958
	 Multiplicative Factor: 11,3%
Crit
	 Rating: 25723
	 Multiplicative Factor: 0%
	 DR Bracket: 1
	 Base: 5%
	 Effective Percent: 41,07%
	 Crit Inc Heal: 2,6
	 Crit Inc Damage: 2
Haste
	 Rating: 21194
	 Multiplicative Factor: 0%
	 DR Bracket: 1
	 Base: 36%
	 Effective Percent: 79,39%
Vers
	 Rating: 6300
	 Multiplicative Factor: 0%
	 DR Bracket: 0
	 Base: 3%
	 Effective Percent: 11,08%
Leech
	 Rating: 0
	 Multiplicative Factor: 0%
	 DR Bracket: 0
	 Base: 2%
	 Effective Percent: 2%
Avoidance
	 Rating: 1635
	 Multiplicative Factor: 0%
	 DR Bracket: 0
	 Base: 0%
	 Effective Percent: 3,01%
Mastery
	 Rating: 14933
	 Multiplicative Factor: 0%
	 DR Bracket: 0
	 Base: 19,8%
	 Effective Percent: 58,2%
----------------------
00:24,673

Intellect
	 Rating: 149085
	 Multiplicative Factor: 13,56%
Stamina
	 Rating: 879958
	 Multiplicative Factor: 11,3%
Crit
	 Rating: 25723
	 Multiplicative Factor: 0%
	 DR Bracket: 1
	 Base: 5%
	 Effective Percent: 41,07%
	 Crit Inc Heal: 2,6
	 Crit Inc Damage: 2
Haste
	 Rating: 21194
	 Multiplicative Factor: 0%
	 DR Bracket: 1
	 Base: 39%
	 Effective Percent: 83,34%
Vers
	 Rating: 6300
	 Multiplicative Factor: 0%
	 DR Bracket: 0
	 Base: 3%
	 Effective Percent: 11,08%
Leech
	 Rating: 0
	 Multiplicative Factor: 0%
	 DR Bracket: 0
	 Base: 2%
	 Effective Percent: 2%
Avoidance
	 Rating: 1635
	 Multiplicative Factor: 0%
	 DR Bracket: 0
	 Base: 0%
	 Effective Percent: 3,01%
Mastery
	 Rating: 14933
	 Multiplicative Factor: 0%
	 DR Bracket: 0
	 Base: 19,8%
	 Effective Percent: 58,2%
----------------------
00:24,678

Intellect
	 Rating: 149085
	 Multiplicative Factor: 13,56%
Stamina
	 Rating: 879958
	 Multiplicative Factor: 11,3%
Crit
	 Rating: 25723
	 Multiplicative Factor: 0%
	 DR Bracket: 1
	 Base: 5%
	 Effective Percent: 41,07%
	 Crit Inc Heal: 2,6
	 Crit Inc Damage: 2
Haste
	 Rating: 21194
	 Multiplicative Factor: 0%
	 DR Bracket: 1
	 Base: 42%
	 Effective Percent: 87,3%
Vers
	 Rating: 6300
	 Multiplicative Factor: 0%
	 DR Bracket: 0
	 Base: 3%
	 Effective Percent: 11,08%
Leech
	 Rating: 0
	 Multiplicative Factor: 0%
	 DR Bracket: 0
	 Base: 2%
	 Effective Percent: 2%
Avoidance
	 Rating: 1635
	 Multiplicative Factor: 0%
	 DR Bracket: 0
	 Base: 0%
	 Effective Percent: 3,01%
Mastery
	 Rating: 14933
	 Multiplicative Factor: 0%
	 DR Bracket: 0
	 Base: 19,8%
	 Effective Percent: 58,2%
----------------------
00:24,678

Intellect
	 Rating: 149085
	 Multiplicative Factor: 13,56%
Stamina
	 Rating: 879958
	 Multiplicative Factor: 11,3%
Crit
	 Rating: 25723
	 Multiplicative Factor: 0%
	 DR Bracket: 1
	 Base: 5%
	 Effective Percent: 41,07%
	 Crit Inc Heal: 2,6
	 Crit Inc Damage: 2
Haste
	 Rating: 21194
	 Multiplicative Factor: 0%
	 DR Bracket: 1
	 Base: 45%
	 Effective Percent: 91,26%
Vers
	 Rating: 6300
	 Multiplicative Factor: 0%
	 DR Bracket: 0
	 Base: 3%
	 Effective Percent: 11,08%
Leech
	 Rating: 0
	 Multiplicative Factor: 0%
	 DR Bracket: 0
	 Base: 2%
	 Effective Percent: 2%
Avoidance
	 Rating: 1635
	 Multiplicative Factor: 0%
	 DR Bracket: 0
	 Base: 0%
	 Effective Percent: 3,01%
Mastery
	 Rating: 14933
	 Multiplicative Factor: 0%
	 DR Bracket: 0
	 Base: 19,8%
	 Effective Percent: 58,2%
----------------------
00:24,834

Intellect
	 Rating: 149085
	 Multiplicative Factor: 13,56%
Stamina
	 Rating: 879958
	 Multiplicative Factor: 11,3%
Crit
	 Rating: 19738
	 Multiplicative Factor: 0%
	 DR Bracket: 0
	 Base: 5%
	 Effective Percent: 33,2%
	 Crit Inc Heal: 2,6
	 Crit Inc Damage: 2
Haste
	 Rating: 21194
	 Multiplicative Factor: 0%
	 DR Bracket: 1
	 Base: 45%
	 Effective Percent: 91,26%
Vers
	 Rating: 6300
	 Multiplicative Factor: 0%
	 DR Bracket: 0
	 Base: 3%
	 Effective Percent: 11,08%
Leech
	 Rating: 0
	 Multiplicative Factor: 0%
	 DR Bracket: 0
	 Base: 2%
	 Effective Percent: 2%
Avoidance
	 Rating: 1635
	 Multiplicative Factor: 0%
	 DR Bracket: 0
	 Base: 0%
	 Effective Percent: 3,01%
Mastery
	 Rating: 14933
	 Multiplicative Factor: 0%
	 DR Bracket: 0
	 Base: 19,8%
	 Effective Percent: 58,2%
----------------------
00:25,334

Intellect
	 Rating: 149085
	 Multiplicative Factor: 13,56%
Stamina
	 Rating: 879958
	 Multiplicative Factor: 11,3%
Crit
	 Rating: 19738
	 Multiplicative Factor: 0%
	 DR Bracket: 0
	 Base: 5%
	 Effective Percent: 33,2%
	 Crit Inc Heal: 2,6
	 Crit Inc Damage: 2
Haste
	 Rating: 21194
	 Multiplicative Factor: 0%
	 DR Bracket: 1
	 Base: 44%
	 Effective Percent: 89,94%
Vers
	 Rating: 6300
	 Multiplicative Factor: 0%
	 DR Bracket: 0
	 Base: 3%
	 Effective Percent: 11,08%
Leech
	 Rating: 0
	 Multiplicative Factor: 0%
	 DR Bracket: 0
	 Base: 2%
	 Effective Percent: 2%
Avoidance
	 Rating: 1635
	 Multiplicative Factor: 0%
	 DR Bracket: 0
	 Base: 0%
	 Effective Percent: 3,01%
Mastery
	 Rating: 14933
	 Multiplicative Factor: 0%
	 DR Bracket: 0
	 Base: 19,8%
	 Effective Percent: 58,2%
----------------------
00:26,311

Intellect
	 Rating: 149085
	 Multiplicative Factor: 13,56%
Stamina
	 Rating: 879958
	 Multiplicative Factor: 11,3%
Crit
	 Rating: 19738
	 Multiplicative Factor: 0%
	 DR Bracket: 0
	 Base: 5%
	 Effective Percent: 33,2%
	 Crit Inc Heal: 2,6
	 Crit Inc Damage: 2
Haste
	 Rating: 21194
	 Multiplicative Factor: 0%
	 DR Bracket: 1
	 Base: 43%
	 Effective Percent: 88,62%
Vers
	 Rating: 6300
	 Multiplicative Factor: 0%
	 DR Bracket: 0
	 Base: 3%
	 Effective Percent: 11,08%
Leech
	 Rating: 0
	 Multiplicative Factor: 0%
	 DR Bracket: 0
	 Base: 2%
	 Effective Percent: 2%
Avoidance
	 Rating: 1635
	 Multiplicative Factor: 0%
	 DR Bracket: 0
	 Base: 0%
	 Effective Percent: 3,01%
Mastery
	 Rating: 14933
	 Multiplicative Factor: 0%
	 DR Bracket: 0
	 Base: 19,8%
	 Effective Percent: 58,2%
----------------------
00:27,310

Intellect
	 Rating: 149085
	 Multiplicative Factor: 13,56%
Stamina
	 Rating: 879958
	 Multiplicative Factor: 11,3%
Crit
	 Rating: 19738
	 Multiplicative Factor: 0%
	 DR Bracket: 0
	 Base: 5%
	 Effective Percent: 33,2%
	 Crit Inc Heal: 2,6
	 Crit Inc Damage: 2
Haste
	 Rating: 21194
	 Multiplicative Factor: 0%
	 DR Bracket: 1
	 Base: 42%
	 Effective Percent: 87,3%
Vers
	 Rating: 6300
	 Multiplicative Factor: 0%
	 DR Bracket: 0
	 Base: 3%
	 Effective Percent: 11,08%
Leech
	 Rating: 0
	 Multiplicative Factor: 0%
	 DR Bracket: 0
	 Base: 2%
	 Effective Percent: 2%
Avoidance
	 Rating: 1635
	 Multiplicative Factor: 0%
	 DR Bracket: 0
	 Base: 0%
	 Effective Percent: 3,01%
Mastery
	 Rating: 14933
	 Multiplicative Factor: 0%
	 DR Bracket: 0
	 Base: 19,8%
	 Effective Percent: 58,2%
----------------------
00:28,307

Intellect
	 Rating: 149085
	 Multiplicative Factor: 13,56%
Stamina
	 Rating: 879958
	 Multiplicative Factor: 11,3%
Crit
	 Rating: 19738
	 Multiplicative Factor: 0%
	 DR Bracket: 0
	 Base: 5%
	 Effective Percent: 33,2%
	 Crit Inc Heal: 2,6
	 Crit Inc Damage: 2
Haste
	 Rating: 21194
	 Multiplicative Factor: 0%
	 DR Bracket: 1
	 Base: 41%
	 Effective Percent: 85,98%
Vers
	 Rating: 6300
	 Multiplicative Factor: 0%
	 DR Bracket: 0
	 Base: 3%
	 Effective Percent: 11,08%
Leech
	 Rating: 0
	 Multiplicative Factor: 0%
	 DR Bracket: 0
	 Base: 2%
	 Effective Percent: 2%
Avoidance
	 Rating: 1635
	 Multiplicative Factor: 0%
	 DR Bracket: 0
	 Base: 0%
	 Effective Percent: 3,01%
Mastery
	 Rating: 14933
	 Multiplicative Factor: 0%
	 DR Bracket: 0
	 Base: 19,8%
	 Effective Percent: 58,2%
----------------------
00:29,332

Intellect
	 Rating: 149085
	 Multiplicative Factor: 13,56%
Stamina
	 Rating: 879958
	 Multiplicative Factor: 11,3%
Crit
	 Rating: 19738
	 Multiplicative Factor: 0%
	 DR Bracket: 0
	 Base: 5%
	 Effective Percent: 33,2%
	 Crit Inc Heal: 2,6
	 Crit Inc Damage: 2
Haste
	 Rating: 21194
	 Multiplicative Factor: 0%
	 DR Bracket: 1
	 Base: 40%
	 Effective Percent: 84,66%
Vers
	 Rating: 6300
	 Multiplicative Factor: 0%
	 DR Bracket: 0
	 Base: 3%
	 Effective Percent: 11,08%
Leech
	 Rating: 0
	 Multiplicative Factor: 0%
	 DR Bracket: 0
	 Base: 2%
	 Effective Percent: 2%
Avoidance
	 Rating: 1635
	 Multiplicative Factor: 0%
	 DR Bracket: 0
	 Base: 0%
	 Effective Percent: 3,01%
Mastery
	 Rating: 14933
	 Multiplicative Factor: 0%
	 DR Bracket: 0
	 Base: 19,8%
	 Effective Percent: 58,2%
----------------------
00:30,318

Intellect
	 Rating: 149085
	 Multiplicative Factor: 13,56%
Stamina
	 Rating: 879958
	 Multiplicative Factor: 11,3%
Crit
	 Rating: 19738
	 Multiplicative Factor: 0%
	 DR Bracket: 0
	 Base: 5%
	 Effective Percent: 33,2%
	 Crit Inc Heal: 2,6
	 Crit Inc Damage: 2
Haste
	 Rating: 21194
	 Multiplicative Factor: 0%
	 DR Bracket: 1
	 Base: 39%
	 Effective Percent: 83,34%
Vers
	 Rating: 6300
	 Multiplicative Factor: 0%
	 DR Bracket: 0
	 Base: 3%
	 Effective Percent: 11,08%
Leech
	 Rating: 0
	 Multiplicative Factor: 0%
	 DR Bracket: 0
	 Base: 2%
	 Effective Percent: 2%
Avoidance
	 Rating: 1635
	 Multiplicative Factor: 0%
	 DR Bracket: 0
	 Base: 0%
	 Effective Percent: 3,01%
Mastery
	 Rating: 14933
	 Multiplicative Factor: 0%
	 DR Bracket: 0
	 Base: 19,8%
	 Effective Percent: 58,2%
----------------------
00:34,448

Intellect
	 Rating: 149085
	 Multiplicative Factor: 13,56%
Stamina
	 Rating: 879958
	 Multiplicative Factor: 11,3%
Crit
	 Rating: 19738
	 Multiplicative Factor: 0%
	 DR Bracket: 0
	 Base: 5%
	 Effective Percent: 33,2%
	 Crit Inc Heal: 2,6
	 Crit Inc Damage: 2
Haste
	 Rating: 21194
	 Multiplicative Factor: 0%
	 DR Bracket: 1
	 Base: 30%
	 Effective Percent: 71,47%
Vers
	 Rating: 6300
	 Multiplicative Factor: 0%
	 DR Bracket: 0
	 Base: 3%
	 Effective Percent: 11,08%
Leech
	 Rating: 0
	 Multiplicative Factor: 0%
	 DR Bracket: 0
	 Base: 2%
	 Effective Percent: 2%
Avoidance
	 Rating: 1635
	 Multiplicative Factor: 0%
	 DR Bracket: 0
	 Base: 0%
	 Effective Percent: 3,01%
Mastery
	 Rating: 14933
	 Multiplicative Factor: 0%
	 DR Bracket: 0
	 Base: 19,8%
	 Effective Percent: 58,2%
----------------------
00:40,779

Intellect
	 Rating: 149085
	 Multiplicative Factor: 13,56%
Stamina
	 Rating: 879958
	 Multiplicative Factor: 11,3%
Crit
	 Rating: 25723
	 Multiplicative Factor: 0%
	 DR Bracket: 1
	 Base: 5%
	 Effective Percent: 41,07%
	 Crit Inc Heal: 2,6
	 Crit Inc Damage: 2
Haste
	 Rating: 21194
	 Multiplicative Factor: 0%
	 DR Bracket: 1
	 Base: 30%
	 Effective Percent: 71,47%
Vers
	 Rating: 6300
	 Multiplicative Factor: 0%
	 DR Bracket: 0
	 Base: 3%
	 Effective Percent: 11,08%
Leech
	 Rating: 0
	 Multiplicative Factor: 0%
	 DR Bracket: 0
	 Base: 2%
	 Effective Percent: 2%
Avoidance
	 Rating: 1635
	 Multiplicative Factor: 0%
	 DR Bracket: 0
	 Base: 0%
	 Effective Percent: 3,01%
Mastery
	 Rating: 14933
	 Multiplicative Factor: 0%
	 DR Bracket: 0
	 Base: 19,8%
	 Effective Percent: 58,2%
----------------------
00:44,146

Intellect
	 Rating: 149085
	 Multiplicative Factor: 13,56%
Stamina
	 Rating: 879958
	 Multiplicative Factor: 11,3%
Crit
	 Rating: 25723
	 Multiplicative Factor: 0%
	 DR Bracket: 1
	 Base: 5%
	 Effective Percent: 41,07%
	 Crit Inc Heal: 2,6
	 Crit Inc Damage: 2
Haste
	 Rating: 21194
	 Multiplicative Factor: 0%
	 DR Bracket: 1
	 Base: 0%
	 Effective Percent: 31,9%
Vers
	 Rating: 6300
	 Multiplicative Factor: 0%
	 DR Bracket: 0
	 Base: 3%
	 Effective Percent: 11,08%
Leech
	 Rating: 0
	 Multiplicative Factor: 0%
	 DR Bracket: 0
	 Base: 2%
	 Effective Percent: 2%
Avoidance
	 Rating: 1635
	 Multiplicative Factor: 0%
	 DR Bracket: 0
	 Base: 0%
	 Effective Percent: 3,01%
Mastery
	 Rating: 14933
	 Multiplicative Factor: 0%
	 DR Bracket: 0
	 Base: 19,8%
	 Effective Percent: 58,2%
----------------------
00:45,286

Intellect
	 Rating: 149085
	 Multiplicative Factor: 13,56%
Stamina
	 Rating: 879958
	 Multiplicative Factor: 11,3%
Crit
	 Rating: 31708
	 Multiplicative Factor: 0%
	 DR Bracket: 2
	 Base: 5%
	 Effective Percent: 48,24%
	 Crit Inc Heal: 2,6
	 Crit Inc Damage: 2
Haste
	 Rating: 21194
	 Multiplicative Factor: 0%
	 DR Bracket: 1
	 Base: 0%
	 Effective Percent: 31,9%
Vers
	 Rating: 6300
	 Multiplicative Factor: 0%
	 DR Bracket: 0
	 Base: 3%
	 Effective Percent: 11,08%
Leech
	 Rating: 0
	 Multiplicative Factor: 0%
	 DR Bracket: 0
	 Base: 2%
	 Effective Percent: 2%
Avoidance
	 Rating: 1635
	 Multiplicative Factor: 0%
	 DR Bracket: 0
	 Base: 0%
	 Effective Percent: 3,01%
Mastery
	 Rating: 14933
	 Multiplicative Factor: 0%
	 DR Bracket: 0
	 Base: 19,8%
	 Effective Percent: 58,2%
----------------------
00:45,286

Intellect
	 Rating: 149085
	 Multiplicative Factor: 13,56%
Stamina
	 Rating: 879958
	 Multiplicative Factor: 11,3%
Crit
	 Rating: 37693
	 Multiplicative Factor: 0%
	 DR Bracket: 3
	 Base: 5%
	 Effective Percent: 54,69%
	 Crit Inc Heal: 2,6
	 Crit Inc Damage: 2
Haste
	 Rating: 21194
	 Multiplicative Factor: 0%
	 DR Bracket: 1
	 Base: 0%
	 Effective Percent: 31,9%
Vers
	 Rating: 6300
	 Multiplicative Factor: 0%
	 DR Bracket: 0
	 Base: 3%
	 Effective Percent: 11,08%
Leech
	 Rating: 0
	 Multiplicative Factor: 0%
	 DR Bracket: 0
	 Base: 2%
	 Effective Percent: 2%
Avoidance
	 Rating: 1635
	 Multiplicative Factor: 0%
	 DR Bracket: 0
	 Base: 0%
	 Effective Percent: 3,01%
Mastery
	 Rating: 14933
	 Multiplicative Factor: 0%
	 DR Bracket: 0
	 Base: 19,8%
	 Effective Percent: 58,2%
----------------------
00:45,640

Intellect
	 Rating: 141986
	 Multiplicative Factor: 8,15%
Stamina
	 Rating: 879958
	 Multiplicative Factor: 11,3%
Crit
	 Rating: 37693
	 Multiplicative Factor: 0%
	 DR Bracket: 3
	 Base: 5%
	 Effective Percent: 54,69%
	 Crit Inc Heal: 2,6
	 Crit Inc Damage: 2
Haste
	 Rating: 21194
	 Multiplicative Factor: 0%
	 DR Bracket: 1
	 Base: 0%
	 Effective Percent: 31,9%
Vers
	 Rating: 6300
	 Multiplicative Factor: 0%
	 DR Bracket: 0
	 Base: 3%
	 Effective Percent: 11,08%
Leech
	 Rating: 0
	 Multiplicative Factor: 0%
	 DR Bracket: 0
	 Base: 2%
	 Effective Percent: 2%
Avoidance
	 Rating: 1635
	 Multiplicative Factor: 0%
	 DR Bracket: 0
	 Base: 0%
	 Effective Percent: 3,01%
Mastery
	 Rating: 14933
	 Multiplicative Factor: 0%
	 DR Bracket: 0
	 Base: 19,8%
	 Effective Percent: 58,2%
----------------------
00:46,013

Intellect
	 Rating: 149085
	 Multiplicative Factor: 13,56%
Stamina
	 Rating: 879958
	 Multiplicative Factor: 11,3%
Crit
	 Rating: 37693
	 Multiplicative Factor: 0%
	 DR Bracket: 3
	 Base: 5%
	 Effective Percent: 54,69%
	 Crit Inc Heal: 2,6
	 Crit Inc Damage: 2
Haste
	 Rating: 21194
	 Multiplicative Factor: 0%
	 DR Bracket: 1
	 Base: 0%
	 Effective Percent: 31,9%
Vers
	 Rating: 6300
	 Multiplicative Factor: 0%
	 DR Bracket: 0
	 Base: 3%
	 Effective Percent: 11,08%
Leech
	 Rating: 0
	 Multiplicative Factor: 0%
	 DR Bracket: 0
	 Base: 2%
	 Effective Percent: 2%
Avoidance
	 Rating: 1635
	 Multiplicative Factor: 0%
	 DR Bracket: 0
	 Base: 0%
	 Effective Percent: 3,01%
Mastery
	 Rating: 14933
	 Multiplicative Factor: 0%
	 DR Bracket: 0
	 Base: 19,8%
	 Effective Percent: 58,2%
----------------------
00:50,786

Intellect
	 Rating: 149085
	 Multiplicative Factor: 13,56%
Stamina
	 Rating: 879958
	 Multiplicative Factor: 11,3%
Crit
	 Rating: 31708
	 Multiplicative Factor: 0%
	 DR Bracket: 2
	 Base: 5%
	 Effective Percent: 48,24%
	 Crit Inc Heal: 2,6
	 Crit Inc Damage: 2
Haste
	 Rating: 21194
	 Multiplicative Factor: 0%
	 DR Bracket: 1
	 Base: 0%
	 Effective Percent: 31,9%
Vers
	 Rating: 6300
	 Multiplicative Factor: 0%
	 DR Bracket: 0
	 Base: 3%
	 Effective Percent: 11,08%
Leech
	 Rating: 0
	 Multiplicative Factor: 0%
	 DR Bracket: 0
	 Base: 2%
	 Effective Percent: 2%
Avoidance
	 Rating: 1635
	 Multiplicative Factor: 0%
	 DR Bracket: 0
	 Base: 0%
	 Effective Percent: 3,01%
Mastery
	 Rating: 14933
	 Multiplicative Factor: 0%
	 DR Bracket: 0
	 Base: 19,8%
	 Effective Percent: 58,2%
----------------------
00:51,281

Intellect
	 Rating: 149085
	 Multiplicative Factor: 13,56%
Stamina
	 Rating: 879958
	 Multiplicative Factor: 11,3%
Crit
	 Rating: 31708
	 Multiplicative Factor: 0%
	 DR Bracket: 2
	 Base: 5%
	 Effective Percent: 48,24%
	 Crit Inc Heal: 2,6
	 Crit Inc Damage: 2
Haste
	 Rating: 21194
	 Multiplicative Factor: 0%
	 DR Bracket: 1
	 Base: 1%
	 Effective Percent: 33,22%
Vers
	 Rating: 6300
	 Multiplicative Factor: 0%
	 DR Bracket: 0
	 Base: 3%
	 Effective Percent: 11,08%
Leech
	 Rating: 0
	 Multiplicative Factor: 0%
	 DR Bracket: 0
	 Base: 2%
	 Effective Percent: 2%
Avoidance
	 Rating: 1635
	 Multiplicative Factor: 0%
	 DR Bracket: 0
	 Base: 0%
	 Effective Percent: 3,01%
Mastery
	 Rating: 14933
	 Multiplicative Factor: 0%
	 DR Bracket: 0
	 Base: 19,8%
	 Effective Percent: 58,2%
----------------------
00:51,470

Intellect
	 Rating: 149085
	 Multiplicative Factor: 13,56%
Stamina
	 Rating: 879958
	 Multiplicative Factor: 11,3%
Crit
	 Rating: 31708
	 Multiplicative Factor: 0%
	 DR Bracket: 2
	 Base: 5%
	 Effective Percent: 48,24%
	 Crit Inc Heal: 2,6
	 Crit Inc Damage: 2
Haste
	 Rating: 21194
	 Multiplicative Factor: 0%
	 DR Bracket: 1
	 Base: 4%
	 Effective Percent: 37,18%
Vers
	 Rating: 6300
	 Multiplicative Factor: 0%
	 DR Bracket: 0
	 Base: 3%
	 Effective Percent: 11,08%
Leech
	 Rating: 0
	 Multiplicative Factor: 0%
	 DR Bracket: 0
	 Base: 2%
	 Effective Percent: 2%
Avoidance
	 Rating: 1635
	 Multiplicative Factor: 0%
	 DR Bracket: 0
	 Base: 0%
	 Effective Percent: 3,01%
Mastery
	 Rating: 14933
	 Multiplicative Factor: 0%
	 DR Bracket: 0
	 Base: 19,8%
	 Effective Percent: 58,2%
----------------------
00:51,507

Intellect
	 Rating: 149085
	 Multiplicative Factor: 13,56%
Stamina
	 Rating: 879958
	 Multiplicative Factor: 11,3%
Crit
	 Rating: 31708
	 Multiplicative Factor: 0%
	 DR Bracket: 2
	 Base: 5%
	 Effective Percent: 48,24%
	 Crit Inc Heal: 2,6
	 Crit Inc Damage: 2
Haste
	 Rating: 21194
	 Multiplicative Factor: 0%
	 DR Bracket: 1
	 Base: 10%
	 Effective Percent: 45,09%
Vers
	 Rating: 6300
	 Multiplicative Factor: 0%
	 DR Bracket: 0
	 Base: 3%
	 Effective Percent: 11,08%
Leech
	 Rating: 0
	 Multiplicative Factor: 0%
	 DR Bracket: 0
	 Base: 2%
	 Effective Percent: 2%
Avoidance
	 Rating: 1635
	 Multiplicative Factor: 0%
	 DR Bracket: 0
	 Base: 0%
	 Effective Percent: 3,01%
Mastery
	 Rating: 14933
	 Multiplicative Factor: 0%
	 DR Bracket: 0
	 Base: 19,8%
	 Effective Percent: 58,2%
----------------------
00:51,507

Intellect
	 Rating: 149085
	 Multiplicative Factor: 13,56%
Stamina
	 Rating: 879958
	 Multiplicative Factor: 11,3%
Crit
	 Rating: 31708
	 Multiplicative Factor: 0%
	 DR Bracket: 2
	 Base: 5%
	 Effective Percent: 48,24%
	 Crit Inc Heal: 2,6
	 Crit Inc Damage: 2
Haste
	 Rating: 21194
	 Multiplicative Factor: 0%
	 DR Bracket: 1
	 Base: 7%
	 Effective Percent: 41,13%
Vers
	 Rating: 6300
	 Multiplicative Factor: 0%
	 DR Bracket: 0
	 Base: 3%
	 Effective Percent: 11,08%
Leech
	 Rating: 0
	 Multiplicative Factor: 0%
	 DR Bracket: 0
	 Base: 2%
	 Effective Percent: 2%
Avoidance
	 Rating: 1635
	 Multiplicative Factor: 0%
	 DR Bracket: 0
	 Base: 0%
	 Effective Percent: 3,01%
Mastery
	 Rating: 14933
	 Multiplicative Factor: 0%
	 DR Bracket: 0
	 Base: 19,8%
	 Effective Percent: 58,2%
----------------------
00:52,280

Intellect
	 Rating: 149085
	 Multiplicative Factor: 13,56%
Stamina
	 Rating: 879958
	 Multiplicative Factor: 11,3%
Crit
	 Rating: 31708
	 Multiplicative Factor: 0%
	 DR Bracket: 2
	 Base: 5%
	 Effective Percent: 48,24%
	 Crit Inc Heal: 2,6
	 Crit Inc Damage: 2
Haste
	 Rating: 21194
	 Multiplicative Factor: 0%
	 DR Bracket: 1
	 Base: 35%
	 Effective Percent: 78,07%
Vers
	 Rating: 6300
	 Multiplicative Factor: 0%
	 DR Bracket: 0
	 Base: 3%
	 Effective Percent: 11,08%
Leech
	 Rating: 0
	 Multiplicative Factor: 0%
	 DR Bracket: 0
	 Base: 2%
	 Effective Percent: 2%
Avoidance
	 Rating: 1635
	 Multiplicative Factor: 0%
	 DR Bracket: 0
	 Base: 0%
	 Effective Percent: 3,01%
Mastery
	 Rating: 14933
	 Multiplicative Factor: 0%
	 DR Bracket: 0
	 Base: 19,8%
	 Effective Percent: 58,2%
----------------------
00:53,276

Intellect
	 Rating: 149085
	 Multiplicative Factor: 13,56%
Stamina
	 Rating: 879958
	 Multiplicative Factor: 11,3%
Crit
	 Rating: 31708
	 Multiplicative Factor: 0%
	 DR Bracket: 2
	 Base: 5%
	 Effective Percent: 48,24%
	 Crit Inc Heal: 2,6
	 Crit Inc Damage: 2
Haste
	 Rating: 21194
	 Multiplicative Factor: 0%
	 DR Bracket: 1
	 Base: 34%
	 Effective Percent: 76,75%
Vers
	 Rating: 6300
	 Multiplicative Factor: 0%
	 DR Bracket: 0
	 Base: 3%
	 Effective Percent: 11,08%
Leech
	 Rating: 0
	 Multiplicative Factor: 0%
	 DR Bracket: 0
	 Base: 2%
	 Effective Percent: 2%
Avoidance
	 Rating: 1635
	 Multiplicative Factor: 0%
	 DR Bracket: 0
	 Base: 0%
	 Effective Percent: 3,01%
Mastery
	 Rating: 14933
	 Multiplicative Factor: 0%
	 DR Bracket: 0
	 Base: 19,8%
	 Effective Percent: 58,2%
----------------------
00:54,262

Intellect
	 Rating: 149085
	 Multiplicative Factor: 13,56%
Stamina
	 Rating: 879958
	 Multiplicative Factor: 11,3%
Crit
	 Rating: 31708
	 Multiplicative Factor: 0%
	 DR Bracket: 2
	 Base: 5%
	 Effective Percent: 48,24%
	 Crit Inc Heal: 2,6
	 Crit Inc Damage: 2
Haste
	 Rating: 21194
	 Multiplicative Factor: 0%
	 DR Bracket: 1
	 Base: 33%
	 Effective Percent: 75,43%
Vers
	 Rating: 6300
	 Multiplicative Factor: 0%
	 DR Bracket: 0
	 Base: 3%
	 Effective Percent: 11,08%
Leech
	 Rating: 0
	 Multiplicative Factor: 0%
	 DR Bracket: 0
	 Base: 2%
	 Effective Percent: 2%
Avoidance
	 Rating: 1635
	 Multiplicative Factor: 0%
	 DR Bracket: 0
	 Base: 0%
	 Effective Percent: 3,01%
Mastery
	 Rating: 14933
	 Multiplicative Factor: 0%
	 DR Bracket: 0
	 Base: 19,8%
	 Effective Percent: 58,2%
----------------------
00:55,255

Intellect
	 Rating: 149085
	 Multiplicative Factor: 13,56%
Stamina
	 Rating: 879958
	 Multiplicative Factor: 11,3%
Crit
	 Rating: 31708
	 Multiplicative Factor: 0%
	 DR Bracket: 2
	 Base: 5%
	 Effective Percent: 48,24%
	 Crit Inc Heal: 2,6
	 Crit Inc Damage: 2
Haste
	 Rating: 21194
	 Multiplicative Factor: 0%
	 DR Bracket: 1
	 Base: 32%
	 Effective Percent: 74,11%
Vers
	 Rating: 6300
	 Multiplicative Factor: 0%
	 DR Bracket: 0
	 Base: 3%
	 Effective Percent: 11,08%
Leech
	 Rating: 0
	 Multiplicative Factor: 0%
	 DR Bracket: 0
	 Base: 2%
	 Effective Percent: 2%
Avoidance
	 Rating: 1635
	 Multiplicative Factor: 0%
	 DR Bracket: 0
	 Base: 0%
	 Effective Percent: 3,01%
Mastery
	 Rating: 14933
	 Multiplicative Factor: 0%
	 DR Bracket: 0
	 Base: 19,8%
	 Effective Percent: 58,2%
----------------------
00:55,307

Intellect
	 Rating: 149085
	 Multiplicative Factor: 13,56%
Stamina
	 Rating: 879958
	 Multiplicative Factor: 11,3%
Crit
	 Rating: 25723
	 Multiplicative Factor: 0%
	 DR Bracket: 1
	 Base: 5%
	 Effective Percent: 41,07%
	 Crit Inc Heal: 2,6
	 Crit Inc Damage: 2
Haste
	 Rating: 21194
	 Multiplicative Factor: 0%
	 DR Bracket: 1
	 Base: 32%
	 Effective Percent: 74,11%
Vers
	 Rating: 6300
	 Multiplicative Factor: 0%
	 DR Bracket: 0
	 Base: 3%
	 Effective Percent: 11,08%
Leech
	 Rating: 0
	 Multiplicative Factor: 0%
	 DR Bracket: 0
	 Base: 2%
	 Effective Percent: 2%
Avoidance
	 Rating: 1635
	 Multiplicative Factor: 0%
	 DR Bracket: 0
	 Base: 0%
	 Effective Percent: 3,01%
Mastery
	 Rating: 14933
	 Multiplicative Factor: 0%
	 DR Bracket: 0
	 Base: 19,8%
	 Effective Percent: 58,2%
----------------------
00:55,308

Intellect
	 Rating: 149085
	 Multiplicative Factor: 13,56%
Stamina
	 Rating: 879958
	 Multiplicative Factor: 11,3%
Crit
	 Rating: 19738
	 Multiplicative Factor: 0%
	 DR Bracket: 0
	 Base: 5%
	 Effective Percent: 33,2%
	 Crit Inc Heal: 2,6
	 Crit Inc Damage: 2
Haste
	 Rating: 21194
	 Multiplicative Factor: 0%
	 DR Bracket: 1
	 Base: 32%
	 Effective Percent: 74,11%
Vers
	 Rating: 6300
	 Multiplicative Factor: 0%
	 DR Bracket: 0
	 Base: 3%
	 Effective Percent: 11,08%
Leech
	 Rating: 0
	 Multiplicative Factor: 0%
	 DR Bracket: 0
	 Base: 2%
	 Effective Percent: 2%
Avoidance
	 Rating: 1635
	 Multiplicative Factor: 0%
	 DR Bracket: 0
	 Base: 0%
	 Effective Percent: 3,01%
Mastery
	 Rating: 14933
	 Multiplicative Factor: 0%
	 DR Bracket: 0
	 Base: 19,8%
	 Effective Percent: 58,2%
----------------------
00:56,276

Intellect
	 Rating: 149085
	 Multiplicative Factor: 13,56%
Stamina
	 Rating: 879958
	 Multiplicative Factor: 11,3%
Crit
	 Rating: 19738
	 Multiplicative Factor: 0%
	 DR Bracket: 0
	 Base: 5%
	 Effective Percent: 33,2%
	 Crit Inc Heal: 2,6
	 Crit Inc Damage: 2
Haste
	 Rating: 21194
	 Multiplicative Factor: 0%
	 DR Bracket: 1
	 Base: 31%
	 Effective Percent: 72,79%
Vers
	 Rating: 6300
	 Multiplicative Factor: 0%
	 DR Bracket: 0
	 Base: 3%
	 Effective Percent: 11,08%
Leech
	 Rating: 0
	 Multiplicative Factor: 0%
	 DR Bracket: 0
	 Base: 2%
	 Effective Percent: 2%
Avoidance
	 Rating: 1635
	 Multiplicative Factor: 0%
	 DR Bracket: 0
	 Base: 0%
	 Effective Percent: 3,01%
Mastery
	 Rating: 14933
	 Multiplicative Factor: 0%
	 DR Bracket: 0
	 Base: 19,8%
	 Effective Percent: 58,2%
----------------------
00:56,553

Intellect
	 Rating: 149085
	 Multiplicative Factor: 13,56%
Stamina
	 Rating: 879958
	 Multiplicative Factor: 11,3%
Crit
	 Rating: 25723
	 Multiplicative Factor: 0%
	 DR Bracket: 1
	 Base: 5%
	 Effective Percent: 41,07%
	 Crit Inc Heal: 2,6
	 Crit Inc Damage: 2
Haste
	 Rating: 21194
	 Multiplicative Factor: 0%
	 DR Bracket: 1
	 Base: 31%
	 Effective Percent: 72,79%
Vers
	 Rating: 6300
	 Multiplicative Factor: 0%
	 DR Bracket: 0
	 Base: 3%
	 Effective Percent: 11,08%
Leech
	 Rating: 0
	 Multiplicative Factor: 0%
	 DR Bracket: 0
	 Base: 2%
	 Effective Percent: 2%
Avoidance
	 Rating: 1635
	 Multiplicative Factor: 0%
	 DR Bracket: 0
	 Base: 0%
	 Effective Percent: 3,01%
Mastery
	 Rating: 14933
	 Multiplicative Factor: 0%
	 DR Bracket: 0
	 Base: 19,8%
	 Effective Percent: 58,2%
----------------------
00:57,271

Intellect
	 Rating: 149085
	 Multiplicative Factor: 13,56%
Stamina
	 Rating: 879958
	 Multiplicative Factor: 11,3%
Crit
	 Rating: 25723
	 Multiplicative Factor: 0%
	 DR Bracket: 1
	 Base: 5%
	 Effective Percent: 41,07%
	 Crit Inc Heal: 2,6
	 Crit Inc Damage: 2
Haste
	 Rating: 21194
	 Multiplicative Factor: 0%
	 DR Bracket: 1
	 Base: 30%
	 Effective Percent: 71,47%
Vers
	 Rating: 6300
	 Multiplicative Factor: 0%
	 DR Bracket: 0
	 Base: 3%
	 Effective Percent: 11,08%
Leech
	 Rating: 0
	 Multiplicative Factor: 0%
	 DR Bracket: 0
	 Base: 2%
	 Effective Percent: 2%
Avoidance
	 Rating: 1635
	 Multiplicative Factor: 0%
	 DR Bracket: 0
	 Base: 0%
	 Effective Percent: 3,01%
Mastery
	 Rating: 14933
	 Multiplicative Factor: 0%
	 DR Bracket: 0
	 Base: 19,8%
	 Effective Percent: 58,2%
----------------------
00:58,276

Intellect
	 Rating: 149085
	 Multiplicative Factor: 13,56%
Stamina
	 Rating: 879958
	 Multiplicative Factor: 11,3%
Crit
	 Rating: 25723
	 Multiplicative Factor: 0%
	 DR Bracket: 1
	 Base: 5%
	 Effective Percent: 41,07%
	 Crit Inc Heal: 2,6
	 Crit Inc Damage: 2
Haste
	 Rating: 21194
	 Multiplicative Factor: 0%
	 DR Bracket: 1
	 Base: 29%
	 Effective Percent: 70,15%
Vers
	 Rating: 6300
	 Multiplicative Factor: 0%
	 DR Bracket: 0
	 Base: 3%
	 Effective Percent: 11,08%
Leech
	 Rating: 0
	 Multiplicative Factor: 0%
	 DR Bracket: 0
	 Base: 2%
	 Effective Percent: 2%
Avoidance
	 Rating: 1635
	 Multiplicative Factor: 0%
	 DR Bracket: 0
	 Base: 0%
	 Effective Percent: 3,01%
Mastery
	 Rating: 14933
	 Multiplicative Factor: 0%
	 DR Bracket: 0
	 Base: 19,8%
	 Effective Percent: 58,2%
----------------------
00:59,276

Intellect
	 Rating: 149085
	 Multiplicative Factor: 13,56%
Stamina
	 Rating: 879958
	 Multiplicative Factor: 11,3%
Crit
	 Rating: 25723
	 Multiplicative Factor: 0%
	 DR Bracket: 1
	 Base: 5%
	 Effective Percent: 41,07%
	 Crit Inc Heal: 2,6
	 Crit Inc Damage: 2
Haste
	 Rating: 21194
	 Multiplicative Factor: 0%
	 DR Bracket: 1
	 Base: 28%
	 Effective Percent: 68,83%
Vers
	 Rating: 6300
	 Multiplicative Factor: 0%
	 DR Bracket: 0
	 Base: 3%
	 Effective Percent: 11,08%
Leech
	 Rating: 0
	 Multiplicative Factor: 0%
	 DR Bracket: 0
	 Base: 2%
	 Effective Percent: 2%
Avoidance
	 Rating: 1635
	 Multiplicative Factor: 0%
	 DR Bracket: 0
	 Base: 0%
	 Effective Percent: 3,01%
Mastery
	 Rating: 14933
	 Multiplicative Factor: 0%
	 DR Bracket: 0
	 Base: 19,8%
	 Effective Percent: 58,2%
----------------------
00:59,471

Intellect
	 Rating: 149085
	 Multiplicative Factor: 13,56%
Stamina
	 Rating: 879958
	 Multiplicative Factor: 11,3%
Crit
	 Rating: 25723
	 Multiplicative Factor: 0%
	 DR Bracket: 1
	 Base: 5%
	 Effective Percent: 41,07%
	 Crit Inc Heal: 2,6
	 Crit Inc Damage: 2
Haste
	 Rating: 21194
	 Multiplicative Factor: 0%
	 DR Bracket: 1
	 Base: 22%
	 Effective Percent: 60,92%
Vers
	 Rating: 6300
	 Multiplicative Factor: 0%
	 DR Bracket: 0
	 Base: 3%
	 Effective Percent: 11,08%
Leech
	 Rating: 0
	 Multiplicative Factor: 0%
	 DR Bracket: 0
	 Base: 2%
	 Effective Percent: 2%
Avoidance
	 Rating: 1635
	 Multiplicative Factor: 0%
	 DR Bracket: 0
	 Base: 0%
	 Effective Percent: 3,01%
Mastery
	 Rating: 14933
	 Multiplicative Factor: 0%
	 DR Bracket: 0
	 Base: 19,8%
	 Effective Percent: 58,2%
----------------------
01:00,274

Intellect
	 Rating: 149085
	 Multiplicative Factor: 13,56%
Stamina
	 Rating: 879958
	 Multiplicative Factor: 11,3%
Crit
	 Rating: 25723
	 Multiplicative Factor: 0%
	 DR Bracket: 1
	 Base: 5%
	 Effective Percent: 41,07%
	 Crit Inc Heal: 2,6
	 Crit Inc Damage: 2
Haste
	 Rating: 21194
	 Multiplicative Factor: 0%
	 DR Bracket: 1
	 Base: 21%
	 Effective Percent: 59,6%
Vers
	 Rating: 6300
	 Multiplicative Factor: 0%
	 DR Bracket: 0
	 Base: 3%
	 Effective Percent: 11,08%
Leech
	 Rating: 0
	 Multiplicative Factor: 0%
	 DR Bracket: 0
	 Base: 2%
	 Effective Percent: 2%
Avoidance
	 Rating: 1635
	 Multiplicative Factor: 0%
	 DR Bracket: 0
	 Base: 0%
	 Effective Percent: 3,01%
Mastery
	 Rating: 14933
	 Multiplicative Factor: 0%
	 DR Bracket: 0
	 Base: 19,8%
	 Effective Percent: 58,2%
----------------------
01:01,263

Intellect
	 Rating: 149085
	 Multiplicative Factor: 13,56%
Stamina
	 Rating: 879958
	 Multiplicative Factor: 11,3%
Crit
	 Rating: 25723
	 Multiplicative Factor: 0%
	 DR Bracket: 1
	 Base: 5%
	 Effective Percent: 41,07%
	 Crit Inc Heal: 2,6
	 Crit Inc Damage: 2
Haste
	 Rating: 21194
	 Multiplicative Factor: 0%
	 DR Bracket: 1
	 Base: 20%
	 Effective Percent: 58,28%
Vers
	 Rating: 6300
	 Multiplicative Factor: 0%
	 DR Bracket: 0
	 Base: 3%
	 Effective Percent: 11,08%
Leech
	 Rating: 0
	 Multiplicative Factor: 0%
	 DR Bracket: 0
	 Base: 2%
	 Effective Percent: 2%
Avoidance
	 Rating: 1635
	 Multiplicative Factor: 0%
	 DR Bracket: 0
	 Base: 0%
	 Effective Percent: 3,01%
Mastery
	 Rating: 14933
	 Multiplicative Factor: 0%
	 DR Bracket: 0
	 Base: 19,8%
	 Effective Percent: 58,2%
----------------------
01:02,272

Intellect
	 Rating: 149085
	 Multiplicative Factor: 13,56%
Stamina
	 Rating: 879958
	 Multiplicative Factor: 11,3%
Crit
	 Rating: 25723
	 Multiplicative Factor: 0%
	 DR Bracket: 1
	 Base: 5%
	 Effective Percent: 41,07%
	 Crit Inc Heal: 2,6
	 Crit Inc Damage: 2
Haste
	 Rating: 21194
	 Multiplicative Factor: 0%
	 DR Bracket: 1
	 Base: 19%
	 Effective Percent: 56,96%
Vers
	 Rating: 6300
	 Multiplicative Factor: 0%
	 DR Bracket: 0
	 Base: 3%
	 Effective Percent: 11,08%
Leech
	 Rating: 0
	 Multiplicative Factor: 0%
	 DR Bracket: 0
	 Base: 2%
	 Effective Percent: 2%
Avoidance
	 Rating: 1635
	 Multiplicative Factor: 0%
	 DR Bracket: 0
	 Base: 0%
	 Effective Percent: 3,01%
Mastery
	 Rating: 14933
	 Multiplicative Factor: 0%
	 DR Bracket: 0
	 Base: 19,8%
	 Effective Percent: 58,2%
----------------------
01:03,276

Intellect
	 Rating: 149085
	 Multiplicative Factor: 13,56%
Stamina
	 Rating: 879958
	 Multiplicative Factor: 11,3%
Crit
	 Rating: 25723
	 Multiplicative Factor: 0%
	 DR Bracket: 1
	 Base: 5%
	 Effective Percent: 41,07%
	 Crit Inc Heal: 2,6
	 Crit Inc Damage: 2
Haste
	 Rating: 21194
	 Multiplicative Factor: 0%
	 DR Bracket: 1
	 Base: 18%
	 Effective Percent: 55,64%
Vers
	 Rating: 6300
	 Multiplicative Factor: 0%
	 DR Bracket: 0
	 Base: 3%
	 Effective Percent: 11,08%
Leech
	 Rating: 0
	 Multiplicative Factor: 0%
	 DR Bracket: 0
	 Base: 2%
	 Effective Percent: 2%
Avoidance
	 Rating: 1635
	 Multiplicative Factor: 0%
	 DR Bracket: 0
	 Base: 0%
	 Effective Percent: 3,01%
Mastery
	 Rating: 14933
	 Multiplicative Factor: 0%
	 DR Bracket: 0
	 Base: 19,8%
	 Effective Percent: 58,2%
----------------------
01:04,278

Intellect
	 Rating: 149085
	 Multiplicative Factor: 13,56%
Stamina
	 Rating: 879958
	 Multiplicative Factor: 11,3%
Crit
	 Rating: 25723
	 Multiplicative Factor: 0%
	 DR Bracket: 1
	 Base: 5%
	 Effective Percent: 41,07%
	 Crit Inc Heal: 2,6
	 Crit Inc Damage: 2
Haste
	 Rating: 21194
	 Multiplicative Factor: 0%
	 DR Bracket: 1
	 Base: 17%
	 Effective Percent: 54,32%
Vers
	 Rating: 6300
	 Multiplicative Factor: 0%
	 DR Bracket: 0
	 Base: 3%
	 Effective Percent: 11,08%
Leech
	 Rating: 0
	 Multiplicative Factor: 0%
	 DR Bracket: 0
	 Base: 2%
	 Effective Percent: 2%
Avoidance
	 Rating: 1635
	 Multiplicative Factor: 0%
	 DR Bracket: 0
	 Base: 0%
	 Effective Percent: 3,01%
Mastery
	 Rating: 14933
	 Multiplicative Factor: 0%
	 DR Bracket: 0
	 Base: 19,8%
	 Effective Percent: 58,2%
----------------------
01:05,269

Intellect
	 Rating: 149085
	 Multiplicative Factor: 13,56%
Stamina
	 Rating: 879958
	 Multiplicative Factor: 11,3%
Crit
	 Rating: 25723
	 Multiplicative Factor: 0%
	 DR Bracket: 1
	 Base: 5%
	 Effective Percent: 41,07%
	 Crit Inc Heal: 2,6
	 Crit Inc Damage: 2
Haste
	 Rating: 21194
	 Multiplicative Factor: 0%
	 DR Bracket: 1
	 Base: 16%
	 Effective Percent: 53,01%
Vers
	 Rating: 6300
	 Multiplicative Factor: 0%
	 DR Bracket: 0
	 Base: 3%
	 Effective Percent: 11,08%
Leech
	 Rating: 0
	 Multiplicative Factor: 0%
	 DR Bracket: 0
	 Base: 2%
	 Effective Percent: 2%
Avoidance
	 Rating: 1635
	 Multiplicative Factor: 0%
	 DR Bracket: 0
	 Base: 0%
	 Effective Percent: 3,01%
Mastery
	 Rating: 14933
	 Multiplicative Factor: 0%
	 DR Bracket: 0
	 Base: 19,8%
	 Effective Percent: 58,2%
----------------------
01:05,859

Intellect
	 Rating: 149085
	 Multiplicative Factor: 13,56%
Stamina
	 Rating: 879958
	 Multiplicative Factor: 11,3%
Crit
	 Rating: 25723
	 Multiplicative Factor: 0%
	 DR Bracket: 1
	 Base: 5%
	 Effective Percent: 41,07%
	 Crit Inc Heal: 2,6
	 Crit Inc Damage: 2
Haste
	 Rating: 21194
	 Multiplicative Factor: 0%
	 DR Bracket: 1
	 Base: 19%
	 Effective Percent: 56,96%
Vers
	 Rating: 6300
	 Multiplicative Factor: 0%
	 DR Bracket: 0
	 Base: 3%
	 Effective Percent: 11,08%
Leech
	 Rating: 0
	 Multiplicative Factor: 0%
	 DR Bracket: 0
	 Base: 2%
	 Effective Percent: 2%
Avoidance
	 Rating: 1635
	 Multiplicative Factor: 0%
	 DR Bracket: 0
	 Base: 0%
	 Effective Percent: 3,01%
Mastery
	 Rating: 14933
	 Multiplicative Factor: 0%
	 DR Bracket: 0
	 Base: 19,8%
	 Effective Percent: 58,2%
----------------------
01:05,859

Intellect
	 Rating: 149085
	 Multiplicative Factor: 13,56%
Stamina
	 Rating: 879958
	 Multiplicative Factor: 11,3%
Crit
	 Rating: 25723
	 Multiplicative Factor: 0%
	 DR Bracket: 1
	 Base: 5%
	 Effective Percent: 41,07%
	 Crit Inc Heal: 2,6
	 Crit Inc Damage: 2
Haste
	 Rating: 21194
	 Multiplicative Factor: 0%
	 DR Bracket: 1
	 Base: 22%
	 Effective Percent: 60,92%
Vers
	 Rating: 6300
	 Multiplicative Factor: 0%
	 DR Bracket: 0
	 Base: 3%
	 Effective Percent: 11,08%
Leech
	 Rating: 0
	 Multiplicative Factor: 0%
	 DR Bracket: 0
	 Base: 2%
	 Effective Percent: 2%
Avoidance
	 Rating: 1635
	 Multiplicative Factor: 0%
	 DR Bracket: 0
	 Base: 0%
	 Effective Percent: 3,01%
Mastery
	 Rating: 14933
	 Multiplicative Factor: 0%
	 DR Bracket: 0
	 Base: 19,8%
	 Effective Percent: 58,2%
----------------------
01:05,859

Intellect
	 Rating: 149085
	 Multiplicative Factor: 13,56%
Stamina
	 Rating: 879958
	 Multiplicative Factor: 11,3%
Crit
	 Rating: 25723
	 Multiplicative Factor: 0%
	 DR Bracket: 1
	 Base: 5%
	 Effective Percent: 41,07%
	 Crit Inc Heal: 2,6
	 Crit Inc Damage: 2
Haste
	 Rating: 21194
	 Multiplicative Factor: 0%
	 DR Bracket: 1
	 Base: 25%
	 Effective Percent: 64,88%
Vers
	 Rating: 6300
	 Multiplicative Factor: 0%
	 DR Bracket: 0
	 Base: 3%
	 Effective Percent: 11,08%
Leech
	 Rating: 0
	 Multiplicative Factor: 0%
	 DR Bracket: 0
	 Base: 2%
	 Effective Percent: 2%
Avoidance
	 Rating: 1635
	 Multiplicative Factor: 0%
	 DR Bracket: 0
	 Base: 0%
	 Effective Percent: 3,01%
Mastery
	 Rating: 14933
	 Multiplicative Factor: 0%
	 DR Bracket: 0
	 Base: 19,8%
	 Effective Percent: 58,2%
----------------------
01:06,267

Intellect
	 Rating: 149085
	 Multiplicative Factor: 13,56%
Stamina
	 Rating: 879958
	 Multiplicative Factor: 11,3%
Crit
	 Rating: 25723
	 Multiplicative Factor: 0%
	 DR Bracket: 1
	 Base: 5%
	 Effective Percent: 41,07%
	 Crit Inc Heal: 2,6
	 Crit Inc Damage: 2
Haste
	 Rating: 21194
	 Multiplicative Factor: 0%
	 DR Bracket: 1
	 Base: 24%
	 Effective Percent: 63,56%
Vers
	 Rating: 6300
	 Multiplicative Factor: 0%
	 DR Bracket: 0
	 Base: 3%
	 Effective Percent: 11,08%
Leech
	 Rating: 0
	 Multiplicative Factor: 0%
	 DR Bracket: 0
	 Base: 2%
	 Effective Percent: 2%
Avoidance
	 Rating: 1635
	 Multiplicative Factor: 0%
	 DR Bracket: 0
	 Base: 0%
	 Effective Percent: 3,01%
Mastery
	 Rating: 14933
	 Multiplicative Factor: 0%
	 DR Bracket: 0
	 Base: 19,8%
	 Effective Percent: 58,2%
----------------------
01:06,520

Intellect
	 Rating: 149085
	 Multiplicative Factor: 13,56%
Stamina
	 Rating: 879958
	 Multiplicative Factor: 11,3%
Crit
	 Rating: 19738
	 Multiplicative Factor: 0%
	 DR Bracket: 0
	 Base: 5%
	 Effective Percent: 33,2%
	 Crit Inc Heal: 2,6
	 Crit Inc Damage: 2
Haste
	 Rating: 21194
	 Multiplicative Factor: 0%
	 DR Bracket: 1
	 Base: 24%
	 Effective Percent: 63,56%
Vers
	 Rating: 6300
	 Multiplicative Factor: 0%
	 DR Bracket: 0
	 Base: 3%
	 Effective Percent: 11,08%
Leech
	 Rating: 0
	 Multiplicative Factor: 0%
	 DR Bracket: 0
	 Base: 2%
	 Effective Percent: 2%
Avoidance
	 Rating: 1635
	 Multiplicative Factor: 0%
	 DR Bracket: 0
	 Base: 0%
	 Effective Percent: 3,01%
Mastery
	 Rating: 14933
	 Multiplicative Factor: 0%
	 DR Bracket: 0
	 Base: 19,8%
	 Effective Percent: 58,2%
----------------------
01:07,261

Intellect
	 Rating: 149085
	 Multiplicative Factor: 13,56%
Stamina
	 Rating: 879958
	 Multiplicative Factor: 11,3%
Crit
	 Rating: 19738
	 Multiplicative Factor: 0%
	 DR Bracket: 0
	 Base: 5%
	 Effective Percent: 33,2%
	 Crit Inc Heal: 2,6
	 Crit Inc Damage: 2
Haste
	 Rating: 21194
	 Multiplicative Factor: 0%
	 DR Bracket: 1
	 Base: 23%
	 Effective Percent: 62,24%
Vers
	 Rating: 6300
	 Multiplicative Factor: 0%
	 DR Bracket: 0
	 Base: 3%
	 Effective Percent: 11,08%
Leech
	 Rating: 0
	 Multiplicative Factor: 0%
	 DR Bracket: 0
	 Base: 2%
	 Effective Percent: 2%
Avoidance
	 Rating: 1635
	 Multiplicative Factor: 0%
	 DR Bracket: 0
	 Base: 0%
	 Effective Percent: 3,01%
Mastery
	 Rating: 14933
	 Multiplicative Factor: 0%
	 DR Bracket: 0
	 Base: 19,8%
	 Effective Percent: 58,2%
----------------------
01:08,272

Intellect
	 Rating: 149085
	 Multiplicative Factor: 13,56%
Stamina
	 Rating: 879958
	 Multiplicative Factor: 11,3%
Crit
	 Rating: 19738
	 Multiplicative Factor: 0%
	 DR Bracket: 0
	 Base: 5%
	 Effective Percent: 33,2%
	 Crit Inc Heal: 2,6
	 Crit Inc Damage: 2
Haste
	 Rating: 21194
	 Multiplicative Factor: 0%
	 DR Bracket: 1
	 Base: 22%
	 Effective Percent: 60,92%
Vers
	 Rating: 6300
	 Multiplicative Factor: 0%
	 DR Bracket: 0
	 Base: 3%
	 Effective Percent: 11,08%
Leech
	 Rating: 0
	 Multiplicative Factor: 0%
	 DR Bracket: 0
	 Base: 2%
	 Effective Percent: 2%
Avoidance
	 Rating: 1635
	 Multiplicative Factor: 0%
	 DR Bracket: 0
	 Base: 0%
	 Effective Percent: 3,01%
Mastery
	 Rating: 14933
	 Multiplicative Factor: 0%
	 DR Bracket: 0
	 Base: 19,8%
	 Effective Percent: 58,2%
----------------------
01:09,285

Intellect
	 Rating: 149085
	 Multiplicative Factor: 13,56%
Stamina
	 Rating: 879958
	 Multiplicative Factor: 11,3%
Crit
	 Rating: 19738
	 Multiplicative Factor: 0%
	 DR Bracket: 0
	 Base: 5%
	 Effective Percent: 33,2%
	 Crit Inc Heal: 2,6
	 Crit Inc Damage: 2
Haste
	 Rating: 21194
	 Multiplicative Factor: 0%
	 DR Bracket: 1
	 Base: 21%
	 Effective Percent: 59,6%
Vers
	 Rating: 6300
	 Multiplicative Factor: 0%
	 DR Bracket: 0
	 Base: 3%
	 Effective Percent: 11,08%
Leech
	 Rating: 0
	 Multiplicative Factor: 0%
	 DR Bracket: 0
	 Base: 2%
	 Effective Percent: 2%
Avoidance
	 Rating: 1635
	 Multiplicative Factor: 0%
	 DR Bracket: 0
	 Base: 0%
	 Effective Percent: 3,01%
Mastery
	 Rating: 14933
	 Multiplicative Factor: 0%
	 DR Bracket: 0
	 Base: 19,8%
	 Effective Percent: 58,2%
----------------------
01:10,337

Intellect
	 Rating: 149085
	 Multiplicative Factor: 13,56%
Stamina
	 Rating: 879958
	 Multiplicative Factor: 11,3%
Crit
	 Rating: 19738
	 Multiplicative Factor: 0%
	 DR Bracket: 0
	 Base: 5%
	 Effective Percent: 33,2%
	 Crit Inc Heal: 2,6
	 Crit Inc Damage: 2
Haste
	 Rating: 21194
	 Multiplicative Factor: 0%
	 DR Bracket: 1
	 Base: 20%
	 Effective Percent: 58,28%
Vers
	 Rating: 6300
	 Multiplicative Factor: 0%
	 DR Bracket: 0
	 Base: 3%
	 Effective Percent: 11,08%
Leech
	 Rating: 0
	 Multiplicative Factor: 0%
	 DR Bracket: 0
	 Base: 2%
	 Effective Percent: 2%
Avoidance
	 Rating: 1635
	 Multiplicative Factor: 0%
	 DR Bracket: 0
	 Base: 0%
	 Effective Percent: 3,01%
Mastery
	 Rating: 14933
	 Multiplicative Factor: 0%
	 DR Bracket: 0
	 Base: 19,8%
	 Effective Percent: 58,2%
----------------------
01:11,274

Intellect
	 Rating: 149085
	 Multiplicative Factor: 13,56%
Stamina
	 Rating: 879958
	 Multiplicative Factor: 11,3%
Crit
	 Rating: 19738
	 Multiplicative Factor: 0%
	 DR Bracket: 0
	 Base: 5%
	 Effective Percent: 33,2%
	 Crit Inc Heal: 2,6
	 Crit Inc Damage: 2
Haste
	 Rating: 21194
	 Multiplicative Factor: 0%
	 DR Bracket: 1
	 Base: 19%
	 Effective Percent: 56,96%
Vers
	 Rating: 6300
	 Multiplicative Factor: 0%
	 DR Bracket: 0
	 Base: 3%
	 Effective Percent: 11,08%
Leech
	 Rating: 0
	 Multiplicative Factor: 0%
	 DR Bracket: 0
	 Base: 2%
	 Effective Percent: 2%
Avoidance
	 Rating: 1635
	 Multiplicative Factor: 0%
	 DR Bracket: 0
	 Base: 0%
	 Effective Percent: 3,01%
Mastery
	 Rating: 14933
	 Multiplicative Factor: 0%
	 DR Bracket: 0
	 Base: 19,8%
	 Effective Percent: 58,2%
----------------------
01:12,279

Intellect
	 Rating: 149085
	 Multiplicative Factor: 13,56%
Stamina
	 Rating: 879958
	 Multiplicative Factor: 11,3%
Crit
	 Rating: 19738
	 Multiplicative Factor: 0%
	 DR Bracket: 0
	 Base: 5%
	 Effective Percent: 33,2%
	 Crit Inc Heal: 2,6
	 Crit Inc Damage: 2
Haste
	 Rating: 21194
	 Multiplicative Factor: 0%
	 DR Bracket: 1
	 Base: 18%
	 Effective Percent: 55,64%
Vers
	 Rating: 6300
	 Multiplicative Factor: 0%
	 DR Bracket: 0
	 Base: 3%
	 Effective Percent: 11,08%
Leech
	 Rating: 0
	 Multiplicative Factor: 0%
	 DR Bracket: 0
	 Base: 2%
	 Effective Percent: 2%
Avoidance
	 Rating: 1635
	 Multiplicative Factor: 0%
	 DR Bracket: 0
	 Base: 0%
	 Effective Percent: 3,01%
Mastery
	 Rating: 14933
	 Multiplicative Factor: 0%
	 DR Bracket: 0
	 Base: 19,8%
	 Effective Percent: 58,2%
----------------------
01:13,255

Intellect
	 Rating: 149085
	 Multiplicative Factor: 13,56%
Stamina
	 Rating: 879958
	 Multiplicative Factor: 11,3%
Crit
	 Rating: 19738
	 Multiplicative Factor: 0%
	 DR Bracket: 0
	 Base: 5%
	 Effective Percent: 33,2%
	 Crit Inc Heal: 2,6
	 Crit Inc Damage: 2
Haste
	 Rating: 21194
	 Multiplicative Factor: 0%
	 DR Bracket: 1
	 Base: 17%
	 Effective Percent: 54,32%
Vers
	 Rating: 6300
	 Multiplicative Factor: 0%
	 DR Bracket: 0
	 Base: 3%
	 Effective Percent: 11,08%
Leech
	 Rating: 0
	 Multiplicative Factor: 0%
	 DR Bracket: 0
	 Base: 2%
	 Effective Percent: 2%
Avoidance
	 Rating: 1635
	 Multiplicative Factor: 0%
	 DR Bracket: 0
	 Base: 0%
	 Effective Percent: 3,01%
Mastery
	 Rating: 14933
	 Multiplicative Factor: 0%
	 DR Bracket: 0
	 Base: 19,8%
	 Effective Percent: 58,2%
----------------------
01:13,280

Intellect
	 Rating: 141986
	 Multiplicative Factor: 8,15%
Stamina
	 Rating: 879958
	 Multiplicative Factor: 11,3%
Crit
	 Rating: 19738
	 Multiplicative Factor: 0%
	 DR Bracket: 0
	 Base: 5%
	 Effective Percent: 33,2%
	 Crit Inc Heal: 2,6
	 Crit Inc Damage: 2
Haste
	 Rating: 21194
	 Multiplicative Factor: 0%
	 DR Bracket: 1
	 Base: 17%
	 Effective Percent: 54,32%
Vers
	 Rating: 6300
	 Multiplicative Factor: 0%
	 DR Bracket: 0
	 Base: 3%
	 Effective Percent: 11,08%
Leech
	 Rating: 0
	 Multiplicative Factor: 0%
	 DR Bracket: 0
	 Base: 2%
	 Effective Percent: 2%
Avoidance
	 Rating: 1635
	 Multiplicative Factor: 0%
	 DR Bracket: 0
	 Base: 0%
	 Effective Percent: 3,01%
Mastery
	 Rating: 14933
	 Multiplicative Factor: 0%
	 DR Bracket: 0
	 Base: 19,8%
	 Effective Percent: 58,2%
----------------------
01:13,885

Intellect
	 Rating: 141986
	 Multiplicative Factor: 8,15%
Stamina
	 Rating: 879958
	 Multiplicative Factor: 11,3%
Crit
	 Rating: 19738
	 Multiplicative Factor: 0%
	 DR Bracket: 0
	 Base: 5%
	 Effective Percent: 33,2%
	 Crit Inc Heal: 2,6
	 Crit Inc Damage: 2
Haste
	 Rating: 21194
	 Multiplicative Factor: 0%
	 DR Bracket: 1
	 Base: 8%
	 Effective Percent: 42,45%
Vers
	 Rating: 6300
	 Multiplicative Factor: 0%
	 DR Bracket: 0
	 Base: 3%
	 Effective Percent: 11,08%
Leech
	 Rating: 0
	 Multiplicative Factor: 0%
	 DR Bracket: 0
	 Base: 2%
	 Effective Percent: 2%
Avoidance
	 Rating: 1635
	 Multiplicative Factor: 0%
	 DR Bracket: 0
	 Base: 0%
	 Effective Percent: 3,01%
Mastery
	 Rating: 14933
	 Multiplicative Factor: 0%
	 DR Bracket: 0
	 Base: 19,8%
	 Effective Percent: 58,2%
----------------------
01:14,269

Intellect
	 Rating: 141986
	 Multiplicative Factor: 8,15%
Stamina
	 Rating: 879958
	 Multiplicative Factor: 11,3%
Crit
	 Rating: 19738
	 Multiplicative Factor: 0%
	 DR Bracket: 0
	 Base: 5%
	 Effective Percent: 33,2%
	 Crit Inc Heal: 2,6
	 Crit Inc Damage: 2
Haste
	 Rating: 21194
	 Multiplicative Factor: 0%
	 DR Bracket: 1
	 Base: 7%
	 Effective Percent: 41,13%
Vers
	 Rating: 6300
	 Multiplicative Factor: 0%
	 DR Bracket: 0
	 Base: 3%
	 Effective Percent: 11,08%
Leech
	 Rating: 0
	 Multiplicative Factor: 0%
	 DR Bracket: 0
	 Base: 2%
	 Effective Percent: 2%
Avoidance
	 Rating: 1635
	 Multiplicative Factor: 0%
	 DR Bracket: 0
	 Base: 0%
	 Effective Percent: 3,01%
Mastery
	 Rating: 14933
	 Multiplicative Factor: 0%
	 DR Bracket: 0
	 Base: 19,8%
	 Effective Percent: 58,2%
----------------------
01:14,654

Intellect
	 Rating: 141986
	 Multiplicative Factor: 8,15%
Stamina
	 Rating: 879958
	 Multiplicative Factor: 11,3%
Crit
	 Rating: 25723
	 Multiplicative Factor: 0%
	 DR Bracket: 1
	 Base: 5%
	 Effective Percent: 41,07%
	 Crit Inc Heal: 2,6
	 Crit Inc Damage: 2
Haste
	 Rating: 21194
	 Multiplicative Factor: 0%
	 DR Bracket: 1
	 Base: 7%
	 Effective Percent: 41,13%
Vers
	 Rating: 6300
	 Multiplicative Factor: 0%
	 DR Bracket: 0
	 Base: 3%
	 Effective Percent: 11,08%
Leech
	 Rating: 0
	 Multiplicative Factor: 0%
	 DR Bracket: 0
	 Base: 2%
	 Effective Percent: 2%
Avoidance
	 Rating: 1635
	 Multiplicative Factor: 0%
	 DR Bracket: 0
	 Base: 0%
	 Effective Percent: 3,01%
Mastery
	 Rating: 14933
	 Multiplicative Factor: 0%
	 DR Bracket: 0
	 Base: 19,8%
	 Effective Percent: 58,2%
----------------------
01:15,273

Intellect
	 Rating: 141986
	 Multiplicative Factor: 8,15%
Stamina
	 Rating: 879958
	 Multiplicative Factor: 11,3%
Crit
	 Rating: 25723
	 Multiplicative Factor: 0%
	 DR Bracket: 1
	 Base: 5%
	 Effective Percent: 41,07%
	 Crit Inc Heal: 2,6
	 Crit Inc Damage: 2
Haste
	 Rating: 21194
	 Multiplicative Factor: 0%
	 DR Bracket: 1
	 Base: 6%
	 Effective Percent: 39,81%
Vers
	 Rating: 6300
	 Multiplicative Factor: 0%
	 DR Bracket: 0
	 Base: 3%
	 Effective Percent: 11,08%
Leech
	 Rating: 0
	 Multiplicative Factor: 0%
	 DR Bracket: 0
	 Base: 2%
	 Effective Percent: 2%
Avoidance
	 Rating: 1635
	 Multiplicative Factor: 0%
	 DR Bracket: 0
	 Base: 0%
	 Effective Percent: 3,01%
Mastery
	 Rating: 14933
	 Multiplicative Factor: 0%
	 DR Bracket: 0
	 Base: 19,8%
	 Effective Percent: 58,2%
----------------------
01:16,284

Intellect
	 Rating: 141986
	 Multiplicative Factor: 8,15%
Stamina
	 Rating: 879958
	 Multiplicative Factor: 11,3%
Crit
	 Rating: 25723
	 Multiplicative Factor: 0%
	 DR Bracket: 1
	 Base: 5%
	 Effective Percent: 41,07%
	 Crit Inc Heal: 2,6
	 Crit Inc Damage: 2
Haste
	 Rating: 21194
	 Multiplicative Factor: 0%
	 DR Bracket: 1
	 Base: 5%
	 Effective Percent: 38,5%
Vers
	 Rating: 6300
	 Multiplicative Factor: 0%
	 DR Bracket: 0
	 Base: 3%
	 Effective Percent: 11,08%
Leech
	 Rating: 0
	 Multiplicative Factor: 0%
	 DR Bracket: 0
	 Base: 2%
	 Effective Percent: 2%
Avoidance
	 Rating: 1635
	 Multiplicative Factor: 0%
	 DR Bracket: 0
	 Base: 0%
	 Effective Percent: 3,01%
Mastery
	 Rating: 14933
	 Multiplicative Factor: 0%
	 DR Bracket: 0
	 Base: 19,8%
	 Effective Percent: 58,2%
----------------------
01:17,268

Intellect
	 Rating: 141986
	 Multiplicative Factor: 8,15%
Stamina
	 Rating: 879958
	 Multiplicative Factor: 11,3%
Crit
	 Rating: 25723
	 Multiplicative Factor: 0%
	 DR Bracket: 1
	 Base: 5%
	 Effective Percent: 41,07%
	 Crit Inc Heal: 2,6
	 Crit Inc Damage: 2
Haste
	 Rating: 21194
	 Multiplicative Factor: 0%
	 DR Bracket: 1
	 Base: 4%
	 Effective Percent: 37,18%
Vers
	 Rating: 6300
	 Multiplicative Factor: 0%
	 DR Bracket: 0
	 Base: 3%
	 Effective Percent: 11,08%
Leech
	 Rating: 0
	 Multiplicative Factor: 0%
	 DR Bracket: 0
	 Base: 2%
	 Effective Percent: 2%
Avoidance
	 Rating: 1635
	 Multiplicative Factor: 0%
	 DR Bracket: 0
	 Base: 0%
	 Effective Percent: 3,01%
Mastery
	 Rating: 14933
	 Multiplicative Factor: 0%
	 DR Bracket: 0
	 Base: 19,8%
	 Effective Percent: 58,2%
----------------------
01:18,272

Intellect
	 Rating: 141986
	 Multiplicative Factor: 8,15%
Stamina
	 Rating: 879958
	 Multiplicative Factor: 11,3%
Crit
	 Rating: 25723
	 Multiplicative Factor: 0%
	 DR Bracket: 1
	 Base: 5%
	 Effective Percent: 41,07%
	 Crit Inc Heal: 2,6
	 Crit Inc Damage: 2
Haste
	 Rating: 21194
	 Multiplicative Factor: 0%
	 DR Bracket: 1
	 Base: 3%
	 Effective Percent: 35,86%
Vers
	 Rating: 6300
	 Multiplicative Factor: 0%
	 DR Bracket: 0
	 Base: 3%
	 Effective Percent: 11,08%
Leech
	 Rating: 0
	 Multiplicative Factor: 0%
	 DR Bracket: 0
	 Base: 2%
	 Effective Percent: 2%
Avoidance
	 Rating: 1635
	 Multiplicative Factor: 0%
	 DR Bracket: 0
	 Base: 0%
	 Effective Percent: 3,01%
Mastery
	 Rating: 14933
	 Multiplicative Factor: 0%
	 DR Bracket: 0
	 Base: 19,8%
	 Effective Percent: 58,2%
----------------------
01:19,272

Intellect
	 Rating: 141986
	 Multiplicative Factor: 8,15%
Stamina
	 Rating: 879958
	 Multiplicative Factor: 11,3%
Crit
	 Rating: 25723
	 Multiplicative Factor: 0%
	 DR Bracket: 1
	 Base: 5%
	 Effective Percent: 41,07%
	 Crit Inc Heal: 2,6
	 Crit Inc Damage: 2
Haste
	 Rating: 21194
	 Multiplicative Factor: 0%
	 DR Bracket: 1
	 Base: 2%
	 Effective Percent: 34,54%
Vers
	 Rating: 6300
	 Multiplicative Factor: 0%
	 DR Bracket: 0
	 Base: 3%
	 Effective Percent: 11,08%
Leech
	 Rating: 0
	 Multiplicative Factor: 0%
	 DR Bracket: 0
	 Base: 2%
	 Effective Percent: 2%
Avoidance
	 Rating: 1635
	 Multiplicative Factor: 0%
	 DR Bracket: 0
	 Base: 0%
	 Effective Percent: 3,01%
Mastery
	 Rating: 14933
	 Multiplicative Factor: 0%
	 DR Bracket: 0
	 Base: 19,8%
	 Effective Percent: 58,2%
----------------------
01:20,271

Intellect
	 Rating: 141986
	 Multiplicative Factor: 8,15%
Stamina
	 Rating: 879958
	 Multiplicative Factor: 11,3%
Crit
	 Rating: 25723
	 Multiplicative Factor: 0%
	 DR Bracket: 1
	 Base: 5%
	 Effective Percent: 41,07%
	 Crit Inc Heal: 2,6
	 Crit Inc Damage: 2
Haste
	 Rating: 21194
	 Multiplicative Factor: 0%
	 DR Bracket: 1
	 Base: 1%
	 Effective Percent: 33,22%
Vers
	 Rating: 6300
	 Multiplicative Factor: 0%
	 DR Bracket: 0
	 Base: 3%
	 Effective Percent: 11,08%
Leech
	 Rating: 0
	 Multiplicative Factor: 0%
	 DR Bracket: 0
	 Base: 2%
	 Effective Percent: 2%
Avoidance
	 Rating: 1635
	 Multiplicative Factor: 0%
	 DR Bracket: 0
	 Base: 0%
	 Effective Percent: 3,01%
Mastery
	 Rating: 14933
	 Multiplicative Factor: 0%
	 DR Bracket: 0
	 Base: 19,8%
	 Effective Percent: 58,2%
----------------------
01:21,265

Intellect
	 Rating: 141986
	 Multiplicative Factor: 8,15%
Stamina
	 Rating: 879958
	 Multiplicative Factor: 11,3%
Crit
	 Rating: 25723
	 Multiplicative Factor: 0%
	 DR Bracket: 1
	 Base: 5%
	 Effective Percent: 41,07%
	 Crit Inc Heal: 2,6
	 Crit Inc Damage: 2
Haste
	 Rating: 21194
	 Multiplicative Factor: 0%
	 DR Bracket: 1
	 Base: 0%
	 Effective Percent: 31,9%
Vers
	 Rating: 6300
	 Multiplicative Factor: 0%
	 DR Bracket: 0
	 Base: 3%
	 Effective Percent: 11,08%
Leech
	 Rating: 0
	 Multiplicative Factor: 0%
	 DR Bracket: 0
	 Base: 2%
	 Effective Percent: 2%
Avoidance
	 Rating: 1635
	 Multiplicative Factor: 0%
	 DR Bracket: 0
	 Base: 0%
	 Effective Percent: 3,01%
Mastery
	 Rating: 14933
	 Multiplicative Factor: 0%
	 DR Bracket: 0
	 Base: 19,8%
	 Effective Percent: 58,2%
----------------------
01:24,654

Intellect
	 Rating: 141986
	 Multiplicative Factor: 8,15%
Stamina
	 Rating: 879958
	 Multiplicative Factor: 11,3%
Crit
	 Rating: 19738
	 Multiplicative Factor: 0%
	 DR Bracket: 0
	 Base: 5%
	 Effective Percent: 33,2%
	 Crit Inc Heal: 2,6
	 Crit Inc Damage: 2
Haste
	 Rating: 21194
	 Multiplicative Factor: 0%
	 DR Bracket: 1
	 Base: 0%
	 Effective Percent: 31,9%
Vers
	 Rating: 6300
	 Multiplicative Factor: 0%
	 DR Bracket: 0
	 Base: 3%
	 Effective Percent: 11,08%
Leech
	 Rating: 0
	 Multiplicative Factor: 0%
	 DR Bracket: 0
	 Base: 2%
	 Effective Percent: 2%
Avoidance
	 Rating: 1635
	 Multiplicative Factor: 0%
	 DR Bracket: 0
	 Base: 0%
	 Effective Percent: 3,01%
Mastery
	 Rating: 14933
	 Multiplicative Factor: 0%
	 DR Bracket: 0
	 Base: 19,8%
	 Effective Percent: 58,2%
----------------------
01:34,925

Intellect
	 Rating: 141986
	 Multiplicative Factor: 8,15%
Stamina
	 Rating: 879958
	 Multiplicative Factor: 11,3%
Crit
	 Rating: 19738
	 Multiplicative Factor: 0%
	 DR Bracket: 0
	 Base: 5%
	 Effective Percent: 33,2%
	 Crit Inc Heal: 2
	 Crit Inc Damage: 2
Haste
	 Rating: 21194
	 Multiplicative Factor: 0%
	 DR Bracket: 1
	 Base: 0%
	 Effective Percent: 31,9%
Vers
	 Rating: 6300
	 Multiplicative Factor: 0%
	 DR Bracket: 0
	 Base: 3%
	 Effective Percent: 11,08%
Leech
	 Rating: 0
	 Multiplicative Factor: 0%
	 DR Bracket: 0
	 Base: 2%
	 Effective Percent: 2%
Avoidance
	 Rating: 1635
	 Multiplicative Factor: 0%
	 DR Bracket: 0
	 Base: 0%
	 Effective Percent: 3,01%
Mastery
	 Rating: 14933
	 Multiplicative Factor: 0%
	 DR Bracket: 0
	 Base: 19,8%
	 Effective Percent: 58,2%
----------------------
01:35,044

Intellect
	 Rating: 141986
	 Multiplicative Factor: 8,15%
Stamina
	 Rating: 879958
	 Multiplicative Factor: 11,3%
Crit
	 Rating: 19738
	 Multiplicative Factor: 0%
	 DR Bracket: 0
	 Base: 5%
	 Effective Percent: 33,2%
	 Crit Inc Heal: 2,6
	 Crit Inc Damage: 2
Haste
	 Rating: 21194
	 Multiplicative Factor: 0%
	 DR Bracket: 1
	 Base: 0%
	 Effective Percent: 31,9%
Vers
	 Rating: 6300
	 Multiplicative Factor: 0%
	 DR Bracket: 0
	 Base: 3%
	 Effective Percent: 11,08%
Leech
	 Rating: 0
	 Multiplicative Factor: 0%
	 DR Bracket: 0
	 Base: 2%
	 Effective Percent: 2%
Avoidance
	 Rating: 1635
	 Multiplicative Factor: 0%
	 DR Bracket: 0
	 Base: 0%
	 Effective Percent: 3,01%
Mastery
	 Rating: 14933
	 Multiplicative Factor: 0%
	 DR Bracket: 0
	 Base: 19,8%
	 Effective Percent: 58,2%
----------------------
01:35,048

Intellect
	 Rating: 141986
	 Multiplicative Factor: 8,15%
Stamina
	 Rating: 879958
	 Multiplicative Factor: 11,3%
Crit
	 Rating: 19738
	 Multiplicative Factor: 0%
	 DR Bracket: 0
	 Base: 5%
	 Effective Percent: 33,2%
	 Crit Inc Heal: 2,6
	 Crit Inc Damage: 2
Haste
	 Rating: 21194
	 Multiplicative Factor: 0%
	 DR Bracket: 1
	 Base: 3%
	 Effective Percent: 35,86%
Vers
	 Rating: 6300
	 Multiplicative Factor: 0%
	 DR Bracket: 0
	 Base: 3%
	 Effective Percent: 11,08%
Leech
	 Rating: 0
	 Multiplicative Factor: 0%
	 DR Bracket: 0
	 Base: 2%
	 Effective Percent: 2%
Avoidance
	 Rating: 1635
	 Multiplicative Factor: 0%
	 DR Bracket: 0
	 Base: 0%
	 Effective Percent: 3,01%
Mastery
	 Rating: 14933
	 Multiplicative Factor: 0%
	 DR Bracket: 0
	 Base: 19,8%
	 Effective Percent: 58,2%
----------------------
01:35,077

Intellect
	 Rating: 141986
	 Multiplicative Factor: 8,15%
Stamina
	 Rating: 879958
	 Multiplicative Factor: 11,3%
Crit
	 Rating: 19738
	 Multiplicative Factor: 0%
	 DR Bracket: 0
	 Base: 5%
	 Effective Percent: 33,2%
	 Crit Inc Heal: 2,6
	 Crit Inc Damage: 2
Haste
	 Rating: 21194
	 Multiplicative Factor: 0%
	 DR Bracket: 1
	 Base: 6%
	 Effective Percent: 39,81%
Vers
	 Rating: 6300
	 Multiplicative Factor: 0%
	 DR Bracket: 0
	 Base: 3%
	 Effective Percent: 11,08%
Leech
	 Rating: 0
	 Multiplicative Factor: 0%
	 DR Bracket: 0
	 Base: 2%
	 Effective Percent: 2%
Avoidance
	 Rating: 1635
	 Multiplicative Factor: 0%
	 DR Bracket: 0
	 Base: 0%
	 Effective Percent: 3,01%
Mastery
	 Rating: 14933
	 Multiplicative Factor: 0%
	 DR Bracket: 0
	 Base: 19,8%
	 Effective Percent: 58,2%
----------------------
01:35,077

Intellect
	 Rating: 141986
	 Multiplicative Factor: 8,15%
Stamina
	 Rating: 879958
	 Multiplicative Factor: 11,3%
Crit
	 Rating: 19738
	 Multiplicative Factor: 0%
	 DR Bracket: 0
	 Base: 5%
	 Effective Percent: 33,2%
	 Crit Inc Heal: 2,6
	 Crit Inc Damage: 2
Haste
	 Rating: 21194
	 Multiplicative Factor: 0%
	 DR Bracket: 1
	 Base: 9%
	 Effective Percent: 43,77%
Vers
	 Rating: 6300
	 Multiplicative Factor: 0%
	 DR Bracket: 0
	 Base: 3%
	 Effective Percent: 11,08%
Leech
	 Rating: 0
	 Multiplicative Factor: 0%
	 DR Bracket: 0
	 Base: 2%
	 Effective Percent: 2%
Avoidance
	 Rating: 1635
	 Multiplicative Factor: 0%
	 DR Bracket: 0
	 Base: 0%
	 Effective Percent: 3,01%
Mastery
	 Rating: 14933
	 Multiplicative Factor: 0%
	 DR Bracket: 0
	 Base: 19,8%
	 Effective Percent: 58,2%
----------------------
01:41,258

Intellect
	 Rating: 141986
	 Multiplicative Factor: 8,15%
Stamina
	 Rating: 879958
	 Multiplicative Factor: 11,3%
Crit
	 Rating: 25723
	 Multiplicative Factor: 0%
	 DR Bracket: 1
	 Base: 5%
	 Effective Percent: 41,07%
	 Crit Inc Heal: 2,6
	 Crit Inc Damage: 2
Haste
	 Rating: 21194
	 Multiplicative Factor: 0%
	 DR Bracket: 1
	 Base: 9%
	 Effective Percent: 43,77%
Vers
	 Rating: 6300
	 Multiplicative Factor: 0%
	 DR Bracket: 0
	 Base: 3%
	 Effective Percent: 11,08%
Leech
	 Rating: 0
	 Multiplicative Factor: 0%
	 DR Bracket: 0
	 Base: 2%
	 Effective Percent: 2%
Avoidance
	 Rating: 1635
	 Multiplicative Factor: 0%
	 DR Bracket: 0
	 Base: 0%
	 Effective Percent: 3,01%
Mastery
	 Rating: 14933
	 Multiplicative Factor: 0%
	 DR Bracket: 0
	 Base: 19,8%
	 Effective Percent: 58,2%
----------------------
01:43,053

Intellect
	 Rating: 141986
	 Multiplicative Factor: 8,15%
Stamina
	 Rating: 879958
	 Multiplicative Factor: 11,3%
Crit
	 Rating: 25723
	 Multiplicative Factor: 0%
	 DR Bracket: 1
	 Base: 5%
	 Effective Percent: 41,07%
	 Crit Inc Heal: 2,6
	 Crit Inc Damage: 2
Haste
	 Rating: 21194
	 Multiplicative Factor: 0%
	 DR Bracket: 1
	 Base: 0%
	 Effective Percent: 31,9%
Vers
	 Rating: 6300
	 Multiplicative Factor: 0%
	 DR Bracket: 0
	 Base: 3%
	 Effective Percent: 11,08%
Leech
	 Rating: 0
	 Multiplicative Factor: 0%
	 DR Bracket: 0
	 Base: 2%
	 Effective Percent: 2%
Avoidance
	 Rating: 1635
	 Multiplicative Factor: 0%
	 DR Bracket: 0
	 Base: 0%
	 Effective Percent: 3,01%
Mastery
	 Rating: 14933
	 Multiplicative Factor: 0%
	 DR Bracket: 0
	 Base: 19,8%
	 Effective Percent: 58,2%
----------------------
01:43,441

Intellect
	 Rating: 141986
	 Multiplicative Factor: 8,15%
Stamina
	 Rating: 879958
	 Multiplicative Factor: 11,3%
Crit
	 Rating: 25723
	 Multiplicative Factor: 0%
	 DR Bracket: 1
	 Base: 5%
	 Effective Percent: 41,07%
	 Crit Inc Heal: 2,6
	 Crit Inc Damage: 2
Haste
	 Rating: 21194
	 Multiplicative Factor: 0%
	 DR Bracket: 1
	 Base: 1%
	 Effective Percent: 33,22%
Vers
	 Rating: 6300
	 Multiplicative Factor: 0%
	 DR Bracket: 0
	 Base: 3%
	 Effective Percent: 11,08%
Leech
	 Rating: 0
	 Multiplicative Factor: 0%
	 DR Bracket: 0
	 Base: 2%
	 Effective Percent: 2%
Avoidance
	 Rating: 1635
	 Multiplicative Factor: 0%
	 DR Bracket: 0
	 Base: 0%
	 Effective Percent: 3,01%
Mastery
	 Rating: 14933
	 Multiplicative Factor: 0%
	 DR Bracket: 0
	 Base: 19,8%
	 Effective Percent: 58,2%
----------------------
01:43,460

Intellect
	 Rating: 149085
	 Multiplicative Factor: 13,56%
Stamina
	 Rating: 879958
	 Multiplicative Factor: 11,3%
Crit
	 Rating: 25723
	 Multiplicative Factor: 0%
	 DR Bracket: 1
	 Base: 5%
	 Effective Percent: 41,07%
	 Crit Inc Heal: 2,6
	 Crit Inc Damage: 2
Haste
	 Rating: 21194
	 Multiplicative Factor: 0%
	 DR Bracket: 1
	 Base: 1%
	 Effective Percent: 33,22%
Vers
	 Rating: 6300
	 Multiplicative Factor: 0%
	 DR Bracket: 0
	 Base: 3%
	 Effective Percent: 11,08%
Leech
	 Rating: 0
	 Multiplicative Factor: 0%
	 DR Bracket: 0
	 Base: 2%
	 Effective Percent: 2%
Avoidance
	 Rating: 1635
	 Multiplicative Factor: 0%
	 DR Bracket: 0
	 Base: 0%
	 Effective Percent: 3,01%
Mastery
	 Rating: 14933
	 Multiplicative Factor: 0%
	 DR Bracket: 0
	 Base: 19,8%
	 Effective Percent: 58,2%
----------------------
01:44,465

Intellect
	 Rating: 149085
	 Multiplicative Factor: 13,56%
Stamina
	 Rating: 879958
	 Multiplicative Factor: 11,3%
Crit
	 Rating: 25723
	 Multiplicative Factor: 0%
	 DR Bracket: 1
	 Base: 5%
	 Effective Percent: 41,07%
	 Crit Inc Heal: 2,6
	 Crit Inc Damage: 2
Haste
	 Rating: 21194
	 Multiplicative Factor: 0%
	 DR Bracket: 1
	 Base: 29%
	 Effective Percent: 70,15%
Vers
	 Rating: 6300
	 Multiplicative Factor: 0%
	 DR Bracket: 0
	 Base: 3%
	 Effective Percent: 11,08%
Leech
	 Rating: 0
	 Multiplicative Factor: 0%
	 DR Bracket: 0
	 Base: 2%
	 Effective Percent: 2%
Avoidance
	 Rating: 1635
	 Multiplicative Factor: 0%
	 DR Bracket: 0
	 Base: 0%
	 Effective Percent: 3,01%
Mastery
	 Rating: 14933
	 Multiplicative Factor: 0%
	 DR Bracket: 0
	 Base: 19,8%
	 Effective Percent: 58,2%
----------------------
01:45,445

Intellect
	 Rating: 149085
	 Multiplicative Factor: 13,56%
Stamina
	 Rating: 879958
	 Multiplicative Factor: 11,3%
Crit
	 Rating: 25723
	 Multiplicative Factor: 0%
	 DR Bracket: 1
	 Base: 5%
	 Effective Percent: 41,07%
	 Crit Inc Heal: 2,6
	 Crit Inc Damage: 2
Haste
	 Rating: 21194
	 Multiplicative Factor: 0%
	 DR Bracket: 1
	 Base: 28%
	 Effective Percent: 68,83%
Vers
	 Rating: 6300
	 Multiplicative Factor: 0%
	 DR Bracket: 0
	 Base: 3%
	 Effective Percent: 11,08%
Leech
	 Rating: 0
	 Multiplicative Factor: 0%
	 DR Bracket: 0
	 Base: 2%
	 Effective Percent: 2%
Avoidance
	 Rating: 1635
	 Multiplicative Factor: 0%
	 DR Bracket: 0
	 Base: 0%
	 Effective Percent: 3,01%
Mastery
	 Rating: 14933
	 Multiplicative Factor: 0%
	 DR Bracket: 0
	 Base: 19,8%
	 Effective Percent: 58,2%
----------------------
01:46,459

Intellect
	 Rating: 149085
	 Multiplicative Factor: 13,56%
Stamina
	 Rating: 879958
	 Multiplicative Factor: 11,3%
Crit
	 Rating: 25723
	 Multiplicative Factor: 0%
	 DR Bracket: 1
	 Base: 5%
	 Effective Percent: 41,07%
	 Crit Inc Heal: 2,6
	 Crit Inc Damage: 2
Haste
	 Rating: 21194
	 Multiplicative Factor: 0%
	 DR Bracket: 1
	 Base: 27%
	 Effective Percent: 67,51%
Vers
	 Rating: 6300
	 Multiplicative Factor: 0%
	 DR Bracket: 0
	 Base: 3%
	 Effective Percent: 11,08%
Leech
	 Rating: 0
	 Multiplicative Factor: 0%
	 DR Bracket: 0
	 Base: 2%
	 Effective Percent: 2%
Avoidance
	 Rating: 1635
	 Multiplicative Factor: 0%
	 DR Bracket: 0
	 Base: 0%
	 Effective Percent: 3,01%
Mastery
	 Rating: 14933
	 Multiplicative Factor: 0%
	 DR Bracket: 0
	 Base: 19,8%
	 Effective Percent: 58,2%
----------------------
01:47,451

Intellect
	 Rating: 149085
	 Multiplicative Factor: 13,56%
Stamina
	 Rating: 879958
	 Multiplicative Factor: 11,3%
Crit
	 Rating: 25723
	 Multiplicative Factor: 0%
	 DR Bracket: 1
	 Base: 5%
	 Effective Percent: 41,07%
	 Crit Inc Heal: 2,6
	 Crit Inc Damage: 2
Haste
	 Rating: 21194
	 Multiplicative Factor: 0%
	 DR Bracket: 1
	 Base: 26%
	 Effective Percent: 66,2%
Vers
	 Rating: 6300
	 Multiplicative Factor: 0%
	 DR Bracket: 0
	 Base: 3%
	 Effective Percent: 11,08%
Leech
	 Rating: 0
	 Multiplicative Factor: 0%
	 DR Bracket: 0
	 Base: 2%
	 Effective Percent: 2%
Avoidance
	 Rating: 1635
	 Multiplicative Factor: 0%
	 DR Bracket: 0
	 Base: 0%
	 Effective Percent: 3,01%
Mastery
	 Rating: 14933
	 Multiplicative Factor: 0%
	 DR Bracket: 0
	 Base: 19,8%
	 Effective Percent: 58,2%
----------------------
01:48,458

Intellect
	 Rating: 149085
	 Multiplicative Factor: 13,56%
Stamina
	 Rating: 879958
	 Multiplicative Factor: 11,3%
Crit
	 Rating: 25723
	 Multiplicative Factor: 0%
	 DR Bracket: 1
	 Base: 5%
	 Effective Percent: 41,07%
	 Crit Inc Heal: 2,6
	 Crit Inc Damage: 2
Haste
	 Rating: 21194
	 Multiplicative Factor: 0%
	 DR Bracket: 1
	 Base: 25%
	 Effective Percent: 64,88%
Vers
	 Rating: 6300
	 Multiplicative Factor: 0%
	 DR Bracket: 0
	 Base: 3%
	 Effective Percent: 11,08%
Leech
	 Rating: 0
	 Multiplicative Factor: 0%
	 DR Bracket: 0
	 Base: 2%
	 Effective Percent: 2%
Avoidance
	 Rating: 1635
	 Multiplicative Factor: 0%
	 DR Bracket: 0
	 Base: 0%
	 Effective Percent: 3,01%
Mastery
	 Rating: 14933
	 Multiplicative Factor: 0%
	 DR Bracket: 0
	 Base: 19,8%
	 Effective Percent: 58,2%
----------------------
01:49,467

Intellect
	 Rating: 149085
	 Multiplicative Factor: 13,56%
Stamina
	 Rating: 879958
	 Multiplicative Factor: 11,3%
Crit
	 Rating: 25723
	 Multiplicative Factor: 0%
	 DR Bracket: 1
	 Base: 5%
	 Effective Percent: 41,07%
	 Crit Inc Heal: 2,6
	 Crit Inc Damage: 2
Haste
	 Rating: 21194
	 Multiplicative Factor: 0%
	 DR Bracket: 1
	 Base: 24%
	 Effective Percent: 63,56%
Vers
	 Rating: 6300
	 Multiplicative Factor: 0%
	 DR Bracket: 0
	 Base: 3%
	 Effective Percent: 11,08%
Leech
	 Rating: 0
	 Multiplicative Factor: 0%
	 DR Bracket: 0
	 Base: 2%
	 Effective Percent: 2%
Avoidance
	 Rating: 1635
	 Multiplicative Factor: 0%
	 DR Bracket: 0
	 Base: 0%
	 Effective Percent: 3,01%
Mastery
	 Rating: 14933
	 Multiplicative Factor: 0%
	 DR Bracket: 0
	 Base: 19,8%
	 Effective Percent: 58,2%
----------------------
01:50,477

Intellect
	 Rating: 149085
	 Multiplicative Factor: 13,56%
Stamina
	 Rating: 879958
	 Multiplicative Factor: 11,3%
Crit
	 Rating: 25723
	 Multiplicative Factor: 0%
	 DR Bracket: 1
	 Base: 5%
	 Effective Percent: 41,07%
	 Crit Inc Heal: 2,6
	 Crit Inc Damage: 2
Haste
	 Rating: 21194
	 Multiplicative Factor: 0%
	 DR Bracket: 1
	 Base: 23%
	 Effective Percent: 62,24%
Vers
	 Rating: 6300
	 Multiplicative Factor: 0%
	 DR Bracket: 0
	 Base: 3%
	 Effective Percent: 11,08%
Leech
	 Rating: 0
	 Multiplicative Factor: 0%
	 DR Bracket: 0
	 Base: 2%
	 Effective Percent: 2%
Avoidance
	 Rating: 1635
	 Multiplicative Factor: 0%
	 DR Bracket: 0
	 Base: 0%
	 Effective Percent: 3,01%
Mastery
	 Rating: 14933
	 Multiplicative Factor: 0%
	 DR Bracket: 0
	 Base: 19,8%
	 Effective Percent: 58,2%
----------------------
01:51,260

Intellect
	 Rating: 149085
	 Multiplicative Factor: 13,56%
Stamina
	 Rating: 879958
	 Multiplicative Factor: 11,3%
Crit
	 Rating: 19738
	 Multiplicative Factor: 0%
	 DR Bracket: 0
	 Base: 5%
	 Effective Percent: 33,2%
	 Crit Inc Heal: 2,6
	 Crit Inc Damage: 2
Haste
	 Rating: 21194
	 Multiplicative Factor: 0%
	 DR Bracket: 1
	 Base: 23%
	 Effective Percent: 62,24%
Vers
	 Rating: 6300
	 Multiplicative Factor: 0%
	 DR Bracket: 0
	 Base: 3%
	 Effective Percent: 11,08%
Leech
	 Rating: 0
	 Multiplicative Factor: 0%
	 DR Bracket: 0
	 Base: 2%
	 Effective Percent: 2%
Avoidance
	 Rating: 1635
	 Multiplicative Factor: 0%
	 DR Bracket: 0
	 Base: 0%
	 Effective Percent: 3,01%
Mastery
	 Rating: 14933
	 Multiplicative Factor: 0%
	 DR Bracket: 0
	 Base: 19,8%
	 Effective Percent: 58,2%
----------------------
01:51,449

Intellect
	 Rating: 149085
	 Multiplicative Factor: 13,56%
Stamina
	 Rating: 879958
	 Multiplicative Factor: 11,3%
Crit
	 Rating: 19738
	 Multiplicative Factor: 0%
	 DR Bracket: 0
	 Base: 5%
	 Effective Percent: 33,2%
	 Crit Inc Heal: 2,6
	 Crit Inc Damage: 2
Haste
	 Rating: 21194
	 Multiplicative Factor: 0%
	 DR Bracket: 1
	 Base: 22%
	 Effective Percent: 60,92%
Vers
	 Rating: 6300
	 Multiplicative Factor: 0%
	 DR Bracket: 0
	 Base: 3%
	 Effective Percent: 11,08%
Leech
	 Rating: 0
	 Multiplicative Factor: 0%
	 DR Bracket: 0
	 Base: 2%
	 Effective Percent: 2%
Avoidance
	 Rating: 1635
	 Multiplicative Factor: 0%
	 DR Bracket: 0
	 Base: 0%
	 Effective Percent: 3,01%
Mastery
	 Rating: 14933
	 Multiplicative Factor: 0%
	 DR Bracket: 0
	 Base: 19,8%
	 Effective Percent: 58,2%
----------------------
01:52,462

Intellect
	 Rating: 149085
	 Multiplicative Factor: 13,56%
Stamina
	 Rating: 879958
	 Multiplicative Factor: 11,3%
Crit
	 Rating: 19738
	 Multiplicative Factor: 0%
	 DR Bracket: 0
	 Base: 5%
	 Effective Percent: 33,2%
	 Crit Inc Heal: 2,6
	 Crit Inc Damage: 2
Haste
	 Rating: 21194
	 Multiplicative Factor: 0%
	 DR Bracket: 1
	 Base: 21%
	 Effective Percent: 59,6%
Vers
	 Rating: 6300
	 Multiplicative Factor: 0%
	 DR Bracket: 0
	 Base: 3%
	 Effective Percent: 11,08%
Leech
	 Rating: 0
	 Multiplicative Factor: 0%
	 DR Bracket: 0
	 Base: 2%
	 Effective Percent: 2%
Avoidance
	 Rating: 1635
	 Multiplicative Factor: 0%
	 DR Bracket: 0
	 Base: 0%
	 Effective Percent: 3,01%
Mastery
	 Rating: 14933
	 Multiplicative Factor: 0%
	 DR Bracket: 0
	 Base: 19,8%
	 Effective Percent: 58,2%
----------------------
01:53,455

Intellect
	 Rating: 149085
	 Multiplicative Factor: 13,56%
Stamina
	 Rating: 879958
	 Multiplicative Factor: 11,3%
Crit
	 Rating: 19738
	 Multiplicative Factor: 0%
	 DR Bracket: 0
	 Base: 5%
	 Effective Percent: 33,2%
	 Crit Inc Heal: 2,6
	 Crit Inc Damage: 2
Haste
	 Rating: 21194
	 Multiplicative Factor: 0%
	 DR Bracket: 1
	 Base: 20%
	 Effective Percent: 58,28%
Vers
	 Rating: 6300
	 Multiplicative Factor: 0%
	 DR Bracket: 0
	 Base: 3%
	 Effective Percent: 11,08%
Leech
	 Rating: 0
	 Multiplicative Factor: 0%
	 DR Bracket: 0
	 Base: 2%
	 Effective Percent: 2%
Avoidance
	 Rating: 1635
	 Multiplicative Factor: 0%
	 DR Bracket: 0
	 Base: 0%
	 Effective Percent: 3,01%
Mastery
	 Rating: 14933
	 Multiplicative Factor: 0%
	 DR Bracket: 0
	 Base: 19,8%
	 Effective Percent: 58,2%
----------------------
01:54,466

Intellect
	 Rating: 149085
	 Multiplicative Factor: 13,56%
Stamina
	 Rating: 879958
	 Multiplicative Factor: 11,3%
Crit
	 Rating: 19738
	 Multiplicative Factor: 0%
	 DR Bracket: 0
	 Base: 5%
	 Effective Percent: 33,2%
	 Crit Inc Heal: 2,6
	 Crit Inc Damage: 2
Haste
	 Rating: 21194
	 Multiplicative Factor: 0%
	 DR Bracket: 1
	 Base: 19%
	 Effective Percent: 56,96%
Vers
	 Rating: 6300
	 Multiplicative Factor: 0%
	 DR Bracket: 0
	 Base: 3%
	 Effective Percent: 11,08%
Leech
	 Rating: 0
	 Multiplicative Factor: 0%
	 DR Bracket: 0
	 Base: 2%
	 Effective Percent: 2%
Avoidance
	 Rating: 1635
	 Multiplicative Factor: 0%
	 DR Bracket: 0
	 Base: 0%
	 Effective Percent: 3,01%
Mastery
	 Rating: 14933
	 Multiplicative Factor: 0%
	 DR Bracket: 0
	 Base: 19,8%
	 Effective Percent: 58,2%
----------------------
01:55,453

Intellect
	 Rating: 149085
	 Multiplicative Factor: 13,56%
Stamina
	 Rating: 879958
	 Multiplicative Factor: 11,3%
Crit
	 Rating: 19738
	 Multiplicative Factor: 0%
	 DR Bracket: 0
	 Base: 5%
	 Effective Percent: 33,2%
	 Crit Inc Heal: 2,6
	 Crit Inc Damage: 2
Haste
	 Rating: 21194
	 Multiplicative Factor: 0%
	 DR Bracket: 1
	 Base: 18%
	 Effective Percent: 55,64%
Vers
	 Rating: 6300
	 Multiplicative Factor: 0%
	 DR Bracket: 0
	 Base: 3%
	 Effective Percent: 11,08%
Leech
	 Rating: 0
	 Multiplicative Factor: 0%
	 DR Bracket: 0
	 Base: 2%
	 Effective Percent: 2%
Avoidance
	 Rating: 1635
	 Multiplicative Factor: 0%
	 DR Bracket: 0
	 Base: 0%
	 Effective Percent: 3,01%
Mastery
	 Rating: 14933
	 Multiplicative Factor: 0%
	 DR Bracket: 0
	 Base: 19,8%
	 Effective Percent: 58,2%
----------------------
01:56,459

Intellect
	 Rating: 149085
	 Multiplicative Factor: 13,56%
Stamina
	 Rating: 879958
	 Multiplicative Factor: 11,3%
Crit
	 Rating: 19738
	 Multiplicative Factor: 0%
	 DR Bracket: 0
	 Base: 5%
	 Effective Percent: 33,2%
	 Crit Inc Heal: 2,6
	 Crit Inc Damage: 2
Haste
	 Rating: 21194
	 Multiplicative Factor: 0%
	 DR Bracket: 1
	 Base: 17%
	 Effective Percent: 54,32%
Vers
	 Rating: 6300
	 Multiplicative Factor: 0%
	 DR Bracket: 0
	 Base: 3%
	 Effective Percent: 11,08%
Leech
	 Rating: 0
	 Multiplicative Factor: 0%
	 DR Bracket: 0
	 Base: 2%
	 Effective Percent: 2%
Avoidance
	 Rating: 1635
	 Multiplicative Factor: 0%
	 DR Bracket: 0
	 Base: 0%
	 Effective Percent: 3,01%
Mastery
	 Rating: 14933
	 Multiplicative Factor: 0%
	 DR Bracket: 0
	 Base: 19,8%
	 Effective Percent: 58,2%
----------------------
01:57,446

Intellect
	 Rating: 149085
	 Multiplicative Factor: 13,56%
Stamina
	 Rating: 879958
	 Multiplicative Factor: 11,3%
Crit
	 Rating: 19738
	 Multiplicative Factor: 0%
	 DR Bracket: 0
	 Base: 5%
	 Effective Percent: 33,2%
	 Crit Inc Heal: 2,6
	 Crit Inc Damage: 2
Haste
	 Rating: 21194
	 Multiplicative Factor: 0%
	 DR Bracket: 1
	 Base: 16%
	 Effective Percent: 53,01%
Vers
	 Rating: 6300
	 Multiplicative Factor: 0%
	 DR Bracket: 0
	 Base: 3%
	 Effective Percent: 11,08%
Leech
	 Rating: 0
	 Multiplicative Factor: 0%
	 DR Bracket: 0
	 Base: 2%
	 Effective Percent: 2%
Avoidance
	 Rating: 1635
	 Multiplicative Factor: 0%
	 DR Bracket: 0
	 Base: 0%
	 Effective Percent: 3,01%
Mastery
	 Rating: 14933
	 Multiplicative Factor: 0%
	 DR Bracket: 0
	 Base: 19,8%
	 Effective Percent: 58,2%
----------------------
01:58,497

Intellect
	 Rating: 149085
	 Multiplicative Factor: 13,56%
Stamina
	 Rating: 879958
	 Multiplicative Factor: 11,3%
Crit
	 Rating: 19738
	 Multiplicative Factor: 0%
	 DR Bracket: 0
	 Base: 5%
	 Effective Percent: 33,2%
	 Crit Inc Heal: 2,6
	 Crit Inc Damage: 2
Haste
	 Rating: 21194
	 Multiplicative Factor: 0%
	 DR Bracket: 1
	 Base: 15%
	 Effective Percent: 51,69%
Vers
	 Rating: 6300
	 Multiplicative Factor: 0%
	 DR Bracket: 0
	 Base: 3%
	 Effective Percent: 11,08%
Leech
	 Rating: 0
	 Multiplicative Factor: 0%
	 DR Bracket: 0
	 Base: 2%
	 Effective Percent: 2%
Avoidance
	 Rating: 1635
	 Multiplicative Factor: 0%
	 DR Bracket: 0
	 Base: 0%
	 Effective Percent: 3,01%
Mastery
	 Rating: 14933
	 Multiplicative Factor: 0%
	 DR Bracket: 0
	 Base: 19,8%
	 Effective Percent: 58,2%
----------------------
01:59,456

Intellect
	 Rating: 149085
	 Multiplicative Factor: 13,56%
Stamina
	 Rating: 879958
	 Multiplicative Factor: 11,3%
Crit
	 Rating: 19738
	 Multiplicative Factor: 0%
	 DR Bracket: 0
	 Base: 5%
	 Effective Percent: 33,2%
	 Crit Inc Heal: 2,6
	 Crit Inc Damage: 2
Haste
	 Rating: 21194
	 Multiplicative Factor: 0%
	 DR Bracket: 1
	 Base: 14%
	 Effective Percent: 50,37%
Vers
	 Rating: 6300
	 Multiplicative Factor: 0%
	 DR Bracket: 0
	 Base: 3%
	 Effective Percent: 11,08%
Leech
	 Rating: 0
	 Multiplicative Factor: 0%
	 DR Bracket: 0
	 Base: 2%
	 Effective Percent: 2%
Avoidance
	 Rating: 1635
	 Multiplicative Factor: 0%
	 DR Bracket: 0
	 Base: 0%
	 Effective Percent: 3,01%
Mastery
	 Rating: 14933
	 Multiplicative Factor: 0%
	 DR Bracket: 0
	 Base: 19,8%
	 Effective Percent: 58,2%
----------------------
02:00,464

Intellect
	 Rating: 149085
	 Multiplicative Factor: 13,56%
Stamina
	 Rating: 879958
	 Multiplicative Factor: 11,3%
Crit
	 Rating: 19738
	 Multiplicative Factor: 0%
	 DR Bracket: 0
	 Base: 5%
	 Effective Percent: 33,2%
	 Crit Inc Heal: 2,6
	 Crit Inc Damage: 2
Haste
	 Rating: 21194
	 Multiplicative Factor: 0%
	 DR Bracket: 1
	 Base: 13%
	 Effective Percent: 49,05%
Vers
	 Rating: 6300
	 Multiplicative Factor: 0%
	 DR Bracket: 0
	 Base: 3%
	 Effective Percent: 11,08%
Leech
	 Rating: 0
	 Multiplicative Factor: 0%
	 DR Bracket: 0
	 Base: 2%
	 Effective Percent: 2%
Avoidance
	 Rating: 1635
	 Multiplicative Factor: 0%
	 DR Bracket: 0
	 Base: 0%
	 Effective Percent: 3,01%
Mastery
	 Rating: 14933
	 Multiplicative Factor: 0%
	 DR Bracket: 0
	 Base: 19,8%
	 Effective Percent: 58,2%
----------------------
02:00,921

Intellect
	 Rating: 149085
	 Multiplicative Factor: 13,56%
Stamina
	 Rating: 879958
	 Multiplicative Factor: 11,3%
Crit
	 Rating: 19738
	 Multiplicative Factor: 0%
	 DR Bracket: 0
	 Base: 5%
	 Effective Percent: 33,2%
	 Crit Inc Heal: 2,6
	 Crit Inc Damage: 2
Haste
	 Rating: 21194
	 Multiplicative Factor: 0%
	 DR Bracket: 1
	 Base: 16%
	 Effective Percent: 53,01%
Vers
	 Rating: 6300
	 Multiplicative Factor: 0%
	 DR Bracket: 0
	 Base: 3%
	 Effective Percent: 11,08%
Leech
	 Rating: 0
	 Multiplicative Factor: 0%
	 DR Bracket: 0
	 Base: 2%
	 Effective Percent: 2%
Avoidance
	 Rating: 1635
	 Multiplicative Factor: 0%
	 DR Bracket: 0
	 Base: 0%
	 Effective Percent: 3,01%
Mastery
	 Rating: 14933
	 Multiplicative Factor: 0%
	 DR Bracket: 0
	 Base: 19,8%
	 Effective Percent: 58,2%
----------------------
02:00,940

Intellect
	 Rating: 149085
	 Multiplicative Factor: 13,56%
Stamina
	 Rating: 879958
	 Multiplicative Factor: 11,3%
Crit
	 Rating: 19738
	 Multiplicative Factor: 0%
	 DR Bracket: 0
	 Base: 5%
	 Effective Percent: 33,2%
	 Crit Inc Heal: 2,6
	 Crit Inc Damage: 2
Haste
	 Rating: 21194
	 Multiplicative Factor: 0%
	 DR Bracket: 1
	 Base: 22%
	 Effective Percent: 60,92%
Vers
	 Rating: 6300
	 Multiplicative Factor: 0%
	 DR Bracket: 0
	 Base: 3%
	 Effective Percent: 11,08%
Leech
	 Rating: 0
	 Multiplicative Factor: 0%
	 DR Bracket: 0
	 Base: 2%
	 Effective Percent: 2%
Avoidance
	 Rating: 1635
	 Multiplicative Factor: 0%
	 DR Bracket: 0
	 Base: 0%
	 Effective Percent: 3,01%
Mastery
	 Rating: 14933
	 Multiplicative Factor: 0%
	 DR Bracket: 0
	 Base: 19,8%
	 Effective Percent: 58,2%
----------------------
02:00,940

Intellect
	 Rating: 149085
	 Multiplicative Factor: 13,56%
Stamina
	 Rating: 879958
	 Multiplicative Factor: 11,3%
Crit
	 Rating: 19738
	 Multiplicative Factor: 0%
	 DR Bracket: 0
	 Base: 5%
	 Effective Percent: 33,2%
	 Crit Inc Heal: 2,6
	 Crit Inc Damage: 2
Haste
	 Rating: 21194
	 Multiplicative Factor: 0%
	 DR Bracket: 1
	 Base: 19%
	 Effective Percent: 56,96%
Vers
	 Rating: 6300
	 Multiplicative Factor: 0%
	 DR Bracket: 0
	 Base: 3%
	 Effective Percent: 11,08%
Leech
	 Rating: 0
	 Multiplicative Factor: 0%
	 DR Bracket: 0
	 Base: 2%
	 Effective Percent: 2%
Avoidance
	 Rating: 1635
	 Multiplicative Factor: 0%
	 DR Bracket: 0
	 Base: 0%
	 Effective Percent: 3,01%
Mastery
	 Rating: 14933
	 Multiplicative Factor: 0%
	 DR Bracket: 0
	 Base: 19,8%
	 Effective Percent: 58,2%
----------------------
02:01,460

Intellect
	 Rating: 149085
	 Multiplicative Factor: 13,56%
Stamina
	 Rating: 879958
	 Multiplicative Factor: 11,3%
Crit
	 Rating: 19738
	 Multiplicative Factor: 0%
	 DR Bracket: 0
	 Base: 5%
	 Effective Percent: 33,2%
	 Crit Inc Heal: 2,6
	 Crit Inc Damage: 2
Haste
	 Rating: 21194
	 Multiplicative Factor: 0%
	 DR Bracket: 1
	 Base: 18%
	 Effective Percent: 55,64%
Vers
	 Rating: 6300
	 Multiplicative Factor: 0%
	 DR Bracket: 0
	 Base: 3%
	 Effective Percent: 11,08%
Leech
	 Rating: 0
	 Multiplicative Factor: 0%
	 DR Bracket: 0
	 Base: 2%
	 Effective Percent: 2%
Avoidance
	 Rating: 1635
	 Multiplicative Factor: 0%
	 DR Bracket: 0
	 Base: 0%
	 Effective Percent: 3,01%
Mastery
	 Rating: 14933
	 Multiplicative Factor: 0%
	 DR Bracket: 0
	 Base: 19,8%
	 Effective Percent: 58,2%
----------------------
02:02,468

Intellect
	 Rating: 149085
	 Multiplicative Factor: 13,56%
Stamina
	 Rating: 879958
	 Multiplicative Factor: 11,3%
Crit
	 Rating: 19738
	 Multiplicative Factor: 0%
	 DR Bracket: 0
	 Base: 5%
	 Effective Percent: 33,2%
	 Crit Inc Heal: 2,6
	 Crit Inc Damage: 2
Haste
	 Rating: 21194
	 Multiplicative Factor: 0%
	 DR Bracket: 1
	 Base: 17%
	 Effective Percent: 54,32%
Vers
	 Rating: 6300
	 Multiplicative Factor: 0%
	 DR Bracket: 0
	 Base: 3%
	 Effective Percent: 11,08%
Leech
	 Rating: 0
	 Multiplicative Factor: 0%
	 DR Bracket: 0
	 Base: 2%
	 Effective Percent: 2%
Avoidance
	 Rating: 1635
	 Multiplicative Factor: 0%
	 DR Bracket: 0
	 Base: 0%
	 Effective Percent: 3,01%
Mastery
	 Rating: 14933
	 Multiplicative Factor: 0%
	 DR Bracket: 0
	 Base: 19,8%
	 Effective Percent: 58,2%
----------------------
02:03,473

Intellect
	 Rating: 149085
	 Multiplicative Factor: 13,56%
Stamina
	 Rating: 879958
	 Multiplicative Factor: 11,3%
Crit
	 Rating: 19738
	 Multiplicative Factor: 0%
	 DR Bracket: 0
	 Base: 5%
	 Effective Percent: 33,2%
	 Crit Inc Heal: 2,6
	 Crit Inc Damage: 2
Haste
	 Rating: 21194
	 Multiplicative Factor: 0%
	 DR Bracket: 1
	 Base: 16%
	 Effective Percent: 53,01%
Vers
	 Rating: 6300
	 Multiplicative Factor: 0%
	 DR Bracket: 0
	 Base: 3%
	 Effective Percent: 11,08%
Leech
	 Rating: 0
	 Multiplicative Factor: 0%
	 DR Bracket: 0
	 Base: 2%
	 Effective Percent: 2%
Avoidance
	 Rating: 1635
	 Multiplicative Factor: 0%
	 DR Bracket: 0
	 Base: 0%
	 Effective Percent: 3,01%
Mastery
	 Rating: 14933
	 Multiplicative Factor: 0%
	 DR Bracket: 0
	 Base: 19,8%
	 Effective Percent: 58,2%
----------------------
02:04,458

Intellect
	 Rating: 149085
	 Multiplicative Factor: 13,56%
Stamina
	 Rating: 879958
	 Multiplicative Factor: 11,3%
Crit
	 Rating: 19738
	 Multiplicative Factor: 0%
	 DR Bracket: 0
	 Base: 5%
	 Effective Percent: 33,2%
	 Crit Inc Heal: 2,6
	 Crit Inc Damage: 2
Haste
	 Rating: 21194
	 Multiplicative Factor: 0%
	 DR Bracket: 1
	 Base: 15%
	 Effective Percent: 51,69%
Vers
	 Rating: 6300
	 Multiplicative Factor: 0%
	 DR Bracket: 0
	 Base: 3%
	 Effective Percent: 11,08%
Leech
	 Rating: 0
	 Multiplicative Factor: 0%
	 DR Bracket: 0
	 Base: 2%
	 Effective Percent: 2%
Avoidance
	 Rating: 1635
	 Multiplicative Factor: 0%
	 DR Bracket: 0
	 Base: 0%
	 Effective Percent: 3,01%
Mastery
	 Rating: 14933
	 Multiplicative Factor: 0%
	 DR Bracket: 0
	 Base: 19,8%
	 Effective Percent: 58,2%
----------------------
02:05,471

Intellect
	 Rating: 149085
	 Multiplicative Factor: 13,56%
Stamina
	 Rating: 879958
	 Multiplicative Factor: 11,3%
Crit
	 Rating: 19738
	 Multiplicative Factor: 0%
	 DR Bracket: 0
	 Base: 5%
	 Effective Percent: 33,2%
	 Crit Inc Heal: 2,6
	 Crit Inc Damage: 2
Haste
	 Rating: 21194
	 Multiplicative Factor: 0%
	 DR Bracket: 1
	 Base: 14%
	 Effective Percent: 50,37%
Vers
	 Rating: 6300
	 Multiplicative Factor: 0%
	 DR Bracket: 0
	 Base: 3%
	 Effective Percent: 11,08%
Leech
	 Rating: 0
	 Multiplicative Factor: 0%
	 DR Bracket: 0
	 Base: 2%
	 Effective Percent: 2%
Avoidance
	 Rating: 1635
	 Multiplicative Factor: 0%
	 DR Bracket: 0
	 Base: 0%
	 Effective Percent: 3,01%
Mastery
	 Rating: 14933
	 Multiplicative Factor: 0%
	 DR Bracket: 0
	 Base: 19,8%
	 Effective Percent: 58,2%
----------------------
02:06,469

Intellect
	 Rating: 149085
	 Multiplicative Factor: 13,56%
Stamina
	 Rating: 879958
	 Multiplicative Factor: 11,3%
Crit
	 Rating: 19738
	 Multiplicative Factor: 0%
	 DR Bracket: 0
	 Base: 5%
	 Effective Percent: 33,2%
	 Crit Inc Heal: 2,6
	 Crit Inc Damage: 2
Haste
	 Rating: 21194
	 Multiplicative Factor: 0%
	 DR Bracket: 1
	 Base: 13%
	 Effective Percent: 49,05%
Vers
	 Rating: 6300
	 Multiplicative Factor: 0%
	 DR Bracket: 0
	 Base: 3%
	 Effective Percent: 11,08%
Leech
	 Rating: 0
	 Multiplicative Factor: 0%
	 DR Bracket: 0
	 Base: 2%
	 Effective Percent: 2%
Avoidance
	 Rating: 1635
	 Multiplicative Factor: 0%
	 DR Bracket: 0
	 Base: 0%
	 Effective Percent: 3,01%
Mastery
	 Rating: 14933
	 Multiplicative Factor: 0%
	 DR Bracket: 0
	 Base: 19,8%
	 Effective Percent: 58,2%
----------------------
02:07,458

Intellect
	 Rating: 149085
	 Multiplicative Factor: 13,56%
Stamina
	 Rating: 879958
	 Multiplicative Factor: 11,3%
Crit
	 Rating: 19738
	 Multiplicative Factor: 0%
	 DR Bracket: 0
	 Base: 5%
	 Effective Percent: 33,2%
	 Crit Inc Heal: 2,6
	 Crit Inc Damage: 2
Haste
	 Rating: 21194
	 Multiplicative Factor: 0%
	 DR Bracket: 1
	 Base: 12%
	 Effective Percent: 47,73%
Vers
	 Rating: 6300
	 Multiplicative Factor: 0%
	 DR Bracket: 0
	 Base: 3%
	 Effective Percent: 11,08%
Leech
	 Rating: 0
	 Multiplicative Factor: 0%
	 DR Bracket: 0
	 Base: 2%
	 Effective Percent: 2%
Avoidance
	 Rating: 1635
	 Multiplicative Factor: 0%
	 DR Bracket: 0
	 Base: 0%
	 Effective Percent: 3,01%
Mastery
	 Rating: 14933
	 Multiplicative Factor: 0%
	 DR Bracket: 0
	 Base: 19,8%
	 Effective Percent: 58,2%
----------------------
02:08,452

Intellect
	 Rating: 149085
	 Multiplicative Factor: 13,56%
Stamina
	 Rating: 879958
	 Multiplicative Factor: 11,3%
Crit
	 Rating: 19738
	 Multiplicative Factor: 0%
	 DR Bracket: 0
	 Base: 5%
	 Effective Percent: 33,2%
	 Crit Inc Heal: 2,6
	 Crit Inc Damage: 2
Haste
	 Rating: 21194
	 Multiplicative Factor: 0%
	 DR Bracket: 1
	 Base: 11%
	 Effective Percent: 46,41%
Vers
	 Rating: 6300
	 Multiplicative Factor: 0%
	 DR Bracket: 0
	 Base: 3%
	 Effective Percent: 11,08%
Leech
	 Rating: 0
	 Multiplicative Factor: 0%
	 DR Bracket: 0
	 Base: 2%
	 Effective Percent: 2%
Avoidance
	 Rating: 1635
	 Multiplicative Factor: 0%
	 DR Bracket: 0
	 Base: 0%
	 Effective Percent: 3,01%
Mastery
	 Rating: 14933
	 Multiplicative Factor: 0%
	 DR Bracket: 0
	 Base: 19,8%
	 Effective Percent: 58,2%
----------------------
02:08,952

Intellect
	 Rating: 149085
	 Multiplicative Factor: 13,56%
Stamina
	 Rating: 879958
	 Multiplicative Factor: 11,3%
Crit
	 Rating: 19738
	 Multiplicative Factor: 0%
	 DR Bracket: 0
	 Base: 5%
	 Effective Percent: 33,2%
	 Crit Inc Heal: 2,6
	 Crit Inc Damage: 2
Haste
	 Rating: 21194
	 Multiplicative Factor: 0%
	 DR Bracket: 1
	 Base: 5%
	 Effective Percent: 38,5%
Vers
	 Rating: 6300
	 Multiplicative Factor: 0%
	 DR Bracket: 0
	 Base: 3%
	 Effective Percent: 11,08%
Leech
	 Rating: 0
	 Multiplicative Factor: 0%
	 DR Bracket: 0
	 Base: 2%
	 Effective Percent: 2%
Avoidance
	 Rating: 1635
	 Multiplicative Factor: 0%
	 DR Bracket: 0
	 Base: 0%
	 Effective Percent: 3,01%
Mastery
	 Rating: 14933
	 Multiplicative Factor: 0%
	 DR Bracket: 0
	 Base: 19,8%
	 Effective Percent: 58,2%
----------------------
02:09,477

Intellect
	 Rating: 149085
	 Multiplicative Factor: 13,56%
Stamina
	 Rating: 879958
	 Multiplicative Factor: 11,3%
Crit
	 Rating: 19738
	 Multiplicative Factor: 0%
	 DR Bracket: 0
	 Base: 5%
	 Effective Percent: 33,2%
	 Crit Inc Heal: 2,6
	 Crit Inc Damage: 2
Haste
	 Rating: 21194
	 Multiplicative Factor: 0%
	 DR Bracket: 1
	 Base: 4%
	 Effective Percent: 37,18%
Vers
	 Rating: 6300
	 Multiplicative Factor: 0%
	 DR Bracket: 0
	 Base: 3%
	 Effective Percent: 11,08%
Leech
	 Rating: 0
	 Multiplicative Factor: 0%
	 DR Bracket: 0
	 Base: 2%
	 Effective Percent: 2%
Avoidance
	 Rating: 1635
	 Multiplicative Factor: 0%
	 DR Bracket: 0
	 Base: 0%
	 Effective Percent: 3,01%
Mastery
	 Rating: 14933
	 Multiplicative Factor: 0%
	 DR Bracket: 0
	 Base: 19,8%
	 Effective Percent: 58,2%
----------------------
02:10,467

Intellect
	 Rating: 149085
	 Multiplicative Factor: 13,56%
Stamina
	 Rating: 879958
	 Multiplicative Factor: 11,3%
Crit
	 Rating: 19738
	 Multiplicative Factor: 0%
	 DR Bracket: 0
	 Base: 5%
	 Effective Percent: 33,2%
	 Crit Inc Heal: 2,6
	 Crit Inc Damage: 2
Haste
	 Rating: 21194
	 Multiplicative Factor: 0%
	 DR Bracket: 1
	 Base: 3%
	 Effective Percent: 35,86%
Vers
	 Rating: 6300
	 Multiplicative Factor: 0%
	 DR Bracket: 0
	 Base: 3%
	 Effective Percent: 11,08%
Leech
	 Rating: 0
	 Multiplicative Factor: 0%
	 DR Bracket: 0
	 Base: 2%
	 Effective Percent: 2%
Avoidance
	 Rating: 1635
	 Multiplicative Factor: 0%
	 DR Bracket: 0
	 Base: 0%
	 Effective Percent: 3,01%
Mastery
	 Rating: 14933
	 Multiplicative Factor: 0%
	 DR Bracket: 0
	 Base: 19,8%
	 Effective Percent: 58,2%
----------------------
02:11,510

Intellect
	 Rating: 149085
	 Multiplicative Factor: 13,56%
Stamina
	 Rating: 879958
	 Multiplicative Factor: 11,3%
Crit
	 Rating: 19738
	 Multiplicative Factor: 0%
	 DR Bracket: 0
	 Base: 5%
	 Effective Percent: 33,2%
	 Crit Inc Heal: 2,6
	 Crit Inc Damage: 2
Haste
	 Rating: 21194
	 Multiplicative Factor: 0%
	 DR Bracket: 1
	 Base: 2%
	 Effective Percent: 34,54%
Vers
	 Rating: 6300
	 Multiplicative Factor: 0%
	 DR Bracket: 0
	 Base: 3%
	 Effective Percent: 11,08%
Leech
	 Rating: 0
	 Multiplicative Factor: 0%
	 DR Bracket: 0
	 Base: 2%
	 Effective Percent: 2%
Avoidance
	 Rating: 1635
	 Multiplicative Factor: 0%
	 DR Bracket: 0
	 Base: 0%
	 Effective Percent: 3,01%
Mastery
	 Rating: 14933
	 Multiplicative Factor: 0%
	 DR Bracket: 0
	 Base: 19,8%
	 Effective Percent: 58,2%
----------------------
02:12,484

Intellect
	 Rating: 149085
	 Multiplicative Factor: 13,56%
Stamina
	 Rating: 879958
	 Multiplicative Factor: 11,3%
Crit
	 Rating: 19738
	 Multiplicative Factor: 0%
	 DR Bracket: 0
	 Base: 5%
	 Effective Percent: 33,2%
	 Crit Inc Heal: 2,6
	 Crit Inc Damage: 2
Haste
	 Rating: 21194
	 Multiplicative Factor: 0%
	 DR Bracket: 1
	 Base: 1%
	 Effective Percent: 33,22%
Vers
	 Rating: 6300
	 Multiplicative Factor: 0%
	 DR Bracket: 0
	 Base: 3%
	 Effective Percent: 11,08%
Leech
	 Rating: 0
	 Multiplicative Factor: 0%
	 DR Bracket: 0
	 Base: 2%
	 Effective Percent: 2%
Avoidance
	 Rating: 1635
	 Multiplicative Factor: 0%
	 DR Bracket: 0
	 Base: 0%
	 Effective Percent: 3,01%
Mastery
	 Rating: 14933
	 Multiplicative Factor: 0%
	 DR Bracket: 0
	 Base: 19,8%
	 Effective Percent: 58,2%
----------------------
02:13,480

Intellect
	 Rating: 149085
	 Multiplicative Factor: 13,56%
Stamina
	 Rating: 879958
	 Multiplicative Factor: 11,3%
Crit
	 Rating: 19738
	 Multiplicative Factor: 0%
	 DR Bracket: 0
	 Base: 5%
	 Effective Percent: 33,2%
	 Crit Inc Heal: 2,6
	 Crit Inc Damage: 2
Haste
	 Rating: 21194
	 Multiplicative Factor: 0%
	 DR Bracket: 1
	 Base: 0%
	 Effective Percent: 31,9%
Vers
	 Rating: 6300
	 Multiplicative Factor: 0%
	 DR Bracket: 0
	 Base: 3%
	 Effective Percent: 11,08%
Leech
	 Rating: 0
	 Multiplicative Factor: 0%
	 DR Bracket: 0
	 Base: 2%
	 Effective Percent: 2%
Avoidance
	 Rating: 1635
	 Multiplicative Factor: 0%
	 DR Bracket: 0
	 Base: 0%
	 Effective Percent: 3,01%
Mastery
	 Rating: 14933
	 Multiplicative Factor: 0%
	 DR Bracket: 0
	 Base: 19,8%
	 Effective Percent: 58,2%
----------------------
02:16,026

Intellect
	 Rating: 141986
	 Multiplicative Factor: 8,15%
Stamina
	 Rating: 879958
	 Multiplicative Factor: 11,3%
Crit
	 Rating: 19738
	 Multiplicative Factor: 0%
	 DR Bracket: 0
	 Base: 5%
	 Effective Percent: 33,2%
	 Crit Inc Heal: 2,6
	 Crit Inc Damage: 2
Haste
	 Rating: 21194
	 Multiplicative Factor: 0%
	 DR Bracket: 1
	 Base: 0%
	 Effective Percent: 31,9%
Vers
	 Rating: 6300
	 Multiplicative Factor: 0%
	 DR Bracket: 0
	 Base: 3%
	 Effective Percent: 11,08%
Leech
	 Rating: 0
	 Multiplicative Factor: 0%
	 DR Bracket: 0
	 Base: 2%
	 Effective Percent: 2%
Avoidance
	 Rating: 1635
	 Multiplicative Factor: 0%
	 DR Bracket: 0
	 Base: 0%
	 Effective Percent: 3,01%
Mastery
	 Rating: 14933
	 Multiplicative Factor: 0%
	 DR Bracket: 0
	 Base: 19,8%
	 Effective Percent: 58,2%
----------------------
02:30,176

Intellect
	 Rating: 141986
	 Multiplicative Factor: 8,15%
Stamina
	 Rating: 879958
	 Multiplicative Factor: 11,3%
Crit
	 Rating: 25723
	 Multiplicative Factor: 0%
	 DR Bracket: 1
	 Base: 5%
	 Effective Percent: 41,07%
	 Crit Inc Heal: 2,6
	 Crit Inc Damage: 2
Haste
	 Rating: 21194
	 Multiplicative Factor: 0%
	 DR Bracket: 1
	 Base: 0%
	 Effective Percent: 31,9%
Vers
	 Rating: 6300
	 Multiplicative Factor: 0%
	 DR Bracket: 0
	 Base: 3%
	 Effective Percent: 11,08%
Leech
	 Rating: 0
	 Multiplicative Factor: 0%
	 DR Bracket: 0
	 Base: 2%
	 Effective Percent: 2%
Avoidance
	 Rating: 1635
	 Multiplicative Factor: 0%
	 DR Bracket: 0
	 Base: 0%
	 Effective Percent: 3,01%
Mastery
	 Rating: 14933
	 Multiplicative Factor: 0%
	 DR Bracket: 0
	 Base: 19,8%
	 Effective Percent: 58,2%
----------------------
02:31,227

Intellect
	 Rating: 141986
	 Multiplicative Factor: 8,15%
Stamina
	 Rating: 879958
	 Multiplicative Factor: 11,3%
Crit
	 Rating: 25723
	 Multiplicative Factor: 0%
	 DR Bracket: 1
	 Base: 5%
	 Effective Percent: 41,07%
	 Crit Inc Heal: 2
	 Crit Inc Damage: 2
Haste
	 Rating: 21194
	 Multiplicative Factor: 0%
	 DR Bracket: 1
	 Base: 0%
	 Effective Percent: 31,9%
Vers
	 Rating: 6300
	 Multiplicative Factor: 0%
	 DR Bracket: 0
	 Base: 3%
	 Effective Percent: 11,08%
Leech
	 Rating: 0
	 Multiplicative Factor: 0%
	 DR Bracket: 0
	 Base: 2%
	 Effective Percent: 2%
Avoidance
	 Rating: 1635
	 Multiplicative Factor: 0%
	 DR Bracket: 0
	 Base: 0%
	 Effective Percent: 3,01%
Mastery
	 Rating: 14933
	 Multiplicative Factor: 0%
	 DR Bracket: 0
	 Base: 19,8%
	 Effective Percent: 58,2%
----------------------
02:31,580

Intellect
	 Rating: 149085
	 Multiplicative Factor: 13,56%
Stamina
	 Rating: 879958
	 Multiplicative Factor: 11,3%
Crit
	 Rating: 25723
	 Multiplicative Factor: 0%
	 DR Bracket: 1
	 Base: 5%
	 Effective Percent: 41,07%
	 Crit Inc Heal: 2
	 Crit Inc Damage: 2
Haste
	 Rating: 21194
	 Multiplicative Factor: 0%
	 DR Bracket: 1
	 Base: 0%
	 Effective Percent: 31,9%
Vers
	 Rating: 6300
	 Multiplicative Factor: 0%
	 DR Bracket: 0
	 Base: 3%
	 Effective Percent: 11,08%
Leech
	 Rating: 0
	 Multiplicative Factor: 0%
	 DR Bracket: 0
	 Base: 2%
	 Effective Percent: 2%
Avoidance
	 Rating: 1635
	 Multiplicative Factor: 0%
	 DR Bracket: 0
	 Base: 0%
	 Effective Percent: 3,01%
Mastery
	 Rating: 14933
	 Multiplicative Factor: 0%
	 DR Bracket: 0
	 Base: 19,8%
	 Effective Percent: 58,2%
----------------------
02:32,159

Intellect
	 Rating: 149085
	 Multiplicative Factor: 13,56%
Stamina
	 Rating: 879958
	 Multiplicative Factor: 11,3%
Crit
	 Rating: 31708
	 Multiplicative Factor: 0%
	 DR Bracket: 2
	 Base: 5%
	 Effective Percent: 48,24%
	 Crit Inc Heal: 2
	 Crit Inc Damage: 2
Haste
	 Rating: 21194
	 Multiplicative Factor: 0%
	 DR Bracket: 1
	 Base: 0%
	 Effective Percent: 31,9%
Vers
	 Rating: 6300
	 Multiplicative Factor: 0%
	 DR Bracket: 0
	 Base: 3%
	 Effective Percent: 11,08%
Leech
	 Rating: 0
	 Multiplicative Factor: 0%
	 DR Bracket: 0
	 Base: 2%
	 Effective Percent: 2%
Avoidance
	 Rating: 1635
	 Multiplicative Factor: 0%
	 DR Bracket: 0
	 Base: 0%
	 Effective Percent: 3,01%
Mastery
	 Rating: 14933
	 Multiplicative Factor: 0%
	 DR Bracket: 0
	 Base: 19,8%
	 Effective Percent: 58,2%
----------------------
02:39,091

Intellect
	 Rating: 149085
	 Multiplicative Factor: 13,56%
Stamina
	 Rating: 879958
	 Multiplicative Factor: 11,3%
Crit
	 Rating: 31708
	 Multiplicative Factor: 0%
	 DR Bracket: 2
	 Base: 5%
	 Effective Percent: 48,24%
	 Crit Inc Heal: 2,6
	 Crit Inc Damage: 2
Haste
	 Rating: 21194
	 Multiplicative Factor: 0%
	 DR Bracket: 1
	 Base: 0%
	 Effective Percent: 31,9%
Vers
	 Rating: 6300
	 Multiplicative Factor: 0%
	 DR Bracket: 0
	 Base: 3%
	 Effective Percent: 11,08%
Leech
	 Rating: 0
	 Multiplicative Factor: 0%
	 DR Bracket: 0
	 Base: 2%
	 Effective Percent: 2%
Avoidance
	 Rating: 1635
	 Multiplicative Factor: 0%
	 DR Bracket: 0
	 Base: 0%
	 Effective Percent: 3,01%
Mastery
	 Rating: 14933
	 Multiplicative Factor: 0%
	 DR Bracket: 0
	 Base: 19,8%
	 Effective Percent: 58,2%
----------------------
02:39,113

Intellect
	 Rating: 149085
	 Multiplicative Factor: 13,56%
Stamina
	 Rating: 879958
	 Multiplicative Factor: 11,3%
Crit
	 Rating: 31708
	 Multiplicative Factor: 0%
	 DR Bracket: 2
	 Base: 5%
	 Effective Percent: 48,24%
	 Crit Inc Heal: 2,6
	 Crit Inc Damage: 2
Haste
	 Rating: 21194
	 Multiplicative Factor: 0%
	 DR Bracket: 1
	 Base: 3%
	 Effective Percent: 35,86%
Vers
	 Rating: 6300
	 Multiplicative Factor: 0%
	 DR Bracket: 0
	 Base: 3%
	 Effective Percent: 11,08%
Leech
	 Rating: 0
	 Multiplicative Factor: 0%
	 DR Bracket: 0
	 Base: 2%
	 Effective Percent: 2%
Avoidance
	 Rating: 1635
	 Multiplicative Factor: 0%
	 DR Bracket: 0
	 Base: 0%
	 Effective Percent: 3,01%
Mastery
	 Rating: 14933
	 Multiplicative Factor: 0%
	 DR Bracket: 0
	 Base: 19,8%
	 Effective Percent: 58,2%
----------------------
02:39,113

Intellect
	 Rating: 149085
	 Multiplicative Factor: 13,56%
Stamina
	 Rating: 879958
	 Multiplicative Factor: 11,3%
Crit
	 Rating: 31708
	 Multiplicative Factor: 0%
	 DR Bracket: 2
	 Base: 5%
	 Effective Percent: 48,24%
	 Crit Inc Heal: 2,6
	 Crit Inc Damage: 2
Haste
	 Rating: 21194
	 Multiplicative Factor: 0%
	 DR Bracket: 1
	 Base: 6%
	 Effective Percent: 39,81%
Vers
	 Rating: 6300
	 Multiplicative Factor: 0%
	 DR Bracket: 0
	 Base: 3%
	 Effective Percent: 11,08%
Leech
	 Rating: 0
	 Multiplicative Factor: 0%
	 DR Bracket: 0
	 Base: 2%
	 Effective Percent: 2%
Avoidance
	 Rating: 1635
	 Multiplicative Factor: 0%
	 DR Bracket: 0
	 Base: 0%
	 Effective Percent: 3,01%
Mastery
	 Rating: 14933
	 Multiplicative Factor: 0%
	 DR Bracket: 0
	 Base: 19,8%
	 Effective Percent: 58,2%
----------------------
02:39,114

Intellect
	 Rating: 149085
	 Multiplicative Factor: 13,56%
Stamina
	 Rating: 879958
	 Multiplicative Factor: 11,3%
Crit
	 Rating: 31708
	 Multiplicative Factor: 0%
	 DR Bracket: 2
	 Base: 5%
	 Effective Percent: 48,24%
	 Crit Inc Heal: 2,6
	 Crit Inc Damage: 2
Haste
	 Rating: 21194
	 Multiplicative Factor: 0%
	 DR Bracket: 1
	 Base: 9%
	 Effective Percent: 43,77%
Vers
	 Rating: 6300
	 Multiplicative Factor: 0%
	 DR Bracket: 0
	 Base: 3%
	 Effective Percent: 11,08%
Leech
	 Rating: 0
	 Multiplicative Factor: 0%
	 DR Bracket: 0
	 Base: 2%
	 Effective Percent: 2%
Avoidance
	 Rating: 1635
	 Multiplicative Factor: 0%
	 DR Bracket: 0
	 Base: 0%
	 Effective Percent: 3,01%
Mastery
	 Rating: 14933
	 Multiplicative Factor: 0%
	 DR Bracket: 0
	 Base: 19,8%
	 Effective Percent: 58,2%
----------------------
02:40,186

Intellect
	 Rating: 149085
	 Multiplicative Factor: 13,56%
Stamina
	 Rating: 879958
	 Multiplicative Factor: 11,3%
Crit
	 Rating: 25723
	 Multiplicative Factor: 0%
	 DR Bracket: 1
	 Base: 5%
	 Effective Percent: 41,07%
	 Crit Inc Heal: 2,6
	 Crit Inc Damage: 2
Haste
	 Rating: 21194
	 Multiplicative Factor: 0%
	 DR Bracket: 1
	 Base: 9%
	 Effective Percent: 43,77%
Vers
	 Rating: 6300
	 Multiplicative Factor: 0%
	 DR Bracket: 0
	 Base: 3%
	 Effective Percent: 11,08%
Leech
	 Rating: 0
	 Multiplicative Factor: 0%
	 DR Bracket: 0
	 Base: 2%
	 Effective Percent: 2%
Avoidance
	 Rating: 1635
	 Multiplicative Factor: 0%
	 DR Bracket: 0
	 Base: 0%
	 Effective Percent: 3,01%
Mastery
	 Rating: 14933
	 Multiplicative Factor: 0%
	 DR Bracket: 0
	 Base: 19,8%
	 Effective Percent: 58,2%
----------------------
02:41,062

Intellect
	 Rating: 149085
	 Multiplicative Factor: 13,56%
Stamina
	 Rating: 879958
	 Multiplicative Factor: 11,3%
Crit
	 Rating: 25723
	 Multiplicative Factor: 0%
	 DR Bracket: 1
	 Base: 5%
	 Effective Percent: 41,07%
	 Crit Inc Heal: 2,6
	 Crit Inc Damage: 2
Haste
	 Rating: 21194
	 Multiplicative Factor: 0%
	 DR Bracket: 1
	 Base: 10%
	 Effective Percent: 45,09%
Vers
	 Rating: 6300
	 Multiplicative Factor: 0%
	 DR Bracket: 0
	 Base: 3%
	 Effective Percent: 11,08%
Leech
	 Rating: 0
	 Multiplicative Factor: 0%
	 DR Bracket: 0
	 Base: 2%
	 Effective Percent: 2%
Avoidance
	 Rating: 1635
	 Multiplicative Factor: 0%
	 DR Bracket: 0
	 Base: 0%
	 Effective Percent: 3,01%
Mastery
	 Rating: 14933
	 Multiplicative Factor: 0%
	 DR Bracket: 0
	 Base: 19,8%
	 Effective Percent: 58,2%
----------------------
02:42,075

Intellect
	 Rating: 149085
	 Multiplicative Factor: 13,56%
Stamina
	 Rating: 879958
	 Multiplicative Factor: 11,3%
Crit
	 Rating: 25723
	 Multiplicative Factor: 0%
	 DR Bracket: 1
	 Base: 5%
	 Effective Percent: 41,07%
	 Crit Inc Heal: 2,6
	 Crit Inc Damage: 2
Haste
	 Rating: 21194
	 Multiplicative Factor: 0%
	 DR Bracket: 1
	 Base: 38%
	 Effective Percent: 82,02%
Vers
	 Rating: 6300
	 Multiplicative Factor: 0%
	 DR Bracket: 0
	 Base: 3%
	 Effective Percent: 11,08%
Leech
	 Rating: 0
	 Multiplicative Factor: 0%
	 DR Bracket: 0
	 Base: 2%
	 Effective Percent: 2%
Avoidance
	 Rating: 1635
	 Multiplicative Factor: 0%
	 DR Bracket: 0
	 Base: 0%
	 Effective Percent: 3,01%
Mastery
	 Rating: 14933
	 Multiplicative Factor: 0%
	 DR Bracket: 0
	 Base: 19,8%
	 Effective Percent: 58,2%
----------------------
02:42,171

Intellect
	 Rating: 149085
	 Multiplicative Factor: 13,56%
Stamina
	 Rating: 879958
	 Multiplicative Factor: 11,3%
Crit
	 Rating: 19738
	 Multiplicative Factor: 0%
	 DR Bracket: 0
	 Base: 5%
	 Effective Percent: 33,2%
	 Crit Inc Heal: 2,6
	 Crit Inc Damage: 2
Haste
	 Rating: 21194
	 Multiplicative Factor: 0%
	 DR Bracket: 1
	 Base: 38%
	 Effective Percent: 82,02%
Vers
	 Rating: 6300
	 Multiplicative Factor: 0%
	 DR Bracket: 0
	 Base: 3%
	 Effective Percent: 11,08%
Leech
	 Rating: 0
	 Multiplicative Factor: 0%
	 DR Bracket: 0
	 Base: 2%
	 Effective Percent: 2%
Avoidance
	 Rating: 1635
	 Multiplicative Factor: 0%
	 DR Bracket: 0
	 Base: 0%
	 Effective Percent: 3,01%
Mastery
	 Rating: 14933
	 Multiplicative Factor: 0%
	 DR Bracket: 0
	 Base: 19,8%
	 Effective Percent: 58,2%
----------------------
02:42,724

Intellect
	 Rating: 149085
	 Multiplicative Factor: 13,56%
Stamina
	 Rating: 879958
	 Multiplicative Factor: 11,3%
Crit
	 Rating: 25723
	 Multiplicative Factor: 0%
	 DR Bracket: 1
	 Base: 5%
	 Effective Percent: 41,07%
	 Crit Inc Heal: 2,6
	 Crit Inc Damage: 2
Haste
	 Rating: 21194
	 Multiplicative Factor: 0%
	 DR Bracket: 1
	 Base: 38%
	 Effective Percent: 82,02%
Vers
	 Rating: 6300
	 Multiplicative Factor: 0%
	 DR Bracket: 0
	 Base: 3%
	 Effective Percent: 11,08%
Leech
	 Rating: 0
	 Multiplicative Factor: 0%
	 DR Bracket: 0
	 Base: 2%
	 Effective Percent: 2%
Avoidance
	 Rating: 1635
	 Multiplicative Factor: 0%
	 DR Bracket: 0
	 Base: 0%
	 Effective Percent: 3,01%
Mastery
	 Rating: 14933
	 Multiplicative Factor: 0%
	 DR Bracket: 0
	 Base: 19,8%
	 Effective Percent: 58,2%
----------------------
02:43,072

Intellect
	 Rating: 149085
	 Multiplicative Factor: 13,56%
Stamina
	 Rating: 879958
	 Multiplicative Factor: 11,3%
Crit
	 Rating: 25723
	 Multiplicative Factor: 0%
	 DR Bracket: 1
	 Base: 5%
	 Effective Percent: 41,07%
	 Crit Inc Heal: 2,6
	 Crit Inc Damage: 2
Haste
	 Rating: 21194
	 Multiplicative Factor: 0%
	 DR Bracket: 1
	 Base: 37%
	 Effective Percent: 80,7%
Vers
	 Rating: 6300
	 Multiplicative Factor: 0%
	 DR Bracket: 0
	 Base: 3%
	 Effective Percent: 11,08%
Leech
	 Rating: 0
	 Multiplicative Factor: 0%
	 DR Bracket: 0
	 Base: 2%
	 Effective Percent: 2%
Avoidance
	 Rating: 1635
	 Multiplicative Factor: 0%
	 DR Bracket: 0
	 Base: 0%
	 Effective Percent: 3,01%
Mastery
	 Rating: 14933
	 Multiplicative Factor: 0%
	 DR Bracket: 0
	 Base: 19,8%
	 Effective Percent: 58,2%
----------------------
02:44,076

Intellect
	 Rating: 149085
	 Multiplicative Factor: 13,56%
Stamina
	 Rating: 879958
	 Multiplicative Factor: 11,3%
Crit
	 Rating: 25723
	 Multiplicative Factor: 0%
	 DR Bracket: 1
	 Base: 5%
	 Effective Percent: 41,07%
	 Crit Inc Heal: 2,6
	 Crit Inc Damage: 2
Haste
	 Rating: 21194
	 Multiplicative Factor: 0%
	 DR Bracket: 1
	 Base: 36%
	 Effective Percent: 79,39%
Vers
	 Rating: 6300
	 Multiplicative Factor: 0%
	 DR Bracket: 0
	 Base: 3%
	 Effective Percent: 11,08%
Leech
	 Rating: 0
	 Multiplicative Factor: 0%
	 DR Bracket: 0
	 Base: 2%
	 Effective Percent: 2%
Avoidance
	 Rating: 1635
	 Multiplicative Factor: 0%
	 DR Bracket: 0
	 Base: 0%
	 Effective Percent: 3,01%
Mastery
	 Rating: 14933
	 Multiplicative Factor: 0%
	 DR Bracket: 0
	 Base: 19,8%
	 Effective Percent: 58,2%
----------------------
02:45,064

Intellect
	 Rating: 149085
	 Multiplicative Factor: 13,56%
Stamina
	 Rating: 879958
	 Multiplicative Factor: 11,3%
Crit
	 Rating: 25723
	 Multiplicative Factor: 0%
	 DR Bracket: 1
	 Base: 5%
	 Effective Percent: 41,07%
	 Crit Inc Heal: 2,6
	 Crit Inc Damage: 2
Haste
	 Rating: 21194
	 Multiplicative Factor: 0%
	 DR Bracket: 1
	 Base: 35%
	 Effective Percent: 78,07%
Vers
	 Rating: 6300
	 Multiplicative Factor: 0%
	 DR Bracket: 0
	 Base: 3%
	 Effective Percent: 11,08%
Leech
	 Rating: 0
	 Multiplicative Factor: 0%
	 DR Bracket: 0
	 Base: 2%
	 Effective Percent: 2%
Avoidance
	 Rating: 1635
	 Multiplicative Factor: 0%
	 DR Bracket: 0
	 Base: 0%
	 Effective Percent: 3,01%
Mastery
	 Rating: 14933
	 Multiplicative Factor: 0%
	 DR Bracket: 0
	 Base: 19,8%
	 Effective Percent: 58,2%
----------------------
02:46,089

Intellect
	 Rating: 149085
	 Multiplicative Factor: 13,56%
Stamina
	 Rating: 879958
	 Multiplicative Factor: 11,3%
Crit
	 Rating: 25723
	 Multiplicative Factor: 0%
	 DR Bracket: 1
	 Base: 5%
	 Effective Percent: 41,07%
	 Crit Inc Heal: 2,6
	 Crit Inc Damage: 2
Haste
	 Rating: 21194
	 Multiplicative Factor: 0%
	 DR Bracket: 1
	 Base: 34%
	 Effective Percent: 76,75%
Vers
	 Rating: 6300
	 Multiplicative Factor: 0%
	 DR Bracket: 0
	 Base: 3%
	 Effective Percent: 11,08%
Leech
	 Rating: 0
	 Multiplicative Factor: 0%
	 DR Bracket: 0
	 Base: 2%
	 Effective Percent: 2%
Avoidance
	 Rating: 1635
	 Multiplicative Factor: 0%
	 DR Bracket: 0
	 Base: 0%
	 Effective Percent: 3,01%
Mastery
	 Rating: 14933
	 Multiplicative Factor: 0%
	 DR Bracket: 0
	 Base: 19,8%
	 Effective Percent: 58,2%
----------------------
02:47,064

Intellect
	 Rating: 149085
	 Multiplicative Factor: 13,56%
Stamina
	 Rating: 879958
	 Multiplicative Factor: 11,3%
Crit
	 Rating: 25723
	 Multiplicative Factor: 0%
	 DR Bracket: 1
	 Base: 5%
	 Effective Percent: 41,07%
	 Crit Inc Heal: 2,6
	 Crit Inc Damage: 2
Haste
	 Rating: 21194
	 Multiplicative Factor: 0%
	 DR Bracket: 1
	 Base: 33%
	 Effective Percent: 75,43%
Vers
	 Rating: 6300
	 Multiplicative Factor: 0%
	 DR Bracket: 0
	 Base: 3%
	 Effective Percent: 11,08%
Leech
	 Rating: 0
	 Multiplicative Factor: 0%
	 DR Bracket: 0
	 Base: 2%
	 Effective Percent: 2%
Avoidance
	 Rating: 1635
	 Multiplicative Factor: 0%
	 DR Bracket: 0
	 Base: 0%
	 Effective Percent: 3,01%
Mastery
	 Rating: 14933
	 Multiplicative Factor: 0%
	 DR Bracket: 0
	 Base: 19,8%
	 Effective Percent: 58,2%
----------------------
02:47,126

Intellect
	 Rating: 149085
	 Multiplicative Factor: 13,56%
Stamina
	 Rating: 879958
	 Multiplicative Factor: 11,3%
Crit
	 Rating: 25723
	 Multiplicative Factor: 0%
	 DR Bracket: 1
	 Base: 5%
	 Effective Percent: 41,07%
	 Crit Inc Heal: 2,6
	 Crit Inc Damage: 2
Haste
	 Rating: 21194
	 Multiplicative Factor: 0%
	 DR Bracket: 1
	 Base: 24%
	 Effective Percent: 63,56%
Vers
	 Rating: 6300
	 Multiplicative Factor: 0%
	 DR Bracket: 0
	 Base: 3%
	 Effective Percent: 11,08%
Leech
	 Rating: 0
	 Multiplicative Factor: 0%
	 DR Bracket: 0
	 Base: 2%
	 Effective Percent: 2%
Avoidance
	 Rating: 1635
	 Multiplicative Factor: 0%
	 DR Bracket: 0
	 Base: 0%
	 Effective Percent: 3,01%
Mastery
	 Rating: 14933
	 Multiplicative Factor: 0%
	 DR Bracket: 0
	 Base: 19,8%
	 Effective Percent: 58,2%
----------------------
02:48,134

Intellect
	 Rating: 149085
	 Multiplicative Factor: 13,56%
Stamina
	 Rating: 879958
	 Multiplicative Factor: 11,3%
Crit
	 Rating: 25723
	 Multiplicative Factor: 0%
	 DR Bracket: 1
	 Base: 5%
	 Effective Percent: 41,07%
	 Crit Inc Heal: 2,6
	 Crit Inc Damage: 2
Haste
	 Rating: 21194
	 Multiplicative Factor: 0%
	 DR Bracket: 1
	 Base: 23%
	 Effective Percent: 62,24%
Vers
	 Rating: 6300
	 Multiplicative Factor: 0%
	 DR Bracket: 0
	 Base: 3%
	 Effective Percent: 11,08%
Leech
	 Rating: 0
	 Multiplicative Factor: 0%
	 DR Bracket: 0
	 Base: 2%
	 Effective Percent: 2%
Avoidance
	 Rating: 1635
	 Multiplicative Factor: 0%
	 DR Bracket: 0
	 Base: 0%
	 Effective Percent: 3,01%
Mastery
	 Rating: 14933
	 Multiplicative Factor: 0%
	 DR Bracket: 0
	 Base: 19,8%
	 Effective Percent: 58,2%
----------------------
02:49,068

Intellect
	 Rating: 149085
	 Multiplicative Factor: 13,56%
Stamina
	 Rating: 879958
	 Multiplicative Factor: 11,3%
Crit
	 Rating: 25723
	 Multiplicative Factor: 0%
	 DR Bracket: 1
	 Base: 5%
	 Effective Percent: 41,07%
	 Crit Inc Heal: 2,6
	 Crit Inc Damage: 2
Haste
	 Rating: 21194
	 Multiplicative Factor: 0%
	 DR Bracket: 1
	 Base: 22%
	 Effective Percent: 60,92%
Vers
	 Rating: 6300
	 Multiplicative Factor: 0%
	 DR Bracket: 0
	 Base: 3%
	 Effective Percent: 11,08%
Leech
	 Rating: 0
	 Multiplicative Factor: 0%
	 DR Bracket: 0
	 Base: 2%
	 Effective Percent: 2%
Avoidance
	 Rating: 1635
	 Multiplicative Factor: 0%
	 DR Bracket: 0
	 Base: 0%
	 Effective Percent: 3,01%
Mastery
	 Rating: 14933
	 Multiplicative Factor: 0%
	 DR Bracket: 0
	 Base: 19,8%
	 Effective Percent: 58,2%
----------------------
02:50,083

Intellect
	 Rating: 149085
	 Multiplicative Factor: 13,56%
Stamina
	 Rating: 879958
	 Multiplicative Factor: 11,3%
Crit
	 Rating: 25723
	 Multiplicative Factor: 0%
	 DR Bracket: 1
	 Base: 5%
	 Effective Percent: 41,07%
	 Crit Inc Heal: 2,6
	 Crit Inc Damage: 2
Haste
	 Rating: 21194
	 Multiplicative Factor: 0%
	 DR Bracket: 1
	 Base: 21%
	 Effective Percent: 59,6%
Vers
	 Rating: 6300
	 Multiplicative Factor: 0%
	 DR Bracket: 0
	 Base: 3%
	 Effective Percent: 11,08%
Leech
	 Rating: 0
	 Multiplicative Factor: 0%
	 DR Bracket: 0
	 Base: 2%
	 Effective Percent: 2%
Avoidance
	 Rating: 1635
	 Multiplicative Factor: 0%
	 DR Bracket: 0
	 Base: 0%
	 Effective Percent: 3,01%
Mastery
	 Rating: 14933
	 Multiplicative Factor: 0%
	 DR Bracket: 0
	 Base: 19,8%
	 Effective Percent: 58,2%
----------------------
02:51,075

Intellect
	 Rating: 149085
	 Multiplicative Factor: 13,56%
Stamina
	 Rating: 879958
	 Multiplicative Factor: 11,3%
Crit
	 Rating: 25723
	 Multiplicative Factor: 0%
	 DR Bracket: 1
	 Base: 5%
	 Effective Percent: 41,07%
	 Crit Inc Heal: 2,6
	 Crit Inc Damage: 2
Haste
	 Rating: 21194
	 Multiplicative Factor: 0%
	 DR Bracket: 1
	 Base: 20%
	 Effective Percent: 58,28%
Vers
	 Rating: 6300
	 Multiplicative Factor: 0%
	 DR Bracket: 0
	 Base: 3%
	 Effective Percent: 11,08%
Leech
	 Rating: 0
	 Multiplicative Factor: 0%
	 DR Bracket: 0
	 Base: 2%
	 Effective Percent: 2%
Avoidance
	 Rating: 1635
	 Multiplicative Factor: 0%
	 DR Bracket: 0
	 Base: 0%
	 Effective Percent: 3,01%
Mastery
	 Rating: 14933
	 Multiplicative Factor: 0%
	 DR Bracket: 0
	 Base: 19,8%
	 Effective Percent: 58,2%
----------------------
02:52,075

Intellect
	 Rating: 149085
	 Multiplicative Factor: 13,56%
Stamina
	 Rating: 879958
	 Multiplicative Factor: 11,3%
Crit
	 Rating: 25723
	 Multiplicative Factor: 0%
	 DR Bracket: 1
	 Base: 5%
	 Effective Percent: 41,07%
	 Crit Inc Heal: 2,6
	 Crit Inc Damage: 2
Haste
	 Rating: 21194
	 Multiplicative Factor: 0%
	 DR Bracket: 1
	 Base: 19%
	 Effective Percent: 56,96%
Vers
	 Rating: 6300
	 Multiplicative Factor: 0%
	 DR Bracket: 0
	 Base: 3%
	 Effective Percent: 11,08%
Leech
	 Rating: 0
	 Multiplicative Factor: 0%
	 DR Bracket: 0
	 Base: 2%
	 Effective Percent: 2%
Avoidance
	 Rating: 1635
	 Multiplicative Factor: 0%
	 DR Bracket: 0
	 Base: 0%
	 Effective Percent: 3,01%
Mastery
	 Rating: 14933
	 Multiplicative Factor: 0%
	 DR Bracket: 0
	 Base: 19,8%
	 Effective Percent: 58,2%
----------------------
02:52,726

Intellect
	 Rating: 149085
	 Multiplicative Factor: 13,56%
Stamina
	 Rating: 879958
	 Multiplicative Factor: 11,3%
Crit
	 Rating: 19738
	 Multiplicative Factor: 0%
	 DR Bracket: 0
	 Base: 5%
	 Effective Percent: 33,2%
	 Crit Inc Heal: 2,6
	 Crit Inc Damage: 2
Haste
	 Rating: 21194
	 Multiplicative Factor: 0%
	 DR Bracket: 1
	 Base: 19%
	 Effective Percent: 56,96%
Vers
	 Rating: 6300
	 Multiplicative Factor: 0%
	 DR Bracket: 0
	 Base: 3%
	 Effective Percent: 11,08%
Leech
	 Rating: 0
	 Multiplicative Factor: 0%
	 DR Bracket: 0
	 Base: 2%
	 Effective Percent: 2%
Avoidance
	 Rating: 1635
	 Multiplicative Factor: 0%
	 DR Bracket: 0
	 Base: 0%
	 Effective Percent: 3,01%
Mastery
	 Rating: 14933
	 Multiplicative Factor: 0%
	 DR Bracket: 0
	 Base: 19,8%
	 Effective Percent: 58,2%
----------------------
02:53,066

Intellect
	 Rating: 149085
	 Multiplicative Factor: 13,56%
Stamina
	 Rating: 879958
	 Multiplicative Factor: 11,3%
Crit
	 Rating: 19738
	 Multiplicative Factor: 0%
	 DR Bracket: 0
	 Base: 5%
	 Effective Percent: 33,2%
	 Crit Inc Heal: 2,6
	 Crit Inc Damage: 2
Haste
	 Rating: 21194
	 Multiplicative Factor: 0%
	 DR Bracket: 1
	 Base: 18%
	 Effective Percent: 55,64%
Vers
	 Rating: 6300
	 Multiplicative Factor: 0%
	 DR Bracket: 0
	 Base: 3%
	 Effective Percent: 11,08%
Leech
	 Rating: 0
	 Multiplicative Factor: 0%
	 DR Bracket: 0
	 Base: 2%
	 Effective Percent: 2%
Avoidance
	 Rating: 1635
	 Multiplicative Factor: 0%
	 DR Bracket: 0
	 Base: 0%
	 Effective Percent: 3,01%
Mastery
	 Rating: 14933
	 Multiplicative Factor: 0%
	 DR Bracket: 0
	 Base: 19,8%
	 Effective Percent: 58,2%
----------------------
02:54,060

Intellect
	 Rating: 149085
	 Multiplicative Factor: 13,56%
Stamina
	 Rating: 879958
	 Multiplicative Factor: 11,3%
Crit
	 Rating: 19738
	 Multiplicative Factor: 0%
	 DR Bracket: 0
	 Base: 5%
	 Effective Percent: 33,2%
	 Crit Inc Heal: 2,6
	 Crit Inc Damage: 2
Haste
	 Rating: 21194
	 Multiplicative Factor: 0%
	 DR Bracket: 1
	 Base: 17%
	 Effective Percent: 54,32%
Vers
	 Rating: 6300
	 Multiplicative Factor: 0%
	 DR Bracket: 0
	 Base: 3%
	 Effective Percent: 11,08%
Leech
	 Rating: 0
	 Multiplicative Factor: 0%
	 DR Bracket: 0
	 Base: 2%
	 Effective Percent: 2%
Avoidance
	 Rating: 1635
	 Multiplicative Factor: 0%
	 DR Bracket: 0
	 Base: 0%
	 Effective Percent: 3,01%
Mastery
	 Rating: 14933
	 Multiplicative Factor: 0%
	 DR Bracket: 0
	 Base: 19,8%
	 Effective Percent: 58,2%
----------------------
02:55,076

Intellect
	 Rating: 149085
	 Multiplicative Factor: 13,56%
Stamina
	 Rating: 879958
	 Multiplicative Factor: 11,3%
Crit
	 Rating: 19738
	 Multiplicative Factor: 0%
	 DR Bracket: 0
	 Base: 5%
	 Effective Percent: 33,2%
	 Crit Inc Heal: 2,6
	 Crit Inc Damage: 2
Haste
	 Rating: 21194
	 Multiplicative Factor: 0%
	 DR Bracket: 1
	 Base: 16%
	 Effective Percent: 53,01%
Vers
	 Rating: 6300
	 Multiplicative Factor: 0%
	 DR Bracket: 0
	 Base: 3%
	 Effective Percent: 11,08%
Leech
	 Rating: 0
	 Multiplicative Factor: 0%
	 DR Bracket: 0
	 Base: 2%
	 Effective Percent: 2%
Avoidance
	 Rating: 1635
	 Multiplicative Factor: 0%
	 DR Bracket: 0
	 Base: 0%
	 Effective Percent: 3,01%
Mastery
	 Rating: 14933
	 Multiplicative Factor: 0%
	 DR Bracket: 0
	 Base: 19,8%
	 Effective Percent: 58,2%
----------------------
02:56,098

Intellect
	 Rating: 149085
	 Multiplicative Factor: 13,56%
Stamina
	 Rating: 879958
	 Multiplicative Factor: 11,3%
Crit
	 Rating: 19738
	 Multiplicative Factor: 0%
	 DR Bracket: 0
	 Base: 5%
	 Effective Percent: 33,2%
	 Crit Inc Heal: 2,6
	 Crit Inc Damage: 2
Haste
	 Rating: 21194
	 Multiplicative Factor: 0%
	 DR Bracket: 1
	 Base: 15%
	 Effective Percent: 51,69%
Vers
	 Rating: 6300
	 Multiplicative Factor: 0%
	 DR Bracket: 0
	 Base: 3%
	 Effective Percent: 11,08%
Leech
	 Rating: 0
	 Multiplicative Factor: 0%
	 DR Bracket: 0
	 Base: 2%
	 Effective Percent: 2%
Avoidance
	 Rating: 1635
	 Multiplicative Factor: 0%
	 DR Bracket: 0
	 Base: 0%
	 Effective Percent: 3,01%
Mastery
	 Rating: 14933
	 Multiplicative Factor: 0%
	 DR Bracket: 0
	 Base: 19,8%
	 Effective Percent: 58,2%
----------------------
02:57,068

Intellect
	 Rating: 149085
	 Multiplicative Factor: 13,56%
Stamina
	 Rating: 879958
	 Multiplicative Factor: 11,3%
Crit
	 Rating: 19738
	 Multiplicative Factor: 0%
	 DR Bracket: 0
	 Base: 5%
	 Effective Percent: 33,2%
	 Crit Inc Heal: 2,6
	 Crit Inc Damage: 2
Haste
	 Rating: 21194
	 Multiplicative Factor: 0%
	 DR Bracket: 1
	 Base: 14%
	 Effective Percent: 50,37%
Vers
	 Rating: 6300
	 Multiplicative Factor: 0%
	 DR Bracket: 0
	 Base: 3%
	 Effective Percent: 11,08%
Leech
	 Rating: 0
	 Multiplicative Factor: 0%
	 DR Bracket: 0
	 Base: 2%
	 Effective Percent: 2%
Avoidance
	 Rating: 1635
	 Multiplicative Factor: 0%
	 DR Bracket: 0
	 Base: 0%
	 Effective Percent: 3,01%
Mastery
	 Rating: 14933
	 Multiplicative Factor: 0%
	 DR Bracket: 0
	 Base: 19,8%
	 Effective Percent: 58,2%
----------------------
02:58,088

Intellect
	 Rating: 149085
	 Multiplicative Factor: 13,56%
Stamina
	 Rating: 879958
	 Multiplicative Factor: 11,3%
Crit
	 Rating: 19738
	 Multiplicative Factor: 0%
	 DR Bracket: 0
	 Base: 5%
	 Effective Percent: 33,2%
	 Crit Inc Heal: 2,6
	 Crit Inc Damage: 2
Haste
	 Rating: 21194
	 Multiplicative Factor: 0%
	 DR Bracket: 1
	 Base: 13%
	 Effective Percent: 49,05%
Vers
	 Rating: 6300
	 Multiplicative Factor: 0%
	 DR Bracket: 0
	 Base: 3%
	 Effective Percent: 11,08%
Leech
	 Rating: 0
	 Multiplicative Factor: 0%
	 DR Bracket: 0
	 Base: 2%
	 Effective Percent: 2%
Avoidance
	 Rating: 1635
	 Multiplicative Factor: 0%
	 DR Bracket: 0
	 Base: 0%
	 Effective Percent: 3,01%
Mastery
	 Rating: 14933
	 Multiplicative Factor: 0%
	 DR Bracket: 0
	 Base: 19,8%
	 Effective Percent: 58,2%
----------------------
02:58,835

Intellect
	 Rating: 149085
	 Multiplicative Factor: 13,56%
Stamina
	 Rating: 879958
	 Multiplicative Factor: 11,3%
Crit
	 Rating: 19738
	 Multiplicative Factor: 0%
	 DR Bracket: 0
	 Base: 5%
	 Effective Percent: 33,2%
	 Crit Inc Heal: 2,6
	 Crit Inc Damage: 2
Haste
	 Rating: 21194
	 Multiplicative Factor: 0%
	 DR Bracket: 1
	 Base: 16%
	 Effective Percent: 53,01%
Vers
	 Rating: 6300
	 Multiplicative Factor: 0%
	 DR Bracket: 0
	 Base: 3%
	 Effective Percent: 11,08%
Leech
	 Rating: 0
	 Multiplicative Factor: 0%
	 DR Bracket: 0
	 Base: 2%
	 Effective Percent: 2%
Avoidance
	 Rating: 1635
	 Multiplicative Factor: 0%
	 DR Bracket: 0
	 Base: 0%
	 Effective Percent: 3,01%
Mastery
	 Rating: 14933
	 Multiplicative Factor: 0%
	 DR Bracket: 0
	 Base: 19,8%
	 Effective Percent: 58,2%
----------------------
02:58,836

Intellect
	 Rating: 149085
	 Multiplicative Factor: 13,56%
Stamina
	 Rating: 879958
	 Multiplicative Factor: 11,3%
Crit
	 Rating: 19738
	 Multiplicative Factor: 0%
	 DR Bracket: 0
	 Base: 5%
	 Effective Percent: 33,2%
	 Crit Inc Heal: 2,6
	 Crit Inc Damage: 2
Haste
	 Rating: 21194
	 Multiplicative Factor: 0%
	 DR Bracket: 1
	 Base: 19%
	 Effective Percent: 56,96%
Vers
	 Rating: 6300
	 Multiplicative Factor: 0%
	 DR Bracket: 0
	 Base: 3%
	 Effective Percent: 11,08%
Leech
	 Rating: 0
	 Multiplicative Factor: 0%
	 DR Bracket: 0
	 Base: 2%
	 Effective Percent: 2%
Avoidance
	 Rating: 1635
	 Multiplicative Factor: 0%
	 DR Bracket: 0
	 Base: 0%
	 Effective Percent: 3,01%
Mastery
	 Rating: 14933
	 Multiplicative Factor: 0%
	 DR Bracket: 0
	 Base: 19,8%
	 Effective Percent: 58,2%
----------------------
02:58,836

Intellect
	 Rating: 149085
	 Multiplicative Factor: 13,56%
Stamina
	 Rating: 879958
	 Multiplicative Factor: 11,3%
Crit
	 Rating: 19738
	 Multiplicative Factor: 0%
	 DR Bracket: 0
	 Base: 5%
	 Effective Percent: 33,2%
	 Crit Inc Heal: 2,6
	 Crit Inc Damage: 2
Haste
	 Rating: 21194
	 Multiplicative Factor: 0%
	 DR Bracket: 1
	 Base: 22%
	 Effective Percent: 60,92%
Vers
	 Rating: 6300
	 Multiplicative Factor: 0%
	 DR Bracket: 0
	 Base: 3%
	 Effective Percent: 11,08%
Leech
	 Rating: 0
	 Multiplicative Factor: 0%
	 DR Bracket: 0
	 Base: 2%
	 Effective Percent: 2%
Avoidance
	 Rating: 1635
	 Multiplicative Factor: 0%
	 DR Bracket: 0
	 Base: 0%
	 Effective Percent: 3,01%
Mastery
	 Rating: 14933
	 Multiplicative Factor: 0%
	 DR Bracket: 0
	 Base: 19,8%
	 Effective Percent: 58,2%
----------------------
02:59,064

Intellect
	 Rating: 149085
	 Multiplicative Factor: 13,56%
Stamina
	 Rating: 879958
	 Multiplicative Factor: 11,3%
Crit
	 Rating: 19738
	 Multiplicative Factor: 0%
	 DR Bracket: 0
	 Base: 5%
	 Effective Percent: 33,2%
	 Crit Inc Heal: 2,6
	 Crit Inc Damage: 2
Haste
	 Rating: 21194
	 Multiplicative Factor: 0%
	 DR Bracket: 1
	 Base: 21%
	 Effective Percent: 59,6%
Vers
	 Rating: 6300
	 Multiplicative Factor: 0%
	 DR Bracket: 0
	 Base: 3%
	 Effective Percent: 11,08%
Leech
	 Rating: 0
	 Multiplicative Factor: 0%
	 DR Bracket: 0
	 Base: 2%
	 Effective Percent: 2%
Avoidance
	 Rating: 1635
	 Multiplicative Factor: 0%
	 DR Bracket: 0
	 Base: 0%
	 Effective Percent: 3,01%
Mastery
	 Rating: 14933
	 Multiplicative Factor: 0%
	 DR Bracket: 0
	 Base: 19,8%
	 Effective Percent: 58,2%
----------------------
03:00,078

Intellect
	 Rating: 149085
	 Multiplicative Factor: 13,56%
Stamina
	 Rating: 879958
	 Multiplicative Factor: 11,3%
Crit
	 Rating: 19738
	 Multiplicative Factor: 0%
	 DR Bracket: 0
	 Base: 5%
	 Effective Percent: 33,2%
	 Crit Inc Heal: 2,6
	 Crit Inc Damage: 2
Haste
	 Rating: 21194
	 Multiplicative Factor: 0%
	 DR Bracket: 1
	 Base: 20%
	 Effective Percent: 58,28%
Vers
	 Rating: 6300
	 Multiplicative Factor: 0%
	 DR Bracket: 0
	 Base: 3%
	 Effective Percent: 11,08%
Leech
	 Rating: 0
	 Multiplicative Factor: 0%
	 DR Bracket: 0
	 Base: 2%
	 Effective Percent: 2%
Avoidance
	 Rating: 1635
	 Multiplicative Factor: 0%
	 DR Bracket: 0
	 Base: 0%
	 Effective Percent: 3,01%
Mastery
	 Rating: 14933
	 Multiplicative Factor: 0%
	 DR Bracket: 0
	 Base: 19,8%
	 Effective Percent: 58,2%
----------------------
03:01,082

Intellect
	 Rating: 149085
	 Multiplicative Factor: 13,56%
Stamina
	 Rating: 879958
	 Multiplicative Factor: 11,3%
Crit
	 Rating: 19738
	 Multiplicative Factor: 0%
	 DR Bracket: 0
	 Base: 5%
	 Effective Percent: 33,2%
	 Crit Inc Heal: 2,6
	 Crit Inc Damage: 2
Haste
	 Rating: 21194
	 Multiplicative Factor: 0%
	 DR Bracket: 1
	 Base: 19%
	 Effective Percent: 56,96%
Vers
	 Rating: 6300
	 Multiplicative Factor: 0%
	 DR Bracket: 0
	 Base: 3%
	 Effective Percent: 11,08%
Leech
	 Rating: 0
	 Multiplicative Factor: 0%
	 DR Bracket: 0
	 Base: 2%
	 Effective Percent: 2%
Avoidance
	 Rating: 1635
	 Multiplicative Factor: 0%
	 DR Bracket: 0
	 Base: 0%
	 Effective Percent: 3,01%
Mastery
	 Rating: 14933
	 Multiplicative Factor: 0%
	 DR Bracket: 0
	 Base: 19,8%
	 Effective Percent: 58,2%
----------------------
03:02,078

Intellect
	 Rating: 149085
	 Multiplicative Factor: 13,56%
Stamina
	 Rating: 879958
	 Multiplicative Factor: 11,3%
Crit
	 Rating: 19738
	 Multiplicative Factor: 0%
	 DR Bracket: 0
	 Base: 5%
	 Effective Percent: 33,2%
	 Crit Inc Heal: 2,6
	 Crit Inc Damage: 2
Haste
	 Rating: 21194
	 Multiplicative Factor: 0%
	 DR Bracket: 1
	 Base: 18%
	 Effective Percent: 55,64%
Vers
	 Rating: 6300
	 Multiplicative Factor: 0%
	 DR Bracket: 0
	 Base: 3%
	 Effective Percent: 11,08%
Leech
	 Rating: 0
	 Multiplicative Factor: 0%
	 DR Bracket: 0
	 Base: 2%
	 Effective Percent: 2%
Avoidance
	 Rating: 1635
	 Multiplicative Factor: 0%
	 DR Bracket: 0
	 Base: 0%
	 Effective Percent: 3,01%
Mastery
	 Rating: 14933
	 Multiplicative Factor: 0%
	 DR Bracket: 0
	 Base: 19,8%
	 Effective Percent: 58,2%
----------------------
03:03,064

Intellect
	 Rating: 149085
	 Multiplicative Factor: 13,56%
Stamina
	 Rating: 879958
	 Multiplicative Factor: 11,3%
Crit
	 Rating: 19738
	 Multiplicative Factor: 0%
	 DR Bracket: 0
	 Base: 5%
	 Effective Percent: 33,2%
	 Crit Inc Heal: 2,6
	 Crit Inc Damage: 2
Haste
	 Rating: 21194
	 Multiplicative Factor: 0%
	 DR Bracket: 1
	 Base: 17%
	 Effective Percent: 54,32%
Vers
	 Rating: 6300
	 Multiplicative Factor: 0%
	 DR Bracket: 0
	 Base: 3%
	 Effective Percent: 11,08%
Leech
	 Rating: 0
	 Multiplicative Factor: 0%
	 DR Bracket: 0
	 Base: 2%
	 Effective Percent: 2%
Avoidance
	 Rating: 1635
	 Multiplicative Factor: 0%
	 DR Bracket: 0
	 Base: 0%
	 Effective Percent: 3,01%
Mastery
	 Rating: 14933
	 Multiplicative Factor: 0%
	 DR Bracket: 0
	 Base: 19,8%
	 Effective Percent: 58,2%
----------------------
03:04,084

Intellect
	 Rating: 149085
	 Multiplicative Factor: 13,56%
Stamina
	 Rating: 879958
	 Multiplicative Factor: 11,3%
Crit
	 Rating: 19738
	 Multiplicative Factor: 0%
	 DR Bracket: 0
	 Base: 5%
	 Effective Percent: 33,2%
	 Crit Inc Heal: 2,6
	 Crit Inc Damage: 2
Haste
	 Rating: 21194
	 Multiplicative Factor: 0%
	 DR Bracket: 1
	 Base: 16%
	 Effective Percent: 53,01%
Vers
	 Rating: 6300
	 Multiplicative Factor: 0%
	 DR Bracket: 0
	 Base: 3%
	 Effective Percent: 11,08%
Leech
	 Rating: 0
	 Multiplicative Factor: 0%
	 DR Bracket: 0
	 Base: 2%
	 Effective Percent: 2%
Avoidance
	 Rating: 1635
	 Multiplicative Factor: 0%
	 DR Bracket: 0
	 Base: 0%
	 Effective Percent: 3,01%
Mastery
	 Rating: 14933
	 Multiplicative Factor: 0%
	 DR Bracket: 0
	 Base: 19,8%
	 Effective Percent: 58,2%
----------------------
03:05,073

Intellect
	 Rating: 149085
	 Multiplicative Factor: 13,56%
Stamina
	 Rating: 879958
	 Multiplicative Factor: 11,3%
Crit
	 Rating: 19738
	 Multiplicative Factor: 0%
	 DR Bracket: 0
	 Base: 5%
	 Effective Percent: 33,2%
	 Crit Inc Heal: 2,6
	 Crit Inc Damage: 2
Haste
	 Rating: 21194
	 Multiplicative Factor: 0%
	 DR Bracket: 1
	 Base: 15%
	 Effective Percent: 51,69%
Vers
	 Rating: 6300
	 Multiplicative Factor: 0%
	 DR Bracket: 0
	 Base: 3%
	 Effective Percent: 11,08%
Leech
	 Rating: 0
	 Multiplicative Factor: 0%
	 DR Bracket: 0
	 Base: 2%
	 Effective Percent: 2%
Avoidance
	 Rating: 1635
	 Multiplicative Factor: 0%
	 DR Bracket: 0
	 Base: 0%
	 Effective Percent: 3,01%
Mastery
	 Rating: 14933
	 Multiplicative Factor: 0%
	 DR Bracket: 0
	 Base: 19,8%
	 Effective Percent: 58,2%
----------------------
03:06,076

Intellect
	 Rating: 149085
	 Multiplicative Factor: 13,56%
Stamina
	 Rating: 879958
	 Multiplicative Factor: 11,3%
Crit
	 Rating: 19738
	 Multiplicative Factor: 0%
	 DR Bracket: 0
	 Base: 5%
	 Effective Percent: 33,2%
	 Crit Inc Heal: 2,6
	 Crit Inc Damage: 2
Haste
	 Rating: 21194
	 Multiplicative Factor: 0%
	 DR Bracket: 1
	 Base: 14%
	 Effective Percent: 50,37%
Vers
	 Rating: 6300
	 Multiplicative Factor: 0%
	 DR Bracket: 0
	 Base: 3%
	 Effective Percent: 11,08%
Leech
	 Rating: 0
	 Multiplicative Factor: 0%
	 DR Bracket: 0
	 Base: 2%
	 Effective Percent: 2%
Avoidance
	 Rating: 1635
	 Multiplicative Factor: 0%
	 DR Bracket: 0
	 Base: 0%
	 Effective Percent: 3,01%
Mastery
	 Rating: 14933
	 Multiplicative Factor: 0%
	 DR Bracket: 0
	 Base: 19,8%
	 Effective Percent: 58,2%
----------------------
03:06,836

Intellect
	 Rating: 149085
	 Multiplicative Factor: 13,56%
Stamina
	 Rating: 879958
	 Multiplicative Factor: 11,3%
Crit
	 Rating: 19738
	 Multiplicative Factor: 0%
	 DR Bracket: 0
	 Base: 5%
	 Effective Percent: 33,2%
	 Crit Inc Heal: 2,6
	 Crit Inc Damage: 2
Haste
	 Rating: 21194
	 Multiplicative Factor: 0%
	 DR Bracket: 1
	 Base: 5%
	 Effective Percent: 38,5%
Vers
	 Rating: 6300
	 Multiplicative Factor: 0%
	 DR Bracket: 0
	 Base: 3%
	 Effective Percent: 11,08%
Leech
	 Rating: 0
	 Multiplicative Factor: 0%
	 DR Bracket: 0
	 Base: 2%
	 Effective Percent: 2%
Avoidance
	 Rating: 1635
	 Multiplicative Factor: 0%
	 DR Bracket: 0
	 Base: 0%
	 Effective Percent: 3,01%
Mastery
	 Rating: 14933
	 Multiplicative Factor: 0%
	 DR Bracket: 0
	 Base: 19,8%
	 Effective Percent: 58,2%
----------------------
03:07,071

Intellect
	 Rating: 149085
	 Multiplicative Factor: 13,56%
Stamina
	 Rating: 879958
	 Multiplicative Factor: 11,3%
Crit
	 Rating: 19738
	 Multiplicative Factor: 0%
	 DR Bracket: 0
	 Base: 5%
	 Effective Percent: 33,2%
	 Crit Inc Heal: 2,6
	 Crit Inc Damage: 2
Haste
	 Rating: 21194
	 Multiplicative Factor: 0%
	 DR Bracket: 1
	 Base: 4%
	 Effective Percent: 37,18%
Vers
	 Rating: 6300
	 Multiplicative Factor: 0%
	 DR Bracket: 0
	 Base: 3%
	 Effective Percent: 11,08%
Leech
	 Rating: 0
	 Multiplicative Factor: 0%
	 DR Bracket: 0
	 Base: 2%
	 Effective Percent: 2%
Avoidance
	 Rating: 1635
	 Multiplicative Factor: 0%
	 DR Bracket: 0
	 Base: 0%
	 Effective Percent: 3,01%
Mastery
	 Rating: 14933
	 Multiplicative Factor: 0%
	 DR Bracket: 0
	 Base: 19,8%
	 Effective Percent: 58,2%
----------------------
03:07,071

Intellect
	 Rating: 141986
	 Multiplicative Factor: 8,15%
Stamina
	 Rating: 879958
	 Multiplicative Factor: 11,3%
Crit
	 Rating: 19738
	 Multiplicative Factor: 0%
	 DR Bracket: 0
	 Base: 5%
	 Effective Percent: 33,2%
	 Crit Inc Heal: 2,6
	 Crit Inc Damage: 2
Haste
	 Rating: 21194
	 Multiplicative Factor: 0%
	 DR Bracket: 1
	 Base: 4%
	 Effective Percent: 37,18%
Vers
	 Rating: 6300
	 Multiplicative Factor: 0%
	 DR Bracket: 0
	 Base: 3%
	 Effective Percent: 11,08%
Leech
	 Rating: 0
	 Multiplicative Factor: 0%
	 DR Bracket: 0
	 Base: 2%
	 Effective Percent: 2%
Avoidance
	 Rating: 1635
	 Multiplicative Factor: 0%
	 DR Bracket: 0
	 Base: 0%
	 Effective Percent: 3,01%
Mastery
	 Rating: 14933
	 Multiplicative Factor: 0%
	 DR Bracket: 0
	 Base: 19,8%
	 Effective Percent: 58,2%
----------------------
03:07,434

Intellect
	 Rating: 149085
	 Multiplicative Factor: 13,56%
Stamina
	 Rating: 879958
	 Multiplicative Factor: 11,3%
Crit
	 Rating: 19738
	 Multiplicative Factor: 0%
	 DR Bracket: 0
	 Base: 5%
	 Effective Percent: 33,2%
	 Crit Inc Heal: 2,6
	 Crit Inc Damage: 2
Haste
	 Rating: 21194
	 Multiplicative Factor: 0%
	 DR Bracket: 1
	 Base: 4%
	 Effective Percent: 37,18%
Vers
	 Rating: 6300
	 Multiplicative Factor: 0%
	 DR Bracket: 0
	 Base: 3%
	 Effective Percent: 11,08%
Leech
	 Rating: 0
	 Multiplicative Factor: 0%
	 DR Bracket: 0
	 Base: 2%
	 Effective Percent: 2%
Avoidance
	 Rating: 1635
	 Multiplicative Factor: 0%
	 DR Bracket: 0
	 Base: 0%
	 Effective Percent: 3,01%
Mastery
	 Rating: 14933
	 Multiplicative Factor: 0%
	 DR Bracket: 0
	 Base: 19,8%
	 Effective Percent: 58,2%
----------------------
03:08,065

Intellect
	 Rating: 149085
	 Multiplicative Factor: 13,56%
Stamina
	 Rating: 879958
	 Multiplicative Factor: 11,3%
Crit
	 Rating: 19738
	 Multiplicative Factor: 0%
	 DR Bracket: 0
	 Base: 5%
	 Effective Percent: 33,2%
	 Crit Inc Heal: 2,6
	 Crit Inc Damage: 2
Haste
	 Rating: 21194
	 Multiplicative Factor: 0%
	 DR Bracket: 1
	 Base: 3%
	 Effective Percent: 35,86%
Vers
	 Rating: 6300
	 Multiplicative Factor: 0%
	 DR Bracket: 0
	 Base: 3%
	 Effective Percent: 11,08%
Leech
	 Rating: 0
	 Multiplicative Factor: 0%
	 DR Bracket: 0
	 Base: 2%
	 Effective Percent: 2%
Avoidance
	 Rating: 1635
	 Multiplicative Factor: 0%
	 DR Bracket: 0
	 Base: 0%
	 Effective Percent: 3,01%
Mastery
	 Rating: 14933
	 Multiplicative Factor: 0%
	 DR Bracket: 0
	 Base: 19,8%
	 Effective Percent: 58,2%
----------------------
03:09,075

Intellect
	 Rating: 149085
	 Multiplicative Factor: 13,56%
Stamina
	 Rating: 879958
	 Multiplicative Factor: 11,3%
Crit
	 Rating: 19738
	 Multiplicative Factor: 0%
	 DR Bracket: 0
	 Base: 5%
	 Effective Percent: 33,2%
	 Crit Inc Heal: 2,6
	 Crit Inc Damage: 2
Haste
	 Rating: 21194
	 Multiplicative Factor: 0%
	 DR Bracket: 1
	 Base: 2%
	 Effective Percent: 34,54%
Vers
	 Rating: 6300
	 Multiplicative Factor: 0%
	 DR Bracket: 0
	 Base: 3%
	 Effective Percent: 11,08%
Leech
	 Rating: 0
	 Multiplicative Factor: 0%
	 DR Bracket: 0
	 Base: 2%
	 Effective Percent: 2%
Avoidance
	 Rating: 1635
	 Multiplicative Factor: 0%
	 DR Bracket: 0
	 Base: 0%
	 Effective Percent: 3,01%
Mastery
	 Rating: 14933
	 Multiplicative Factor: 0%
	 DR Bracket: 0
	 Base: 19,8%
	 Effective Percent: 58,2%
----------------------
03:10,069

Intellect
	 Rating: 149085
	 Multiplicative Factor: 13,56%
Stamina
	 Rating: 879958
	 Multiplicative Factor: 11,3%
Crit
	 Rating: 19738
	 Multiplicative Factor: 0%
	 DR Bracket: 0
	 Base: 5%
	 Effective Percent: 33,2%
	 Crit Inc Heal: 2,6
	 Crit Inc Damage: 2
Haste
	 Rating: 21194
	 Multiplicative Factor: 0%
	 DR Bracket: 1
	 Base: 1%
	 Effective Percent: 33,22%
Vers
	 Rating: 6300
	 Multiplicative Factor: 0%
	 DR Bracket: 0
	 Base: 3%
	 Effective Percent: 11,08%
Leech
	 Rating: 0
	 Multiplicative Factor: 0%
	 DR Bracket: 0
	 Base: 2%
	 Effective Percent: 2%
Avoidance
	 Rating: 1635
	 Multiplicative Factor: 0%
	 DR Bracket: 0
	 Base: 0%
	 Effective Percent: 3,01%
Mastery
	 Rating: 14933
	 Multiplicative Factor: 0%
	 DR Bracket: 0
	 Base: 19,8%
	 Effective Percent: 58,2%
----------------------
03:11,073

Intellect
	 Rating: 149085
	 Multiplicative Factor: 13,56%
Stamina
	 Rating: 879958
	 Multiplicative Factor: 11,3%
Crit
	 Rating: 19738
	 Multiplicative Factor: 0%
	 DR Bracket: 0
	 Base: 5%
	 Effective Percent: 33,2%
	 Crit Inc Heal: 2,6
	 Crit Inc Damage: 2
Haste
	 Rating: 21194
	 Multiplicative Factor: 0%
	 DR Bracket: 1
	 Base: 0%
	 Effective Percent: 31,9%
Vers
	 Rating: 6300
	 Multiplicative Factor: 0%
	 DR Bracket: 0
	 Base: 3%
	 Effective Percent: 11,08%
Leech
	 Rating: 0
	 Multiplicative Factor: 0%
	 DR Bracket: 0
	 Base: 2%
	 Effective Percent: 2%
Avoidance
	 Rating: 1635
	 Multiplicative Factor: 0%
	 DR Bracket: 0
	 Base: 0%
	 Effective Percent: 3,01%
Mastery
	 Rating: 14933
	 Multiplicative Factor: 0%
	 DR Bracket: 0
	 Base: 19,8%
	 Effective Percent: 58,2%
----------------------
03:20,120

Intellect
	 Rating: 149085
	 Multiplicative Factor: 13,56%
Stamina
	 Rating: 879958
	 Multiplicative Factor: 11,3%
Crit
	 Rating: 19738
	 Multiplicative Factor: 0%
	 DR Bracket: 0
	 Base: 5%
	 Effective Percent: 33,2%
	 Crit Inc Heal: 2,6
	 Crit Inc Damage: 2
Haste
	 Rating: 21194
	 Multiplicative Factor: 0%
	 DR Bracket: 1
	 Base: 9%
	 Effective Percent: 43,77%
Vers
	 Rating: 6300
	 Multiplicative Factor: 0%
	 DR Bracket: 0
	 Base: 3%
	 Effective Percent: 11,08%
Leech
	 Rating: 0
	 Multiplicative Factor: 0%
	 DR Bracket: 0
	 Base: 2%
	 Effective Percent: 2%
Avoidance
	 Rating: 1635
	 Multiplicative Factor: 0%
	 DR Bracket: 0
	 Base: 0%
	 Effective Percent: 3,01%
Mastery
	 Rating: 14933
	 Multiplicative Factor: 0%
	 DR Bracket: 0
	 Base: 19,8%
	 Effective Percent: 58,2%
----------------------
03:20,120

Intellect
	 Rating: 149085
	 Multiplicative Factor: 13,56%
Stamina
	 Rating: 879958
	 Multiplicative Factor: 11,3%
Crit
	 Rating: 19738
	 Multiplicative Factor: 0%
	 DR Bracket: 0
	 Base: 5%
	 Effective Percent: 33,2%
	 Crit Inc Heal: 2,6
	 Crit Inc Damage: 2
Haste
	 Rating: 21194
	 Multiplicative Factor: 0%
	 DR Bracket: 1
	 Base: 9%
	 Effective Percent: 43,77%
Vers
	 Rating: 6300
	 Multiplicative Factor: 0%
	 DR Bracket: 0
	 Base: 3%
	 Effective Percent: 11,08%
Leech
	 Rating: 0
	 Multiplicative Factor: 0%
	 DR Bracket: 0
	 Base: 2%
	 Effective Percent: 2%
Avoidance
	 Rating: 1635
	 Multiplicative Factor: 0%
	 DR Bracket: 0
	 Base: 0%
	 Effective Percent: 3,01%
Mastery
	 Rating: 14933
	 Multiplicative Factor: 0%
	 DR Bracket: 0
	 Base: 19,8%
	 Effective Percent: 58,2%
----------------------
03:28,120

Intellect
	 Rating: 149085
	 Multiplicative Factor: 13,56%
Stamina
	 Rating: 879958
	 Multiplicative Factor: 11,3%
Crit
	 Rating: 19738
	 Multiplicative Factor: 0%
	 DR Bracket: 0
	 Base: 5%
	 Effective Percent: 33,2%
	 Crit Inc Heal: 2,6
	 Crit Inc Damage: 2
Haste
	 Rating: 21194
	 Multiplicative Factor: 0%
	 DR Bracket: 1
	 Base: 0%
	 Effective Percent: 31,9%
Vers
	 Rating: 6300
	 Multiplicative Factor: 0%
	 DR Bracket: 0
	 Base: 3%
	 Effective Percent: 11,08%
Leech
	 Rating: 0
	 Multiplicative Factor: 0%
	 DR Bracket: 0
	 Base: 2%
	 Effective Percent: 2%
Avoidance
	 Rating: 1635
	 Multiplicative Factor: 0%
	 DR Bracket: 0
	 Base: 0%
	 Effective Percent: 3,01%
Mastery
	 Rating: 14933
	 Multiplicative Factor: 0%
	 DR Bracket: 0
	 Base: 19,8%
	 Effective Percent: 58,2%
----------------------
03:30,667

Intellect
	 Rating: 141986
	 Multiplicative Factor: 8,15%
Stamina
	 Rating: 879958
	 Multiplicative Factor: 11,3%
Crit
	 Rating: 19738
	 Multiplicative Factor: 0%
	 DR Bracket: 0
	 Base: 5%
	 Effective Percent: 33,2%
	 Crit Inc Heal: 2,6
	 Crit Inc Damage: 2
Haste
	 Rating: 21194
	 Multiplicative Factor: 0%
	 DR Bracket: 1
	 Base: 0%
	 Effective Percent: 31,9%
Vers
	 Rating: 6300
	 Multiplicative Factor: 0%
	 DR Bracket: 0
	 Base: 3%
	 Effective Percent: 11,08%
Leech
	 Rating: 0
	 Multiplicative Factor: 0%
	 DR Bracket: 0
	 Base: 2%
	 Effective Percent: 2%
Avoidance
	 Rating: 1635
	 Multiplicative Factor: 0%
	 DR Bracket: 0
	 Base: 0%
	 Effective Percent: 3,01%
Mastery
	 Rating: 14933
	 Multiplicative Factor: 0%
	 DR Bracket: 0
	 Base: 19,8%
	 Effective Percent: 58,2%
----------------------
03:34,519

Intellect
	 Rating: 141986
	 Multiplicative Factor: 8,15%
Stamina
	 Rating: 879958
	 Multiplicative Factor: 11,3%
Crit
	 Rating: 19738
	 Multiplicative Factor: 0%
	 DR Bracket: 0
	 Base: 5%
	 Effective Percent: 33,2%
	 Crit Inc Heal: 2,6
	 Crit Inc Damage: 2
Haste
	 Rating: 21194
	 Multiplicative Factor: 0%
	 DR Bracket: 1
	 Base: 1%
	 Effective Percent: 33,22%
Vers
	 Rating: 6300
	 Multiplicative Factor: 0%
	 DR Bracket: 0
	 Base: 3%
	 Effective Percent: 11,08%
Leech
	 Rating: 0
	 Multiplicative Factor: 0%
	 DR Bracket: 0
	 Base: 2%
	 Effective Percent: 2%
Avoidance
	 Rating: 1635
	 Multiplicative Factor: 0%
	 DR Bracket: 0
	 Base: 0%
	 Effective Percent: 3,01%
Mastery
	 Rating: 14933
	 Multiplicative Factor: 0%
	 DR Bracket: 0
	 Base: 19,8%
	 Effective Percent: 58,2%
----------------------
03:34,521

Intellect
	 Rating: 149085
	 Multiplicative Factor: 13,56%
Stamina
	 Rating: 879958
	 Multiplicative Factor: 11,3%
Crit
	 Rating: 19738
	 Multiplicative Factor: 0%
	 DR Bracket: 0
	 Base: 5%
	 Effective Percent: 33,2%
	 Crit Inc Heal: 2,6
	 Crit Inc Damage: 2
Haste
	 Rating: 21194
	 Multiplicative Factor: 0%
	 DR Bracket: 1
	 Base: 1%
	 Effective Percent: 33,22%
Vers
	 Rating: 6300
	 Multiplicative Factor: 0%
	 DR Bracket: 0
	 Base: 3%
	 Effective Percent: 11,08%
Leech
	 Rating: 0
	 Multiplicative Factor: 0%
	 DR Bracket: 0
	 Base: 2%
	 Effective Percent: 2%
Avoidance
	 Rating: 1635
	 Multiplicative Factor: 0%
	 DR Bracket: 0
	 Base: 0%
	 Effective Percent: 3,01%
Mastery
	 Rating: 14933
	 Multiplicative Factor: 0%
	 DR Bracket: 0
	 Base: 19,8%
	 Effective Percent: 58,2%
----------------------
03:35,531

Intellect
	 Rating: 149085
	 Multiplicative Factor: 13,56%
Stamina
	 Rating: 879958
	 Multiplicative Factor: 11,3%
Crit
	 Rating: 19738
	 Multiplicative Factor: 0%
	 DR Bracket: 0
	 Base: 5%
	 Effective Percent: 33,2%
	 Crit Inc Heal: 2,6
	 Crit Inc Damage: 2
Haste
	 Rating: 21194
	 Multiplicative Factor: 0%
	 DR Bracket: 1
	 Base: 29%
	 Effective Percent: 70,15%
Vers
	 Rating: 6300
	 Multiplicative Factor: 0%
	 DR Bracket: 0
	 Base: 3%
	 Effective Percent: 11,08%
Leech
	 Rating: 0
	 Multiplicative Factor: 0%
	 DR Bracket: 0
	 Base: 2%
	 Effective Percent: 2%
Avoidance
	 Rating: 1635
	 Multiplicative Factor: 0%
	 DR Bracket: 0
	 Base: 0%
	 Effective Percent: 3,01%
Mastery
	 Rating: 14933
	 Multiplicative Factor: 0%
	 DR Bracket: 0
	 Base: 19,8%
	 Effective Percent: 58,2%
----------------------
03:35,905

Intellect
	 Rating: 149085
	 Multiplicative Factor: 13,56%
Stamina
	 Rating: 879958
	 Multiplicative Factor: 11,3%
Crit
	 Rating: 19738
	 Multiplicative Factor: 0%
	 DR Bracket: 0
	 Base: 5%
	 Effective Percent: 33,2%
	 Crit Inc Heal: 2,6
	 Crit Inc Damage: 2
Haste
	 Rating: 21194
	 Multiplicative Factor: 0%
	 DR Bracket: 1
	 Base: 32%
	 Effective Percent: 74,11%
Vers
	 Rating: 6300
	 Multiplicative Factor: 0%
	 DR Bracket: 0
	 Base: 3%
	 Effective Percent: 11,08%
Leech
	 Rating: 0
	 Multiplicative Factor: 0%
	 DR Bracket: 0
	 Base: 2%
	 Effective Percent: 2%
Avoidance
	 Rating: 1635
	 Multiplicative Factor: 0%
	 DR Bracket: 0
	 Base: 0%
	 Effective Percent: 3,01%
Mastery
	 Rating: 14933
	 Multiplicative Factor: 0%
	 DR Bracket: 0
	 Base: 19,8%
	 Effective Percent: 58,2%
----------------------
03:35,905

Intellect
	 Rating: 149085
	 Multiplicative Factor: 13,56%
Stamina
	 Rating: 879958
	 Multiplicative Factor: 11,3%
Crit
	 Rating: 19738
	 Multiplicative Factor: 0%
	 DR Bracket: 0
	 Base: 5%
	 Effective Percent: 33,2%
	 Crit Inc Heal: 2,6
	 Crit Inc Damage: 2
Haste
	 Rating: 21194
	 Multiplicative Factor: 0%
	 DR Bracket: 1
	 Base: 35%
	 Effective Percent: 78,07%
Vers
	 Rating: 6300
	 Multiplicative Factor: 0%
	 DR Bracket: 0
	 Base: 3%
	 Effective Percent: 11,08%
Leech
	 Rating: 0
	 Multiplicative Factor: 0%
	 DR Bracket: 0
	 Base: 2%
	 Effective Percent: 2%
Avoidance
	 Rating: 1635
	 Multiplicative Factor: 0%
	 DR Bracket: 0
	 Base: 0%
	 Effective Percent: 3,01%
Mastery
	 Rating: 14933
	 Multiplicative Factor: 0%
	 DR Bracket: 0
	 Base: 19,8%
	 Effective Percent: 58,2%
----------------------
03:35,905

Intellect
	 Rating: 149085
	 Multiplicative Factor: 13,56%
Stamina
	 Rating: 879958
	 Multiplicative Factor: 11,3%
Crit
	 Rating: 19738
	 Multiplicative Factor: 0%
	 DR Bracket: 0
	 Base: 5%
	 Effective Percent: 33,2%
	 Crit Inc Heal: 2,6
	 Crit Inc Damage: 2
Haste
	 Rating: 21194
	 Multiplicative Factor: 0%
	 DR Bracket: 1
	 Base: 38%
	 Effective Percent: 82,02%
Vers
	 Rating: 6300
	 Multiplicative Factor: 0%
	 DR Bracket: 0
	 Base: 3%
	 Effective Percent: 11,08%
Leech
	 Rating: 0
	 Multiplicative Factor: 0%
	 DR Bracket: 0
	 Base: 2%
	 Effective Percent: 2%
Avoidance
	 Rating: 1635
	 Multiplicative Factor: 0%
	 DR Bracket: 0
	 Base: 0%
	 Effective Percent: 3,01%
Mastery
	 Rating: 14933
	 Multiplicative Factor: 0%
	 DR Bracket: 0
	 Base: 19,8%
	 Effective Percent: 58,2%
----------------------
03:36,526

Intellect
	 Rating: 149085
	 Multiplicative Factor: 13,56%
Stamina
	 Rating: 879958
	 Multiplicative Factor: 11,3%
Crit
	 Rating: 19738
	 Multiplicative Factor: 0%
	 DR Bracket: 0
	 Base: 5%
	 Effective Percent: 33,2%
	 Crit Inc Heal: 2,6
	 Crit Inc Damage: 2
Haste
	 Rating: 21194
	 Multiplicative Factor: 0%
	 DR Bracket: 1
	 Base: 37%
	 Effective Percent: 80,7%
Vers
	 Rating: 6300
	 Multiplicative Factor: 0%
	 DR Bracket: 0
	 Base: 3%
	 Effective Percent: 11,08%
Leech
	 Rating: 0
	 Multiplicative Factor: 0%
	 DR Bracket: 0
	 Base: 2%
	 Effective Percent: 2%
Avoidance
	 Rating: 1635
	 Multiplicative Factor: 0%
	 DR Bracket: 0
	 Base: 0%
	 Effective Percent: 3,01%
Mastery
	 Rating: 14933
	 Multiplicative Factor: 0%
	 DR Bracket: 0
	 Base: 19,8%
	 Effective Percent: 58,2%
----------------------
03:37,527

Intellect
	 Rating: 149085
	 Multiplicative Factor: 13,56%
Stamina
	 Rating: 879958
	 Multiplicative Factor: 11,3%
Crit
	 Rating: 19738
	 Multiplicative Factor: 0%
	 DR Bracket: 0
	 Base: 5%
	 Effective Percent: 33,2%
	 Crit Inc Heal: 2,6
	 Crit Inc Damage: 2
Haste
	 Rating: 21194
	 Multiplicative Factor: 0%
	 DR Bracket: 1
	 Base: 36%
	 Effective Percent: 79,39%
Vers
	 Rating: 6300
	 Multiplicative Factor: 0%
	 DR Bracket: 0
	 Base: 3%
	 Effective Percent: 11,08%
Leech
	 Rating: 0
	 Multiplicative Factor: 0%
	 DR Bracket: 0
	 Base: 2%
	 Effective Percent: 2%
Avoidance
	 Rating: 1635
	 Multiplicative Factor: 0%
	 DR Bracket: 0
	 Base: 0%
	 Effective Percent: 3,01%
Mastery
	 Rating: 14933
	 Multiplicative Factor: 0%
	 DR Bracket: 0
	 Base: 19,8%
	 Effective Percent: 58,2%
----------------------
03:38,544

Intellect
	 Rating: 149085
	 Multiplicative Factor: 13,56%
Stamina
	 Rating: 879958
	 Multiplicative Factor: 11,3%
Crit
	 Rating: 19738
	 Multiplicative Factor: 0%
	 DR Bracket: 0
	 Base: 5%
	 Effective Percent: 33,2%
	 Crit Inc Heal: 2,6
	 Crit Inc Damage: 2
Haste
	 Rating: 21194
	 Multiplicative Factor: 0%
	 DR Bracket: 1
	 Base: 35%
	 Effective Percent: 78,07%
Vers
	 Rating: 6300
	 Multiplicative Factor: 0%
	 DR Bracket: 0
	 Base: 3%
	 Effective Percent: 11,08%
Leech
	 Rating: 0
	 Multiplicative Factor: 0%
	 DR Bracket: 0
	 Base: 2%
	 Effective Percent: 2%
Avoidance
	 Rating: 1635
	 Multiplicative Factor: 0%
	 DR Bracket: 0
	 Base: 0%
	 Effective Percent: 3,01%
Mastery
	 Rating: 14933
	 Multiplicative Factor: 0%
	 DR Bracket: 0
	 Base: 19,8%
	 Effective Percent: 58,2%
----------------------
03:39,545

Intellect
	 Rating: 149085
	 Multiplicative Factor: 13,56%
Stamina
	 Rating: 879958
	 Multiplicative Factor: 11,3%
Crit
	 Rating: 19738
	 Multiplicative Factor: 0%
	 DR Bracket: 0
	 Base: 5%
	 Effective Percent: 33,2%
	 Crit Inc Heal: 2,6
	 Crit Inc Damage: 2
Haste
	 Rating: 21194
	 Multiplicative Factor: 0%
	 DR Bracket: 1
	 Base: 34%
	 Effective Percent: 76,75%
Vers
	 Rating: 6300
	 Multiplicative Factor: 0%
	 DR Bracket: 0
	 Base: 3%
	 Effective Percent: 11,08%
Leech
	 Rating: 0
	 Multiplicative Factor: 0%
	 DR Bracket: 0
	 Base: 2%
	 Effective Percent: 2%
Avoidance
	 Rating: 1635
	 Multiplicative Factor: 0%
	 DR Bracket: 0
	 Base: 0%
	 Effective Percent: 3,01%
Mastery
	 Rating: 14933
	 Multiplicative Factor: 0%
	 DR Bracket: 0
	 Base: 19,8%
	 Effective Percent: 58,2%
----------------------
03:40,517

Intellect
	 Rating: 149085
	 Multiplicative Factor: 13,56%
Stamina
	 Rating: 879958
	 Multiplicative Factor: 11,3%
Crit
	 Rating: 19738
	 Multiplicative Factor: 0%
	 DR Bracket: 0
	 Base: 5%
	 Effective Percent: 33,2%
	 Crit Inc Heal: 2,6
	 Crit Inc Damage: 2
Haste
	 Rating: 21194
	 Multiplicative Factor: 0%
	 DR Bracket: 1
	 Base: 33%
	 Effective Percent: 75,43%
Vers
	 Rating: 6300
	 Multiplicative Factor: 0%
	 DR Bracket: 0
	 Base: 3%
	 Effective Percent: 11,08%
Leech
	 Rating: 0
	 Multiplicative Factor: 0%
	 DR Bracket: 0
	 Base: 2%
	 Effective Percent: 2%
Avoidance
	 Rating: 1635
	 Multiplicative Factor: 0%
	 DR Bracket: 0
	 Base: 0%
	 Effective Percent: 3,01%
Mastery
	 Rating: 14933
	 Multiplicative Factor: 0%
	 DR Bracket: 0
	 Base: 19,8%
	 Effective Percent: 58,2%
----------------------
03:41,537

Intellect
	 Rating: 149085
	 Multiplicative Factor: 13,56%
Stamina
	 Rating: 879958
	 Multiplicative Factor: 11,3%
Crit
	 Rating: 19738
	 Multiplicative Factor: 0%
	 DR Bracket: 0
	 Base: 5%
	 Effective Percent: 33,2%
	 Crit Inc Heal: 2,6
	 Crit Inc Damage: 2
Haste
	 Rating: 21194
	 Multiplicative Factor: 0%
	 DR Bracket: 1
	 Base: 32%
	 Effective Percent: 74,11%
Vers
	 Rating: 6300
	 Multiplicative Factor: 0%
	 DR Bracket: 0
	 Base: 3%
	 Effective Percent: 11,08%
Leech
	 Rating: 0
	 Multiplicative Factor: 0%
	 DR Bracket: 0
	 Base: 2%
	 Effective Percent: 2%
Avoidance
	 Rating: 1635
	 Multiplicative Factor: 0%
	 DR Bracket: 0
	 Base: 0%
	 Effective Percent: 3,01%
Mastery
	 Rating: 14933
	 Multiplicative Factor: 0%
	 DR Bracket: 0
	 Base: 19,8%
	 Effective Percent: 58,2%
----------------------
03:42,528

Intellect
	 Rating: 149085
	 Multiplicative Factor: 13,56%
Stamina
	 Rating: 879958
	 Multiplicative Factor: 11,3%
Crit
	 Rating: 19738
	 Multiplicative Factor: 0%
	 DR Bracket: 0
	 Base: 5%
	 Effective Percent: 33,2%
	 Crit Inc Heal: 2,6
	 Crit Inc Damage: 2
Haste
	 Rating: 21194
	 Multiplicative Factor: 0%
	 DR Bracket: 1
	 Base: 31%
	 Effective Percent: 72,79%
Vers
	 Rating: 6300
	 Multiplicative Factor: 0%
	 DR Bracket: 0
	 Base: 3%
	 Effective Percent: 11,08%
Leech
	 Rating: 0
	 Multiplicative Factor: 0%
	 DR Bracket: 0
	 Base: 2%
	 Effective Percent: 2%
Avoidance
	 Rating: 1635
	 Multiplicative Factor: 0%
	 DR Bracket: 0
	 Base: 0%
	 Effective Percent: 3,01%
Mastery
	 Rating: 14933
	 Multiplicative Factor: 0%
	 DR Bracket: 0
	 Base: 19,8%
	 Effective Percent: 58,2%
----------------------
03:43,526

Intellect
	 Rating: 149085
	 Multiplicative Factor: 13,56%
Stamina
	 Rating: 879958
	 Multiplicative Factor: 11,3%
Crit
	 Rating: 19738
	 Multiplicative Factor: 0%
	 DR Bracket: 0
	 Base: 5%
	 Effective Percent: 33,2%
	 Crit Inc Heal: 2,6
	 Crit Inc Damage: 2
Haste
	 Rating: 21194
	 Multiplicative Factor: 0%
	 DR Bracket: 1
	 Base: 30%
	 Effective Percent: 71,47%
Vers
	 Rating: 6300
	 Multiplicative Factor: 0%
	 DR Bracket: 0
	 Base: 3%
	 Effective Percent: 11,08%
Leech
	 Rating: 0
	 Multiplicative Factor: 0%
	 DR Bracket: 0
	 Base: 2%
	 Effective Percent: 2%
Avoidance
	 Rating: 1635
	 Multiplicative Factor: 0%
	 DR Bracket: 0
	 Base: 0%
	 Effective Percent: 3,01%
Mastery
	 Rating: 14933
	 Multiplicative Factor: 0%
	 DR Bracket: 0
	 Base: 19,8%
	 Effective Percent: 58,2%
----------------------
03:43,907

Intellect
	 Rating: 149085
	 Multiplicative Factor: 13,56%
Stamina
	 Rating: 879958
	 Multiplicative Factor: 11,3%
Crit
	 Rating: 19738
	 Multiplicative Factor: 0%
	 DR Bracket: 0
	 Base: 5%
	 Effective Percent: 33,2%
	 Crit Inc Heal: 2,6
	 Crit Inc Damage: 2
Haste
	 Rating: 21194
	 Multiplicative Factor: 0%
	 DR Bracket: 1
	 Base: 21%
	 Effective Percent: 59,6%
Vers
	 Rating: 6300
	 Multiplicative Factor: 0%
	 DR Bracket: 0
	 Base: 3%
	 Effective Percent: 11,08%
Leech
	 Rating: 0
	 Multiplicative Factor: 0%
	 DR Bracket: 0
	 Base: 2%
	 Effective Percent: 2%
Avoidance
	 Rating: 1635
	 Multiplicative Factor: 0%
	 DR Bracket: 0
	 Base: 0%
	 Effective Percent: 3,01%
Mastery
	 Rating: 14933
	 Multiplicative Factor: 0%
	 DR Bracket: 0
	 Base: 19,8%
	 Effective Percent: 58,2%
----------------------
03:44,527

Intellect
	 Rating: 149085
	 Multiplicative Factor: 13,56%
Stamina
	 Rating: 879958
	 Multiplicative Factor: 11,3%
Crit
	 Rating: 19738
	 Multiplicative Factor: 0%
	 DR Bracket: 0
	 Base: 5%
	 Effective Percent: 33,2%
	 Crit Inc Heal: 2,6
	 Crit Inc Damage: 2
Haste
	 Rating: 21194
	 Multiplicative Factor: 0%
	 DR Bracket: 1
	 Base: 20%
	 Effective Percent: 58,28%
Vers
	 Rating: 6300
	 Multiplicative Factor: 0%
	 DR Bracket: 0
	 Base: 3%
	 Effective Percent: 11,08%
Leech
	 Rating: 0
	 Multiplicative Factor: 0%
	 DR Bracket: 0
	 Base: 2%
	 Effective Percent: 2%
Avoidance
	 Rating: 1635
	 Multiplicative Factor: 0%
	 DR Bracket: 0
	 Base: 0%
	 Effective Percent: 3,01%
Mastery
	 Rating: 14933
	 Multiplicative Factor: 0%
	 DR Bracket: 0
	 Base: 19,8%
	 Effective Percent: 58,2%
----------------------
03:45,525

Intellect
	 Rating: 149085
	 Multiplicative Factor: 13,56%
Stamina
	 Rating: 879958
	 Multiplicative Factor: 11,3%
Crit
	 Rating: 19738
	 Multiplicative Factor: 0%
	 DR Bracket: 0
	 Base: 5%
	 Effective Percent: 33,2%
	 Crit Inc Heal: 2,6
	 Crit Inc Damage: 2
Haste
	 Rating: 21194
	 Multiplicative Factor: 0%
	 DR Bracket: 1
	 Base: 19%
	 Effective Percent: 56,96%
Vers
	 Rating: 6300
	 Multiplicative Factor: 0%
	 DR Bracket: 0
	 Base: 3%
	 Effective Percent: 11,08%
Leech
	 Rating: 0
	 Multiplicative Factor: 0%
	 DR Bracket: 0
	 Base: 2%
	 Effective Percent: 2%
Avoidance
	 Rating: 1635
	 Multiplicative Factor: 0%
	 DR Bracket: 0
	 Base: 0%
	 Effective Percent: 3,01%
Mastery
	 Rating: 14933
	 Multiplicative Factor: 0%
	 DR Bracket: 0
	 Base: 19,8%
	 Effective Percent: 58,2%
----------------------
03:46,526

Intellect
	 Rating: 149085
	 Multiplicative Factor: 13,56%
Stamina
	 Rating: 879958
	 Multiplicative Factor: 11,3%
Crit
	 Rating: 19738
	 Multiplicative Factor: 0%
	 DR Bracket: 0
	 Base: 5%
	 Effective Percent: 33,2%
	 Crit Inc Heal: 2,6
	 Crit Inc Damage: 2
Haste
	 Rating: 21194
	 Multiplicative Factor: 0%
	 DR Bracket: 1
	 Base: 18%
	 Effective Percent: 55,64%
Vers
	 Rating: 6300
	 Multiplicative Factor: 0%
	 DR Bracket: 0
	 Base: 3%
	 Effective Percent: 11,08%
Leech
	 Rating: 0
	 Multiplicative Factor: 0%
	 DR Bracket: 0
	 Base: 2%
	 Effective Percent: 2%
Avoidance
	 Rating: 1635
	 Multiplicative Factor: 0%
	 DR Bracket: 0
	 Base: 0%
	 Effective Percent: 3,01%
Mastery
	 Rating: 14933
	 Multiplicative Factor: 0%
	 DR Bracket: 0
	 Base: 19,8%
	 Effective Percent: 58,2%
----------------------
03:47,538

Intellect
	 Rating: 149085
	 Multiplicative Factor: 13,56%
Stamina
	 Rating: 879958
	 Multiplicative Factor: 11,3%
Crit
	 Rating: 19738
	 Multiplicative Factor: 0%
	 DR Bracket: 0
	 Base: 5%
	 Effective Percent: 33,2%
	 Crit Inc Heal: 2,6
	 Crit Inc Damage: 2
Haste
	 Rating: 21194
	 Multiplicative Factor: 0%
	 DR Bracket: 1
	 Base: 17%
	 Effective Percent: 54,32%
Vers
	 Rating: 6300
	 Multiplicative Factor: 0%
	 DR Bracket: 0
	 Base: 3%
	 Effective Percent: 11,08%
Leech
	 Rating: 0
	 Multiplicative Factor: 0%
	 DR Bracket: 0
	 Base: 2%
	 Effective Percent: 2%
Avoidance
	 Rating: 1635
	 Multiplicative Factor: 0%
	 DR Bracket: 0
	 Base: 0%
	 Effective Percent: 3,01%
Mastery
	 Rating: 14933
	 Multiplicative Factor: 0%
	 DR Bracket: 0
	 Base: 19,8%
	 Effective Percent: 58,2%
----------------------
03:48,519

Intellect
	 Rating: 149085
	 Multiplicative Factor: 13,56%
Stamina
	 Rating: 879958
	 Multiplicative Factor: 11,3%
Crit
	 Rating: 19738
	 Multiplicative Factor: 0%
	 DR Bracket: 0
	 Base: 5%
	 Effective Percent: 33,2%
	 Crit Inc Heal: 2,6
	 Crit Inc Damage: 2
Haste
	 Rating: 21194
	 Multiplicative Factor: 0%
	 DR Bracket: 1
	 Base: 16%
	 Effective Percent: 53,01%
Vers
	 Rating: 6300
	 Multiplicative Factor: 0%
	 DR Bracket: 0
	 Base: 3%
	 Effective Percent: 11,08%
Leech
	 Rating: 0
	 Multiplicative Factor: 0%
	 DR Bracket: 0
	 Base: 2%
	 Effective Percent: 2%
Avoidance
	 Rating: 1635
	 Multiplicative Factor: 0%
	 DR Bracket: 0
	 Base: 0%
	 Effective Percent: 3,01%
Mastery
	 Rating: 14933
	 Multiplicative Factor: 0%
	 DR Bracket: 0
	 Base: 19,8%
	 Effective Percent: 58,2%
----------------------
03:48,568

Intellect
	 Rating: 149085
	 Multiplicative Factor: 13,56%
Stamina
	 Rating: 879958
	 Multiplicative Factor: 11,3%
Crit
	 Rating: 25723
	 Multiplicative Factor: 0%
	 DR Bracket: 1
	 Base: 5%
	 Effective Percent: 41,07%
	 Crit Inc Heal: 2,6
	 Crit Inc Damage: 2
Haste
	 Rating: 21194
	 Multiplicative Factor: 0%
	 DR Bracket: 1
	 Base: 16%
	 Effective Percent: 53,01%
Vers
	 Rating: 6300
	 Multiplicative Factor: 0%
	 DR Bracket: 0
	 Base: 3%
	 Effective Percent: 11,08%
Leech
	 Rating: 0
	 Multiplicative Factor: 0%
	 DR Bracket: 0
	 Base: 2%
	 Effective Percent: 2%
Avoidance
	 Rating: 1635
	 Multiplicative Factor: 0%
	 DR Bracket: 0
	 Base: 0%
	 Effective Percent: 3,01%
Mastery
	 Rating: 14933
	 Multiplicative Factor: 0%
	 DR Bracket: 0
	 Base: 19,8%
	 Effective Percent: 58,2%
----------------------
03:49,515

Intellect
	 Rating: 149085
	 Multiplicative Factor: 13,56%
Stamina
	 Rating: 879958
	 Multiplicative Factor: 11,3%
Crit
	 Rating: 25723
	 Multiplicative Factor: 0%
	 DR Bracket: 1
	 Base: 5%
	 Effective Percent: 41,07%
	 Crit Inc Heal: 2,6
	 Crit Inc Damage: 2
Haste
	 Rating: 21194
	 Multiplicative Factor: 0%
	 DR Bracket: 1
	 Base: 15%
	 Effective Percent: 51,69%
Vers
	 Rating: 6300
	 Multiplicative Factor: 0%
	 DR Bracket: 0
	 Base: 3%
	 Effective Percent: 11,08%
Leech
	 Rating: 0
	 Multiplicative Factor: 0%
	 DR Bracket: 0
	 Base: 2%
	 Effective Percent: 2%
Avoidance
	 Rating: 1635
	 Multiplicative Factor: 0%
	 DR Bracket: 0
	 Base: 0%
	 Effective Percent: 3,01%
Mastery
	 Rating: 14933
	 Multiplicative Factor: 0%
	 DR Bracket: 0
	 Base: 19,8%
	 Effective Percent: 58,2%
----------------------
03:50,533

Intellect
	 Rating: 149085
	 Multiplicative Factor: 13,56%
Stamina
	 Rating: 879958
	 Multiplicative Factor: 11,3%
Crit
	 Rating: 25723
	 Multiplicative Factor: 0%
	 DR Bracket: 1
	 Base: 5%
	 Effective Percent: 41,07%
	 Crit Inc Heal: 2,6
	 Crit Inc Damage: 2
Haste
	 Rating: 21194
	 Multiplicative Factor: 0%
	 DR Bracket: 1
	 Base: 14%
	 Effective Percent: 50,37%
Vers
	 Rating: 6300
	 Multiplicative Factor: 0%
	 DR Bracket: 0
	 Base: 3%
	 Effective Percent: 11,08%
Leech
	 Rating: 0
	 Multiplicative Factor: 0%
	 DR Bracket: 0
	 Base: 2%
	 Effective Percent: 2%
Avoidance
	 Rating: 1635
	 Multiplicative Factor: 0%
	 DR Bracket: 0
	 Base: 0%
	 Effective Percent: 3,01%
Mastery
	 Rating: 14933
	 Multiplicative Factor: 0%
	 DR Bracket: 0
	 Base: 19,8%
	 Effective Percent: 58,2%
----------------------
03:51,530

Intellect
	 Rating: 149085
	 Multiplicative Factor: 13,56%
Stamina
	 Rating: 879958
	 Multiplicative Factor: 11,3%
Crit
	 Rating: 25723
	 Multiplicative Factor: 0%
	 DR Bracket: 1
	 Base: 5%
	 Effective Percent: 41,07%
	 Crit Inc Heal: 2,6
	 Crit Inc Damage: 2
Haste
	 Rating: 21194
	 Multiplicative Factor: 0%
	 DR Bracket: 1
	 Base: 13%
	 Effective Percent: 49,05%
Vers
	 Rating: 6300
	 Multiplicative Factor: 0%
	 DR Bracket: 0
	 Base: 3%
	 Effective Percent: 11,08%
Leech
	 Rating: 0
	 Multiplicative Factor: 0%
	 DR Bracket: 0
	 Base: 2%
	 Effective Percent: 2%
Avoidance
	 Rating: 1635
	 Multiplicative Factor: 0%
	 DR Bracket: 0
	 Base: 0%
	 Effective Percent: 3,01%
Mastery
	 Rating: 14933
	 Multiplicative Factor: 0%
	 DR Bracket: 0
	 Base: 19,8%
	 Effective Percent: 58,2%
----------------------
03:52,528

Intellect
	 Rating: 149085
	 Multiplicative Factor: 13,56%
Stamina
	 Rating: 879958
	 Multiplicative Factor: 11,3%
Crit
	 Rating: 25723
	 Multiplicative Factor: 0%
	 DR Bracket: 1
	 Base: 5%
	 Effective Percent: 41,07%
	 Crit Inc Heal: 2,6
	 Crit Inc Damage: 2
Haste
	 Rating: 21194
	 Multiplicative Factor: 0%
	 DR Bracket: 1
	 Base: 12%
	 Effective Percent: 47,73%
Vers
	 Rating: 6300
	 Multiplicative Factor: 0%
	 DR Bracket: 0
	 Base: 3%
	 Effective Percent: 11,08%
Leech
	 Rating: 0
	 Multiplicative Factor: 0%
	 DR Bracket: 0
	 Base: 2%
	 Effective Percent: 2%
Avoidance
	 Rating: 1635
	 Multiplicative Factor: 0%
	 DR Bracket: 0
	 Base: 0%
	 Effective Percent: 3,01%
Mastery
	 Rating: 14933
	 Multiplicative Factor: 0%
	 DR Bracket: 0
	 Base: 19,8%
	 Effective Percent: 58,2%
----------------------
03:53,523

Intellect
	 Rating: 149085
	 Multiplicative Factor: 13,56%
Stamina
	 Rating: 879958
	 Multiplicative Factor: 11,3%
Crit
	 Rating: 25723
	 Multiplicative Factor: 0%
	 DR Bracket: 1
	 Base: 5%
	 Effective Percent: 41,07%
	 Crit Inc Heal: 2,6
	 Crit Inc Damage: 2
Haste
	 Rating: 21194
	 Multiplicative Factor: 0%
	 DR Bracket: 1
	 Base: 11%
	 Effective Percent: 46,41%
Vers
	 Rating: 6300
	 Multiplicative Factor: 0%
	 DR Bracket: 0
	 Base: 3%
	 Effective Percent: 11,08%
Leech
	 Rating: 0
	 Multiplicative Factor: 0%
	 DR Bracket: 0
	 Base: 2%
	 Effective Percent: 2%
Avoidance
	 Rating: 1635
	 Multiplicative Factor: 0%
	 DR Bracket: 0
	 Base: 0%
	 Effective Percent: 3,01%
Mastery
	 Rating: 14933
	 Multiplicative Factor: 0%
	 DR Bracket: 0
	 Base: 19,8%
	 Effective Percent: 58,2%
----------------------
03:54,527

Intellect
	 Rating: 149085
	 Multiplicative Factor: 13,56%
Stamina
	 Rating: 879958
	 Multiplicative Factor: 11,3%
Crit
	 Rating: 25723
	 Multiplicative Factor: 0%
	 DR Bracket: 1
	 Base: 5%
	 Effective Percent: 41,07%
	 Crit Inc Heal: 2,6
	 Crit Inc Damage: 2
Haste
	 Rating: 21194
	 Multiplicative Factor: 0%
	 DR Bracket: 1
	 Base: 10%
	 Effective Percent: 45,09%
Vers
	 Rating: 6300
	 Multiplicative Factor: 0%
	 DR Bracket: 0
	 Base: 3%
	 Effective Percent: 11,08%
Leech
	 Rating: 0
	 Multiplicative Factor: 0%
	 DR Bracket: 0
	 Base: 2%
	 Effective Percent: 2%
Avoidance
	 Rating: 1635
	 Multiplicative Factor: 0%
	 DR Bracket: 0
	 Base: 0%
	 Effective Percent: 3,01%
Mastery
	 Rating: 14933
	 Multiplicative Factor: 0%
	 DR Bracket: 0
	 Base: 19,8%
	 Effective Percent: 58,2%
----------------------
03:55,520

Intellect
	 Rating: 149085
	 Multiplicative Factor: 13,56%
Stamina
	 Rating: 879958
	 Multiplicative Factor: 11,3%
Crit
	 Rating: 25723
	 Multiplicative Factor: 0%
	 DR Bracket: 1
	 Base: 5%
	 Effective Percent: 41,07%
	 Crit Inc Heal: 2,6
	 Crit Inc Damage: 2
Haste
	 Rating: 21194
	 Multiplicative Factor: 0%
	 DR Bracket: 1
	 Base: 9%
	 Effective Percent: 43,77%
Vers
	 Rating: 6300
	 Multiplicative Factor: 0%
	 DR Bracket: 0
	 Base: 3%
	 Effective Percent: 11,08%
Leech
	 Rating: 0
	 Multiplicative Factor: 0%
	 DR Bracket: 0
	 Base: 2%
	 Effective Percent: 2%
Avoidance
	 Rating: 1635
	 Multiplicative Factor: 0%
	 DR Bracket: 0
	 Base: 0%
	 Effective Percent: 3,01%
Mastery
	 Rating: 14933
	 Multiplicative Factor: 0%
	 DR Bracket: 0
	 Base: 19,8%
	 Effective Percent: 58,2%
----------------------
03:56,531

Intellect
	 Rating: 149085
	 Multiplicative Factor: 13,56%
Stamina
	 Rating: 879958
	 Multiplicative Factor: 11,3%
Crit
	 Rating: 25723
	 Multiplicative Factor: 0%
	 DR Bracket: 1
	 Base: 5%
	 Effective Percent: 41,07%
	 Crit Inc Heal: 2,6
	 Crit Inc Damage: 2
Haste
	 Rating: 21194
	 Multiplicative Factor: 0%
	 DR Bracket: 1
	 Base: 8%
	 Effective Percent: 42,45%
Vers
	 Rating: 6300
	 Multiplicative Factor: 0%
	 DR Bracket: 0
	 Base: 3%
	 Effective Percent: 11,08%
Leech
	 Rating: 0
	 Multiplicative Factor: 0%
	 DR Bracket: 0
	 Base: 2%
	 Effective Percent: 2%
Avoidance
	 Rating: 1635
	 Multiplicative Factor: 0%
	 DR Bracket: 0
	 Base: 0%
	 Effective Percent: 3,01%
Mastery
	 Rating: 14933
	 Multiplicative Factor: 0%
	 DR Bracket: 0
	 Base: 19,8%
	 Effective Percent: 58,2%
----------------------
03:57,206

Intellect
	 Rating: 149085
	 Multiplicative Factor: 13,56%
Stamina
	 Rating: 879958
	 Multiplicative Factor: 11,3%
Crit
	 Rating: 25723
	 Multiplicative Factor: 0%
	 DR Bracket: 1
	 Base: 5%
	 Effective Percent: 41,07%
	 Crit Inc Heal: 2,6
	 Crit Inc Damage: 2
Haste
	 Rating: 21194
	 Multiplicative Factor: 0%
	 DR Bracket: 1
	 Base: 11%
	 Effective Percent: 46,41%
Vers
	 Rating: 6300
	 Multiplicative Factor: 0%
	 DR Bracket: 0
	 Base: 3%
	 Effective Percent: 11,08%
Leech
	 Rating: 0
	 Multiplicative Factor: 0%
	 DR Bracket: 0
	 Base: 2%
	 Effective Percent: 2%
Avoidance
	 Rating: 1635
	 Multiplicative Factor: 0%
	 DR Bracket: 0
	 Base: 0%
	 Effective Percent: 3,01%
Mastery
	 Rating: 14933
	 Multiplicative Factor: 0%
	 DR Bracket: 0
	 Base: 19,8%
	 Effective Percent: 58,2%
----------------------
03:57,210

Intellect
	 Rating: 149085
	 Multiplicative Factor: 13,56%
Stamina
	 Rating: 879958
	 Multiplicative Factor: 11,3%
Crit
	 Rating: 25723
	 Multiplicative Factor: 0%
	 DR Bracket: 1
	 Base: 5%
	 Effective Percent: 41,07%
	 Crit Inc Heal: 2,6
	 Crit Inc Damage: 2
Haste
	 Rating: 21194
	 Multiplicative Factor: 0%
	 DR Bracket: 1
	 Base: 17%
	 Effective Percent: 54,32%
Vers
	 Rating: 6300
	 Multiplicative Factor: 0%
	 DR Bracket: 0
	 Base: 3%
	 Effective Percent: 11,08%
Leech
	 Rating: 0
	 Multiplicative Factor: 0%
	 DR Bracket: 0
	 Base: 2%
	 Effective Percent: 2%
Avoidance
	 Rating: 1635
	 Multiplicative Factor: 0%
	 DR Bracket: 0
	 Base: 0%
	 Effective Percent: 3,01%
Mastery
	 Rating: 14933
	 Multiplicative Factor: 0%
	 DR Bracket: 0
	 Base: 19,8%
	 Effective Percent: 58,2%
----------------------
03:57,210

Intellect
	 Rating: 149085
	 Multiplicative Factor: 13,56%
Stamina
	 Rating: 879958
	 Multiplicative Factor: 11,3%
Crit
	 Rating: 25723
	 Multiplicative Factor: 0%
	 DR Bracket: 1
	 Base: 5%
	 Effective Percent: 41,07%
	 Crit Inc Heal: 2,6
	 Crit Inc Damage: 2
Haste
	 Rating: 21194
	 Multiplicative Factor: 0%
	 DR Bracket: 1
	 Base: 14%
	 Effective Percent: 50,37%
Vers
	 Rating: 6300
	 Multiplicative Factor: 0%
	 DR Bracket: 0
	 Base: 3%
	 Effective Percent: 11,08%
Leech
	 Rating: 0
	 Multiplicative Factor: 0%
	 DR Bracket: 0
	 Base: 2%
	 Effective Percent: 2%
Avoidance
	 Rating: 1635
	 Multiplicative Factor: 0%
	 DR Bracket: 0
	 Base: 0%
	 Effective Percent: 3,01%
Mastery
	 Rating: 14933
	 Multiplicative Factor: 0%
	 DR Bracket: 0
	 Base: 19,8%
	 Effective Percent: 58,2%
----------------------
03:57,520

Intellect
	 Rating: 149085
	 Multiplicative Factor: 13,56%
Stamina
	 Rating: 879958
	 Multiplicative Factor: 11,3%
Crit
	 Rating: 25723
	 Multiplicative Factor: 0%
	 DR Bracket: 1
	 Base: 5%
	 Effective Percent: 41,07%
	 Crit Inc Heal: 2,6
	 Crit Inc Damage: 2
Haste
	 Rating: 21194
	 Multiplicative Factor: 0%
	 DR Bracket: 1
	 Base: 13%
	 Effective Percent: 49,05%
Vers
	 Rating: 6300
	 Multiplicative Factor: 0%
	 DR Bracket: 0
	 Base: 3%
	 Effective Percent: 11,08%
Leech
	 Rating: 0
	 Multiplicative Factor: 0%
	 DR Bracket: 0
	 Base: 2%
	 Effective Percent: 2%
Avoidance
	 Rating: 1635
	 Multiplicative Factor: 0%
	 DR Bracket: 0
	 Base: 0%
	 Effective Percent: 3,01%
Mastery
	 Rating: 14933
	 Multiplicative Factor: 0%
	 DR Bracket: 0
	 Base: 19,8%
	 Effective Percent: 58,2%
