----------------------
00:00,463

Intellect
	 Rating: 139452
	 Multiplicative Factor: 8,15%
Stamina
	 Rating: 865285
	 Multiplicative Factor: 11,3%
Crit
	 Rating: 23850
	 Multiplicative Factor: 0%
	 DR Bracket: 1
	 Base: 5%
	 Effective Percent: 38,66%
	 Crit Inc Heal: 2
	 Crit Inc Damage: 2
Haste
	 Rating: 19964
	 Multiplicative Factor: 0%
	 DR Bracket: 1
	 Base: 30%
	 Effective Percent: 69,29%
Vers
	 Rating: 8877
	 Multiplicative Factor: 0%
	 DR Bracket: 0
	 Base: 3%
	 Effective Percent: 14,38%
Leech
	 Rating: 0
	 Multiplicative Factor: 0%
	 DR Bracket: 0
	 Base: 2%
	 Effective Percent: 2%
Avoidance
	 Rating: 2859
	 Multiplicative Factor: 0%
	 DR Bracket: 0
	 Base: 0%
	 Effective Percent: 5,26%
Mastery
	 Rating: 8808
	 Multiplicative Factor: 0%
	 DR Bracket: 0
	 Base: 16,2%
	 Effective Percent: 38,85%
----------------------
00:01,162

Intellect
	 Rating: 139452
	 Multiplicative Factor: 8,15%
Stamina
	 Rating: 865285
	 Multiplicative Factor: 11,3%
Crit
	 Rating: 23850
	 Multiplicative Factor: 0%
	 DR Bracket: 1
	 Base: 5%
	 Effective Percent: 38,66%
	 Crit Inc Heal: 2
	 Crit Inc Damage: 2
Haste
	 Rating: 19964
	 Multiplicative Factor: 0%
	 DR Bracket: 1
	 Base: 31%
	 Effective Percent: 70,59%
Vers
	 Rating: 8877
	 Multiplicative Factor: 0%
	 DR Bracket: 0
	 Base: 3%
	 Effective Percent: 14,38%
Leech
	 Rating: 0
	 Multiplicative Factor: 0%
	 DR Bracket: 0
	 Base: 2%
	 Effective Percent: 2%
Avoidance
	 Rating: 2859
	 Multiplicative Factor: 0%
	 DR Bracket: 0
	 Base: 0%
	 Effective Percent: 5,26%
Mastery
	 Rating: 8808
	 Multiplicative Factor: 0%
	 DR Bracket: 0
	 Base: 16,2%
	 Effective Percent: 38,85%
----------------------
00:02,155

Intellect
	 Rating: 139452
	 Multiplicative Factor: 8,15%
Stamina
	 Rating: 865285
	 Multiplicative Factor: 11,3%
Crit
	 Rating: 23850
	 Multiplicative Factor: 0%
	 DR Bracket: 1
	 Base: 5%
	 Effective Percent: 38,66%
	 Crit Inc Heal: 2
	 Crit Inc Damage: 2
Haste
	 Rating: 19964
	 Multiplicative Factor: 0%
	 DR Bracket: 1
	 Base: 59%
	 Effective Percent: 107,06%
Vers
	 Rating: 8877
	 Multiplicative Factor: 0%
	 DR Bracket: 0
	 Base: 3%
	 Effective Percent: 14,38%
Leech
	 Rating: 0
	 Multiplicative Factor: 0%
	 DR Bracket: 0
	 Base: 2%
	 Effective Percent: 2%
Avoidance
	 Rating: 2859
	 Multiplicative Factor: 0%
	 DR Bracket: 0
	 Base: 0%
	 Effective Percent: 5,26%
Mastery
	 Rating: 8808
	 Multiplicative Factor: 0%
	 DR Bracket: 0
	 Base: 16,2%
	 Effective Percent: 38,85%
----------------------
00:03,169

Intellect
	 Rating: 139452
	 Multiplicative Factor: 8,15%
Stamina
	 Rating: 865285
	 Multiplicative Factor: 11,3%
Crit
	 Rating: 23850
	 Multiplicative Factor: 0%
	 DR Bracket: 1
	 Base: 5%
	 Effective Percent: 38,66%
	 Crit Inc Heal: 2
	 Crit Inc Damage: 2
Haste
	 Rating: 19964
	 Multiplicative Factor: 0%
	 DR Bracket: 1
	 Base: 58%
	 Effective Percent: 105,75%
Vers
	 Rating: 8877
	 Multiplicative Factor: 0%
	 DR Bracket: 0
	 Base: 3%
	 Effective Percent: 14,38%
Leech
	 Rating: 0
	 Multiplicative Factor: 0%
	 DR Bracket: 0
	 Base: 2%
	 Effective Percent: 2%
Avoidance
	 Rating: 2859
	 Multiplicative Factor: 0%
	 DR Bracket: 0
	 Base: 0%
	 Effective Percent: 5,26%
Mastery
	 Rating: 8808
	 Multiplicative Factor: 0%
	 DR Bracket: 0
	 Base: 16,2%
	 Effective Percent: 38,85%
----------------------
00:04,176

Intellect
	 Rating: 139452
	 Multiplicative Factor: 8,15%
Stamina
	 Rating: 865285
	 Multiplicative Factor: 11,3%
Crit
	 Rating: 23850
	 Multiplicative Factor: 0%
	 DR Bracket: 1
	 Base: 5%
	 Effective Percent: 38,66%
	 Crit Inc Heal: 2
	 Crit Inc Damage: 2
Haste
	 Rating: 19964
	 Multiplicative Factor: 0%
	 DR Bracket: 1
	 Base: 57%
	 Effective Percent: 104,45%
Vers
	 Rating: 8877
	 Multiplicative Factor: 0%
	 DR Bracket: 0
	 Base: 3%
	 Effective Percent: 14,38%
Leech
	 Rating: 0
	 Multiplicative Factor: 0%
	 DR Bracket: 0
	 Base: 2%
	 Effective Percent: 2%
Avoidance
	 Rating: 2859
	 Multiplicative Factor: 0%
	 DR Bracket: 0
	 Base: 0%
	 Effective Percent: 5,26%
Mastery
	 Rating: 8808
	 Multiplicative Factor: 0%
	 DR Bracket: 0
	 Base: 16,2%
	 Effective Percent: 38,85%
----------------------
00:05,165

Intellect
	 Rating: 139452
	 Multiplicative Factor: 8,15%
Stamina
	 Rating: 865285
	 Multiplicative Factor: 11,3%
Crit
	 Rating: 23850
	 Multiplicative Factor: 0%
	 DR Bracket: 1
	 Base: 5%
	 Effective Percent: 38,66%
	 Crit Inc Heal: 2
	 Crit Inc Damage: 2
Haste
	 Rating: 19964
	 Multiplicative Factor: 0%
	 DR Bracket: 1
	 Base: 56%
	 Effective Percent: 103,15%
Vers
	 Rating: 8877
	 Multiplicative Factor: 0%
	 DR Bracket: 0
	 Base: 3%
	 Effective Percent: 14,38%
Leech
	 Rating: 0
	 Multiplicative Factor: 0%
	 DR Bracket: 0
	 Base: 2%
	 Effective Percent: 2%
Avoidance
	 Rating: 2859
	 Multiplicative Factor: 0%
	 DR Bracket: 0
	 Base: 0%
	 Effective Percent: 5,26%
Mastery
	 Rating: 8808
	 Multiplicative Factor: 0%
	 DR Bracket: 0
	 Base: 16,2%
	 Effective Percent: 38,85%
----------------------
00:06,160

Intellect
	 Rating: 139452
	 Multiplicative Factor: 8,15%
Stamina
	 Rating: 865285
	 Multiplicative Factor: 11,3%
Crit
	 Rating: 23850
	 Multiplicative Factor: 0%
	 DR Bracket: 1
	 Base: 5%
	 Effective Percent: 38,66%
	 Crit Inc Heal: 2
	 Crit Inc Damage: 2
Haste
	 Rating: 19964
	 Multiplicative Factor: 0%
	 DR Bracket: 1
	 Base: 55%
	 Effective Percent: 101,85%
Vers
	 Rating: 8877
	 Multiplicative Factor: 0%
	 DR Bracket: 0
	 Base: 3%
	 Effective Percent: 14,38%
Leech
	 Rating: 0
	 Multiplicative Factor: 0%
	 DR Bracket: 0
	 Base: 2%
	 Effective Percent: 2%
Avoidance
	 Rating: 2859
	 Multiplicative Factor: 0%
	 DR Bracket: 0
	 Base: 0%
	 Effective Percent: 5,26%
Mastery
	 Rating: 8808
	 Multiplicative Factor: 0%
	 DR Bracket: 0
	 Base: 16,2%
	 Effective Percent: 38,85%
----------------------
00:07,156

Intellect
	 Rating: 139452
	 Multiplicative Factor: 8,15%
Stamina
	 Rating: 865285
	 Multiplicative Factor: 11,3%
Crit
	 Rating: 23850
	 Multiplicative Factor: 0%
	 DR Bracket: 1
	 Base: 5%
	 Effective Percent: 38,66%
	 Crit Inc Heal: 2
	 Crit Inc Damage: 2
Haste
	 Rating: 19964
	 Multiplicative Factor: 0%
	 DR Bracket: 1
	 Base: 54%
	 Effective Percent: 100,54%
Vers
	 Rating: 8877
	 Multiplicative Factor: 0%
	 DR Bracket: 0
	 Base: 3%
	 Effective Percent: 14,38%
Leech
	 Rating: 0
	 Multiplicative Factor: 0%
	 DR Bracket: 0
	 Base: 2%
	 Effective Percent: 2%
Avoidance
	 Rating: 2859
	 Multiplicative Factor: 0%
	 DR Bracket: 0
	 Base: 0%
	 Effective Percent: 5,26%
Mastery
	 Rating: 8808
	 Multiplicative Factor: 0%
	 DR Bracket: 0
	 Base: 16,2%
	 Effective Percent: 38,85%
----------------------
00:08,158

Intellect
	 Rating: 139452
	 Multiplicative Factor: 8,15%
Stamina
	 Rating: 865285
	 Multiplicative Factor: 11,3%
Crit
	 Rating: 23850
	 Multiplicative Factor: 0%
	 DR Bracket: 1
	 Base: 5%
	 Effective Percent: 38,66%
	 Crit Inc Heal: 2
	 Crit Inc Damage: 2
Haste
	 Rating: 19964
	 Multiplicative Factor: 0%
	 DR Bracket: 1
	 Base: 53%
	 Effective Percent: 99,24%
Vers
	 Rating: 8877
	 Multiplicative Factor: 0%
	 DR Bracket: 0
	 Base: 3%
	 Effective Percent: 14,38%
Leech
	 Rating: 0
	 Multiplicative Factor: 0%
	 DR Bracket: 0
	 Base: 2%
	 Effective Percent: 2%
Avoidance
	 Rating: 2859
	 Multiplicative Factor: 0%
	 DR Bracket: 0
	 Base: 0%
	 Effective Percent: 5,26%
Mastery
	 Rating: 8808
	 Multiplicative Factor: 0%
	 DR Bracket: 0
	 Base: 16,2%
	 Effective Percent: 38,85%
----------------------
00:09,164

Intellect
	 Rating: 139452
	 Multiplicative Factor: 8,15%
Stamina
	 Rating: 865285
	 Multiplicative Factor: 11,3%
Crit
	 Rating: 23850
	 Multiplicative Factor: 0%
	 DR Bracket: 1
	 Base: 5%
	 Effective Percent: 38,66%
	 Crit Inc Heal: 2
	 Crit Inc Damage: 2
Haste
	 Rating: 19964
	 Multiplicative Factor: 0%
	 DR Bracket: 1
	 Base: 52%
	 Effective Percent: 97,94%
Vers
	 Rating: 8877
	 Multiplicative Factor: 0%
	 DR Bracket: 0
	 Base: 3%
	 Effective Percent: 14,38%
Leech
	 Rating: 0
	 Multiplicative Factor: 0%
	 DR Bracket: 0
	 Base: 2%
	 Effective Percent: 2%
Avoidance
	 Rating: 2859
	 Multiplicative Factor: 0%
	 DR Bracket: 0
	 Base: 0%
	 Effective Percent: 5,26%
Mastery
	 Rating: 8808
	 Multiplicative Factor: 0%
	 DR Bracket: 0
	 Base: 16,2%
	 Effective Percent: 38,85%
----------------------
00:10,158

Intellect
	 Rating: 139452
	 Multiplicative Factor: 8,15%
Stamina
	 Rating: 865285
	 Multiplicative Factor: 11,3%
Crit
	 Rating: 23850
	 Multiplicative Factor: 0%
	 DR Bracket: 1
	 Base: 5%
	 Effective Percent: 38,66%
	 Crit Inc Heal: 2
	 Crit Inc Damage: 2
Haste
	 Rating: 19964
	 Multiplicative Factor: 0%
	 DR Bracket: 1
	 Base: 51%
	 Effective Percent: 96,64%
Vers
	 Rating: 8877
	 Multiplicative Factor: 0%
	 DR Bracket: 0
	 Base: 3%
	 Effective Percent: 14,38%
Leech
	 Rating: 0
	 Multiplicative Factor: 0%
	 DR Bracket: 0
	 Base: 2%
	 Effective Percent: 2%
Avoidance
	 Rating: 2859
	 Multiplicative Factor: 0%
	 DR Bracket: 0
	 Base: 0%
	 Effective Percent: 5,26%
Mastery
	 Rating: 8808
	 Multiplicative Factor: 0%
	 DR Bracket: 0
	 Base: 16,2%
	 Effective Percent: 38,85%
----------------------
00:11,175

Intellect
	 Rating: 139452
	 Multiplicative Factor: 8,15%
Stamina
	 Rating: 865285
	 Multiplicative Factor: 11,3%
Crit
	 Rating: 23850
	 Multiplicative Factor: 0%
	 DR Bracket: 1
	 Base: 5%
	 Effective Percent: 38,66%
	 Crit Inc Heal: 2
	 Crit Inc Damage: 2
Haste
	 Rating: 19964
	 Multiplicative Factor: 0%
	 DR Bracket: 1
	 Base: 50%
	 Effective Percent: 95,34%
Vers
	 Rating: 8877
	 Multiplicative Factor: 0%
	 DR Bracket: 0
	 Base: 3%
	 Effective Percent: 14,38%
Leech
	 Rating: 0
	 Multiplicative Factor: 0%
	 DR Bracket: 0
	 Base: 2%
	 Effective Percent: 2%
Avoidance
	 Rating: 2859
	 Multiplicative Factor: 0%
	 DR Bracket: 0
	 Base: 0%
	 Effective Percent: 5,26%
Mastery
	 Rating: 8808
	 Multiplicative Factor: 0%
	 DR Bracket: 0
	 Base: 16,2%
	 Effective Percent: 38,85%
----------------------
00:12,164

Intellect
	 Rating: 139452
	 Multiplicative Factor: 8,15%
Stamina
	 Rating: 865285
	 Multiplicative Factor: 11,3%
Crit
	 Rating: 23850
	 Multiplicative Factor: 0%
	 DR Bracket: 1
	 Base: 5%
	 Effective Percent: 38,66%
	 Crit Inc Heal: 2
	 Crit Inc Damage: 2
Haste
	 Rating: 19964
	 Multiplicative Factor: 0%
	 DR Bracket: 1
	 Base: 49%
	 Effective Percent: 94,03%
Vers
	 Rating: 8877
	 Multiplicative Factor: 0%
	 DR Bracket: 0
	 Base: 3%
	 Effective Percent: 14,38%
Leech
	 Rating: 0
	 Multiplicative Factor: 0%
	 DR Bracket: 0
	 Base: 2%
	 Effective Percent: 2%
Avoidance
	 Rating: 2859
	 Multiplicative Factor: 0%
	 DR Bracket: 0
	 Base: 0%
	 Effective Percent: 5,26%
Mastery
	 Rating: 8808
	 Multiplicative Factor: 0%
	 DR Bracket: 0
	 Base: 16,2%
	 Effective Percent: 38,85%
----------------------
00:13,153

Intellect
	 Rating: 139452
	 Multiplicative Factor: 8,15%
Stamina
	 Rating: 865285
	 Multiplicative Factor: 11,3%
Crit
	 Rating: 23850
	 Multiplicative Factor: 0%
	 DR Bracket: 1
	 Base: 5%
	 Effective Percent: 38,66%
	 Crit Inc Heal: 2
	 Crit Inc Damage: 2
Haste
	 Rating: 19964
	 Multiplicative Factor: 0%
	 DR Bracket: 1
	 Base: 48%
	 Effective Percent: 92,73%
Vers
	 Rating: 8877
	 Multiplicative Factor: 0%
	 DR Bracket: 0
	 Base: 3%
	 Effective Percent: 14,38%
Leech
	 Rating: 0
	 Multiplicative Factor: 0%
	 DR Bracket: 0
	 Base: 2%
	 Effective Percent: 2%
Avoidance
	 Rating: 2859
	 Multiplicative Factor: 0%
	 DR Bracket: 0
	 Base: 0%
	 Effective Percent: 5,26%
Mastery
	 Rating: 8808
	 Multiplicative Factor: 0%
	 DR Bracket: 0
	 Base: 16,2%
	 Effective Percent: 38,85%
----------------------
00:14,165

Intellect
	 Rating: 139452
	 Multiplicative Factor: 8,15%
Stamina
	 Rating: 865285
	 Multiplicative Factor: 11,3%
Crit
	 Rating: 23850
	 Multiplicative Factor: 0%
	 DR Bracket: 1
	 Base: 5%
	 Effective Percent: 38,66%
	 Crit Inc Heal: 2
	 Crit Inc Damage: 2
Haste
	 Rating: 19964
	 Multiplicative Factor: 0%
	 DR Bracket: 1
	 Base: 47%
	 Effective Percent: 91,43%
Vers
	 Rating: 8877
	 Multiplicative Factor: 0%
	 DR Bracket: 0
	 Base: 3%
	 Effective Percent: 14,38%
Leech
	 Rating: 0
	 Multiplicative Factor: 0%
	 DR Bracket: 0
	 Base: 2%
	 Effective Percent: 2%
Avoidance
	 Rating: 2859
	 Multiplicative Factor: 0%
	 DR Bracket: 0
	 Base: 0%
	 Effective Percent: 5,26%
Mastery
	 Rating: 8808
	 Multiplicative Factor: 0%
	 DR Bracket: 0
	 Base: 16,2%
	 Effective Percent: 38,85%
----------------------
00:15,162

Intellect
	 Rating: 139452
	 Multiplicative Factor: 8,15%
Stamina
	 Rating: 865285
	 Multiplicative Factor: 11,3%
Crit
	 Rating: 23850
	 Multiplicative Factor: 0%
	 DR Bracket: 1
	 Base: 5%
	 Effective Percent: 38,66%
	 Crit Inc Heal: 2
	 Crit Inc Damage: 2
Haste
	 Rating: 19964
	 Multiplicative Factor: 0%
	 DR Bracket: 1
	 Base: 46%
	 Effective Percent: 90,13%
Vers
	 Rating: 8877
	 Multiplicative Factor: 0%
	 DR Bracket: 0
	 Base: 3%
	 Effective Percent: 14,38%
Leech
	 Rating: 0
	 Multiplicative Factor: 0%
	 DR Bracket: 0
	 Base: 2%
	 Effective Percent: 2%
Avoidance
	 Rating: 2859
	 Multiplicative Factor: 0%
	 DR Bracket: 0
	 Base: 0%
	 Effective Percent: 5,26%
Mastery
	 Rating: 8808
	 Multiplicative Factor: 0%
	 DR Bracket: 0
	 Base: 16,2%
	 Effective Percent: 38,85%
----------------------
00:16,162

Intellect
	 Rating: 139452
	 Multiplicative Factor: 8,15%
Stamina
	 Rating: 865285
	 Multiplicative Factor: 11,3%
Crit
	 Rating: 23850
	 Multiplicative Factor: 0%
	 DR Bracket: 1
	 Base: 5%
	 Effective Percent: 38,66%
	 Crit Inc Heal: 2
	 Crit Inc Damage: 2
Haste
	 Rating: 19964
	 Multiplicative Factor: 0%
	 DR Bracket: 1
	 Base: 45%
	 Effective Percent: 88,82%
Vers
	 Rating: 8877
	 Multiplicative Factor: 0%
	 DR Bracket: 0
	 Base: 3%
	 Effective Percent: 14,38%
Leech
	 Rating: 0
	 Multiplicative Factor: 0%
	 DR Bracket: 0
	 Base: 2%
	 Effective Percent: 2%
Avoidance
	 Rating: 2859
	 Multiplicative Factor: 0%
	 DR Bracket: 0
	 Base: 0%
	 Effective Percent: 5,26%
Mastery
	 Rating: 8808
	 Multiplicative Factor: 0%
	 DR Bracket: 0
	 Base: 16,2%
	 Effective Percent: 38,85%
----------------------
00:17,169

Intellect
	 Rating: 139452
	 Multiplicative Factor: 8,15%
Stamina
	 Rating: 865285
	 Multiplicative Factor: 11,3%
Crit
	 Rating: 23850
	 Multiplicative Factor: 0%
	 DR Bracket: 1
	 Base: 5%
	 Effective Percent: 38,66%
	 Crit Inc Heal: 2
	 Crit Inc Damage: 2
Haste
	 Rating: 19964
	 Multiplicative Factor: 0%
	 DR Bracket: 1
	 Base: 44%
	 Effective Percent: 87,52%
Vers
	 Rating: 8877
	 Multiplicative Factor: 0%
	 DR Bracket: 0
	 Base: 3%
	 Effective Percent: 14,38%
Leech
	 Rating: 0
	 Multiplicative Factor: 0%
	 DR Bracket: 0
	 Base: 2%
	 Effective Percent: 2%
Avoidance
	 Rating: 2859
	 Multiplicative Factor: 0%
	 DR Bracket: 0
	 Base: 0%
	 Effective Percent: 5,26%
Mastery
	 Rating: 8808
	 Multiplicative Factor: 0%
	 DR Bracket: 0
	 Base: 16,2%
	 Effective Percent: 38,85%
----------------------
00:18,176

Intellect
	 Rating: 139452
	 Multiplicative Factor: 8,15%
Stamina
	 Rating: 865285
	 Multiplicative Factor: 11,3%
Crit
	 Rating: 23850
	 Multiplicative Factor: 0%
	 DR Bracket: 1
	 Base: 5%
	 Effective Percent: 38,66%
	 Crit Inc Heal: 2
	 Crit Inc Damage: 2
Haste
	 Rating: 19964
	 Multiplicative Factor: 0%
	 DR Bracket: 1
	 Base: 43%
	 Effective Percent: 86,22%
Vers
	 Rating: 8877
	 Multiplicative Factor: 0%
	 DR Bracket: 0
	 Base: 3%
	 Effective Percent: 14,38%
Leech
	 Rating: 0
	 Multiplicative Factor: 0%
	 DR Bracket: 0
	 Base: 2%
	 Effective Percent: 2%
Avoidance
	 Rating: 2859
	 Multiplicative Factor: 0%
	 DR Bracket: 0
	 Base: 0%
	 Effective Percent: 5,26%
Mastery
	 Rating: 8808
	 Multiplicative Factor: 0%
	 DR Bracket: 0
	 Base: 16,2%
	 Effective Percent: 38,85%
----------------------
00:18,782

Intellect
	 Rating: 139452
	 Multiplicative Factor: 8,15%
Stamina
	 Rating: 865285
	 Multiplicative Factor: 11,3%
Crit
	 Rating: 23850
	 Multiplicative Factor: 0%
	 DR Bracket: 1
	 Base: 5%
	 Effective Percent: 38,66%
	 Crit Inc Heal: 2
	 Crit Inc Damage: 2
Haste
	 Rating: 19964
	 Multiplicative Factor: 0%
	 DR Bracket: 1
	 Base: 46%
	 Effective Percent: 90,13%
Vers
	 Rating: 8877
	 Multiplicative Factor: 0%
	 DR Bracket: 0
	 Base: 3%
	 Effective Percent: 14,38%
Leech
	 Rating: 0
	 Multiplicative Factor: 0%
	 DR Bracket: 0
	 Base: 2%
	 Effective Percent: 2%
Avoidance
	 Rating: 2859
	 Multiplicative Factor: 0%
	 DR Bracket: 0
	 Base: 0%
	 Effective Percent: 5,26%
Mastery
	 Rating: 8808
	 Multiplicative Factor: 0%
	 DR Bracket: 0
	 Base: 16,2%
	 Effective Percent: 38,85%
----------------------
00:19,157

Intellect
	 Rating: 139452
	 Multiplicative Factor: 8,15%
Stamina
	 Rating: 865285
	 Multiplicative Factor: 11,3%
Crit
	 Rating: 23850
	 Multiplicative Factor: 0%
	 DR Bracket: 1
	 Base: 5%
	 Effective Percent: 38,66%
	 Crit Inc Heal: 2
	 Crit Inc Damage: 2
Haste
	 Rating: 19964
	 Multiplicative Factor: 0%
	 DR Bracket: 1
	 Base: 45%
	 Effective Percent: 88,82%
Vers
	 Rating: 8877
	 Multiplicative Factor: 0%
	 DR Bracket: 0
	 Base: 3%
	 Effective Percent: 14,38%
Leech
	 Rating: 0
	 Multiplicative Factor: 0%
	 DR Bracket: 0
	 Base: 2%
	 Effective Percent: 2%
Avoidance
	 Rating: 2859
	 Multiplicative Factor: 0%
	 DR Bracket: 0
	 Base: 0%
	 Effective Percent: 5,26%
Mastery
	 Rating: 8808
	 Multiplicative Factor: 0%
	 DR Bracket: 0
	 Base: 16,2%
	 Effective Percent: 38,85%
----------------------
00:20,159

Intellect
	 Rating: 139452
	 Multiplicative Factor: 8,15%
Stamina
	 Rating: 865285
	 Multiplicative Factor: 11,3%
Crit
	 Rating: 23850
	 Multiplicative Factor: 0%
	 DR Bracket: 1
	 Base: 5%
	 Effective Percent: 38,66%
	 Crit Inc Heal: 2
	 Crit Inc Damage: 2
Haste
	 Rating: 19964
	 Multiplicative Factor: 0%
	 DR Bracket: 1
	 Base: 44%
	 Effective Percent: 87,52%
Vers
	 Rating: 8877
	 Multiplicative Factor: 0%
	 DR Bracket: 0
	 Base: 3%
	 Effective Percent: 14,38%
Leech
	 Rating: 0
	 Multiplicative Factor: 0%
	 DR Bracket: 0
	 Base: 2%
	 Effective Percent: 2%
Avoidance
	 Rating: 2859
	 Multiplicative Factor: 0%
	 DR Bracket: 0
	 Base: 0%
	 Effective Percent: 5,26%
Mastery
	 Rating: 8808
	 Multiplicative Factor: 0%
	 DR Bracket: 0
	 Base: 16,2%
	 Effective Percent: 38,85%
----------------------
00:21,162

Intellect
	 Rating: 139452
	 Multiplicative Factor: 8,15%
Stamina
	 Rating: 865285
	 Multiplicative Factor: 11,3%
Crit
	 Rating: 23850
	 Multiplicative Factor: 0%
	 DR Bracket: 1
	 Base: 5%
	 Effective Percent: 38,66%
	 Crit Inc Heal: 2
	 Crit Inc Damage: 2
Haste
	 Rating: 19964
	 Multiplicative Factor: 0%
	 DR Bracket: 1
	 Base: 43%
	 Effective Percent: 86,22%
Vers
	 Rating: 8877
	 Multiplicative Factor: 0%
	 DR Bracket: 0
	 Base: 3%
	 Effective Percent: 14,38%
Leech
	 Rating: 0
	 Multiplicative Factor: 0%
	 DR Bracket: 0
	 Base: 2%
	 Effective Percent: 2%
Avoidance
	 Rating: 2859
	 Multiplicative Factor: 0%
	 DR Bracket: 0
	 Base: 0%
	 Effective Percent: 5,26%
Mastery
	 Rating: 8808
	 Multiplicative Factor: 0%
	 DR Bracket: 0
	 Base: 16,2%
	 Effective Percent: 38,85%
----------------------
00:22,169

Intellect
	 Rating: 139452
	 Multiplicative Factor: 8,15%
Stamina
	 Rating: 865285
	 Multiplicative Factor: 11,3%
Crit
	 Rating: 23850
	 Multiplicative Factor: 0%
	 DR Bracket: 1
	 Base: 5%
	 Effective Percent: 38,66%
	 Crit Inc Heal: 2
	 Crit Inc Damage: 2
Haste
	 Rating: 19964
	 Multiplicative Factor: 0%
	 DR Bracket: 1
	 Base: 42%
	 Effective Percent: 84,92%
Vers
	 Rating: 8877
	 Multiplicative Factor: 0%
	 DR Bracket: 0
	 Base: 3%
	 Effective Percent: 14,38%
Leech
	 Rating: 0
	 Multiplicative Factor: 0%
	 DR Bracket: 0
	 Base: 2%
	 Effective Percent: 2%
Avoidance
	 Rating: 2859
	 Multiplicative Factor: 0%
	 DR Bracket: 0
	 Base: 0%
	 Effective Percent: 5,26%
Mastery
	 Rating: 8808
	 Multiplicative Factor: 0%
	 DR Bracket: 0
	 Base: 16,2%
	 Effective Percent: 38,85%
----------------------
00:23,170

Intellect
	 Rating: 139452
	 Multiplicative Factor: 8,15%
Stamina
	 Rating: 865285
	 Multiplicative Factor: 11,3%
Crit
	 Rating: 23850
	 Multiplicative Factor: 0%
	 DR Bracket: 1
	 Base: 5%
	 Effective Percent: 38,66%
	 Crit Inc Heal: 2
	 Crit Inc Damage: 2
Haste
	 Rating: 19964
	 Multiplicative Factor: 0%
	 DR Bracket: 1
	 Base: 41%
	 Effective Percent: 83,62%
Vers
	 Rating: 8877
	 Multiplicative Factor: 0%
	 DR Bracket: 0
	 Base: 3%
	 Effective Percent: 14,38%
Leech
	 Rating: 0
	 Multiplicative Factor: 0%
	 DR Bracket: 0
	 Base: 2%
	 Effective Percent: 2%
Avoidance
	 Rating: 2859
	 Multiplicative Factor: 0%
	 DR Bracket: 0
	 Base: 0%
	 Effective Percent: 5,26%
Mastery
	 Rating: 8808
	 Multiplicative Factor: 0%
	 DR Bracket: 0
	 Base: 16,2%
	 Effective Percent: 38,85%
----------------------
00:24,158

Intellect
	 Rating: 139452
	 Multiplicative Factor: 8,15%
Stamina
	 Rating: 865285
	 Multiplicative Factor: 11,3%
Crit
	 Rating: 23850
	 Multiplicative Factor: 0%
	 DR Bracket: 1
	 Base: 5%
	 Effective Percent: 38,66%
	 Crit Inc Heal: 2
	 Crit Inc Damage: 2
Haste
	 Rating: 19964
	 Multiplicative Factor: 0%
	 DR Bracket: 1
	 Base: 40%
	 Effective Percent: 82,31%
Vers
	 Rating: 8877
	 Multiplicative Factor: 0%
	 DR Bracket: 0
	 Base: 3%
	 Effective Percent: 14,38%
Leech
	 Rating: 0
	 Multiplicative Factor: 0%
	 DR Bracket: 0
	 Base: 2%
	 Effective Percent: 2%
Avoidance
	 Rating: 2859
	 Multiplicative Factor: 0%
	 DR Bracket: 0
	 Base: 0%
	 Effective Percent: 5,26%
Mastery
	 Rating: 8808
	 Multiplicative Factor: 0%
	 DR Bracket: 0
	 Base: 16,2%
	 Effective Percent: 38,85%
----------------------
00:25,156

Intellect
	 Rating: 139452
	 Multiplicative Factor: 8,15%
Stamina
	 Rating: 865285
	 Multiplicative Factor: 11,3%
Crit
	 Rating: 23850
	 Multiplicative Factor: 0%
	 DR Bracket: 1
	 Base: 5%
	 Effective Percent: 38,66%
	 Crit Inc Heal: 2
	 Crit Inc Damage: 2
Haste
	 Rating: 19964
	 Multiplicative Factor: 0%
	 DR Bracket: 1
	 Base: 39%
	 Effective Percent: 81,01%
Vers
	 Rating: 8877
	 Multiplicative Factor: 0%
	 DR Bracket: 0
	 Base: 3%
	 Effective Percent: 14,38%
Leech
	 Rating: 0
	 Multiplicative Factor: 0%
	 DR Bracket: 0
	 Base: 2%
	 Effective Percent: 2%
Avoidance
	 Rating: 2859
	 Multiplicative Factor: 0%
	 DR Bracket: 0
	 Base: 0%
	 Effective Percent: 5,26%
Mastery
	 Rating: 8808
	 Multiplicative Factor: 0%
	 DR Bracket: 0
	 Base: 16,2%
	 Effective Percent: 38,85%
----------------------
00:26,168

Intellect
	 Rating: 139452
	 Multiplicative Factor: 8,15%
Stamina
	 Rating: 865285
	 Multiplicative Factor: 11,3%
Crit
	 Rating: 23850
	 Multiplicative Factor: 0%
	 DR Bracket: 1
	 Base: 5%
	 Effective Percent: 38,66%
	 Crit Inc Heal: 2
	 Crit Inc Damage: 2
Haste
	 Rating: 19964
	 Multiplicative Factor: 0%
	 DR Bracket: 1
	 Base: 38%
	 Effective Percent: 79,71%
Vers
	 Rating: 8877
	 Multiplicative Factor: 0%
	 DR Bracket: 0
	 Base: 3%
	 Effective Percent: 14,38%
Leech
	 Rating: 0
	 Multiplicative Factor: 0%
	 DR Bracket: 0
	 Base: 2%
	 Effective Percent: 2%
Avoidance
	 Rating: 2859
	 Multiplicative Factor: 0%
	 DR Bracket: 0
	 Base: 0%
	 Effective Percent: 5,26%
Mastery
	 Rating: 8808
	 Multiplicative Factor: 0%
	 DR Bracket: 0
	 Base: 16,2%
	 Effective Percent: 38,85%
----------------------
00:26,788

Intellect
	 Rating: 139452
	 Multiplicative Factor: 8,15%
Stamina
	 Rating: 865285
	 Multiplicative Factor: 11,3%
Crit
	 Rating: 23850
	 Multiplicative Factor: 0%
	 DR Bracket: 1
	 Base: 5%
	 Effective Percent: 38,66%
	 Crit Inc Heal: 2
	 Crit Inc Damage: 2
Haste
	 Rating: 19964
	 Multiplicative Factor: 0%
	 DR Bracket: 1
	 Base: 35%
	 Effective Percent: 75,8%
Vers
	 Rating: 8877
	 Multiplicative Factor: 0%
	 DR Bracket: 0
	 Base: 3%
	 Effective Percent: 14,38%
Leech
	 Rating: 0
	 Multiplicative Factor: 0%
	 DR Bracket: 0
	 Base: 2%
	 Effective Percent: 2%
Avoidance
	 Rating: 2859
	 Multiplicative Factor: 0%
	 DR Bracket: 0
	 Base: 0%
	 Effective Percent: 5,26%
Mastery
	 Rating: 8808
	 Multiplicative Factor: 0%
	 DR Bracket: 0
	 Base: 16,2%
	 Effective Percent: 38,85%
----------------------
00:27,166

Intellect
	 Rating: 139452
	 Multiplicative Factor: 8,15%
Stamina
	 Rating: 865285
	 Multiplicative Factor: 11,3%
Crit
	 Rating: 23850
	 Multiplicative Factor: 0%
	 DR Bracket: 1
	 Base: 5%
	 Effective Percent: 38,66%
	 Crit Inc Heal: 2
	 Crit Inc Damage: 2
Haste
	 Rating: 19964
	 Multiplicative Factor: 0%
	 DR Bracket: 1
	 Base: 34%
	 Effective Percent: 74,5%
Vers
	 Rating: 8877
	 Multiplicative Factor: 0%
	 DR Bracket: 0
	 Base: 3%
	 Effective Percent: 14,38%
Leech
	 Rating: 0
	 Multiplicative Factor: 0%
	 DR Bracket: 0
	 Base: 2%
	 Effective Percent: 2%
Avoidance
	 Rating: 2859
	 Multiplicative Factor: 0%
	 DR Bracket: 0
	 Base: 0%
	 Effective Percent: 5,26%
Mastery
	 Rating: 8808
	 Multiplicative Factor: 0%
	 DR Bracket: 0
	 Base: 16,2%
	 Effective Percent: 38,85%
----------------------
00:28,169

Intellect
	 Rating: 139452
	 Multiplicative Factor: 8,15%
Stamina
	 Rating: 865285
	 Multiplicative Factor: 11,3%
Crit
	 Rating: 23850
	 Multiplicative Factor: 0%
	 DR Bracket: 1
	 Base: 5%
	 Effective Percent: 38,66%
	 Crit Inc Heal: 2
	 Crit Inc Damage: 2
Haste
	 Rating: 19964
	 Multiplicative Factor: 0%
	 DR Bracket: 1
	 Base: 33%
	 Effective Percent: 73,2%
Vers
	 Rating: 8877
	 Multiplicative Factor: 0%
	 DR Bracket: 0
	 Base: 3%
	 Effective Percent: 14,38%
Leech
	 Rating: 0
	 Multiplicative Factor: 0%
	 DR Bracket: 0
	 Base: 2%
	 Effective Percent: 2%
Avoidance
	 Rating: 2859
	 Multiplicative Factor: 0%
	 DR Bracket: 0
	 Base: 0%
	 Effective Percent: 5,26%
Mastery
	 Rating: 8808
	 Multiplicative Factor: 0%
	 DR Bracket: 0
	 Base: 16,2%
	 Effective Percent: 38,85%
----------------------
00:29,167

Intellect
	 Rating: 139452
	 Multiplicative Factor: 8,15%
Stamina
	 Rating: 865285
	 Multiplicative Factor: 11,3%
Crit
	 Rating: 23850
	 Multiplicative Factor: 0%
	 DR Bracket: 1
	 Base: 5%
	 Effective Percent: 38,66%
	 Crit Inc Heal: 2
	 Crit Inc Damage: 2
Haste
	 Rating: 19964
	 Multiplicative Factor: 0%
	 DR Bracket: 1
	 Base: 32%
	 Effective Percent: 71,9%
Vers
	 Rating: 8877
	 Multiplicative Factor: 0%
	 DR Bracket: 0
	 Base: 3%
	 Effective Percent: 14,38%
Leech
	 Rating: 0
	 Multiplicative Factor: 0%
	 DR Bracket: 0
	 Base: 2%
	 Effective Percent: 2%
Avoidance
	 Rating: 2859
	 Multiplicative Factor: 0%
	 DR Bracket: 0
	 Base: 0%
	 Effective Percent: 5,26%
Mastery
	 Rating: 8808
	 Multiplicative Factor: 0%
	 DR Bracket: 0
	 Base: 16,2%
	 Effective Percent: 38,85%
----------------------
00:30,156

Intellect
	 Rating: 139452
	 Multiplicative Factor: 8,15%
Stamina
	 Rating: 865285
	 Multiplicative Factor: 11,3%
Crit
	 Rating: 23850
	 Multiplicative Factor: 0%
	 DR Bracket: 1
	 Base: 5%
	 Effective Percent: 38,66%
	 Crit Inc Heal: 2
	 Crit Inc Damage: 2
Haste
	 Rating: 19964
	 Multiplicative Factor: 0%
	 DR Bracket: 1
	 Base: 31%
	 Effective Percent: 70,59%
Vers
	 Rating: 8877
	 Multiplicative Factor: 0%
	 DR Bracket: 0
	 Base: 3%
	 Effective Percent: 14,38%
Leech
	 Rating: 0
	 Multiplicative Factor: 0%
	 DR Bracket: 0
	 Base: 2%
	 Effective Percent: 2%
Avoidance
	 Rating: 2859
	 Multiplicative Factor: 0%
	 DR Bracket: 0
	 Base: 0%
	 Effective Percent: 5,26%
Mastery
	 Rating: 8808
	 Multiplicative Factor: 0%
	 DR Bracket: 0
	 Base: 16,2%
	 Effective Percent: 38,85%
----------------------
00:31,162

Intellect
	 Rating: 139452
	 Multiplicative Factor: 8,15%
Stamina
	 Rating: 865285
	 Multiplicative Factor: 11,3%
Crit
	 Rating: 23850
	 Multiplicative Factor: 0%
	 DR Bracket: 1
	 Base: 5%
	 Effective Percent: 38,66%
	 Crit Inc Heal: 2
	 Crit Inc Damage: 2
Haste
	 Rating: 19964
	 Multiplicative Factor: 0%
	 DR Bracket: 1
	 Base: 30%
	 Effective Percent: 69,29%
Vers
	 Rating: 8877
	 Multiplicative Factor: 0%
	 DR Bracket: 0
	 Base: 3%
	 Effective Percent: 14,38%
Leech
	 Rating: 0
	 Multiplicative Factor: 0%
	 DR Bracket: 0
	 Base: 2%
	 Effective Percent: 2%
Avoidance
	 Rating: 2859
	 Multiplicative Factor: 0%
	 DR Bracket: 0
	 Base: 0%
	 Effective Percent: 5,26%
Mastery
	 Rating: 8808
	 Multiplicative Factor: 0%
	 DR Bracket: 0
	 Base: 16,2%
	 Effective Percent: 38,85%
----------------------
00:40,480

Intellect
	 Rating: 139452
	 Multiplicative Factor: 8,15%
Stamina
	 Rating: 865285
	 Multiplicative Factor: 11,3%
Crit
	 Rating: 23850
	 Multiplicative Factor: 0%
	 DR Bracket: 1
	 Base: 5%
	 Effective Percent: 38,66%
	 Crit Inc Heal: 2
	 Crit Inc Damage: 2
Haste
	 Rating: 19964
	 Multiplicative Factor: 0%
	 DR Bracket: 1
	 Base: 0%
	 Effective Percent: 30,22%
Vers
	 Rating: 8877
	 Multiplicative Factor: 0%
	 DR Bracket: 0
	 Base: 3%
	 Effective Percent: 14,38%
Leech
	 Rating: 0
	 Multiplicative Factor: 0%
	 DR Bracket: 0
	 Base: 2%
	 Effective Percent: 2%
Avoidance
	 Rating: 2859
	 Multiplicative Factor: 0%
	 DR Bracket: 0
	 Base: 0%
	 Effective Percent: 5,26%
Mastery
	 Rating: 8808
	 Multiplicative Factor: 0%
	 DR Bracket: 0
	 Base: 16,2%
	 Effective Percent: 38,85%
----------------------
00:45,224

Intellect
	 Rating: 139452
	 Multiplicative Factor: 8,15%
Stamina
	 Rating: 865285
	 Multiplicative Factor: 11,3%
Crit
	 Rating: 23850
	 Multiplicative Factor: 0%
	 DR Bracket: 1
	 Base: 5%
	 Effective Percent: 38,66%
	 Crit Inc Heal: 2,6
	 Crit Inc Damage: 2
Haste
	 Rating: 19964
	 Multiplicative Factor: 0%
	 DR Bracket: 1
	 Base: 0%
	 Effective Percent: 30,22%
Vers
	 Rating: 8877
	 Multiplicative Factor: 0%
	 DR Bracket: 0
	 Base: 3%
	 Effective Percent: 14,38%
Leech
	 Rating: 0
	 Multiplicative Factor: 0%
	 DR Bracket: 0
	 Base: 2%
	 Effective Percent: 2%
Avoidance
	 Rating: 2859
	 Multiplicative Factor: 0%
	 DR Bracket: 0
	 Base: 0%
	 Effective Percent: 5,26%
Mastery
	 Rating: 8808
	 Multiplicative Factor: 0%
	 DR Bracket: 0
	 Base: 16,2%
	 Effective Percent: 38,85%
----------------------
00:56,087

Intellect
	 Rating: 139452
	 Multiplicative Factor: 8,15%
Stamina
	 Rating: 865285
	 Multiplicative Factor: 11,3%
Crit
	 Rating: 23850
	 Multiplicative Factor: 0%
	 DR Bracket: 1
	 Base: 5%
	 Effective Percent: 38,66%
	 Crit Inc Heal: 2,6
	 Crit Inc Damage: 2
Haste
	 Rating: 19964
	 Multiplicative Factor: 0%
	 DR Bracket: 1
	 Base: 1%
	 Effective Percent: 31,53%
Vers
	 Rating: 8877
	 Multiplicative Factor: 0%
	 DR Bracket: 0
	 Base: 3%
	 Effective Percent: 14,38%
Leech
	 Rating: 0
	 Multiplicative Factor: 0%
	 DR Bracket: 0
	 Base: 2%
	 Effective Percent: 2%
Avoidance
	 Rating: 2859
	 Multiplicative Factor: 0%
	 DR Bracket: 0
	 Base: 0%
	 Effective Percent: 5,26%
Mastery
	 Rating: 8808
	 Multiplicative Factor: 0%
	 DR Bracket: 0
	 Base: 16,2%
	 Effective Percent: 38,85%
----------------------
00:57,115

Intellect
	 Rating: 139452
	 Multiplicative Factor: 8,15%
Stamina
	 Rating: 865285
	 Multiplicative Factor: 11,3%
Crit
	 Rating: 23850
	 Multiplicative Factor: 0%
	 DR Bracket: 1
	 Base: 5%
	 Effective Percent: 38,66%
	 Crit Inc Heal: 2,6
	 Crit Inc Damage: 2
Haste
	 Rating: 19964
	 Multiplicative Factor: 0%
	 DR Bracket: 1
	 Base: 29%
	 Effective Percent: 67,99%
Vers
	 Rating: 8877
	 Multiplicative Factor: 0%
	 DR Bracket: 0
	 Base: 3%
	 Effective Percent: 14,38%
Leech
	 Rating: 0
	 Multiplicative Factor: 0%
	 DR Bracket: 0
	 Base: 2%
	 Effective Percent: 2%
Avoidance
	 Rating: 2859
	 Multiplicative Factor: 0%
	 DR Bracket: 0
	 Base: 0%
	 Effective Percent: 5,26%
Mastery
	 Rating: 8808
	 Multiplicative Factor: 0%
	 DR Bracket: 0
	 Base: 16,2%
	 Effective Percent: 38,85%
----------------------
00:58,100

Intellect
	 Rating: 139452
	 Multiplicative Factor: 8,15%
Stamina
	 Rating: 865285
	 Multiplicative Factor: 11,3%
Crit
	 Rating: 23850
	 Multiplicative Factor: 0%
	 DR Bracket: 1
	 Base: 5%
	 Effective Percent: 38,66%
	 Crit Inc Heal: 2,6
	 Crit Inc Damage: 2
Haste
	 Rating: 19964
	 Multiplicative Factor: 0%
	 DR Bracket: 1
	 Base: 28%
	 Effective Percent: 66,69%
Vers
	 Rating: 8877
	 Multiplicative Factor: 0%
	 DR Bracket: 0
	 Base: 3%
	 Effective Percent: 14,38%
Leech
	 Rating: 0
	 Multiplicative Factor: 0%
	 DR Bracket: 0
	 Base: 2%
	 Effective Percent: 2%
Avoidance
	 Rating: 2859
	 Multiplicative Factor: 0%
	 DR Bracket: 0
	 Base: 0%
	 Effective Percent: 5,26%
Mastery
	 Rating: 8808
	 Multiplicative Factor: 0%
	 DR Bracket: 0
	 Base: 16,2%
	 Effective Percent: 38,85%
----------------------
00:59,098

Intellect
	 Rating: 139452
	 Multiplicative Factor: 8,15%
Stamina
	 Rating: 865285
	 Multiplicative Factor: 11,3%
Crit
	 Rating: 23850
	 Multiplicative Factor: 0%
	 DR Bracket: 1
	 Base: 5%
	 Effective Percent: 38,66%
	 Crit Inc Heal: 2,6
	 Crit Inc Damage: 2
Haste
	 Rating: 19964
	 Multiplicative Factor: 0%
	 DR Bracket: 1
	 Base: 27%
	 Effective Percent: 65,38%
Vers
	 Rating: 8877
	 Multiplicative Factor: 0%
	 DR Bracket: 0
	 Base: 3%
	 Effective Percent: 14,38%
Leech
	 Rating: 0
	 Multiplicative Factor: 0%
	 DR Bracket: 0
	 Base: 2%
	 Effective Percent: 2%
Avoidance
	 Rating: 2859
	 Multiplicative Factor: 0%
	 DR Bracket: 0
	 Base: 0%
	 Effective Percent: 5,26%
Mastery
	 Rating: 8808
	 Multiplicative Factor: 0%
	 DR Bracket: 0
	 Base: 16,2%
	 Effective Percent: 38,85%
----------------------
01:00,086

Intellect
	 Rating: 139452
	 Multiplicative Factor: 8,15%
Stamina
	 Rating: 865285
	 Multiplicative Factor: 11,3%
Crit
	 Rating: 23850
	 Multiplicative Factor: 0%
	 DR Bracket: 1
	 Base: 5%
	 Effective Percent: 38,66%
	 Crit Inc Heal: 2,6
	 Crit Inc Damage: 2
Haste
	 Rating: 19964
	 Multiplicative Factor: 0%
	 DR Bracket: 1
	 Base: 26%
	 Effective Percent: 64,08%
Vers
	 Rating: 8877
	 Multiplicative Factor: 0%
	 DR Bracket: 0
	 Base: 3%
	 Effective Percent: 14,38%
Leech
	 Rating: 0
	 Multiplicative Factor: 0%
	 DR Bracket: 0
	 Base: 2%
	 Effective Percent: 2%
Avoidance
	 Rating: 2859
	 Multiplicative Factor: 0%
	 DR Bracket: 0
	 Base: 0%
	 Effective Percent: 5,26%
Mastery
	 Rating: 8808
	 Multiplicative Factor: 0%
	 DR Bracket: 0
	 Base: 16,2%
	 Effective Percent: 38,85%
----------------------
01:01,104

Intellect
	 Rating: 139452
	 Multiplicative Factor: 8,15%
Stamina
	 Rating: 865285
	 Multiplicative Factor: 11,3%
Crit
	 Rating: 23850
	 Multiplicative Factor: 0%
	 DR Bracket: 1
	 Base: 5%
	 Effective Percent: 38,66%
	 Crit Inc Heal: 2,6
	 Crit Inc Damage: 2
Haste
	 Rating: 19964
	 Multiplicative Factor: 0%
	 DR Bracket: 1
	 Base: 25%
	 Effective Percent: 62,78%
Vers
	 Rating: 8877
	 Multiplicative Factor: 0%
	 DR Bracket: 0
	 Base: 3%
	 Effective Percent: 14,38%
Leech
	 Rating: 0
	 Multiplicative Factor: 0%
	 DR Bracket: 0
	 Base: 2%
	 Effective Percent: 2%
Avoidance
	 Rating: 2859
	 Multiplicative Factor: 0%
	 DR Bracket: 0
	 Base: 0%
	 Effective Percent: 5,26%
Mastery
	 Rating: 8808
	 Multiplicative Factor: 0%
	 DR Bracket: 0
	 Base: 16,2%
	 Effective Percent: 38,85%
----------------------
01:02,093

Intellect
	 Rating: 139452
	 Multiplicative Factor: 8,15%
Stamina
	 Rating: 865285
	 Multiplicative Factor: 11,3%
Crit
	 Rating: 23850
	 Multiplicative Factor: 0%
	 DR Bracket: 1
	 Base: 5%
	 Effective Percent: 38,66%
	 Crit Inc Heal: 2,6
	 Crit Inc Damage: 2
Haste
	 Rating: 19964
	 Multiplicative Factor: 0%
	 DR Bracket: 1
	 Base: 24%
	 Effective Percent: 61,48%
Vers
	 Rating: 8877
	 Multiplicative Factor: 0%
	 DR Bracket: 0
	 Base: 3%
	 Effective Percent: 14,38%
Leech
	 Rating: 0
	 Multiplicative Factor: 0%
	 DR Bracket: 0
	 Base: 2%
	 Effective Percent: 2%
Avoidance
	 Rating: 2859
	 Multiplicative Factor: 0%
	 DR Bracket: 0
	 Base: 0%
	 Effective Percent: 5,26%
Mastery
	 Rating: 8808
	 Multiplicative Factor: 0%
	 DR Bracket: 0
	 Base: 16,2%
	 Effective Percent: 38,85%
----------------------
01:03,094

Intellect
	 Rating: 139452
	 Multiplicative Factor: 8,15%
Stamina
	 Rating: 865285
	 Multiplicative Factor: 11,3%
Crit
	 Rating: 23850
	 Multiplicative Factor: 0%
	 DR Bracket: 1
	 Base: 5%
	 Effective Percent: 38,66%
	 Crit Inc Heal: 2,6
	 Crit Inc Damage: 2
Haste
	 Rating: 19964
	 Multiplicative Factor: 0%
	 DR Bracket: 1
	 Base: 23%
	 Effective Percent: 60,18%
Vers
	 Rating: 8877
	 Multiplicative Factor: 0%
	 DR Bracket: 0
	 Base: 3%
	 Effective Percent: 14,38%
Leech
	 Rating: 0
	 Multiplicative Factor: 0%
	 DR Bracket: 0
	 Base: 2%
	 Effective Percent: 2%
Avoidance
	 Rating: 2859
	 Multiplicative Factor: 0%
	 DR Bracket: 0
	 Base: 0%
	 Effective Percent: 5,26%
Mastery
	 Rating: 8808
	 Multiplicative Factor: 0%
	 DR Bracket: 0
	 Base: 16,2%
	 Effective Percent: 38,85%
----------------------
01:04,100

Intellect
	 Rating: 139452
	 Multiplicative Factor: 8,15%
Stamina
	 Rating: 865285
	 Multiplicative Factor: 11,3%
Crit
	 Rating: 23850
	 Multiplicative Factor: 0%
	 DR Bracket: 1
	 Base: 5%
	 Effective Percent: 38,66%
	 Crit Inc Heal: 2,6
	 Crit Inc Damage: 2
Haste
	 Rating: 19964
	 Multiplicative Factor: 0%
	 DR Bracket: 1
	 Base: 22%
	 Effective Percent: 58,87%
Vers
	 Rating: 8877
	 Multiplicative Factor: 0%
	 DR Bracket: 0
	 Base: 3%
	 Effective Percent: 14,38%
Leech
	 Rating: 0
	 Multiplicative Factor: 0%
	 DR Bracket: 0
	 Base: 2%
	 Effective Percent: 2%
Avoidance
	 Rating: 2859
	 Multiplicative Factor: 0%
	 DR Bracket: 0
	 Base: 0%
	 Effective Percent: 5,26%
Mastery
	 Rating: 8808
	 Multiplicative Factor: 0%
	 DR Bracket: 0
	 Base: 16,2%
	 Effective Percent: 38,85%
----------------------
01:05,085

Intellect
	 Rating: 139452
	 Multiplicative Factor: 8,15%
Stamina
	 Rating: 865285
	 Multiplicative Factor: 11,3%
Crit
	 Rating: 23850
	 Multiplicative Factor: 0%
	 DR Bracket: 1
	 Base: 5%
	 Effective Percent: 38,66%
	 Crit Inc Heal: 2,6
	 Crit Inc Damage: 2
Haste
	 Rating: 19964
	 Multiplicative Factor: 0%
	 DR Bracket: 1
	 Base: 21%
	 Effective Percent: 57,57%
Vers
	 Rating: 8877
	 Multiplicative Factor: 0%
	 DR Bracket: 0
	 Base: 3%
	 Effective Percent: 14,38%
Leech
	 Rating: 0
	 Multiplicative Factor: 0%
	 DR Bracket: 0
	 Base: 2%
	 Effective Percent: 2%
Avoidance
	 Rating: 2859
	 Multiplicative Factor: 0%
	 DR Bracket: 0
	 Base: 0%
	 Effective Percent: 5,26%
Mastery
	 Rating: 8808
	 Multiplicative Factor: 0%
	 DR Bracket: 0
	 Base: 16,2%
	 Effective Percent: 38,85%
----------------------
01:06,079

Intellect
	 Rating: 139452
	 Multiplicative Factor: 8,15%
Stamina
	 Rating: 865285
	 Multiplicative Factor: 11,3%
Crit
	 Rating: 23850
	 Multiplicative Factor: 0%
	 DR Bracket: 1
	 Base: 5%
	 Effective Percent: 38,66%
	 Crit Inc Heal: 2,6
	 Crit Inc Damage: 2
Haste
	 Rating: 19964
	 Multiplicative Factor: 0%
	 DR Bracket: 1
	 Base: 20%
	 Effective Percent: 56,27%
Vers
	 Rating: 8877
	 Multiplicative Factor: 0%
	 DR Bracket: 0
	 Base: 3%
	 Effective Percent: 14,38%
Leech
	 Rating: 0
	 Multiplicative Factor: 0%
	 DR Bracket: 0
	 Base: 2%
	 Effective Percent: 2%
Avoidance
	 Rating: 2859
	 Multiplicative Factor: 0%
	 DR Bracket: 0
	 Base: 0%
	 Effective Percent: 5,26%
Mastery
	 Rating: 8808
	 Multiplicative Factor: 0%
	 DR Bracket: 0
	 Base: 16,2%
	 Effective Percent: 38,85%
----------------------
01:07,098

Intellect
	 Rating: 139452
	 Multiplicative Factor: 8,15%
Stamina
	 Rating: 865285
	 Multiplicative Factor: 11,3%
Crit
	 Rating: 23850
	 Multiplicative Factor: 0%
	 DR Bracket: 1
	 Base: 5%
	 Effective Percent: 38,66%
	 Crit Inc Heal: 2,6
	 Crit Inc Damage: 2
Haste
	 Rating: 19964
	 Multiplicative Factor: 0%
	 DR Bracket: 1
	 Base: 19%
	 Effective Percent: 54,97%
Vers
	 Rating: 8877
	 Multiplicative Factor: 0%
	 DR Bracket: 0
	 Base: 3%
	 Effective Percent: 14,38%
Leech
	 Rating: 0
	 Multiplicative Factor: 0%
	 DR Bracket: 0
	 Base: 2%
	 Effective Percent: 2%
Avoidance
	 Rating: 2859
	 Multiplicative Factor: 0%
	 DR Bracket: 0
	 Base: 0%
	 Effective Percent: 5,26%
Mastery
	 Rating: 8808
	 Multiplicative Factor: 0%
	 DR Bracket: 0
	 Base: 16,2%
	 Effective Percent: 38,85%
----------------------
01:07,850

Intellect
	 Rating: 139452
	 Multiplicative Factor: 8,15%
Stamina
	 Rating: 865285
	 Multiplicative Factor: 11,3%
Crit
	 Rating: 29835
	 Multiplicative Factor: 0%
	 DR Bracket: 2
	 Base: 5%
	 Effective Percent: 46,1%
	 Crit Inc Heal: 2,6
	 Crit Inc Damage: 2
Haste
	 Rating: 19964
	 Multiplicative Factor: 0%
	 DR Bracket: 1
	 Base: 19%
	 Effective Percent: 54,97%
Vers
	 Rating: 8877
	 Multiplicative Factor: 0%
	 DR Bracket: 0
	 Base: 3%
	 Effective Percent: 14,38%
Leech
	 Rating: 0
	 Multiplicative Factor: 0%
	 DR Bracket: 0
	 Base: 2%
	 Effective Percent: 2%
Avoidance
	 Rating: 2859
	 Multiplicative Factor: 0%
	 DR Bracket: 0
	 Base: 0%
	 Effective Percent: 5,26%
Mastery
	 Rating: 8808
	 Multiplicative Factor: 0%
	 DR Bracket: 0
	 Base: 16,2%
	 Effective Percent: 38,85%
----------------------
01:08,102

Intellect
	 Rating: 139452
	 Multiplicative Factor: 8,15%
Stamina
	 Rating: 865285
	 Multiplicative Factor: 11,3%
Crit
	 Rating: 29835
	 Multiplicative Factor: 0%
	 DR Bracket: 2
	 Base: 5%
	 Effective Percent: 46,1%
	 Crit Inc Heal: 2,6
	 Crit Inc Damage: 2
Haste
	 Rating: 19964
	 Multiplicative Factor: 0%
	 DR Bracket: 1
	 Base: 18%
	 Effective Percent: 53,66%
Vers
	 Rating: 8877
	 Multiplicative Factor: 0%
	 DR Bracket: 0
	 Base: 3%
	 Effective Percent: 14,38%
Leech
	 Rating: 0
	 Multiplicative Factor: 0%
	 DR Bracket: 0
	 Base: 2%
	 Effective Percent: 2%
Avoidance
	 Rating: 2859
	 Multiplicative Factor: 0%
	 DR Bracket: 0
	 Base: 0%
	 Effective Percent: 5,26%
Mastery
	 Rating: 8808
	 Multiplicative Factor: 0%
	 DR Bracket: 0
	 Base: 16,2%
	 Effective Percent: 38,85%
----------------------
01:09,087

Intellect
	 Rating: 139452
	 Multiplicative Factor: 8,15%
Stamina
	 Rating: 865285
	 Multiplicative Factor: 11,3%
Crit
	 Rating: 29835
	 Multiplicative Factor: 0%
	 DR Bracket: 2
	 Base: 5%
	 Effective Percent: 46,1%
	 Crit Inc Heal: 2,6
	 Crit Inc Damage: 2
Haste
	 Rating: 19964
	 Multiplicative Factor: 0%
	 DR Bracket: 1
	 Base: 17%
	 Effective Percent: 52,36%
Vers
	 Rating: 8877
	 Multiplicative Factor: 0%
	 DR Bracket: 0
	 Base: 3%
	 Effective Percent: 14,38%
Leech
	 Rating: 0
	 Multiplicative Factor: 0%
	 DR Bracket: 0
	 Base: 2%
	 Effective Percent: 2%
Avoidance
	 Rating: 2859
	 Multiplicative Factor: 0%
	 DR Bracket: 0
	 Base: 0%
	 Effective Percent: 5,26%
Mastery
	 Rating: 8808
	 Multiplicative Factor: 0%
	 DR Bracket: 0
	 Base: 16,2%
	 Effective Percent: 38,85%
----------------------
01:10,083

Intellect
	 Rating: 139452
	 Multiplicative Factor: 8,15%
Stamina
	 Rating: 865285
	 Multiplicative Factor: 11,3%
Crit
	 Rating: 29835
	 Multiplicative Factor: 0%
	 DR Bracket: 2
	 Base: 5%
	 Effective Percent: 46,1%
	 Crit Inc Heal: 2,6
	 Crit Inc Damage: 2
Haste
	 Rating: 19964
	 Multiplicative Factor: 0%
	 DR Bracket: 1
	 Base: 16%
	 Effective Percent: 51,06%
Vers
	 Rating: 8877
	 Multiplicative Factor: 0%
	 DR Bracket: 0
	 Base: 3%
	 Effective Percent: 14,38%
Leech
	 Rating: 0
	 Multiplicative Factor: 0%
	 DR Bracket: 0
	 Base: 2%
	 Effective Percent: 2%
Avoidance
	 Rating: 2859
	 Multiplicative Factor: 0%
	 DR Bracket: 0
	 Base: 0%
	 Effective Percent: 5,26%
Mastery
	 Rating: 8808
	 Multiplicative Factor: 0%
	 DR Bracket: 0
	 Base: 16,2%
	 Effective Percent: 38,85%
----------------------
01:11,096

Intellect
	 Rating: 139452
	 Multiplicative Factor: 8,15%
Stamina
	 Rating: 865285
	 Multiplicative Factor: 11,3%
Crit
	 Rating: 29835
	 Multiplicative Factor: 0%
	 DR Bracket: 2
	 Base: 5%
	 Effective Percent: 46,1%
	 Crit Inc Heal: 2,6
	 Crit Inc Damage: 2
Haste
	 Rating: 19964
	 Multiplicative Factor: 0%
	 DR Bracket: 1
	 Base: 15%
	 Effective Percent: 49,76%
Vers
	 Rating: 8877
	 Multiplicative Factor: 0%
	 DR Bracket: 0
	 Base: 3%
	 Effective Percent: 14,38%
Leech
	 Rating: 0
	 Multiplicative Factor: 0%
	 DR Bracket: 0
	 Base: 2%
	 Effective Percent: 2%
Avoidance
	 Rating: 2859
	 Multiplicative Factor: 0%
	 DR Bracket: 0
	 Base: 0%
	 Effective Percent: 5,26%
Mastery
	 Rating: 8808
	 Multiplicative Factor: 0%
	 DR Bracket: 0
	 Base: 16,2%
	 Effective Percent: 38,85%
----------------------
01:12,096

Intellect
	 Rating: 139452
	 Multiplicative Factor: 8,15%
Stamina
	 Rating: 865285
	 Multiplicative Factor: 11,3%
Crit
	 Rating: 29835
	 Multiplicative Factor: 0%
	 DR Bracket: 2
	 Base: 5%
	 Effective Percent: 46,1%
	 Crit Inc Heal: 2,6
	 Crit Inc Damage: 2
Haste
	 Rating: 19964
	 Multiplicative Factor: 0%
	 DR Bracket: 1
	 Base: 14%
	 Effective Percent: 48,45%
Vers
	 Rating: 8877
	 Multiplicative Factor: 0%
	 DR Bracket: 0
	 Base: 3%
	 Effective Percent: 14,38%
Leech
	 Rating: 0
	 Multiplicative Factor: 0%
	 DR Bracket: 0
	 Base: 2%
	 Effective Percent: 2%
Avoidance
	 Rating: 2859
	 Multiplicative Factor: 0%
	 DR Bracket: 0
	 Base: 0%
	 Effective Percent: 5,26%
Mastery
	 Rating: 8808
	 Multiplicative Factor: 0%
	 DR Bracket: 0
	 Base: 16,2%
	 Effective Percent: 38,85%
----------------------
01:12,706

Intellect
	 Rating: 139452
	 Multiplicative Factor: 8,15%
Stamina
	 Rating: 865285
	 Multiplicative Factor: 11,3%
Crit
	 Rating: 35820
	 Multiplicative Factor: 0%
	 DR Bracket: 3
	 Base: 5%
	 Effective Percent: 52,82%
	 Crit Inc Heal: 2,6
	 Crit Inc Damage: 2
Haste
	 Rating: 19964
	 Multiplicative Factor: 0%
	 DR Bracket: 1
	 Base: 14%
	 Effective Percent: 48,45%
Vers
	 Rating: 8877
	 Multiplicative Factor: 0%
	 DR Bracket: 0
	 Base: 3%
	 Effective Percent: 14,38%
Leech
	 Rating: 0
	 Multiplicative Factor: 0%
	 DR Bracket: 0
	 Base: 2%
	 Effective Percent: 2%
Avoidance
	 Rating: 2859
	 Multiplicative Factor: 0%
	 DR Bracket: 0
	 Base: 0%
	 Effective Percent: 5,26%
Mastery
	 Rating: 8808
	 Multiplicative Factor: 0%
	 DR Bracket: 0
	 Base: 16,2%
	 Effective Percent: 38,85%
----------------------
01:13,098

Intellect
	 Rating: 139452
	 Multiplicative Factor: 8,15%
Stamina
	 Rating: 865285
	 Multiplicative Factor: 11,3%
Crit
	 Rating: 35820
	 Multiplicative Factor: 0%
	 DR Bracket: 3
	 Base: 5%
	 Effective Percent: 52,82%
	 Crit Inc Heal: 2,6
	 Crit Inc Damage: 2
Haste
	 Rating: 19964
	 Multiplicative Factor: 0%
	 DR Bracket: 1
	 Base: 13%
	 Effective Percent: 47,15%
Vers
	 Rating: 8877
	 Multiplicative Factor: 0%
	 DR Bracket: 0
	 Base: 3%
	 Effective Percent: 14,38%
Leech
	 Rating: 0
	 Multiplicative Factor: 0%
	 DR Bracket: 0
	 Base: 2%
	 Effective Percent: 2%
Avoidance
	 Rating: 2859
	 Multiplicative Factor: 0%
	 DR Bracket: 0
	 Base: 0%
	 Effective Percent: 5,26%
Mastery
	 Rating: 8808
	 Multiplicative Factor: 0%
	 DR Bracket: 0
	 Base: 16,2%
	 Effective Percent: 38,85%
----------------------
01:14,096

Intellect
	 Rating: 139452
	 Multiplicative Factor: 8,15%
Stamina
	 Rating: 865285
	 Multiplicative Factor: 11,3%
Crit
	 Rating: 35820
	 Multiplicative Factor: 0%
	 DR Bracket: 3
	 Base: 5%
	 Effective Percent: 52,82%
	 Crit Inc Heal: 2,6
	 Crit Inc Damage: 2
Haste
	 Rating: 19964
	 Multiplicative Factor: 0%
	 DR Bracket: 1
	 Base: 12%
	 Effective Percent: 45,85%
Vers
	 Rating: 8877
	 Multiplicative Factor: 0%
	 DR Bracket: 0
	 Base: 3%
	 Effective Percent: 14,38%
Leech
	 Rating: 0
	 Multiplicative Factor: 0%
	 DR Bracket: 0
	 Base: 2%
	 Effective Percent: 2%
Avoidance
	 Rating: 2859
	 Multiplicative Factor: 0%
	 DR Bracket: 0
	 Base: 0%
	 Effective Percent: 5,26%
Mastery
	 Rating: 8808
	 Multiplicative Factor: 0%
	 DR Bracket: 0
	 Base: 16,2%
	 Effective Percent: 38,85%
----------------------
01:15,103

Intellect
	 Rating: 139452
	 Multiplicative Factor: 8,15%
Stamina
	 Rating: 865285
	 Multiplicative Factor: 11,3%
Crit
	 Rating: 35820
	 Multiplicative Factor: 0%
	 DR Bracket: 3
	 Base: 5%
	 Effective Percent: 52,82%
	 Crit Inc Heal: 2,6
	 Crit Inc Damage: 2
Haste
	 Rating: 19964
	 Multiplicative Factor: 0%
	 DR Bracket: 1
	 Base: 11%
	 Effective Percent: 44,55%
Vers
	 Rating: 8877
	 Multiplicative Factor: 0%
	 DR Bracket: 0
	 Base: 3%
	 Effective Percent: 14,38%
Leech
	 Rating: 0
	 Multiplicative Factor: 0%
	 DR Bracket: 0
	 Base: 2%
	 Effective Percent: 2%
Avoidance
	 Rating: 2859
	 Multiplicative Factor: 0%
	 DR Bracket: 0
	 Base: 0%
	 Effective Percent: 5,26%
Mastery
	 Rating: 8808
	 Multiplicative Factor: 0%
	 DR Bracket: 0
	 Base: 16,2%
	 Effective Percent: 38,85%
----------------------
01:16,098

Intellect
	 Rating: 139452
	 Multiplicative Factor: 8,15%
Stamina
	 Rating: 865285
	 Multiplicative Factor: 11,3%
Crit
	 Rating: 35820
	 Multiplicative Factor: 0%
	 DR Bracket: 3
	 Base: 5%
	 Effective Percent: 52,82%
	 Crit Inc Heal: 2,6
	 Crit Inc Damage: 2
Haste
	 Rating: 19964
	 Multiplicative Factor: 0%
	 DR Bracket: 1
	 Base: 10%
	 Effective Percent: 43,25%
Vers
	 Rating: 8877
	 Multiplicative Factor: 0%
	 DR Bracket: 0
	 Base: 3%
	 Effective Percent: 14,38%
Leech
	 Rating: 0
	 Multiplicative Factor: 0%
	 DR Bracket: 0
	 Base: 2%
	 Effective Percent: 2%
Avoidance
	 Rating: 2859
	 Multiplicative Factor: 0%
	 DR Bracket: 0
	 Base: 0%
	 Effective Percent: 5,26%
Mastery
	 Rating: 8808
	 Multiplicative Factor: 0%
	 DR Bracket: 0
	 Base: 16,2%
	 Effective Percent: 38,85%
----------------------
01:17,089

Intellect
	 Rating: 139452
	 Multiplicative Factor: 8,15%
Stamina
	 Rating: 865285
	 Multiplicative Factor: 11,3%
Crit
	 Rating: 35820
	 Multiplicative Factor: 0%
	 DR Bracket: 3
	 Base: 5%
	 Effective Percent: 52,82%
	 Crit Inc Heal: 2,6
	 Crit Inc Damage: 2
Haste
	 Rating: 19964
	 Multiplicative Factor: 0%
	 DR Bracket: 1
	 Base: 9%
	 Effective Percent: 41,94%
Vers
	 Rating: 8877
	 Multiplicative Factor: 0%
	 DR Bracket: 0
	 Base: 3%
	 Effective Percent: 14,38%
Leech
	 Rating: 0
	 Multiplicative Factor: 0%
	 DR Bracket: 0
	 Base: 2%
	 Effective Percent: 2%
Avoidance
	 Rating: 2859
	 Multiplicative Factor: 0%
	 DR Bracket: 0
	 Base: 0%
	 Effective Percent: 5,26%
Mastery
	 Rating: 8808
	 Multiplicative Factor: 0%
	 DR Bracket: 0
	 Base: 16,2%
	 Effective Percent: 38,85%
----------------------
01:17,841

Intellect
	 Rating: 139452
	 Multiplicative Factor: 8,15%
Stamina
	 Rating: 865285
	 Multiplicative Factor: 11,3%
Crit
	 Rating: 29835
	 Multiplicative Factor: 0%
	 DR Bracket: 2
	 Base: 5%
	 Effective Percent: 46,1%
	 Crit Inc Heal: 2,6
	 Crit Inc Damage: 2
Haste
	 Rating: 19964
	 Multiplicative Factor: 0%
	 DR Bracket: 1
	 Base: 9%
	 Effective Percent: 41,94%
Vers
	 Rating: 8877
	 Multiplicative Factor: 0%
	 DR Bracket: 0
	 Base: 3%
	 Effective Percent: 14,38%
Leech
	 Rating: 0
	 Multiplicative Factor: 0%
	 DR Bracket: 0
	 Base: 2%
	 Effective Percent: 2%
Avoidance
	 Rating: 2859
	 Multiplicative Factor: 0%
	 DR Bracket: 0
	 Base: 0%
	 Effective Percent: 5,26%
Mastery
	 Rating: 8808
	 Multiplicative Factor: 0%
	 DR Bracket: 0
	 Base: 16,2%
	 Effective Percent: 38,85%
----------------------
01:18,090

Intellect
	 Rating: 139452
	 Multiplicative Factor: 8,15%
Stamina
	 Rating: 865285
	 Multiplicative Factor: 11,3%
Crit
	 Rating: 29835
	 Multiplicative Factor: 0%
	 DR Bracket: 2
	 Base: 5%
	 Effective Percent: 46,1%
	 Crit Inc Heal: 2,6
	 Crit Inc Damage: 2
Haste
	 Rating: 19964
	 Multiplicative Factor: 0%
	 DR Bracket: 1
	 Base: 8%
	 Effective Percent: 40,64%
Vers
	 Rating: 8877
	 Multiplicative Factor: 0%
	 DR Bracket: 0
	 Base: 3%
	 Effective Percent: 14,38%
Leech
	 Rating: 0
	 Multiplicative Factor: 0%
	 DR Bracket: 0
	 Base: 2%
	 Effective Percent: 2%
Avoidance
	 Rating: 2859
	 Multiplicative Factor: 0%
	 DR Bracket: 0
	 Base: 0%
	 Effective Percent: 5,26%
Mastery
	 Rating: 8808
	 Multiplicative Factor: 0%
	 DR Bracket: 0
	 Base: 16,2%
	 Effective Percent: 38,85%
----------------------
01:19,089

Intellect
	 Rating: 139452
	 Multiplicative Factor: 8,15%
Stamina
	 Rating: 865285
	 Multiplicative Factor: 11,3%
Crit
	 Rating: 29835
	 Multiplicative Factor: 0%
	 DR Bracket: 2
	 Base: 5%
	 Effective Percent: 46,1%
	 Crit Inc Heal: 2,6
	 Crit Inc Damage: 2
Haste
	 Rating: 19964
	 Multiplicative Factor: 0%
	 DR Bracket: 1
	 Base: 7%
	 Effective Percent: 39,34%
Vers
	 Rating: 8877
	 Multiplicative Factor: 0%
	 DR Bracket: 0
	 Base: 3%
	 Effective Percent: 14,38%
Leech
	 Rating: 0
	 Multiplicative Factor: 0%
	 DR Bracket: 0
	 Base: 2%
	 Effective Percent: 2%
Avoidance
	 Rating: 2859
	 Multiplicative Factor: 0%
	 DR Bracket: 0
	 Base: 0%
	 Effective Percent: 5,26%
Mastery
	 Rating: 8808
	 Multiplicative Factor: 0%
	 DR Bracket: 0
	 Base: 16,2%
	 Effective Percent: 38,85%
----------------------
01:20,082

Intellect
	 Rating: 139452
	 Multiplicative Factor: 8,15%
Stamina
	 Rating: 865285
	 Multiplicative Factor: 11,3%
Crit
	 Rating: 29835
	 Multiplicative Factor: 0%
	 DR Bracket: 2
	 Base: 5%
	 Effective Percent: 46,1%
	 Crit Inc Heal: 2,6
	 Crit Inc Damage: 2
Haste
	 Rating: 19964
	 Multiplicative Factor: 0%
	 DR Bracket: 1
	 Base: 6%
	 Effective Percent: 38,04%
Vers
	 Rating: 8877
	 Multiplicative Factor: 0%
	 DR Bracket: 0
	 Base: 3%
	 Effective Percent: 14,38%
Leech
	 Rating: 0
	 Multiplicative Factor: 0%
	 DR Bracket: 0
	 Base: 2%
	 Effective Percent: 2%
Avoidance
	 Rating: 2859
	 Multiplicative Factor: 0%
	 DR Bracket: 0
	 Base: 0%
	 Effective Percent: 5,26%
Mastery
	 Rating: 8808
	 Multiplicative Factor: 0%
	 DR Bracket: 0
	 Base: 16,2%
	 Effective Percent: 38,85%
----------------------
01:21,077

Intellect
	 Rating: 139452
	 Multiplicative Factor: 8,15%
Stamina
	 Rating: 865285
	 Multiplicative Factor: 11,3%
Crit
	 Rating: 29835
	 Multiplicative Factor: 0%
	 DR Bracket: 2
	 Base: 5%
	 Effective Percent: 46,1%
	 Crit Inc Heal: 2,6
	 Crit Inc Damage: 2
Haste
	 Rating: 19964
	 Multiplicative Factor: 0%
	 DR Bracket: 1
	 Base: 5%
	 Effective Percent: 36,73%
Vers
	 Rating: 8877
	 Multiplicative Factor: 0%
	 DR Bracket: 0
	 Base: 3%
	 Effective Percent: 14,38%
Leech
	 Rating: 0
	 Multiplicative Factor: 0%
	 DR Bracket: 0
	 Base: 2%
	 Effective Percent: 2%
Avoidance
	 Rating: 2859
	 Multiplicative Factor: 0%
	 DR Bracket: 0
	 Base: 0%
	 Effective Percent: 5,26%
Mastery
	 Rating: 8808
	 Multiplicative Factor: 0%
	 DR Bracket: 0
	 Base: 16,2%
	 Effective Percent: 38,85%
----------------------
01:22,087

Intellect
	 Rating: 139452
	 Multiplicative Factor: 8,15%
Stamina
	 Rating: 865285
	 Multiplicative Factor: 11,3%
Crit
	 Rating: 29835
	 Multiplicative Factor: 0%
	 DR Bracket: 2
	 Base: 5%
	 Effective Percent: 46,1%
	 Crit Inc Heal: 2,6
	 Crit Inc Damage: 2
Haste
	 Rating: 19964
	 Multiplicative Factor: 0%
	 DR Bracket: 1
	 Base: 4%
	 Effective Percent: 35,43%
Vers
	 Rating: 8877
	 Multiplicative Factor: 0%
	 DR Bracket: 0
	 Base: 3%
	 Effective Percent: 14,38%
Leech
	 Rating: 0
	 Multiplicative Factor: 0%
	 DR Bracket: 0
	 Base: 2%
	 Effective Percent: 2%
Avoidance
	 Rating: 2859
	 Multiplicative Factor: 0%
	 DR Bracket: 0
	 Base: 0%
	 Effective Percent: 5,26%
Mastery
	 Rating: 8808
	 Multiplicative Factor: 0%
	 DR Bracket: 0
	 Base: 16,2%
	 Effective Percent: 38,85%
----------------------
01:22,707

Intellect
	 Rating: 139452
	 Multiplicative Factor: 8,15%
Stamina
	 Rating: 865285
	 Multiplicative Factor: 11,3%
Crit
	 Rating: 23850
	 Multiplicative Factor: 0%
	 DR Bracket: 1
	 Base: 5%
	 Effective Percent: 38,66%
	 Crit Inc Heal: 2,6
	 Crit Inc Damage: 2
Haste
	 Rating: 19964
	 Multiplicative Factor: 0%
	 DR Bracket: 1
	 Base: 4%
	 Effective Percent: 35,43%
Vers
	 Rating: 8877
	 Multiplicative Factor: 0%
	 DR Bracket: 0
	 Base: 3%
	 Effective Percent: 14,38%
Leech
	 Rating: 0
	 Multiplicative Factor: 0%
	 DR Bracket: 0
	 Base: 2%
	 Effective Percent: 2%
Avoidance
	 Rating: 2859
	 Multiplicative Factor: 0%
	 DR Bracket: 0
	 Base: 0%
	 Effective Percent: 5,26%
Mastery
	 Rating: 8808
	 Multiplicative Factor: 0%
	 DR Bracket: 0
	 Base: 16,2%
	 Effective Percent: 38,85%
----------------------
01:23,091

Intellect
	 Rating: 139452
	 Multiplicative Factor: 8,15%
Stamina
	 Rating: 865285
	 Multiplicative Factor: 11,3%
Crit
	 Rating: 23850
	 Multiplicative Factor: 0%
	 DR Bracket: 1
	 Base: 5%
	 Effective Percent: 38,66%
	 Crit Inc Heal: 2,6
	 Crit Inc Damage: 2
Haste
	 Rating: 19964
	 Multiplicative Factor: 0%
	 DR Bracket: 1
	 Base: 3%
	 Effective Percent: 34,13%
Vers
	 Rating: 8877
	 Multiplicative Factor: 0%
	 DR Bracket: 0
	 Base: 3%
	 Effective Percent: 14,38%
Leech
	 Rating: 0
	 Multiplicative Factor: 0%
	 DR Bracket: 0
	 Base: 2%
	 Effective Percent: 2%
Avoidance
	 Rating: 2859
	 Multiplicative Factor: 0%
	 DR Bracket: 0
	 Base: 0%
	 Effective Percent: 5,26%
Mastery
	 Rating: 8808
	 Multiplicative Factor: 0%
	 DR Bracket: 0
	 Base: 16,2%
	 Effective Percent: 38,85%
----------------------
01:24,089

Intellect
	 Rating: 139452
	 Multiplicative Factor: 8,15%
Stamina
	 Rating: 865285
	 Multiplicative Factor: 11,3%
Crit
	 Rating: 23850
	 Multiplicative Factor: 0%
	 DR Bracket: 1
	 Base: 5%
	 Effective Percent: 38,66%
	 Crit Inc Heal: 2,6
	 Crit Inc Damage: 2
Haste
	 Rating: 19964
	 Multiplicative Factor: 0%
	 DR Bracket: 1
	 Base: 2%
	 Effective Percent: 32,83%
Vers
	 Rating: 8877
	 Multiplicative Factor: 0%
	 DR Bracket: 0
	 Base: 3%
	 Effective Percent: 14,38%
Leech
	 Rating: 0
	 Multiplicative Factor: 0%
	 DR Bracket: 0
	 Base: 2%
	 Effective Percent: 2%
Avoidance
	 Rating: 2859
	 Multiplicative Factor: 0%
	 DR Bracket: 0
	 Base: 0%
	 Effective Percent: 5,26%
Mastery
	 Rating: 8808
	 Multiplicative Factor: 0%
	 DR Bracket: 0
	 Base: 16,2%
	 Effective Percent: 38,85%
----------------------
01:25,092

Intellect
	 Rating: 139452
	 Multiplicative Factor: 8,15%
Stamina
	 Rating: 865285
	 Multiplicative Factor: 11,3%
Crit
	 Rating: 23850
	 Multiplicative Factor: 0%
	 DR Bracket: 1
	 Base: 5%
	 Effective Percent: 38,66%
	 Crit Inc Heal: 2,6
	 Crit Inc Damage: 2
Haste
	 Rating: 19964
	 Multiplicative Factor: 0%
	 DR Bracket: 1
	 Base: 1%
	 Effective Percent: 31,53%
Vers
	 Rating: 8877
	 Multiplicative Factor: 0%
	 DR Bracket: 0
	 Base: 3%
	 Effective Percent: 14,38%
Leech
	 Rating: 0
	 Multiplicative Factor: 0%
	 DR Bracket: 0
	 Base: 2%
	 Effective Percent: 2%
Avoidance
	 Rating: 2859
	 Multiplicative Factor: 0%
	 DR Bracket: 0
	 Base: 0%
	 Effective Percent: 5,26%
Mastery
	 Rating: 8808
	 Multiplicative Factor: 0%
	 DR Bracket: 0
	 Base: 16,2%
	 Effective Percent: 38,85%
----------------------
01:26,081

Intellect
	 Rating: 139452
	 Multiplicative Factor: 8,15%
Stamina
	 Rating: 865285
	 Multiplicative Factor: 11,3%
Crit
	 Rating: 23850
	 Multiplicative Factor: 0%
	 DR Bracket: 1
	 Base: 5%
	 Effective Percent: 38,66%
	 Crit Inc Heal: 2,6
	 Crit Inc Damage: 2
Haste
	 Rating: 19964
	 Multiplicative Factor: 0%
	 DR Bracket: 1
	 Base: 0%
	 Effective Percent: 30,22%
Vers
	 Rating: 8877
	 Multiplicative Factor: 0%
	 DR Bracket: 0
	 Base: 3%
	 Effective Percent: 14,38%
Leech
	 Rating: 0
	 Multiplicative Factor: 0%
	 DR Bracket: 0
	 Base: 2%
	 Effective Percent: 2%
Avoidance
	 Rating: 2859
	 Multiplicative Factor: 0%
	 DR Bracket: 0
	 Base: 0%
	 Effective Percent: 5,26%
Mastery
	 Rating: 8808
	 Multiplicative Factor: 0%
	 DR Bracket: 0
	 Base: 16,2%
	 Effective Percent: 38,85%
----------------------
01:30,069

Intellect
	 Rating: 139452
	 Multiplicative Factor: 8,15%
Stamina
	 Rating: 865285
	 Multiplicative Factor: 11,3%
Crit
	 Rating: 23850
	 Multiplicative Factor: 0%
	 DR Bracket: 1
	 Base: 5%
	 Effective Percent: 38,66%
	 Crit Inc Heal: 2,6
	 Crit Inc Damage: 2
Haste
	 Rating: 19964
	 Multiplicative Factor: 0%
	 DR Bracket: 1
	 Base: 3%
	 Effective Percent: 34,13%
Vers
	 Rating: 8877
	 Multiplicative Factor: 0%
	 DR Bracket: 0
	 Base: 3%
	 Effective Percent: 14,38%
Leech
	 Rating: 0
	 Multiplicative Factor: 0%
	 DR Bracket: 0
	 Base: 2%
	 Effective Percent: 2%
Avoidance
	 Rating: 2859
	 Multiplicative Factor: 0%
	 DR Bracket: 0
	 Base: 0%
	 Effective Percent: 5,26%
Mastery
	 Rating: 8808
	 Multiplicative Factor: 0%
	 DR Bracket: 0
	 Base: 16,2%
	 Effective Percent: 38,85%
----------------------
01:38,085

Intellect
	 Rating: 139452
	 Multiplicative Factor: 8,15%
Stamina
	 Rating: 865285
	 Multiplicative Factor: 11,3%
Crit
	 Rating: 23850
	 Multiplicative Factor: 0%
	 DR Bracket: 1
	 Base: 5%
	 Effective Percent: 38,66%
	 Crit Inc Heal: 2,6
	 Crit Inc Damage: 2
Haste
	 Rating: 19964
	 Multiplicative Factor: 0%
	 DR Bracket: 1
	 Base: 0%
	 Effective Percent: 30,22%
Vers
	 Rating: 8877
	 Multiplicative Factor: 0%
	 DR Bracket: 0
	 Base: 3%
	 Effective Percent: 14,38%
Leech
	 Rating: 0
	 Multiplicative Factor: 0%
	 DR Bracket: 0
	 Base: 2%
	 Effective Percent: 2%
Avoidance
	 Rating: 2859
	 Multiplicative Factor: 0%
	 DR Bracket: 0
	 Base: 0%
	 Effective Percent: 5,26%
Mastery
	 Rating: 8808
	 Multiplicative Factor: 0%
	 DR Bracket: 0
	 Base: 16,2%
	 Effective Percent: 38,85%
----------------------
01:46,842

Intellect
	 Rating: 139452
	 Multiplicative Factor: 8,15%
Stamina
	 Rating: 865285
	 Multiplicative Factor: 11,3%
Crit
	 Rating: 23850
	 Multiplicative Factor: 0%
	 DR Bracket: 1
	 Base: 5%
	 Effective Percent: 38,66%
	 Crit Inc Heal: 2,6
	 Crit Inc Damage: 2
Haste
	 Rating: 19964
	 Multiplicative Factor: 0%
	 DR Bracket: 1
	 Base: 1%
	 Effective Percent: 31,53%
Vers
	 Rating: 8877
	 Multiplicative Factor: 0%
	 DR Bracket: 0
	 Base: 3%
	 Effective Percent: 14,38%
Leech
	 Rating: 0
	 Multiplicative Factor: 0%
	 DR Bracket: 0
	 Base: 2%
	 Effective Percent: 2%
Avoidance
	 Rating: 2859
	 Multiplicative Factor: 0%
	 DR Bracket: 0
	 Base: 0%
	 Effective Percent: 5,26%
Mastery
	 Rating: 8808
	 Multiplicative Factor: 0%
	 DR Bracket: 0
	 Base: 16,2%
	 Effective Percent: 38,85%
----------------------
01:47,860

Intellect
	 Rating: 139452
	 Multiplicative Factor: 8,15%
Stamina
	 Rating: 865285
	 Multiplicative Factor: 11,3%
Crit
	 Rating: 23850
	 Multiplicative Factor: 0%
	 DR Bracket: 1
	 Base: 5%
	 Effective Percent: 38,66%
	 Crit Inc Heal: 2,6
	 Crit Inc Damage: 2
Haste
	 Rating: 19964
	 Multiplicative Factor: 0%
	 DR Bracket: 1
	 Base: 29%
	 Effective Percent: 67,99%
Vers
	 Rating: 8877
	 Multiplicative Factor: 0%
	 DR Bracket: 0
	 Base: 3%
	 Effective Percent: 14,38%
Leech
	 Rating: 0
	 Multiplicative Factor: 0%
	 DR Bracket: 0
	 Base: 2%
	 Effective Percent: 2%
Avoidance
	 Rating: 2859
	 Multiplicative Factor: 0%
	 DR Bracket: 0
	 Base: 0%
	 Effective Percent: 5,26%
Mastery
	 Rating: 8808
	 Multiplicative Factor: 0%
	 DR Bracket: 0
	 Base: 16,2%
	 Effective Percent: 38,85%
----------------------
01:48,859

Intellect
	 Rating: 139452
	 Multiplicative Factor: 8,15%
Stamina
	 Rating: 865285
	 Multiplicative Factor: 11,3%
Crit
	 Rating: 23850
	 Multiplicative Factor: 0%
	 DR Bracket: 1
	 Base: 5%
	 Effective Percent: 38,66%
	 Crit Inc Heal: 2,6
	 Crit Inc Damage: 2
Haste
	 Rating: 19964
	 Multiplicative Factor: 0%
	 DR Bracket: 1
	 Base: 28%
	 Effective Percent: 66,69%
Vers
	 Rating: 8877
	 Multiplicative Factor: 0%
	 DR Bracket: 0
	 Base: 3%
	 Effective Percent: 14,38%
Leech
	 Rating: 0
	 Multiplicative Factor: 0%
	 DR Bracket: 0
	 Base: 2%
	 Effective Percent: 2%
Avoidance
	 Rating: 2859
	 Multiplicative Factor: 0%
	 DR Bracket: 0
	 Base: 0%
	 Effective Percent: 5,26%
Mastery
	 Rating: 8808
	 Multiplicative Factor: 0%
	 DR Bracket: 0
	 Base: 16,2%
	 Effective Percent: 38,85%
----------------------
01:49,859

Intellect
	 Rating: 139452
	 Multiplicative Factor: 8,15%
Stamina
	 Rating: 865285
	 Multiplicative Factor: 11,3%
Crit
	 Rating: 23850
	 Multiplicative Factor: 0%
	 DR Bracket: 1
	 Base: 5%
	 Effective Percent: 38,66%
	 Crit Inc Heal: 2,6
	 Crit Inc Damage: 2
Haste
	 Rating: 19964
	 Multiplicative Factor: 0%
	 DR Bracket: 1
	 Base: 27%
	 Effective Percent: 65,38%
Vers
	 Rating: 8877
	 Multiplicative Factor: 0%
	 DR Bracket: 0
	 Base: 3%
	 Effective Percent: 14,38%
Leech
	 Rating: 0
	 Multiplicative Factor: 0%
	 DR Bracket: 0
	 Base: 2%
	 Effective Percent: 2%
Avoidance
	 Rating: 2859
	 Multiplicative Factor: 0%
	 DR Bracket: 0
	 Base: 0%
	 Effective Percent: 5,26%
Mastery
	 Rating: 8808
	 Multiplicative Factor: 0%
	 DR Bracket: 0
	 Base: 16,2%
	 Effective Percent: 38,85%
----------------------
01:50,844

Intellect
	 Rating: 139452
	 Multiplicative Factor: 8,15%
Stamina
	 Rating: 865285
	 Multiplicative Factor: 11,3%
Crit
	 Rating: 23850
	 Multiplicative Factor: 0%
	 DR Bracket: 1
	 Base: 5%
	 Effective Percent: 38,66%
	 Crit Inc Heal: 2,6
	 Crit Inc Damage: 2
Haste
	 Rating: 19964
	 Multiplicative Factor: 0%
	 DR Bracket: 1
	 Base: 26%
	 Effective Percent: 64,08%
Vers
	 Rating: 8877
	 Multiplicative Factor: 0%
	 DR Bracket: 0
	 Base: 3%
	 Effective Percent: 14,38%
Leech
	 Rating: 0
	 Multiplicative Factor: 0%
	 DR Bracket: 0
	 Base: 2%
	 Effective Percent: 2%
Avoidance
	 Rating: 2859
	 Multiplicative Factor: 0%
	 DR Bracket: 0
	 Base: 0%
	 Effective Percent: 5,26%
Mastery
	 Rating: 8808
	 Multiplicative Factor: 0%
	 DR Bracket: 0
	 Base: 16,2%
	 Effective Percent: 38,85%
----------------------
01:51,854

Intellect
	 Rating: 139452
	 Multiplicative Factor: 8,15%
Stamina
	 Rating: 865285
	 Multiplicative Factor: 11,3%
Crit
	 Rating: 23850
	 Multiplicative Factor: 0%
	 DR Bracket: 1
	 Base: 5%
	 Effective Percent: 38,66%
	 Crit Inc Heal: 2,6
	 Crit Inc Damage: 2
Haste
	 Rating: 19964
	 Multiplicative Factor: 0%
	 DR Bracket: 1
	 Base: 25%
	 Effective Percent: 62,78%
Vers
	 Rating: 8877
	 Multiplicative Factor: 0%
	 DR Bracket: 0
	 Base: 3%
	 Effective Percent: 14,38%
Leech
	 Rating: 0
	 Multiplicative Factor: 0%
	 DR Bracket: 0
	 Base: 2%
	 Effective Percent: 2%
Avoidance
	 Rating: 2859
	 Multiplicative Factor: 0%
	 DR Bracket: 0
	 Base: 0%
	 Effective Percent: 5,26%
Mastery
	 Rating: 8808
	 Multiplicative Factor: 0%
	 DR Bracket: 0
	 Base: 16,2%
	 Effective Percent: 38,85%
----------------------
01:52,861

Intellect
	 Rating: 139452
	 Multiplicative Factor: 8,15%
Stamina
	 Rating: 865285
	 Multiplicative Factor: 11,3%
Crit
	 Rating: 23850
	 Multiplicative Factor: 0%
	 DR Bracket: 1
	 Base: 5%
	 Effective Percent: 38,66%
	 Crit Inc Heal: 2,6
	 Crit Inc Damage: 2
Haste
	 Rating: 19964
	 Multiplicative Factor: 0%
	 DR Bracket: 1
	 Base: 24%
	 Effective Percent: 61,48%
Vers
	 Rating: 8877
	 Multiplicative Factor: 0%
	 DR Bracket: 0
	 Base: 3%
	 Effective Percent: 14,38%
Leech
	 Rating: 0
	 Multiplicative Factor: 0%
	 DR Bracket: 0
	 Base: 2%
	 Effective Percent: 2%
Avoidance
	 Rating: 2859
	 Multiplicative Factor: 0%
	 DR Bracket: 0
	 Base: 0%
	 Effective Percent: 5,26%
Mastery
	 Rating: 8808
	 Multiplicative Factor: 0%
	 DR Bracket: 0
	 Base: 16,2%
	 Effective Percent: 38,85%
----------------------
01:53,289

Intellect
	 Rating: 139452
	 Multiplicative Factor: 8,15%
Stamina
	 Rating: 865285
	 Multiplicative Factor: 11,3%
Crit
	 Rating: 29835
	 Multiplicative Factor: 0%
	 DR Bracket: 2
	 Base: 5%
	 Effective Percent: 46,1%
	 Crit Inc Heal: 2,6
	 Crit Inc Damage: 2
Haste
	 Rating: 19964
	 Multiplicative Factor: 0%
	 DR Bracket: 1
	 Base: 24%
	 Effective Percent: 61,48%
Vers
	 Rating: 8877
	 Multiplicative Factor: 0%
	 DR Bracket: 0
	 Base: 3%
	 Effective Percent: 14,38%
Leech
	 Rating: 0
	 Multiplicative Factor: 0%
	 DR Bracket: 0
	 Base: 2%
	 Effective Percent: 2%
Avoidance
	 Rating: 2859
	 Multiplicative Factor: 0%
	 DR Bracket: 0
	 Base: 0%
	 Effective Percent: 5,26%
Mastery
	 Rating: 8808
	 Multiplicative Factor: 0%
	 DR Bracket: 0
	 Base: 16,2%
	 Effective Percent: 38,85%
----------------------
01:53,862

Intellect
	 Rating: 139452
	 Multiplicative Factor: 8,15%
Stamina
	 Rating: 865285
	 Multiplicative Factor: 11,3%
Crit
	 Rating: 29835
	 Multiplicative Factor: 0%
	 DR Bracket: 2
	 Base: 5%
	 Effective Percent: 46,1%
	 Crit Inc Heal: 2,6
	 Crit Inc Damage: 2
Haste
	 Rating: 19964
	 Multiplicative Factor: 0%
	 DR Bracket: 1
	 Base: 23%
	 Effective Percent: 60,18%
Vers
	 Rating: 8877
	 Multiplicative Factor: 0%
	 DR Bracket: 0
	 Base: 3%
	 Effective Percent: 14,38%
Leech
	 Rating: 0
	 Multiplicative Factor: 0%
	 DR Bracket: 0
	 Base: 2%
	 Effective Percent: 2%
Avoidance
	 Rating: 2859
	 Multiplicative Factor: 0%
	 DR Bracket: 0
	 Base: 0%
	 Effective Percent: 5,26%
Mastery
	 Rating: 8808
	 Multiplicative Factor: 0%
	 DR Bracket: 0
	 Base: 16,2%
	 Effective Percent: 38,85%
----------------------
01:54,718

Intellect
	 Rating: 139452
	 Multiplicative Factor: 8,15%
Stamina
	 Rating: 865285
	 Multiplicative Factor: 11,3%
Crit
	 Rating: 35820
	 Multiplicative Factor: 0%
	 DR Bracket: 3
	 Base: 5%
	 Effective Percent: 52,82%
	 Crit Inc Heal: 2,6
	 Crit Inc Damage: 2
Haste
	 Rating: 19964
	 Multiplicative Factor: 0%
	 DR Bracket: 1
	 Base: 23%
	 Effective Percent: 60,18%
Vers
	 Rating: 8877
	 Multiplicative Factor: 0%
	 DR Bracket: 0
	 Base: 3%
	 Effective Percent: 14,38%
Leech
	 Rating: 0
	 Multiplicative Factor: 0%
	 DR Bracket: 0
	 Base: 2%
	 Effective Percent: 2%
Avoidance
	 Rating: 2859
	 Multiplicative Factor: 0%
	 DR Bracket: 0
	 Base: 0%
	 Effective Percent: 5,26%
Mastery
	 Rating: 8808
	 Multiplicative Factor: 0%
	 DR Bracket: 0
	 Base: 16,2%
	 Effective Percent: 38,85%
----------------------
01:54,856

Intellect
	 Rating: 139452
	 Multiplicative Factor: 8,15%
Stamina
	 Rating: 865285
	 Multiplicative Factor: 11,3%
Crit
	 Rating: 35820
	 Multiplicative Factor: 0%
	 DR Bracket: 3
	 Base: 5%
	 Effective Percent: 52,82%
	 Crit Inc Heal: 2,6
	 Crit Inc Damage: 2
Haste
	 Rating: 19964
	 Multiplicative Factor: 0%
	 DR Bracket: 1
	 Base: 22%
	 Effective Percent: 58,87%
Vers
	 Rating: 8877
	 Multiplicative Factor: 0%
	 DR Bracket: 0
	 Base: 3%
	 Effective Percent: 14,38%
Leech
	 Rating: 0
	 Multiplicative Factor: 0%
	 DR Bracket: 0
	 Base: 2%
	 Effective Percent: 2%
Avoidance
	 Rating: 2859
	 Multiplicative Factor: 0%
	 DR Bracket: 0
	 Base: 0%
	 Effective Percent: 5,26%
Mastery
	 Rating: 8808
	 Multiplicative Factor: 0%
	 DR Bracket: 0
	 Base: 16,2%
	 Effective Percent: 38,85%
----------------------
01:55,850

Intellect
	 Rating: 139452
	 Multiplicative Factor: 8,15%
Stamina
	 Rating: 865285
	 Multiplicative Factor: 11,3%
Crit
	 Rating: 35820
	 Multiplicative Factor: 0%
	 DR Bracket: 3
	 Base: 5%
	 Effective Percent: 52,82%
	 Crit Inc Heal: 2,6
	 Crit Inc Damage: 2
Haste
	 Rating: 19964
	 Multiplicative Factor: 0%
	 DR Bracket: 1
	 Base: 21%
	 Effective Percent: 57,57%
Vers
	 Rating: 8877
	 Multiplicative Factor: 0%
	 DR Bracket: 0
	 Base: 3%
	 Effective Percent: 14,38%
Leech
	 Rating: 0
	 Multiplicative Factor: 0%
	 DR Bracket: 0
	 Base: 2%
	 Effective Percent: 2%
Avoidance
	 Rating: 2859
	 Multiplicative Factor: 0%
	 DR Bracket: 0
	 Base: 0%
	 Effective Percent: 5,26%
Mastery
	 Rating: 8808
	 Multiplicative Factor: 0%
	 DR Bracket: 0
	 Base: 16,2%
	 Effective Percent: 38,85%
----------------------
01:56,855

Intellect
	 Rating: 139452
	 Multiplicative Factor: 8,15%
Stamina
	 Rating: 865285
	 Multiplicative Factor: 11,3%
Crit
	 Rating: 35820
	 Multiplicative Factor: 0%
	 DR Bracket: 3
	 Base: 5%
	 Effective Percent: 52,82%
	 Crit Inc Heal: 2,6
	 Crit Inc Damage: 2
Haste
	 Rating: 19964
	 Multiplicative Factor: 0%
	 DR Bracket: 1
	 Base: 20%
	 Effective Percent: 56,27%
Vers
	 Rating: 8877
	 Multiplicative Factor: 0%
	 DR Bracket: 0
	 Base: 3%
	 Effective Percent: 14,38%
Leech
	 Rating: 0
	 Multiplicative Factor: 0%
	 DR Bracket: 0
	 Base: 2%
	 Effective Percent: 2%
Avoidance
	 Rating: 2859
	 Multiplicative Factor: 0%
	 DR Bracket: 0
	 Base: 0%
	 Effective Percent: 5,26%
Mastery
	 Rating: 8808
	 Multiplicative Factor: 0%
	 DR Bracket: 0
	 Base: 16,2%
	 Effective Percent: 38,85%
----------------------
01:57,859

Intellect
	 Rating: 139452
	 Multiplicative Factor: 8,15%
Stamina
	 Rating: 865285
	 Multiplicative Factor: 11,3%
Crit
	 Rating: 35820
	 Multiplicative Factor: 0%
	 DR Bracket: 3
	 Base: 5%
	 Effective Percent: 52,82%
	 Crit Inc Heal: 2,6
	 Crit Inc Damage: 2
Haste
	 Rating: 19964
	 Multiplicative Factor: 0%
	 DR Bracket: 1
	 Base: 19%
	 Effective Percent: 54,97%
Vers
	 Rating: 8877
	 Multiplicative Factor: 0%
	 DR Bracket: 0
	 Base: 3%
	 Effective Percent: 14,38%
Leech
	 Rating: 0
	 Multiplicative Factor: 0%
	 DR Bracket: 0
	 Base: 2%
	 Effective Percent: 2%
Avoidance
	 Rating: 2859
	 Multiplicative Factor: 0%
	 DR Bracket: 0
	 Base: 0%
	 Effective Percent: 5,26%
Mastery
	 Rating: 8808
	 Multiplicative Factor: 0%
	 DR Bracket: 0
	 Base: 16,2%
	 Effective Percent: 38,85%
----------------------
01:58,876

Intellect
	 Rating: 139452
	 Multiplicative Factor: 8,15%
Stamina
	 Rating: 865285
	 Multiplicative Factor: 11,3%
Crit
	 Rating: 35820
	 Multiplicative Factor: 0%
	 DR Bracket: 3
	 Base: 5%
	 Effective Percent: 52,82%
	 Crit Inc Heal: 2,6
	 Crit Inc Damage: 2
Haste
	 Rating: 19964
	 Multiplicative Factor: 0%
	 DR Bracket: 1
	 Base: 18%
	 Effective Percent: 53,66%
Vers
	 Rating: 8877
	 Multiplicative Factor: 0%
	 DR Bracket: 0
	 Base: 3%
	 Effective Percent: 14,38%
Leech
	 Rating: 0
	 Multiplicative Factor: 0%
	 DR Bracket: 0
	 Base: 2%
	 Effective Percent: 2%
Avoidance
	 Rating: 2859
	 Multiplicative Factor: 0%
	 DR Bracket: 0
	 Base: 0%
	 Effective Percent: 5,26%
Mastery
	 Rating: 8808
	 Multiplicative Factor: 0%
	 DR Bracket: 0
	 Base: 16,2%
	 Effective Percent: 38,85%
----------------------
01:59,854

Intellect
	 Rating: 139452
	 Multiplicative Factor: 8,15%
Stamina
	 Rating: 865285
	 Multiplicative Factor: 11,3%
Crit
	 Rating: 35820
	 Multiplicative Factor: 0%
	 DR Bracket: 3
	 Base: 5%
	 Effective Percent: 52,82%
	 Crit Inc Heal: 2,6
	 Crit Inc Damage: 2
Haste
	 Rating: 19964
	 Multiplicative Factor: 0%
	 DR Bracket: 1
	 Base: 17%
	 Effective Percent: 52,36%
Vers
	 Rating: 8877
	 Multiplicative Factor: 0%
	 DR Bracket: 0
	 Base: 3%
	 Effective Percent: 14,38%
Leech
	 Rating: 0
	 Multiplicative Factor: 0%
	 DR Bracket: 0
	 Base: 2%
	 Effective Percent: 2%
Avoidance
	 Rating: 2859
	 Multiplicative Factor: 0%
	 DR Bracket: 0
	 Base: 0%
	 Effective Percent: 5,26%
Mastery
	 Rating: 8808
	 Multiplicative Factor: 0%
	 DR Bracket: 0
	 Base: 16,2%
	 Effective Percent: 38,85%
----------------------
01:59,937

Intellect
	 Rating: 139452
	 Multiplicative Factor: 8,15%
Stamina
	 Rating: 865285
	 Multiplicative Factor: 11,3%
Crit
	 Rating: 41805
	 Multiplicative Factor: 0%
	 DR Bracket: 3
	 Base: 5%
	 Effective Percent: 58,8%
	 Crit Inc Heal: 2,6
	 Crit Inc Damage: 2
Haste
	 Rating: 19964
	 Multiplicative Factor: 0%
	 DR Bracket: 1
	 Base: 17%
	 Effective Percent: 52,36%
Vers
	 Rating: 8877
	 Multiplicative Factor: 0%
	 DR Bracket: 0
	 Base: 3%
	 Effective Percent: 14,38%
Leech
	 Rating: 0
	 Multiplicative Factor: 0%
	 DR Bracket: 0
	 Base: 2%
	 Effective Percent: 2%
Avoidance
	 Rating: 2859
	 Multiplicative Factor: 0%
	 DR Bracket: 0
	 Base: 0%
	 Effective Percent: 5,26%
Mastery
	 Rating: 8808
	 Multiplicative Factor: 0%
	 DR Bracket: 0
	 Base: 16,2%
	 Effective Percent: 38,85%
----------------------
02:00,850

Intellect
	 Rating: 139452
	 Multiplicative Factor: 8,15%
Stamina
	 Rating: 865285
	 Multiplicative Factor: 11,3%
Crit
	 Rating: 41805
	 Multiplicative Factor: 0%
	 DR Bracket: 3
	 Base: 5%
	 Effective Percent: 58,8%
	 Crit Inc Heal: 2,6
	 Crit Inc Damage: 2
Haste
	 Rating: 19964
	 Multiplicative Factor: 0%
	 DR Bracket: 1
	 Base: 16%
	 Effective Percent: 51,06%
Vers
	 Rating: 8877
	 Multiplicative Factor: 0%
	 DR Bracket: 0
	 Base: 3%
	 Effective Percent: 14,38%
Leech
	 Rating: 0
	 Multiplicative Factor: 0%
	 DR Bracket: 0
	 Base: 2%
	 Effective Percent: 2%
Avoidance
	 Rating: 2859
	 Multiplicative Factor: 0%
	 DR Bracket: 0
	 Base: 0%
	 Effective Percent: 5,26%
Mastery
	 Rating: 8808
	 Multiplicative Factor: 0%
	 DR Bracket: 0
	 Base: 16,2%
	 Effective Percent: 38,85%
----------------------
02:01,857

Intellect
	 Rating: 139452
	 Multiplicative Factor: 8,15%
Stamina
	 Rating: 865285
	 Multiplicative Factor: 11,3%
Crit
	 Rating: 41805
	 Multiplicative Factor: 0%
	 DR Bracket: 3
	 Base: 5%
	 Effective Percent: 58,8%
	 Crit Inc Heal: 2,6
	 Crit Inc Damage: 2
Haste
	 Rating: 19964
	 Multiplicative Factor: 0%
	 DR Bracket: 1
	 Base: 15%
	 Effective Percent: 49,76%
Vers
	 Rating: 8877
	 Multiplicative Factor: 0%
	 DR Bracket: 0
	 Base: 3%
	 Effective Percent: 14,38%
Leech
	 Rating: 0
	 Multiplicative Factor: 0%
	 DR Bracket: 0
	 Base: 2%
	 Effective Percent: 2%
Avoidance
	 Rating: 2859
	 Multiplicative Factor: 0%
	 DR Bracket: 0
	 Base: 0%
	 Effective Percent: 5,26%
Mastery
	 Rating: 8808
	 Multiplicative Factor: 0%
	 DR Bracket: 0
	 Base: 16,2%
	 Effective Percent: 38,85%
----------------------
02:02,875

Intellect
	 Rating: 139452
	 Multiplicative Factor: 8,15%
Stamina
	 Rating: 865285
	 Multiplicative Factor: 11,3%
Crit
	 Rating: 41805
	 Multiplicative Factor: 0%
	 DR Bracket: 3
	 Base: 5%
	 Effective Percent: 58,8%
	 Crit Inc Heal: 2,6
	 Crit Inc Damage: 2
Haste
	 Rating: 19964
	 Multiplicative Factor: 0%
	 DR Bracket: 1
	 Base: 14%
	 Effective Percent: 48,45%
Vers
	 Rating: 8877
	 Multiplicative Factor: 0%
	 DR Bracket: 0
	 Base: 3%
	 Effective Percent: 14,38%
Leech
	 Rating: 0
	 Multiplicative Factor: 0%
	 DR Bracket: 0
	 Base: 2%
	 Effective Percent: 2%
Avoidance
	 Rating: 2859
	 Multiplicative Factor: 0%
	 DR Bracket: 0
	 Base: 0%
	 Effective Percent: 5,26%
Mastery
	 Rating: 8808
	 Multiplicative Factor: 0%
	 DR Bracket: 0
	 Base: 16,2%
	 Effective Percent: 38,85%
----------------------
02:03,299

Intellect
	 Rating: 139452
	 Multiplicative Factor: 8,15%
Stamina
	 Rating: 865285
	 Multiplicative Factor: 11,3%
Crit
	 Rating: 35820
	 Multiplicative Factor: 0%
	 DR Bracket: 3
	 Base: 5%
	 Effective Percent: 52,82%
	 Crit Inc Heal: 2,6
	 Crit Inc Damage: 2
Haste
	 Rating: 19964
	 Multiplicative Factor: 0%
	 DR Bracket: 1
	 Base: 14%
	 Effective Percent: 48,45%
Vers
	 Rating: 8877
	 Multiplicative Factor: 0%
	 DR Bracket: 0
	 Base: 3%
	 Effective Percent: 14,38%
Leech
	 Rating: 0
	 Multiplicative Factor: 0%
	 DR Bracket: 0
	 Base: 2%
	 Effective Percent: 2%
Avoidance
	 Rating: 2859
	 Multiplicative Factor: 0%
	 DR Bracket: 0
	 Base: 0%
	 Effective Percent: 5,26%
Mastery
	 Rating: 8808
	 Multiplicative Factor: 0%
	 DR Bracket: 0
	 Base: 16,2%
	 Effective Percent: 38,85%
----------------------
02:03,677

Intellect
	 Rating: 139452
	 Multiplicative Factor: 8,15%
Stamina
	 Rating: 865285
	 Multiplicative Factor: 11,3%
Crit
	 Rating: 35820
	 Multiplicative Factor: 0%
	 DR Bracket: 3
	 Base: 5%
	 Effective Percent: 52,82%
	 Crit Inc Heal: 2,6
	 Crit Inc Damage: 2
Haste
	 Rating: 19964
	 Multiplicative Factor: 0%
	 DR Bracket: 1
	 Base: 17%
	 Effective Percent: 52,36%
Vers
	 Rating: 8877
	 Multiplicative Factor: 0%
	 DR Bracket: 0
	 Base: 3%
	 Effective Percent: 14,38%
Leech
	 Rating: 0
	 Multiplicative Factor: 0%
	 DR Bracket: 0
	 Base: 2%
	 Effective Percent: 2%
Avoidance
	 Rating: 2859
	 Multiplicative Factor: 0%
	 DR Bracket: 0
	 Base: 0%
	 Effective Percent: 5,26%
Mastery
	 Rating: 8808
	 Multiplicative Factor: 0%
	 DR Bracket: 0
	 Base: 16,2%
	 Effective Percent: 38,85%
----------------------
02:03,858

Intellect
	 Rating: 139452
	 Multiplicative Factor: 8,15%
Stamina
	 Rating: 865285
	 Multiplicative Factor: 11,3%
Crit
	 Rating: 35820
	 Multiplicative Factor: 0%
	 DR Bracket: 3
	 Base: 5%
	 Effective Percent: 52,82%
	 Crit Inc Heal: 2,6
	 Crit Inc Damage: 2
Haste
	 Rating: 19964
	 Multiplicative Factor: 0%
	 DR Bracket: 1
	 Base: 16%
	 Effective Percent: 51,06%
Vers
	 Rating: 8877
	 Multiplicative Factor: 0%
	 DR Bracket: 0
	 Base: 3%
	 Effective Percent: 14,38%
Leech
	 Rating: 0
	 Multiplicative Factor: 0%
	 DR Bracket: 0
	 Base: 2%
	 Effective Percent: 2%
Avoidance
	 Rating: 2859
	 Multiplicative Factor: 0%
	 DR Bracket: 0
	 Base: 0%
	 Effective Percent: 5,26%
Mastery
	 Rating: 8808
	 Multiplicative Factor: 0%
	 DR Bracket: 0
	 Base: 16,2%
	 Effective Percent: 38,85%
----------------------
02:04,735

Intellect
	 Rating: 139452
	 Multiplicative Factor: 8,15%
Stamina
	 Rating: 865285
	 Multiplicative Factor: 11,3%
Crit
	 Rating: 29835
	 Multiplicative Factor: 0%
	 DR Bracket: 2
	 Base: 5%
	 Effective Percent: 46,1%
	 Crit Inc Heal: 2,6
	 Crit Inc Damage: 2
Haste
	 Rating: 19964
	 Multiplicative Factor: 0%
	 DR Bracket: 1
	 Base: 16%
	 Effective Percent: 51,06%
Vers
	 Rating: 8877
	 Multiplicative Factor: 0%
	 DR Bracket: 0
	 Base: 3%
	 Effective Percent: 14,38%
Leech
	 Rating: 0
	 Multiplicative Factor: 0%
	 DR Bracket: 0
	 Base: 2%
	 Effective Percent: 2%
Avoidance
	 Rating: 2859
	 Multiplicative Factor: 0%
	 DR Bracket: 0
	 Base: 0%
	 Effective Percent: 5,26%
Mastery
	 Rating: 8808
	 Multiplicative Factor: 0%
	 DR Bracket: 0
	 Base: 16,2%
	 Effective Percent: 38,85%
----------------------
02:04,881

Intellect
	 Rating: 139452
	 Multiplicative Factor: 8,15%
Stamina
	 Rating: 865285
	 Multiplicative Factor: 11,3%
Crit
	 Rating: 29835
	 Multiplicative Factor: 0%
	 DR Bracket: 2
	 Base: 5%
	 Effective Percent: 46,1%
	 Crit Inc Heal: 2,6
	 Crit Inc Damage: 2
Haste
	 Rating: 19964
	 Multiplicative Factor: 0%
	 DR Bracket: 1
	 Base: 15%
	 Effective Percent: 49,76%
Vers
	 Rating: 8877
	 Multiplicative Factor: 0%
	 DR Bracket: 0
	 Base: 3%
	 Effective Percent: 14,38%
Leech
	 Rating: 0
	 Multiplicative Factor: 0%
	 DR Bracket: 0
	 Base: 2%
	 Effective Percent: 2%
Avoidance
	 Rating: 2859
	 Multiplicative Factor: 0%
	 DR Bracket: 0
	 Base: 0%
	 Effective Percent: 5,26%
Mastery
	 Rating: 8808
	 Multiplicative Factor: 0%
	 DR Bracket: 0
	 Base: 16,2%
	 Effective Percent: 38,85%
----------------------
02:05,847

Intellect
	 Rating: 139452
	 Multiplicative Factor: 8,15%
Stamina
	 Rating: 865285
	 Multiplicative Factor: 11,3%
Crit
	 Rating: 35820
	 Multiplicative Factor: 0%
	 DR Bracket: 3
	 Base: 5%
	 Effective Percent: 52,82%
	 Crit Inc Heal: 2,6
	 Crit Inc Damage: 2
Haste
	 Rating: 19964
	 Multiplicative Factor: 0%
	 DR Bracket: 1
	 Base: 15%
	 Effective Percent: 49,76%
Vers
	 Rating: 8877
	 Multiplicative Factor: 0%
	 DR Bracket: 0
	 Base: 3%
	 Effective Percent: 14,38%
Leech
	 Rating: 0
	 Multiplicative Factor: 0%
	 DR Bracket: 0
	 Base: 2%
	 Effective Percent: 2%
Avoidance
	 Rating: 2859
	 Multiplicative Factor: 0%
	 DR Bracket: 0
	 Base: 0%
	 Effective Percent: 5,26%
Mastery
	 Rating: 8808
	 Multiplicative Factor: 0%
	 DR Bracket: 0
	 Base: 16,2%
	 Effective Percent: 38,85%
----------------------
02:05,875

Intellect
	 Rating: 139452
	 Multiplicative Factor: 8,15%
Stamina
	 Rating: 865285
	 Multiplicative Factor: 11,3%
Crit
	 Rating: 35820
	 Multiplicative Factor: 0%
	 DR Bracket: 3
	 Base: 5%
	 Effective Percent: 52,82%
	 Crit Inc Heal: 2,6
	 Crit Inc Damage: 2
Haste
	 Rating: 19964
	 Multiplicative Factor: 0%
	 DR Bracket: 1
	 Base: 14%
	 Effective Percent: 48,45%
Vers
	 Rating: 8877
	 Multiplicative Factor: 0%
	 DR Bracket: 0
	 Base: 3%
	 Effective Percent: 14,38%
Leech
	 Rating: 0
	 Multiplicative Factor: 0%
	 DR Bracket: 0
	 Base: 2%
	 Effective Percent: 2%
Avoidance
	 Rating: 2859
	 Multiplicative Factor: 0%
	 DR Bracket: 0
	 Base: 0%
	 Effective Percent: 5,26%
Mastery
	 Rating: 8808
	 Multiplicative Factor: 0%
	 DR Bracket: 0
	 Base: 16,2%
	 Effective Percent: 38,85%
----------------------
02:06,866

Intellect
	 Rating: 139452
	 Multiplicative Factor: 8,15%
Stamina
	 Rating: 865285
	 Multiplicative Factor: 11,3%
Crit
	 Rating: 35820
	 Multiplicative Factor: 0%
	 DR Bracket: 3
	 Base: 5%
	 Effective Percent: 52,82%
	 Crit Inc Heal: 2,6
	 Crit Inc Damage: 2
Haste
	 Rating: 19964
	 Multiplicative Factor: 0%
	 DR Bracket: 1
	 Base: 13%
	 Effective Percent: 47,15%
Vers
	 Rating: 8877
	 Multiplicative Factor: 0%
	 DR Bracket: 0
	 Base: 3%
	 Effective Percent: 14,38%
Leech
	 Rating: 0
	 Multiplicative Factor: 0%
	 DR Bracket: 0
	 Base: 2%
	 Effective Percent: 2%
Avoidance
	 Rating: 2859
	 Multiplicative Factor: 0%
	 DR Bracket: 0
	 Base: 0%
	 Effective Percent: 5,26%
Mastery
	 Rating: 8808
	 Multiplicative Factor: 0%
	 DR Bracket: 0
	 Base: 16,2%
	 Effective Percent: 38,85%
----------------------
02:07,868

Intellect
	 Rating: 139452
	 Multiplicative Factor: 8,15%
Stamina
	 Rating: 865285
	 Multiplicative Factor: 11,3%
Crit
	 Rating: 35820
	 Multiplicative Factor: 0%
	 DR Bracket: 3
	 Base: 5%
	 Effective Percent: 52,82%
	 Crit Inc Heal: 2,6
	 Crit Inc Damage: 2
Haste
	 Rating: 19964
	 Multiplicative Factor: 0%
	 DR Bracket: 1
	 Base: 12%
	 Effective Percent: 45,85%
Vers
	 Rating: 8877
	 Multiplicative Factor: 0%
	 DR Bracket: 0
	 Base: 3%
	 Effective Percent: 14,38%
Leech
	 Rating: 0
	 Multiplicative Factor: 0%
	 DR Bracket: 0
	 Base: 2%
	 Effective Percent: 2%
Avoidance
	 Rating: 2859
	 Multiplicative Factor: 0%
	 DR Bracket: 0
	 Base: 0%
	 Effective Percent: 5,26%
Mastery
	 Rating: 8808
	 Multiplicative Factor: 0%
	 DR Bracket: 0
	 Base: 16,2%
	 Effective Percent: 38,85%
----------------------
02:08,846

Intellect
	 Rating: 139452
	 Multiplicative Factor: 8,15%
Stamina
	 Rating: 865285
	 Multiplicative Factor: 11,3%
Crit
	 Rating: 35820
	 Multiplicative Factor: 0%
	 DR Bracket: 3
	 Base: 5%
	 Effective Percent: 52,82%
	 Crit Inc Heal: 2,6
	 Crit Inc Damage: 2
Haste
	 Rating: 19964
	 Multiplicative Factor: 0%
	 DR Bracket: 1
	 Base: 11%
	 Effective Percent: 44,55%
Vers
	 Rating: 8877
	 Multiplicative Factor: 0%
	 DR Bracket: 0
	 Base: 3%
	 Effective Percent: 14,38%
Leech
	 Rating: 0
	 Multiplicative Factor: 0%
	 DR Bracket: 0
	 Base: 2%
	 Effective Percent: 2%
Avoidance
	 Rating: 2859
	 Multiplicative Factor: 0%
	 DR Bracket: 0
	 Base: 0%
	 Effective Percent: 5,26%
Mastery
	 Rating: 8808
	 Multiplicative Factor: 0%
	 DR Bracket: 0
	 Base: 16,2%
	 Effective Percent: 38,85%
----------------------
02:09,861

Intellect
	 Rating: 139452
	 Multiplicative Factor: 8,15%
Stamina
	 Rating: 865285
	 Multiplicative Factor: 11,3%
Crit
	 Rating: 35820
	 Multiplicative Factor: 0%
	 DR Bracket: 3
	 Base: 5%
	 Effective Percent: 52,82%
	 Crit Inc Heal: 2,6
	 Crit Inc Damage: 2
Haste
	 Rating: 19964
	 Multiplicative Factor: 0%
	 DR Bracket: 1
	 Base: 10%
	 Effective Percent: 43,25%
Vers
	 Rating: 8877
	 Multiplicative Factor: 0%
	 DR Bracket: 0
	 Base: 3%
	 Effective Percent: 14,38%
Leech
	 Rating: 0
	 Multiplicative Factor: 0%
	 DR Bracket: 0
	 Base: 2%
	 Effective Percent: 2%
Avoidance
	 Rating: 2859
	 Multiplicative Factor: 0%
	 DR Bracket: 0
	 Base: 0%
	 Effective Percent: 5,26%
Mastery
	 Rating: 8808
	 Multiplicative Factor: 0%
	 DR Bracket: 0
	 Base: 16,2%
	 Effective Percent: 38,85%
----------------------
02:09,933

Intellect
	 Rating: 139452
	 Multiplicative Factor: 8,15%
Stamina
	 Rating: 865285
	 Multiplicative Factor: 11,3%
Crit
	 Rating: 29835
	 Multiplicative Factor: 0%
	 DR Bracket: 2
	 Base: 5%
	 Effective Percent: 46,1%
	 Crit Inc Heal: 2,6
	 Crit Inc Damage: 2
Haste
	 Rating: 19964
	 Multiplicative Factor: 0%
	 DR Bracket: 1
	 Base: 10%
	 Effective Percent: 43,25%
Vers
	 Rating: 8877
	 Multiplicative Factor: 0%
	 DR Bracket: 0
	 Base: 3%
	 Effective Percent: 14,38%
Leech
	 Rating: 0
	 Multiplicative Factor: 0%
	 DR Bracket: 0
	 Base: 2%
	 Effective Percent: 2%
Avoidance
	 Rating: 2859
	 Multiplicative Factor: 0%
	 DR Bracket: 0
	 Base: 0%
	 Effective Percent: 5,26%
Mastery
	 Rating: 8808
	 Multiplicative Factor: 0%
	 DR Bracket: 0
	 Base: 16,2%
	 Effective Percent: 38,85%
----------------------
02:10,865

Intellect
	 Rating: 139452
	 Multiplicative Factor: 8,15%
Stamina
	 Rating: 865285
	 Multiplicative Factor: 11,3%
Crit
	 Rating: 29835
	 Multiplicative Factor: 0%
	 DR Bracket: 2
	 Base: 5%
	 Effective Percent: 46,1%
	 Crit Inc Heal: 2,6
	 Crit Inc Damage: 2
Haste
	 Rating: 19964
	 Multiplicative Factor: 0%
	 DR Bracket: 1
	 Base: 9%
	 Effective Percent: 41,94%
Vers
	 Rating: 8877
	 Multiplicative Factor: 0%
	 DR Bracket: 0
	 Base: 3%
	 Effective Percent: 14,38%
Leech
	 Rating: 0
	 Multiplicative Factor: 0%
	 DR Bracket: 0
	 Base: 2%
	 Effective Percent: 2%
Avoidance
	 Rating: 2859
	 Multiplicative Factor: 0%
	 DR Bracket: 0
	 Base: 0%
	 Effective Percent: 5,26%
Mastery
	 Rating: 8808
	 Multiplicative Factor: 0%
	 DR Bracket: 0
	 Base: 16,2%
	 Effective Percent: 38,85%
----------------------
02:11,591

Intellect
	 Rating: 139452
	 Multiplicative Factor: 8,15%
Stamina
	 Rating: 865285
	 Multiplicative Factor: 11,3%
Crit
	 Rating: 35820
	 Multiplicative Factor: 0%
	 DR Bracket: 3
	 Base: 5%
	 Effective Percent: 52,82%
	 Crit Inc Heal: 2,6
	 Crit Inc Damage: 2
Haste
	 Rating: 19964
	 Multiplicative Factor: 0%
	 DR Bracket: 1
	 Base: 9%
	 Effective Percent: 41,94%
Vers
	 Rating: 8877
	 Multiplicative Factor: 0%
	 DR Bracket: 0
	 Base: 3%
	 Effective Percent: 14,38%
Leech
	 Rating: 0
	 Multiplicative Factor: 0%
	 DR Bracket: 0
	 Base: 2%
	 Effective Percent: 2%
Avoidance
	 Rating: 2859
	 Multiplicative Factor: 0%
	 DR Bracket: 0
	 Base: 0%
	 Effective Percent: 5,26%
Mastery
	 Rating: 8808
	 Multiplicative Factor: 0%
	 DR Bracket: 0
	 Base: 16,2%
	 Effective Percent: 38,85%
----------------------
02:11,682

Intellect
	 Rating: 139452
	 Multiplicative Factor: 8,15%
Stamina
	 Rating: 865285
	 Multiplicative Factor: 11,3%
Crit
	 Rating: 35820
	 Multiplicative Factor: 0%
	 DR Bracket: 3
	 Base: 5%
	 Effective Percent: 52,82%
	 Crit Inc Heal: 2,6
	 Crit Inc Damage: 2
Haste
	 Rating: 19964
	 Multiplicative Factor: 0%
	 DR Bracket: 1
	 Base: 6%
	 Effective Percent: 38,04%
Vers
	 Rating: 8877
	 Multiplicative Factor: 0%
	 DR Bracket: 0
	 Base: 3%
	 Effective Percent: 14,38%
Leech
	 Rating: 0
	 Multiplicative Factor: 0%
	 DR Bracket: 0
	 Base: 2%
	 Effective Percent: 2%
Avoidance
	 Rating: 2859
	 Multiplicative Factor: 0%
	 DR Bracket: 0
	 Base: 0%
	 Effective Percent: 5,26%
Mastery
	 Rating: 8808
	 Multiplicative Factor: 0%
	 DR Bracket: 0
	 Base: 16,2%
	 Effective Percent: 38,85%
----------------------
02:11,858

Intellect
	 Rating: 139452
	 Multiplicative Factor: 8,15%
Stamina
	 Rating: 865285
	 Multiplicative Factor: 11,3%
Crit
	 Rating: 35820
	 Multiplicative Factor: 0%
	 DR Bracket: 3
	 Base: 5%
	 Effective Percent: 52,82%
	 Crit Inc Heal: 2,6
	 Crit Inc Damage: 2
Haste
	 Rating: 19964
	 Multiplicative Factor: 0%
	 DR Bracket: 1
	 Base: 5%
	 Effective Percent: 36,73%
Vers
	 Rating: 8877
	 Multiplicative Factor: 0%
	 DR Bracket: 0
	 Base: 3%
	 Effective Percent: 14,38%
Leech
	 Rating: 0
	 Multiplicative Factor: 0%
	 DR Bracket: 0
	 Base: 2%
	 Effective Percent: 2%
Avoidance
	 Rating: 2859
	 Multiplicative Factor: 0%
	 DR Bracket: 0
	 Base: 0%
	 Effective Percent: 5,26%
Mastery
	 Rating: 8808
	 Multiplicative Factor: 0%
	 DR Bracket: 0
	 Base: 16,2%
	 Effective Percent: 38,85%
----------------------
02:12,866

Intellect
	 Rating: 139452
	 Multiplicative Factor: 8,15%
Stamina
	 Rating: 865285
	 Multiplicative Factor: 11,3%
Crit
	 Rating: 35820
	 Multiplicative Factor: 0%
	 DR Bracket: 3
	 Base: 5%
	 Effective Percent: 52,82%
	 Crit Inc Heal: 2,6
	 Crit Inc Damage: 2
Haste
	 Rating: 19964
	 Multiplicative Factor: 0%
	 DR Bracket: 1
	 Base: 4%
	 Effective Percent: 35,43%
Vers
	 Rating: 8877
	 Multiplicative Factor: 0%
	 DR Bracket: 0
	 Base: 3%
	 Effective Percent: 14,38%
Leech
	 Rating: 0
	 Multiplicative Factor: 0%
	 DR Bracket: 0
	 Base: 2%
	 Effective Percent: 2%
Avoidance
	 Rating: 2859
	 Multiplicative Factor: 0%
	 DR Bracket: 0
	 Base: 0%
	 Effective Percent: 5,26%
Mastery
	 Rating: 8808
	 Multiplicative Factor: 0%
	 DR Bracket: 0
	 Base: 16,2%
	 Effective Percent: 38,85%
----------------------
02:13,859

Intellect
	 Rating: 139452
	 Multiplicative Factor: 8,15%
Stamina
	 Rating: 865285
	 Multiplicative Factor: 11,3%
Crit
	 Rating: 35820
	 Multiplicative Factor: 0%
	 DR Bracket: 3
	 Base: 5%
	 Effective Percent: 52,82%
	 Crit Inc Heal: 2,6
	 Crit Inc Damage: 2
Haste
	 Rating: 19964
	 Multiplicative Factor: 0%
	 DR Bracket: 1
	 Base: 3%
	 Effective Percent: 34,13%
Vers
	 Rating: 8877
	 Multiplicative Factor: 0%
	 DR Bracket: 0
	 Base: 3%
	 Effective Percent: 14,38%
Leech
	 Rating: 0
	 Multiplicative Factor: 0%
	 DR Bracket: 0
	 Base: 2%
	 Effective Percent: 2%
Avoidance
	 Rating: 2859
	 Multiplicative Factor: 0%
	 DR Bracket: 0
	 Base: 0%
	 Effective Percent: 5,26%
Mastery
	 Rating: 8808
	 Multiplicative Factor: 0%
	 DR Bracket: 0
	 Base: 16,2%
	 Effective Percent: 38,85%
----------------------
02:14,872

Intellect
	 Rating: 139452
	 Multiplicative Factor: 8,15%
Stamina
	 Rating: 865285
	 Multiplicative Factor: 11,3%
Crit
	 Rating: 35820
	 Multiplicative Factor: 0%
	 DR Bracket: 3
	 Base: 5%
	 Effective Percent: 52,82%
	 Crit Inc Heal: 2,6
	 Crit Inc Damage: 2
Haste
	 Rating: 19964
	 Multiplicative Factor: 0%
	 DR Bracket: 1
	 Base: 2%
	 Effective Percent: 32,83%
Vers
	 Rating: 8877
	 Multiplicative Factor: 0%
	 DR Bracket: 0
	 Base: 3%
	 Effective Percent: 14,38%
Leech
	 Rating: 0
	 Multiplicative Factor: 0%
	 DR Bracket: 0
	 Base: 2%
	 Effective Percent: 2%
Avoidance
	 Rating: 2859
	 Multiplicative Factor: 0%
	 DR Bracket: 0
	 Base: 0%
	 Effective Percent: 5,26%
Mastery
	 Rating: 8808
	 Multiplicative Factor: 0%
	 DR Bracket: 0
	 Base: 16,2%
	 Effective Percent: 38,85%
----------------------
02:15,843

Intellect
	 Rating: 139452
	 Multiplicative Factor: 8,15%
Stamina
	 Rating: 865285
	 Multiplicative Factor: 11,3%
Crit
	 Rating: 29835
	 Multiplicative Factor: 0%
	 DR Bracket: 2
	 Base: 5%
	 Effective Percent: 46,1%
	 Crit Inc Heal: 2,6
	 Crit Inc Damage: 2
Haste
	 Rating: 19964
	 Multiplicative Factor: 0%
	 DR Bracket: 1
	 Base: 2%
	 Effective Percent: 32,83%
Vers
	 Rating: 8877
	 Multiplicative Factor: 0%
	 DR Bracket: 0
	 Base: 3%
	 Effective Percent: 14,38%
Leech
	 Rating: 0
	 Multiplicative Factor: 0%
	 DR Bracket: 0
	 Base: 2%
	 Effective Percent: 2%
Avoidance
	 Rating: 2859
	 Multiplicative Factor: 0%
	 DR Bracket: 0
	 Base: 0%
	 Effective Percent: 5,26%
Mastery
	 Rating: 8808
	 Multiplicative Factor: 0%
	 DR Bracket: 0
	 Base: 16,2%
	 Effective Percent: 38,85%
----------------------
02:15,863

Intellect
	 Rating: 139452
	 Multiplicative Factor: 8,15%
Stamina
	 Rating: 865285
	 Multiplicative Factor: 11,3%
Crit
	 Rating: 29835
	 Multiplicative Factor: 0%
	 DR Bracket: 2
	 Base: 5%
	 Effective Percent: 46,1%
	 Crit Inc Heal: 2,6
	 Crit Inc Damage: 2
Haste
	 Rating: 19964
	 Multiplicative Factor: 0%
	 DR Bracket: 1
	 Base: 1%
	 Effective Percent: 31,53%
Vers
	 Rating: 8877
	 Multiplicative Factor: 0%
	 DR Bracket: 0
	 Base: 3%
	 Effective Percent: 14,38%
Leech
	 Rating: 0
	 Multiplicative Factor: 0%
	 DR Bracket: 0
	 Base: 2%
	 Effective Percent: 2%
Avoidance
	 Rating: 2859
	 Multiplicative Factor: 0%
	 DR Bracket: 0
	 Base: 0%
	 Effective Percent: 5,26%
Mastery
	 Rating: 8808
	 Multiplicative Factor: 0%
	 DR Bracket: 0
	 Base: 16,2%
	 Effective Percent: 38,85%
----------------------
02:16,865

Intellect
	 Rating: 139452
	 Multiplicative Factor: 8,15%
Stamina
	 Rating: 865285
	 Multiplicative Factor: 11,3%
Crit
	 Rating: 29835
	 Multiplicative Factor: 0%
	 DR Bracket: 2
	 Base: 5%
	 Effective Percent: 46,1%
	 Crit Inc Heal: 2,6
	 Crit Inc Damage: 2
Haste
	 Rating: 19964
	 Multiplicative Factor: 0%
	 DR Bracket: 1
	 Base: 0%
	 Effective Percent: 30,22%
Vers
	 Rating: 8877
	 Multiplicative Factor: 0%
	 DR Bracket: 0
	 Base: 3%
	 Effective Percent: 14,38%
Leech
	 Rating: 0
	 Multiplicative Factor: 0%
	 DR Bracket: 0
	 Base: 2%
	 Effective Percent: 2%
Avoidance
	 Rating: 2859
	 Multiplicative Factor: 0%
	 DR Bracket: 0
	 Base: 0%
	 Effective Percent: 5,26%
Mastery
	 Rating: 8808
	 Multiplicative Factor: 0%
	 DR Bracket: 0
	 Base: 16,2%
	 Effective Percent: 38,85%
----------------------
02:21,593

Intellect
	 Rating: 139452
	 Multiplicative Factor: 8,15%
Stamina
	 Rating: 865285
	 Multiplicative Factor: 11,3%
Crit
	 Rating: 23850
	 Multiplicative Factor: 0%
	 DR Bracket: 1
	 Base: 5%
	 Effective Percent: 38,66%
	 Crit Inc Heal: 2,6
	 Crit Inc Damage: 2
Haste
	 Rating: 19964
	 Multiplicative Factor: 0%
	 DR Bracket: 1
	 Base: 0%
	 Effective Percent: 30,22%
Vers
	 Rating: 8877
	 Multiplicative Factor: 0%
	 DR Bracket: 0
	 Base: 3%
	 Effective Percent: 14,38%
Leech
	 Rating: 0
	 Multiplicative Factor: 0%
	 DR Bracket: 0
	 Base: 2%
	 Effective Percent: 2%
Avoidance
	 Rating: 2859
	 Multiplicative Factor: 0%
	 DR Bracket: 0
	 Base: 0%
	 Effective Percent: 5,26%
Mastery
	 Rating: 8808
	 Multiplicative Factor: 0%
	 DR Bracket: 0
	 Base: 16,2%
	 Effective Percent: 38,85%
----------------------
02:24,661

Intellect
	 Rating: 139452
	 Multiplicative Factor: 8,15%
Stamina
	 Rating: 865285
	 Multiplicative Factor: 11,3%
Crit
	 Rating: 23850
	 Multiplicative Factor: 0%
	 DR Bracket: 1
	 Base: 5%
	 Effective Percent: 38,66%
	 Crit Inc Heal: 2
	 Crit Inc Damage: 2
Haste
	 Rating: 19964
	 Multiplicative Factor: 0%
	 DR Bracket: 1
	 Base: 0%
	 Effective Percent: 30,22%
Vers
	 Rating: 8877
	 Multiplicative Factor: 0%
	 DR Bracket: 0
	 Base: 3%
	 Effective Percent: 14,38%
Leech
	 Rating: 0
	 Multiplicative Factor: 0%
	 DR Bracket: 0
	 Base: 2%
	 Effective Percent: 2%
Avoidance
	 Rating: 2859
	 Multiplicative Factor: 0%
	 DR Bracket: 0
	 Base: 0%
	 Effective Percent: 5,26%
Mastery
	 Rating: 8808
	 Multiplicative Factor: 0%
	 DR Bracket: 0
	 Base: 16,2%
	 Effective Percent: 38,85%
----------------------
02:27,045

Intellect
	 Rating: 139452
	 Multiplicative Factor: 8,15%
Stamina
	 Rating: 865285
	 Multiplicative Factor: 11,3%
Crit
	 Rating: 29835
	 Multiplicative Factor: 0%
	 DR Bracket: 2
	 Base: 5%
	 Effective Percent: 46,1%
	 Crit Inc Heal: 2
	 Crit Inc Damage: 2
Haste
	 Rating: 19964
	 Multiplicative Factor: 0%
	 DR Bracket: 1
	 Base: 0%
	 Effective Percent: 30,22%
Vers
	 Rating: 8877
	 Multiplicative Factor: 0%
	 DR Bracket: 0
	 Base: 3%
	 Effective Percent: 14,38%
Leech
	 Rating: 0
	 Multiplicative Factor: 0%
	 DR Bracket: 0
	 Base: 2%
	 Effective Percent: 2%
Avoidance
	 Rating: 2859
	 Multiplicative Factor: 0%
	 DR Bracket: 0
	 Base: 0%
	 Effective Percent: 5,26%
Mastery
	 Rating: 8808
	 Multiplicative Factor: 0%
	 DR Bracket: 0
	 Base: 16,2%
	 Effective Percent: 38,85%
----------------------
02:28,023

Intellect
	 Rating: 139452
	 Multiplicative Factor: 8,15%
Stamina
	 Rating: 865285
	 Multiplicative Factor: 11,3%
Crit
	 Rating: 29835
	 Multiplicative Factor: 0%
	 DR Bracket: 2
	 Base: 5%
	 Effective Percent: 46,1%
	 Crit Inc Heal: 2,6
	 Crit Inc Damage: 2
Haste
	 Rating: 19964
	 Multiplicative Factor: 0%
	 DR Bracket: 1
	 Base: 0%
	 Effective Percent: 30,22%
Vers
	 Rating: 8877
	 Multiplicative Factor: 0%
	 DR Bracket: 0
	 Base: 3%
	 Effective Percent: 14,38%
Leech
	 Rating: 0
	 Multiplicative Factor: 0%
	 DR Bracket: 0
	 Base: 2%
	 Effective Percent: 2%
Avoidance
	 Rating: 2859
	 Multiplicative Factor: 0%
	 DR Bracket: 0
	 Base: 0%
	 Effective Percent: 5,26%
Mastery
	 Rating: 8808
	 Multiplicative Factor: 0%
	 DR Bracket: 0
	 Base: 16,2%
	 Effective Percent: 38,85%
----------------------
02:34,252

Intellect
	 Rating: 139452
	 Multiplicative Factor: 8,15%
Stamina
	 Rating: 865285
	 Multiplicative Factor: 11,3%
Crit
	 Rating: 29835
	 Multiplicative Factor: 0%
	 DR Bracket: 2
	 Base: 5%
	 Effective Percent: 46,1%
	 Crit Inc Heal: 2,6
	 Crit Inc Damage: 2
Haste
	 Rating: 19964
	 Multiplicative Factor: 0%
	 DR Bracket: 1
	 Base: 3%
	 Effective Percent: 34,13%
Vers
	 Rating: 8877
	 Multiplicative Factor: 0%
	 DR Bracket: 0
	 Base: 3%
	 Effective Percent: 14,38%
Leech
	 Rating: 0
	 Multiplicative Factor: 0%
	 DR Bracket: 0
	 Base: 2%
	 Effective Percent: 2%
Avoidance
	 Rating: 2859
	 Multiplicative Factor: 0%
	 DR Bracket: 0
	 Base: 0%
	 Effective Percent: 5,26%
Mastery
	 Rating: 8808
	 Multiplicative Factor: 0%
	 DR Bracket: 0
	 Base: 16,2%
	 Effective Percent: 38,85%
----------------------
02:34,267

Intellect
	 Rating: 139452
	 Multiplicative Factor: 8,15%
Stamina
	 Rating: 865285
	 Multiplicative Factor: 11,3%
Crit
	 Rating: 29835
	 Multiplicative Factor: 0%
	 DR Bracket: 2
	 Base: 5%
	 Effective Percent: 46,1%
	 Crit Inc Heal: 2,6
	 Crit Inc Damage: 2
Haste
	 Rating: 19964
	 Multiplicative Factor: 0%
	 DR Bracket: 1
	 Base: 9%
	 Effective Percent: 41,94%
Vers
	 Rating: 8877
	 Multiplicative Factor: 0%
	 DR Bracket: 0
	 Base: 3%
	 Effective Percent: 14,38%
Leech
	 Rating: 0
	 Multiplicative Factor: 0%
	 DR Bracket: 0
	 Base: 2%
	 Effective Percent: 2%
Avoidance
	 Rating: 2859
	 Multiplicative Factor: 0%
	 DR Bracket: 0
	 Base: 0%
	 Effective Percent: 5,26%
Mastery
	 Rating: 8808
	 Multiplicative Factor: 0%
	 DR Bracket: 0
	 Base: 16,2%
	 Effective Percent: 38,85%
----------------------
02:34,267

Intellect
	 Rating: 139452
	 Multiplicative Factor: 8,15%
Stamina
	 Rating: 865285
	 Multiplicative Factor: 11,3%
Crit
	 Rating: 29835
	 Multiplicative Factor: 0%
	 DR Bracket: 2
	 Base: 5%
	 Effective Percent: 46,1%
	 Crit Inc Heal: 2,6
	 Crit Inc Damage: 2
Haste
	 Rating: 19964
	 Multiplicative Factor: 0%
	 DR Bracket: 1
	 Base: 6%
	 Effective Percent: 38,04%
Vers
	 Rating: 8877
	 Multiplicative Factor: 0%
	 DR Bracket: 0
	 Base: 3%
	 Effective Percent: 14,38%
Leech
	 Rating: 0
	 Multiplicative Factor: 0%
	 DR Bracket: 0
	 Base: 2%
	 Effective Percent: 2%
Avoidance
	 Rating: 2859
	 Multiplicative Factor: 0%
	 DR Bracket: 0
	 Base: 0%
	 Effective Percent: 5,26%
Mastery
	 Rating: 8808
	 Multiplicative Factor: 0%
	 DR Bracket: 0
	 Base: 16,2%
	 Effective Percent: 38,85%
----------------------
02:37,037

Intellect
	 Rating: 139452
	 Multiplicative Factor: 8,15%
Stamina
	 Rating: 865285
	 Multiplicative Factor: 11,3%
Crit
	 Rating: 23850
	 Multiplicative Factor: 0%
	 DR Bracket: 1
	 Base: 5%
	 Effective Percent: 38,66%
	 Crit Inc Heal: 2,6
	 Crit Inc Damage: 2
Haste
	 Rating: 19964
	 Multiplicative Factor: 0%
	 DR Bracket: 1
	 Base: 6%
	 Effective Percent: 38,04%
Vers
	 Rating: 8877
	 Multiplicative Factor: 0%
	 DR Bracket: 0
	 Base: 3%
	 Effective Percent: 14,38%
Leech
	 Rating: 0
	 Multiplicative Factor: 0%
	 DR Bracket: 0
	 Base: 2%
	 Effective Percent: 2%
Avoidance
	 Rating: 2859
	 Multiplicative Factor: 0%
	 DR Bracket: 0
	 Base: 0%
	 Effective Percent: 5,26%
Mastery
	 Rating: 8808
	 Multiplicative Factor: 0%
	 DR Bracket: 0
	 Base: 16,2%
	 Effective Percent: 38,85%
----------------------
02:42,261

Intellect
	 Rating: 139452
	 Multiplicative Factor: 8,15%
Stamina
	 Rating: 865285
	 Multiplicative Factor: 11,3%
Crit
	 Rating: 23850
	 Multiplicative Factor: 0%
	 DR Bracket: 1
	 Base: 5%
	 Effective Percent: 38,66%
	 Crit Inc Heal: 2,6
	 Crit Inc Damage: 2
Haste
	 Rating: 19964
	 Multiplicative Factor: 0%
	 DR Bracket: 1
	 Base: 0%
	 Effective Percent: 30,22%
Vers
	 Rating: 8877
	 Multiplicative Factor: 0%
	 DR Bracket: 0
	 Base: 3%
	 Effective Percent: 14,38%
Leech
	 Rating: 0
	 Multiplicative Factor: 0%
	 DR Bracket: 0
	 Base: 2%
	 Effective Percent: 2%
Avoidance
	 Rating: 2859
	 Multiplicative Factor: 0%
	 DR Bracket: 0
	 Base: 0%
	 Effective Percent: 5,26%
Mastery
	 Rating: 8808
	 Multiplicative Factor: 0%
	 DR Bracket: 0
	 Base: 16,2%
	 Effective Percent: 38,85%
----------------------
02:44,552

Intellect
	 Rating: 139452
	 Multiplicative Factor: 8,15%
Stamina
	 Rating: 865285
	 Multiplicative Factor: 11,3%
Crit
	 Rating: 23850
	 Multiplicative Factor: 0%
	 DR Bracket: 1
	 Base: 5%
	 Effective Percent: 38,66%
	 Crit Inc Heal: 2
	 Crit Inc Damage: 2
Haste
	 Rating: 19964
	 Multiplicative Factor: 0%
	 DR Bracket: 1
	 Base: 0%
	 Effective Percent: 30,22%
Vers
	 Rating: 8877
	 Multiplicative Factor: 0%
	 DR Bracket: 0
	 Base: 3%
	 Effective Percent: 14,38%
Leech
	 Rating: 0
	 Multiplicative Factor: 0%
	 DR Bracket: 0
	 Base: 2%
	 Effective Percent: 2%
Avoidance
	 Rating: 2859
	 Multiplicative Factor: 0%
	 DR Bracket: 0
	 Base: 0%
	 Effective Percent: 5,26%
Mastery
	 Rating: 8808
	 Multiplicative Factor: 0%
	 DR Bracket: 0
	 Base: 16,2%
	 Effective Percent: 38,85%
----------------------
02:46,126

Intellect
	 Rating: 139452
	 Multiplicative Factor: 8,15%
Stamina
	 Rating: 865285
	 Multiplicative Factor: 11,3%
Crit
	 Rating: 23850
	 Multiplicative Factor: 0%
	 DR Bracket: 1
	 Base: 5%
	 Effective Percent: 38,66%
	 Crit Inc Heal: 2,6
	 Crit Inc Damage: 2
Haste
	 Rating: 19964
	 Multiplicative Factor: 0%
	 DR Bracket: 1
	 Base: 0%
	 Effective Percent: 30,22%
Vers
	 Rating: 8877
	 Multiplicative Factor: 0%
	 DR Bracket: 0
	 Base: 3%
	 Effective Percent: 14,38%
Leech
	 Rating: 0
	 Multiplicative Factor: 0%
	 DR Bracket: 0
	 Base: 2%
	 Effective Percent: 2%
Avoidance
	 Rating: 2859
	 Multiplicative Factor: 0%
	 DR Bracket: 0
	 Base: 0%
	 Effective Percent: 5,26%
Mastery
	 Rating: 8808
	 Multiplicative Factor: 0%
	 DR Bracket: 0
	 Base: 16,2%
	 Effective Percent: 38,85%
----------------------
02:46,485

Intellect
	 Rating: 139452
	 Multiplicative Factor: 8,15%
Stamina
	 Rating: 865285
	 Multiplicative Factor: 11,3%
Crit
	 Rating: 23850
	 Multiplicative Factor: 0%
	 DR Bracket: 1
	 Base: 5%
	 Effective Percent: 38,66%
	 Crit Inc Heal: 2,6
	 Crit Inc Damage: 2
Haste
	 Rating: 19964
	 Multiplicative Factor: 0%
	 DR Bracket: 1
	 Base: 1%
	 Effective Percent: 31,53%
Vers
	 Rating: 8877
	 Multiplicative Factor: 0%
	 DR Bracket: 0
	 Base: 3%
	 Effective Percent: 14,38%
Leech
	 Rating: 0
	 Multiplicative Factor: 0%
	 DR Bracket: 0
	 Base: 2%
	 Effective Percent: 2%
Avoidance
	 Rating: 2859
	 Multiplicative Factor: 0%
	 DR Bracket: 0
	 Base: 0%
	 Effective Percent: 5,26%
Mastery
	 Rating: 8808
	 Multiplicative Factor: 0%
	 DR Bracket: 0
	 Base: 16,2%
	 Effective Percent: 38,85%
----------------------
02:47,495

Intellect
	 Rating: 139452
	 Multiplicative Factor: 8,15%
Stamina
	 Rating: 865285
	 Multiplicative Factor: 11,3%
Crit
	 Rating: 23850
	 Multiplicative Factor: 0%
	 DR Bracket: 1
	 Base: 5%
	 Effective Percent: 38,66%
	 Crit Inc Heal: 2,6
	 Crit Inc Damage: 2
Haste
	 Rating: 19964
	 Multiplicative Factor: 0%
	 DR Bracket: 1
	 Base: 29%
	 Effective Percent: 67,99%
Vers
	 Rating: 8877
	 Multiplicative Factor: 0%
	 DR Bracket: 0
	 Base: 3%
	 Effective Percent: 14,38%
Leech
	 Rating: 0
	 Multiplicative Factor: 0%
	 DR Bracket: 0
	 Base: 2%
	 Effective Percent: 2%
Avoidance
	 Rating: 2859
	 Multiplicative Factor: 0%
	 DR Bracket: 0
	 Base: 0%
	 Effective Percent: 5,26%
Mastery
	 Rating: 8808
	 Multiplicative Factor: 0%
	 DR Bracket: 0
	 Base: 16,2%
	 Effective Percent: 38,85%
----------------------
02:48,483

Intellect
	 Rating: 139452
	 Multiplicative Factor: 8,15%
Stamina
	 Rating: 865285
	 Multiplicative Factor: 11,3%
Crit
	 Rating: 23850
	 Multiplicative Factor: 0%
	 DR Bracket: 1
	 Base: 5%
	 Effective Percent: 38,66%
	 Crit Inc Heal: 2,6
	 Crit Inc Damage: 2
Haste
	 Rating: 19964
	 Multiplicative Factor: 0%
	 DR Bracket: 1
	 Base: 28%
	 Effective Percent: 66,69%
Vers
	 Rating: 8877
	 Multiplicative Factor: 0%
	 DR Bracket: 0
	 Base: 3%
	 Effective Percent: 14,38%
Leech
	 Rating: 0
	 Multiplicative Factor: 0%
	 DR Bracket: 0
	 Base: 2%
	 Effective Percent: 2%
Avoidance
	 Rating: 2859
	 Multiplicative Factor: 0%
	 DR Bracket: 0
	 Base: 0%
	 Effective Percent: 5,26%
Mastery
	 Rating: 8808
	 Multiplicative Factor: 0%
	 DR Bracket: 0
	 Base: 16,2%
	 Effective Percent: 38,85%
----------------------
02:49,484

Intellect
	 Rating: 139452
	 Multiplicative Factor: 8,15%
Stamina
	 Rating: 865285
	 Multiplicative Factor: 11,3%
Crit
	 Rating: 23850
	 Multiplicative Factor: 0%
	 DR Bracket: 1
	 Base: 5%
	 Effective Percent: 38,66%
	 Crit Inc Heal: 2,6
	 Crit Inc Damage: 2
Haste
	 Rating: 19964
	 Multiplicative Factor: 0%
	 DR Bracket: 1
	 Base: 27%
	 Effective Percent: 65,38%
Vers
	 Rating: 8877
	 Multiplicative Factor: 0%
	 DR Bracket: 0
	 Base: 3%
	 Effective Percent: 14,38%
Leech
	 Rating: 0
	 Multiplicative Factor: 0%
	 DR Bracket: 0
	 Base: 2%
	 Effective Percent: 2%
Avoidance
	 Rating: 2859
	 Multiplicative Factor: 0%
	 DR Bracket: 0
	 Base: 0%
	 Effective Percent: 5,26%
Mastery
	 Rating: 8808
	 Multiplicative Factor: 0%
	 DR Bracket: 0
	 Base: 16,2%
	 Effective Percent: 38,85%
----------------------
02:50,486

Intellect
	 Rating: 139452
	 Multiplicative Factor: 8,15%
Stamina
	 Rating: 865285
	 Multiplicative Factor: 11,3%
Crit
	 Rating: 23850
	 Multiplicative Factor: 0%
	 DR Bracket: 1
	 Base: 5%
	 Effective Percent: 38,66%
	 Crit Inc Heal: 2,6
	 Crit Inc Damage: 2
Haste
	 Rating: 19964
	 Multiplicative Factor: 0%
	 DR Bracket: 1
	 Base: 26%
	 Effective Percent: 64,08%
Vers
	 Rating: 8877
	 Multiplicative Factor: 0%
	 DR Bracket: 0
	 Base: 3%
	 Effective Percent: 14,38%
Leech
	 Rating: 0
	 Multiplicative Factor: 0%
	 DR Bracket: 0
	 Base: 2%
	 Effective Percent: 2%
Avoidance
	 Rating: 2859
	 Multiplicative Factor: 0%
	 DR Bracket: 0
	 Base: 0%
	 Effective Percent: 5,26%
Mastery
	 Rating: 8808
	 Multiplicative Factor: 0%
	 DR Bracket: 0
	 Base: 16,2%
	 Effective Percent: 38,85%
----------------------
02:51,496

Intellect
	 Rating: 139452
	 Multiplicative Factor: 8,15%
Stamina
	 Rating: 865285
	 Multiplicative Factor: 11,3%
Crit
	 Rating: 23850
	 Multiplicative Factor: 0%
	 DR Bracket: 1
	 Base: 5%
	 Effective Percent: 38,66%
	 Crit Inc Heal: 2,6
	 Crit Inc Damage: 2
Haste
	 Rating: 19964
	 Multiplicative Factor: 0%
	 DR Bracket: 1
	 Base: 25%
	 Effective Percent: 62,78%
Vers
	 Rating: 8877
	 Multiplicative Factor: 0%
	 DR Bracket: 0
	 Base: 3%
	 Effective Percent: 14,38%
Leech
	 Rating: 0
	 Multiplicative Factor: 0%
	 DR Bracket: 0
	 Base: 2%
	 Effective Percent: 2%
Avoidance
	 Rating: 2859
	 Multiplicative Factor: 0%
	 DR Bracket: 0
	 Base: 0%
	 Effective Percent: 5,26%
Mastery
	 Rating: 8808
	 Multiplicative Factor: 0%
	 DR Bracket: 0
	 Base: 16,2%
	 Effective Percent: 38,85%
----------------------
02:52,481

Intellect
	 Rating: 139452
	 Multiplicative Factor: 8,15%
Stamina
	 Rating: 865285
	 Multiplicative Factor: 11,3%
Crit
	 Rating: 23850
	 Multiplicative Factor: 0%
	 DR Bracket: 1
	 Base: 5%
	 Effective Percent: 38,66%
	 Crit Inc Heal: 2,6
	 Crit Inc Damage: 2
Haste
	 Rating: 19964
	 Multiplicative Factor: 0%
	 DR Bracket: 1
	 Base: 24%
	 Effective Percent: 61,48%
Vers
	 Rating: 8877
	 Multiplicative Factor: 0%
	 DR Bracket: 0
	 Base: 3%
	 Effective Percent: 14,38%
Leech
	 Rating: 0
	 Multiplicative Factor: 0%
	 DR Bracket: 0
	 Base: 2%
	 Effective Percent: 2%
Avoidance
	 Rating: 2859
	 Multiplicative Factor: 0%
	 DR Bracket: 0
	 Base: 0%
	 Effective Percent: 5,26%
Mastery
	 Rating: 8808
	 Multiplicative Factor: 0%
	 DR Bracket: 0
	 Base: 16,2%
	 Effective Percent: 38,85%
----------------------
02:53,494

Intellect
	 Rating: 139452
	 Multiplicative Factor: 8,15%
Stamina
	 Rating: 865285
	 Multiplicative Factor: 11,3%
Crit
	 Rating: 23850
	 Multiplicative Factor: 0%
	 DR Bracket: 1
	 Base: 5%
	 Effective Percent: 38,66%
	 Crit Inc Heal: 2,6
	 Crit Inc Damage: 2
Haste
	 Rating: 19964
	 Multiplicative Factor: 0%
	 DR Bracket: 1
	 Base: 23%
	 Effective Percent: 60,18%
Vers
	 Rating: 8877
	 Multiplicative Factor: 0%
	 DR Bracket: 0
	 Base: 3%
	 Effective Percent: 14,38%
Leech
	 Rating: 0
	 Multiplicative Factor: 0%
	 DR Bracket: 0
	 Base: 2%
	 Effective Percent: 2%
Avoidance
	 Rating: 2859
	 Multiplicative Factor: 0%
	 DR Bracket: 0
	 Base: 0%
	 Effective Percent: 5,26%
Mastery
	 Rating: 8808
	 Multiplicative Factor: 0%
	 DR Bracket: 0
	 Base: 16,2%
	 Effective Percent: 38,85%
----------------------
02:54,487

Intellect
	 Rating: 139452
	 Multiplicative Factor: 8,15%
Stamina
	 Rating: 865285
	 Multiplicative Factor: 11,3%
Crit
	 Rating: 23850
	 Multiplicative Factor: 0%
	 DR Bracket: 1
	 Base: 5%
	 Effective Percent: 38,66%
	 Crit Inc Heal: 2,6
	 Crit Inc Damage: 2
Haste
	 Rating: 19964
	 Multiplicative Factor: 0%
	 DR Bracket: 1
	 Base: 22%
	 Effective Percent: 58,87%
Vers
	 Rating: 8877
	 Multiplicative Factor: 0%
	 DR Bracket: 0
	 Base: 3%
	 Effective Percent: 14,38%
Leech
	 Rating: 0
	 Multiplicative Factor: 0%
	 DR Bracket: 0
	 Base: 2%
	 Effective Percent: 2%
Avoidance
	 Rating: 2859
	 Multiplicative Factor: 0%
	 DR Bracket: 0
	 Base: 0%
	 Effective Percent: 5,26%
Mastery
	 Rating: 8808
	 Multiplicative Factor: 0%
	 DR Bracket: 0
	 Base: 16,2%
	 Effective Percent: 38,85%
----------------------
02:55,483

Intellect
	 Rating: 139452
	 Multiplicative Factor: 8,15%
Stamina
	 Rating: 865285
	 Multiplicative Factor: 11,3%
Crit
	 Rating: 23850
	 Multiplicative Factor: 0%
	 DR Bracket: 1
	 Base: 5%
	 Effective Percent: 38,66%
	 Crit Inc Heal: 2,6
	 Crit Inc Damage: 2
Haste
	 Rating: 19964
	 Multiplicative Factor: 0%
	 DR Bracket: 1
	 Base: 21%
	 Effective Percent: 57,57%
Vers
	 Rating: 8877
	 Multiplicative Factor: 0%
	 DR Bracket: 0
	 Base: 3%
	 Effective Percent: 14,38%
Leech
	 Rating: 0
	 Multiplicative Factor: 0%
	 DR Bracket: 0
	 Base: 2%
	 Effective Percent: 2%
Avoidance
	 Rating: 2859
	 Multiplicative Factor: 0%
	 DR Bracket: 0
	 Base: 0%
	 Effective Percent: 5,26%
Mastery
	 Rating: 8808
	 Multiplicative Factor: 0%
	 DR Bracket: 0
	 Base: 16,2%
	 Effective Percent: 38,85%
----------------------
02:56,498

Intellect
	 Rating: 139452
	 Multiplicative Factor: 8,15%
Stamina
	 Rating: 865285
	 Multiplicative Factor: 11,3%
Crit
	 Rating: 23850
	 Multiplicative Factor: 0%
	 DR Bracket: 1
	 Base: 5%
	 Effective Percent: 38,66%
	 Crit Inc Heal: 2,6
	 Crit Inc Damage: 2
Haste
	 Rating: 19964
	 Multiplicative Factor: 0%
	 DR Bracket: 1
	 Base: 20%
	 Effective Percent: 56,27%
Vers
	 Rating: 8877
	 Multiplicative Factor: 0%
	 DR Bracket: 0
	 Base: 3%
	 Effective Percent: 14,38%
Leech
	 Rating: 0
	 Multiplicative Factor: 0%
	 DR Bracket: 0
	 Base: 2%
	 Effective Percent: 2%
Avoidance
	 Rating: 2859
	 Multiplicative Factor: 0%
	 DR Bracket: 0
	 Base: 0%
	 Effective Percent: 5,26%
Mastery
	 Rating: 8808
	 Multiplicative Factor: 0%
	 DR Bracket: 0
	 Base: 16,2%
	 Effective Percent: 38,85%
----------------------
02:57,480

Intellect
	 Rating: 139452
	 Multiplicative Factor: 8,15%
Stamina
	 Rating: 865285
	 Multiplicative Factor: 11,3%
Crit
	 Rating: 23850
	 Multiplicative Factor: 0%
	 DR Bracket: 1
	 Base: 5%
	 Effective Percent: 38,66%
	 Crit Inc Heal: 2,6
	 Crit Inc Damage: 2
Haste
	 Rating: 19964
	 Multiplicative Factor: 0%
	 DR Bracket: 1
	 Base: 19%
	 Effective Percent: 54,97%
Vers
	 Rating: 8877
	 Multiplicative Factor: 0%
	 DR Bracket: 0
	 Base: 3%
	 Effective Percent: 14,38%
Leech
	 Rating: 0
	 Multiplicative Factor: 0%
	 DR Bracket: 0
	 Base: 2%
	 Effective Percent: 2%
Avoidance
	 Rating: 2859
	 Multiplicative Factor: 0%
	 DR Bracket: 0
	 Base: 0%
	 Effective Percent: 5,26%
Mastery
	 Rating: 8808
	 Multiplicative Factor: 0%
	 DR Bracket: 0
	 Base: 16,2%
	 Effective Percent: 38,85%
----------------------
02:58,486

Intellect
	 Rating: 139452
	 Multiplicative Factor: 8,15%
Stamina
	 Rating: 865285
	 Multiplicative Factor: 11,3%
Crit
	 Rating: 23850
	 Multiplicative Factor: 0%
	 DR Bracket: 1
	 Base: 5%
	 Effective Percent: 38,66%
	 Crit Inc Heal: 2,6
	 Crit Inc Damage: 2
Haste
	 Rating: 19964
	 Multiplicative Factor: 0%
	 DR Bracket: 1
	 Base: 18%
	 Effective Percent: 53,66%
Vers
	 Rating: 8877
	 Multiplicative Factor: 0%
	 DR Bracket: 0
	 Base: 3%
	 Effective Percent: 14,38%
Leech
	 Rating: 0
	 Multiplicative Factor: 0%
	 DR Bracket: 0
	 Base: 2%
	 Effective Percent: 2%
Avoidance
	 Rating: 2859
	 Multiplicative Factor: 0%
	 DR Bracket: 0
	 Base: 0%
	 Effective Percent: 5,26%
Mastery
	 Rating: 8808
	 Multiplicative Factor: 0%
	 DR Bracket: 0
	 Base: 16,2%
	 Effective Percent: 38,85%
----------------------
02:59,483

Intellect
	 Rating: 139452
	 Multiplicative Factor: 8,15%
Stamina
	 Rating: 865285
	 Multiplicative Factor: 11,3%
Crit
	 Rating: 23850
	 Multiplicative Factor: 0%
	 DR Bracket: 1
	 Base: 5%
	 Effective Percent: 38,66%
	 Crit Inc Heal: 2,6
	 Crit Inc Damage: 2
Haste
	 Rating: 19964
	 Multiplicative Factor: 0%
	 DR Bracket: 1
	 Base: 17%
	 Effective Percent: 52,36%
Vers
	 Rating: 8877
	 Multiplicative Factor: 0%
	 DR Bracket: 0
	 Base: 3%
	 Effective Percent: 14,38%
Leech
	 Rating: 0
	 Multiplicative Factor: 0%
	 DR Bracket: 0
	 Base: 2%
	 Effective Percent: 2%
Avoidance
	 Rating: 2859
	 Multiplicative Factor: 0%
	 DR Bracket: 0
	 Base: 0%
	 Effective Percent: 5,26%
Mastery
	 Rating: 8808
	 Multiplicative Factor: 0%
	 DR Bracket: 0
	 Base: 16,2%
	 Effective Percent: 38,85%
----------------------
03:00,477

Intellect
	 Rating: 139452
	 Multiplicative Factor: 8,15%
Stamina
	 Rating: 865285
	 Multiplicative Factor: 11,3%
Crit
	 Rating: 23850
	 Multiplicative Factor: 0%
	 DR Bracket: 1
	 Base: 5%
	 Effective Percent: 38,66%
	 Crit Inc Heal: 2,6
	 Crit Inc Damage: 2
Haste
	 Rating: 19964
	 Multiplicative Factor: 0%
	 DR Bracket: 1
	 Base: 16%
	 Effective Percent: 51,06%
Vers
	 Rating: 8877
	 Multiplicative Factor: 0%
	 DR Bracket: 0
	 Base: 3%
	 Effective Percent: 14,38%
Leech
	 Rating: 0
	 Multiplicative Factor: 0%
	 DR Bracket: 0
	 Base: 2%
	 Effective Percent: 2%
Avoidance
	 Rating: 2859
	 Multiplicative Factor: 0%
	 DR Bracket: 0
	 Base: 0%
	 Effective Percent: 5,26%
Mastery
	 Rating: 8808
	 Multiplicative Factor: 0%
	 DR Bracket: 0
	 Base: 16,2%
	 Effective Percent: 38,85%
----------------------
03:01,482

Intellect
	 Rating: 139452
	 Multiplicative Factor: 8,15%
Stamina
	 Rating: 865285
	 Multiplicative Factor: 11,3%
Crit
	 Rating: 23850
	 Multiplicative Factor: 0%
	 DR Bracket: 1
	 Base: 5%
	 Effective Percent: 38,66%
	 Crit Inc Heal: 2,6
	 Crit Inc Damage: 2
Haste
	 Rating: 19964
	 Multiplicative Factor: 0%
	 DR Bracket: 1
	 Base: 15%
	 Effective Percent: 49,76%
Vers
	 Rating: 8877
	 Multiplicative Factor: 0%
	 DR Bracket: 0
	 Base: 3%
	 Effective Percent: 14,38%
Leech
	 Rating: 0
	 Multiplicative Factor: 0%
	 DR Bracket: 0
	 Base: 2%
	 Effective Percent: 2%
Avoidance
	 Rating: 2859
	 Multiplicative Factor: 0%
	 DR Bracket: 0
	 Base: 0%
	 Effective Percent: 5,26%
Mastery
	 Rating: 8808
	 Multiplicative Factor: 0%
	 DR Bracket: 0
	 Base: 16,2%
	 Effective Percent: 38,85%
----------------------
03:02,487

Intellect
	 Rating: 139452
	 Multiplicative Factor: 8,15%
Stamina
	 Rating: 865285
	 Multiplicative Factor: 11,3%
Crit
	 Rating: 23850
	 Multiplicative Factor: 0%
	 DR Bracket: 1
	 Base: 5%
	 Effective Percent: 38,66%
	 Crit Inc Heal: 2,6
	 Crit Inc Damage: 2
Haste
	 Rating: 19964
	 Multiplicative Factor: 0%
	 DR Bracket: 1
	 Base: 14%
	 Effective Percent: 48,45%
Vers
	 Rating: 8877
	 Multiplicative Factor: 0%
	 DR Bracket: 0
	 Base: 3%
	 Effective Percent: 14,38%
Leech
	 Rating: 0
	 Multiplicative Factor: 0%
	 DR Bracket: 0
	 Base: 2%
	 Effective Percent: 2%
Avoidance
	 Rating: 2859
	 Multiplicative Factor: 0%
	 DR Bracket: 0
	 Base: 0%
	 Effective Percent: 5,26%
Mastery
	 Rating: 8808
	 Multiplicative Factor: 0%
	 DR Bracket: 0
	 Base: 16,2%
	 Effective Percent: 38,85%
----------------------
03:03,489

Intellect
	 Rating: 139452
	 Multiplicative Factor: 8,15%
Stamina
	 Rating: 865285
	 Multiplicative Factor: 11,3%
Crit
	 Rating: 23850
	 Multiplicative Factor: 0%
	 DR Bracket: 1
	 Base: 5%
	 Effective Percent: 38,66%
	 Crit Inc Heal: 2,6
	 Crit Inc Damage: 2
Haste
	 Rating: 19964
	 Multiplicative Factor: 0%
	 DR Bracket: 1
	 Base: 13%
	 Effective Percent: 47,15%
Vers
	 Rating: 8877
	 Multiplicative Factor: 0%
	 DR Bracket: 0
	 Base: 3%
	 Effective Percent: 14,38%
Leech
	 Rating: 0
	 Multiplicative Factor: 0%
	 DR Bracket: 0
	 Base: 2%
	 Effective Percent: 2%
Avoidance
	 Rating: 2859
	 Multiplicative Factor: 0%
	 DR Bracket: 0
	 Base: 0%
	 Effective Percent: 5,26%
Mastery
	 Rating: 8808
	 Multiplicative Factor: 0%
	 DR Bracket: 0
	 Base: 16,2%
	 Effective Percent: 38,85%
----------------------
03:04,479

Intellect
	 Rating: 139452
	 Multiplicative Factor: 8,15%
Stamina
	 Rating: 865285
	 Multiplicative Factor: 11,3%
Crit
	 Rating: 23850
	 Multiplicative Factor: 0%
	 DR Bracket: 1
	 Base: 5%
	 Effective Percent: 38,66%
	 Crit Inc Heal: 2,6
	 Crit Inc Damage: 2
Haste
	 Rating: 19964
	 Multiplicative Factor: 0%
	 DR Bracket: 1
	 Base: 12%
	 Effective Percent: 45,85%
Vers
	 Rating: 8877
	 Multiplicative Factor: 0%
	 DR Bracket: 0
	 Base: 3%
	 Effective Percent: 14,38%
Leech
	 Rating: 0
	 Multiplicative Factor: 0%
	 DR Bracket: 0
	 Base: 2%
	 Effective Percent: 2%
Avoidance
	 Rating: 2859
	 Multiplicative Factor: 0%
	 DR Bracket: 0
	 Base: 0%
	 Effective Percent: 5,26%
Mastery
	 Rating: 8808
	 Multiplicative Factor: 0%
	 DR Bracket: 0
	 Base: 16,2%
	 Effective Percent: 38,85%
----------------------
03:05,488

Intellect
	 Rating: 139452
	 Multiplicative Factor: 8,15%
Stamina
	 Rating: 865285
	 Multiplicative Factor: 11,3%
Crit
	 Rating: 23850
	 Multiplicative Factor: 0%
	 DR Bracket: 1
	 Base: 5%
	 Effective Percent: 38,66%
	 Crit Inc Heal: 2,6
	 Crit Inc Damage: 2
Haste
	 Rating: 19964
	 Multiplicative Factor: 0%
	 DR Bracket: 1
	 Base: 11%
	 Effective Percent: 44,55%
Vers
	 Rating: 8877
	 Multiplicative Factor: 0%
	 DR Bracket: 0
	 Base: 3%
	 Effective Percent: 14,38%
Leech
	 Rating: 0
	 Multiplicative Factor: 0%
	 DR Bracket: 0
	 Base: 2%
	 Effective Percent: 2%
Avoidance
	 Rating: 2859
	 Multiplicative Factor: 0%
	 DR Bracket: 0
	 Base: 0%
	 Effective Percent: 5,26%
Mastery
	 Rating: 8808
	 Multiplicative Factor: 0%
	 DR Bracket: 0
	 Base: 16,2%
	 Effective Percent: 38,85%
----------------------
03:06,011

Intellect
	 Rating: 139452
	 Multiplicative Factor: 8,15%
Stamina
	 Rating: 865285
	 Multiplicative Factor: 11,3%
Crit
	 Rating: 23850
	 Multiplicative Factor: 0%
	 DR Bracket: 1
	 Base: 5%
	 Effective Percent: 38,66%
	 Crit Inc Heal: 2,6
	 Crit Inc Damage: 2
Haste
	 Rating: 19964
	 Multiplicative Factor: 0%
	 DR Bracket: 1
	 Base: 14%
	 Effective Percent: 48,45%
Vers
	 Rating: 8877
	 Multiplicative Factor: 0%
	 DR Bracket: 0
	 Base: 3%
	 Effective Percent: 14,38%
Leech
	 Rating: 0
	 Multiplicative Factor: 0%
	 DR Bracket: 0
	 Base: 2%
	 Effective Percent: 2%
Avoidance
	 Rating: 2859
	 Multiplicative Factor: 0%
	 DR Bracket: 0
	 Base: 0%
	 Effective Percent: 5,26%
Mastery
	 Rating: 8808
	 Multiplicative Factor: 0%
	 DR Bracket: 0
	 Base: 16,2%
	 Effective Percent: 38,85%
----------------------
03:06,036

Intellect
	 Rating: 139452
	 Multiplicative Factor: 8,15%
Stamina
	 Rating: 865285
	 Multiplicative Factor: 11,3%
Crit
	 Rating: 23850
	 Multiplicative Factor: 0%
	 DR Bracket: 1
	 Base: 5%
	 Effective Percent: 38,66%
	 Crit Inc Heal: 2,6
	 Crit Inc Damage: 2
Haste
	 Rating: 19964
	 Multiplicative Factor: 0%
	 DR Bracket: 1
	 Base: 17%
	 Effective Percent: 52,36%
Vers
	 Rating: 8877
	 Multiplicative Factor: 0%
	 DR Bracket: 0
	 Base: 3%
	 Effective Percent: 14,38%
Leech
	 Rating: 0
	 Multiplicative Factor: 0%
	 DR Bracket: 0
	 Base: 2%
	 Effective Percent: 2%
Avoidance
	 Rating: 2859
	 Multiplicative Factor: 0%
	 DR Bracket: 0
	 Base: 0%
	 Effective Percent: 5,26%
Mastery
	 Rating: 8808
	 Multiplicative Factor: 0%
	 DR Bracket: 0
	 Base: 16,2%
	 Effective Percent: 38,85%
----------------------
03:06,036

Intellect
	 Rating: 139452
	 Multiplicative Factor: 8,15%
Stamina
	 Rating: 865285
	 Multiplicative Factor: 11,3%
Crit
	 Rating: 23850
	 Multiplicative Factor: 0%
	 DR Bracket: 1
	 Base: 5%
	 Effective Percent: 38,66%
	 Crit Inc Heal: 2,6
	 Crit Inc Damage: 2
Haste
	 Rating: 19964
	 Multiplicative Factor: 0%
	 DR Bracket: 1
	 Base: 20%
	 Effective Percent: 56,27%
Vers
	 Rating: 8877
	 Multiplicative Factor: 0%
	 DR Bracket: 0
	 Base: 3%
	 Effective Percent: 14,38%
Leech
	 Rating: 0
	 Multiplicative Factor: 0%
	 DR Bracket: 0
	 Base: 2%
	 Effective Percent: 2%
Avoidance
	 Rating: 2859
	 Multiplicative Factor: 0%
	 DR Bracket: 0
	 Base: 0%
	 Effective Percent: 5,26%
Mastery
	 Rating: 8808
	 Multiplicative Factor: 0%
	 DR Bracket: 0
	 Base: 16,2%
	 Effective Percent: 38,85%
----------------------
03:06,490

Intellect
	 Rating: 139452
	 Multiplicative Factor: 8,15%
Stamina
	 Rating: 865285
	 Multiplicative Factor: 11,3%
Crit
	 Rating: 23850
	 Multiplicative Factor: 0%
	 DR Bracket: 1
	 Base: 5%
	 Effective Percent: 38,66%
	 Crit Inc Heal: 2,6
	 Crit Inc Damage: 2
Haste
	 Rating: 19964
	 Multiplicative Factor: 0%
	 DR Bracket: 1
	 Base: 19%
	 Effective Percent: 54,97%
Vers
	 Rating: 8877
	 Multiplicative Factor: 0%
	 DR Bracket: 0
	 Base: 3%
	 Effective Percent: 14,38%
Leech
	 Rating: 0
	 Multiplicative Factor: 0%
	 DR Bracket: 0
	 Base: 2%
	 Effective Percent: 2%
Avoidance
	 Rating: 2859
	 Multiplicative Factor: 0%
	 DR Bracket: 0
	 Base: 0%
	 Effective Percent: 5,26%
Mastery
	 Rating: 8808
	 Multiplicative Factor: 0%
	 DR Bracket: 0
	 Base: 16,2%
	 Effective Percent: 38,85%
----------------------
03:07,479

Intellect
	 Rating: 139452
	 Multiplicative Factor: 8,15%
Stamina
	 Rating: 865285
	 Multiplicative Factor: 11,3%
Crit
	 Rating: 23850
	 Multiplicative Factor: 0%
	 DR Bracket: 1
	 Base: 5%
	 Effective Percent: 38,66%
	 Crit Inc Heal: 2,6
	 Crit Inc Damage: 2
Haste
	 Rating: 19964
	 Multiplicative Factor: 0%
	 DR Bracket: 1
	 Base: 18%
	 Effective Percent: 53,66%
Vers
	 Rating: 8877
	 Multiplicative Factor: 0%
	 DR Bracket: 0
	 Base: 3%
	 Effective Percent: 14,38%
Leech
	 Rating: 0
	 Multiplicative Factor: 0%
	 DR Bracket: 0
	 Base: 2%
	 Effective Percent: 2%
Avoidance
	 Rating: 2859
	 Multiplicative Factor: 0%
	 DR Bracket: 0
	 Base: 0%
	 Effective Percent: 5,26%
Mastery
	 Rating: 8808
	 Multiplicative Factor: 0%
	 DR Bracket: 0
	 Base: 16,2%
	 Effective Percent: 38,85%
----------------------
03:08,481

Intellect
	 Rating: 139452
	 Multiplicative Factor: 8,15%
Stamina
	 Rating: 865285
	 Multiplicative Factor: 11,3%
Crit
	 Rating: 23850
	 Multiplicative Factor: 0%
	 DR Bracket: 1
	 Base: 5%
	 Effective Percent: 38,66%
	 Crit Inc Heal: 2,6
	 Crit Inc Damage: 2
Haste
	 Rating: 19964
	 Multiplicative Factor: 0%
	 DR Bracket: 1
	 Base: 17%
	 Effective Percent: 52,36%
Vers
	 Rating: 8877
	 Multiplicative Factor: 0%
	 DR Bracket: 0
	 Base: 3%
	 Effective Percent: 14,38%
Leech
	 Rating: 0
	 Multiplicative Factor: 0%
	 DR Bracket: 0
	 Base: 2%
	 Effective Percent: 2%
Avoidance
	 Rating: 2859
	 Multiplicative Factor: 0%
	 DR Bracket: 0
	 Base: 0%
	 Effective Percent: 5,26%
Mastery
	 Rating: 8808
	 Multiplicative Factor: 0%
	 DR Bracket: 0
	 Base: 16,2%
	 Effective Percent: 38,85%
----------------------
03:09,486

Intellect
	 Rating: 139452
	 Multiplicative Factor: 8,15%
Stamina
	 Rating: 865285
	 Multiplicative Factor: 11,3%
Crit
	 Rating: 23850
	 Multiplicative Factor: 0%
	 DR Bracket: 1
	 Base: 5%
	 Effective Percent: 38,66%
	 Crit Inc Heal: 2,6
	 Crit Inc Damage: 2
Haste
	 Rating: 19964
	 Multiplicative Factor: 0%
	 DR Bracket: 1
	 Base: 16%
	 Effective Percent: 51,06%
Vers
	 Rating: 8877
	 Multiplicative Factor: 0%
	 DR Bracket: 0
	 Base: 3%
	 Effective Percent: 14,38%
Leech
	 Rating: 0
	 Multiplicative Factor: 0%
	 DR Bracket: 0
	 Base: 2%
	 Effective Percent: 2%
Avoidance
	 Rating: 2859
	 Multiplicative Factor: 0%
	 DR Bracket: 0
	 Base: 0%
	 Effective Percent: 5,26%
Mastery
	 Rating: 8808
	 Multiplicative Factor: 0%
	 DR Bracket: 0
	 Base: 16,2%
	 Effective Percent: 38,85%
----------------------
03:10,493

Intellect
	 Rating: 139452
	 Multiplicative Factor: 8,15%
Stamina
	 Rating: 865285
	 Multiplicative Factor: 11,3%
Crit
	 Rating: 23850
	 Multiplicative Factor: 0%
	 DR Bracket: 1
	 Base: 5%
	 Effective Percent: 38,66%
	 Crit Inc Heal: 2,6
	 Crit Inc Damage: 2
Haste
	 Rating: 19964
	 Multiplicative Factor: 0%
	 DR Bracket: 1
	 Base: 15%
	 Effective Percent: 49,76%
Vers
	 Rating: 8877
	 Multiplicative Factor: 0%
	 DR Bracket: 0
	 Base: 3%
	 Effective Percent: 14,38%
Leech
	 Rating: 0
	 Multiplicative Factor: 0%
	 DR Bracket: 0
	 Base: 2%
	 Effective Percent: 2%
Avoidance
	 Rating: 2859
	 Multiplicative Factor: 0%
	 DR Bracket: 0
	 Base: 0%
	 Effective Percent: 5,26%
Mastery
	 Rating: 8808
	 Multiplicative Factor: 0%
	 DR Bracket: 0
	 Base: 16,2%
	 Effective Percent: 38,85%
----------------------
03:11,483

Intellect
	 Rating: 139452
	 Multiplicative Factor: 8,15%
Stamina
	 Rating: 865285
	 Multiplicative Factor: 11,3%
Crit
	 Rating: 23850
	 Multiplicative Factor: 0%
	 DR Bracket: 1
	 Base: 5%
	 Effective Percent: 38,66%
	 Crit Inc Heal: 2,6
	 Crit Inc Damage: 2
Haste
	 Rating: 19964
	 Multiplicative Factor: 0%
	 DR Bracket: 1
	 Base: 14%
	 Effective Percent: 48,45%
Vers
	 Rating: 8877
	 Multiplicative Factor: 0%
	 DR Bracket: 0
	 Base: 3%
	 Effective Percent: 14,38%
Leech
	 Rating: 0
	 Multiplicative Factor: 0%
	 DR Bracket: 0
	 Base: 2%
	 Effective Percent: 2%
Avoidance
	 Rating: 2859
	 Multiplicative Factor: 0%
	 DR Bracket: 0
	 Base: 0%
	 Effective Percent: 5,26%
Mastery
	 Rating: 8808
	 Multiplicative Factor: 0%
	 DR Bracket: 0
	 Base: 16,2%
	 Effective Percent: 38,85%
----------------------
03:12,488

Intellect
	 Rating: 139452
	 Multiplicative Factor: 8,15%
Stamina
	 Rating: 865285
	 Multiplicative Factor: 11,3%
Crit
	 Rating: 23850
	 Multiplicative Factor: 0%
	 DR Bracket: 1
	 Base: 5%
	 Effective Percent: 38,66%
	 Crit Inc Heal: 2,6
	 Crit Inc Damage: 2
Haste
	 Rating: 19964
	 Multiplicative Factor: 0%
	 DR Bracket: 1
	 Base: 13%
	 Effective Percent: 47,15%
Vers
	 Rating: 8877
	 Multiplicative Factor: 0%
	 DR Bracket: 0
	 Base: 3%
	 Effective Percent: 14,38%
Leech
	 Rating: 0
	 Multiplicative Factor: 0%
	 DR Bracket: 0
	 Base: 2%
	 Effective Percent: 2%
Avoidance
	 Rating: 2859
	 Multiplicative Factor: 0%
	 DR Bracket: 0
	 Base: 0%
	 Effective Percent: 5,26%
Mastery
	 Rating: 8808
	 Multiplicative Factor: 0%
	 DR Bracket: 0
	 Base: 16,2%
	 Effective Percent: 38,85%
----------------------
03:13,488

Intellect
	 Rating: 139452
	 Multiplicative Factor: 8,15%
Stamina
	 Rating: 865285
	 Multiplicative Factor: 11,3%
Crit
	 Rating: 23850
	 Multiplicative Factor: 0%
	 DR Bracket: 1
	 Base: 5%
	 Effective Percent: 38,66%
	 Crit Inc Heal: 2,6
	 Crit Inc Damage: 2
Haste
	 Rating: 19964
	 Multiplicative Factor: 0%
	 DR Bracket: 1
	 Base: 12%
	 Effective Percent: 45,85%
Vers
	 Rating: 8877
	 Multiplicative Factor: 0%
	 DR Bracket: 0
	 Base: 3%
	 Effective Percent: 14,38%
Leech
	 Rating: 0
	 Multiplicative Factor: 0%
	 DR Bracket: 0
	 Base: 2%
	 Effective Percent: 2%
Avoidance
	 Rating: 2859
	 Multiplicative Factor: 0%
	 DR Bracket: 0
	 Base: 0%
	 Effective Percent: 5,26%
Mastery
	 Rating: 8808
	 Multiplicative Factor: 0%
	 DR Bracket: 0
	 Base: 16,2%
	 Effective Percent: 38,85%
----------------------
03:13,847

Intellect
	 Rating: 139452
	 Multiplicative Factor: 8,15%
Stamina
	 Rating: 865285
	 Multiplicative Factor: 11,3%
Crit
	 Rating: 29835
	 Multiplicative Factor: 0%
	 DR Bracket: 2
	 Base: 5%
	 Effective Percent: 46,1%
	 Crit Inc Heal: 2,6
	 Crit Inc Damage: 2
Haste
	 Rating: 19964
	 Multiplicative Factor: 0%
	 DR Bracket: 1
	 Base: 12%
	 Effective Percent: 45,85%
Vers
	 Rating: 8877
	 Multiplicative Factor: 0%
	 DR Bracket: 0
	 Base: 3%
	 Effective Percent: 14,38%
Leech
	 Rating: 0
	 Multiplicative Factor: 0%
	 DR Bracket: 0
	 Base: 2%
	 Effective Percent: 2%
Avoidance
	 Rating: 2859
	 Multiplicative Factor: 0%
	 DR Bracket: 0
	 Base: 0%
	 Effective Percent: 5,26%
Mastery
	 Rating: 8808
	 Multiplicative Factor: 0%
	 DR Bracket: 0
	 Base: 16,2%
	 Effective Percent: 38,85%
----------------------
03:14,025

Intellect
	 Rating: 139452
	 Multiplicative Factor: 8,15%
Stamina
	 Rating: 865285
	 Multiplicative Factor: 11,3%
Crit
	 Rating: 29835
	 Multiplicative Factor: 0%
	 DR Bracket: 2
	 Base: 5%
	 Effective Percent: 46,1%
	 Crit Inc Heal: 2,6
	 Crit Inc Damage: 2
Haste
	 Rating: 19964
	 Multiplicative Factor: 0%
	 DR Bracket: 1
	 Base: 3%
	 Effective Percent: 34,13%
Vers
	 Rating: 8877
	 Multiplicative Factor: 0%
	 DR Bracket: 0
	 Base: 3%
	 Effective Percent: 14,38%
Leech
	 Rating: 0
	 Multiplicative Factor: 0%
	 DR Bracket: 0
	 Base: 2%
	 Effective Percent: 2%
Avoidance
	 Rating: 2859
	 Multiplicative Factor: 0%
	 DR Bracket: 0
	 Base: 0%
	 Effective Percent: 5,26%
Mastery
	 Rating: 8808
	 Multiplicative Factor: 0%
	 DR Bracket: 0
	 Base: 16,2%
	 Effective Percent: 38,85%
----------------------
03:14,479

Intellect
	 Rating: 139452
	 Multiplicative Factor: 8,15%
Stamina
	 Rating: 865285
	 Multiplicative Factor: 11,3%
Crit
	 Rating: 29835
	 Multiplicative Factor: 0%
	 DR Bracket: 2
	 Base: 5%
	 Effective Percent: 46,1%
	 Crit Inc Heal: 2,6
	 Crit Inc Damage: 2
Haste
	 Rating: 19964
	 Multiplicative Factor: 0%
	 DR Bracket: 1
	 Base: 2%
	 Effective Percent: 32,83%
Vers
	 Rating: 8877
	 Multiplicative Factor: 0%
	 DR Bracket: 0
	 Base: 3%
	 Effective Percent: 14,38%
Leech
	 Rating: 0
	 Multiplicative Factor: 0%
	 DR Bracket: 0
	 Base: 2%
	 Effective Percent: 2%
Avoidance
	 Rating: 2859
	 Multiplicative Factor: 0%
	 DR Bracket: 0
	 Base: 0%
	 Effective Percent: 5,26%
Mastery
	 Rating: 8808
	 Multiplicative Factor: 0%
	 DR Bracket: 0
	 Base: 16,2%
	 Effective Percent: 38,85%
----------------------
03:15,485

Intellect
	 Rating: 139452
	 Multiplicative Factor: 8,15%
Stamina
	 Rating: 865285
	 Multiplicative Factor: 11,3%
Crit
	 Rating: 29835
	 Multiplicative Factor: 0%
	 DR Bracket: 2
	 Base: 5%
	 Effective Percent: 46,1%
	 Crit Inc Heal: 2,6
	 Crit Inc Damage: 2
Haste
	 Rating: 19964
	 Multiplicative Factor: 0%
	 DR Bracket: 1
	 Base: 1%
	 Effective Percent: 31,53%
Vers
	 Rating: 8877
	 Multiplicative Factor: 0%
	 DR Bracket: 0
	 Base: 3%
	 Effective Percent: 14,38%
Leech
	 Rating: 0
	 Multiplicative Factor: 0%
	 DR Bracket: 0
	 Base: 2%
	 Effective Percent: 2%
Avoidance
	 Rating: 2859
	 Multiplicative Factor: 0%
	 DR Bracket: 0
	 Base: 0%
	 Effective Percent: 5,26%
Mastery
	 Rating: 8808
	 Multiplicative Factor: 0%
	 DR Bracket: 0
	 Base: 16,2%
	 Effective Percent: 38,85%
----------------------
03:16,480

Intellect
	 Rating: 139452
	 Multiplicative Factor: 8,15%
Stamina
	 Rating: 865285
	 Multiplicative Factor: 11,3%
Crit
	 Rating: 29835
	 Multiplicative Factor: 0%
	 DR Bracket: 2
	 Base: 5%
	 Effective Percent: 46,1%
	 Crit Inc Heal: 2,6
	 Crit Inc Damage: 2
Haste
	 Rating: 19964
	 Multiplicative Factor: 0%
	 DR Bracket: 1
	 Base: 0%
	 Effective Percent: 30,22%
Vers
	 Rating: 8877
	 Multiplicative Factor: 0%
	 DR Bracket: 0
	 Base: 3%
	 Effective Percent: 14,38%
Leech
	 Rating: 0
	 Multiplicative Factor: 0%
	 DR Bracket: 0
	 Base: 2%
	 Effective Percent: 2%
Avoidance
	 Rating: 2859
	 Multiplicative Factor: 0%
	 DR Bracket: 0
	 Base: 0%
	 Effective Percent: 5,26%
Mastery
	 Rating: 8808
	 Multiplicative Factor: 0%
	 DR Bracket: 0
	 Base: 16,2%
	 Effective Percent: 38,85%
----------------------
03:23,839

Intellect
	 Rating: 139452
	 Multiplicative Factor: 8,15%
Stamina
	 Rating: 865285
	 Multiplicative Factor: 11,3%
Crit
	 Rating: 23850
	 Multiplicative Factor: 0%
	 DR Bracket: 1
	 Base: 5%
	 Effective Percent: 38,66%
	 Crit Inc Heal: 2,6
	 Crit Inc Damage: 2
Haste
	 Rating: 19964
	 Multiplicative Factor: 0%
	 DR Bracket: 1
	 Base: 0%
	 Effective Percent: 30,22%
Vers
	 Rating: 8877
	 Multiplicative Factor: 0%
	 DR Bracket: 0
	 Base: 3%
	 Effective Percent: 14,38%
Leech
	 Rating: 0
	 Multiplicative Factor: 0%
	 DR Bracket: 0
	 Base: 2%
	 Effective Percent: 2%
Avoidance
	 Rating: 2859
	 Multiplicative Factor: 0%
	 DR Bracket: 0
	 Base: 0%
	 Effective Percent: 5,26%
Mastery
	 Rating: 8808
	 Multiplicative Factor: 0%
	 DR Bracket: 0
	 Base: 16,2%
	 Effective Percent: 38,85%
----------------------
03:34,473

Intellect
	 Rating: 139452
	 Multiplicative Factor: 8,15%
Stamina
	 Rating: 865285
	 Multiplicative Factor: 11,3%
Crit
	 Rating: 23850
	 Multiplicative Factor: 0%
	 DR Bracket: 1
	 Base: 5%
	 Effective Percent: 38,66%
	 Crit Inc Heal: 2
	 Crit Inc Damage: 2
Haste
	 Rating: 19964
	 Multiplicative Factor: 0%
	 DR Bracket: 1
	 Base: 0%
	 Effective Percent: 30,22%
Vers
	 Rating: 8877
	 Multiplicative Factor: 0%
	 DR Bracket: 0
	 Base: 3%
	 Effective Percent: 14,38%
Leech
	 Rating: 0
	 Multiplicative Factor: 0%
	 DR Bracket: 0
	 Base: 2%
	 Effective Percent: 2%
Avoidance
	 Rating: 2859
	 Multiplicative Factor: 0%
	 DR Bracket: 0
	 Base: 0%
	 Effective Percent: 5,26%
Mastery
	 Rating: 8808
	 Multiplicative Factor: 0%
	 DR Bracket: 0
	 Base: 16,2%
	 Effective Percent: 38,85%
----------------------
03:36,344

Intellect
	 Rating: 139452
	 Multiplicative Factor: 8,15%
Stamina
	 Rating: 865285
	 Multiplicative Factor: 11,3%
Crit
	 Rating: 23850
	 Multiplicative Factor: 0%
	 DR Bracket: 1
	 Base: 5%
	 Effective Percent: 38,66%
	 Crit Inc Heal: 2,6
	 Crit Inc Damage: 2
Haste
	 Rating: 19964
	 Multiplicative Factor: 0%
	 DR Bracket: 1
	 Base: 0%
	 Effective Percent: 30,22%
Vers
	 Rating: 8877
	 Multiplicative Factor: 0%
	 DR Bracket: 0
	 Base: 3%
	 Effective Percent: 14,38%
Leech
	 Rating: 0
	 Multiplicative Factor: 0%
	 DR Bracket: 0
	 Base: 2%
	 Effective Percent: 2%
Avoidance
	 Rating: 2859
	 Multiplicative Factor: 0%
	 DR Bracket: 0
	 Base: 0%
	 Effective Percent: 5,26%
Mastery
	 Rating: 8808
	 Multiplicative Factor: 0%
	 DR Bracket: 0
	 Base: 16,2%
	 Effective Percent: 38,85%
----------------------
03:41,098

Intellect
	 Rating: 139452
	 Multiplicative Factor: 8,15%
Stamina
	 Rating: 865285
	 Multiplicative Factor: 11,3%
Crit
	 Rating: 23850
	 Multiplicative Factor: 0%
	 DR Bracket: 1
	 Base: 5%
	 Effective Percent: 38,66%
	 Crit Inc Heal: 2,6
	 Crit Inc Damage: 2
Haste
	 Rating: 19964
	 Multiplicative Factor: 0%
	 DR Bracket: 1
	 Base: 1%
	 Effective Percent: 31,53%
Vers
	 Rating: 8877
	 Multiplicative Factor: 0%
	 DR Bracket: 0
	 Base: 3%
	 Effective Percent: 14,38%
Leech
	 Rating: 0
	 Multiplicative Factor: 0%
	 DR Bracket: 0
	 Base: 2%
	 Effective Percent: 2%
Avoidance
	 Rating: 2859
	 Multiplicative Factor: 0%
	 DR Bracket: 0
	 Base: 0%
	 Effective Percent: 5,26%
Mastery
	 Rating: 8808
	 Multiplicative Factor: 0%
	 DR Bracket: 0
	 Base: 16,2%
	 Effective Percent: 38,85%
----------------------
03:42,097

Intellect
	 Rating: 139452
	 Multiplicative Factor: 8,15%
Stamina
	 Rating: 865285
	 Multiplicative Factor: 11,3%
Crit
	 Rating: 23850
	 Multiplicative Factor: 0%
	 DR Bracket: 1
	 Base: 5%
	 Effective Percent: 38,66%
	 Crit Inc Heal: 2,6
	 Crit Inc Damage: 2
Haste
	 Rating: 19964
	 Multiplicative Factor: 0%
	 DR Bracket: 1
	 Base: 29%
	 Effective Percent: 67,99%
Vers
	 Rating: 8877
	 Multiplicative Factor: 0%
	 DR Bracket: 0
	 Base: 3%
	 Effective Percent: 14,38%
Leech
	 Rating: 0
	 Multiplicative Factor: 0%
	 DR Bracket: 0
	 Base: 2%
	 Effective Percent: 2%
Avoidance
	 Rating: 2859
	 Multiplicative Factor: 0%
	 DR Bracket: 0
	 Base: 0%
	 Effective Percent: 5,26%
Mastery
	 Rating: 8808
	 Multiplicative Factor: 0%
	 DR Bracket: 0
	 Base: 16,2%
	 Effective Percent: 38,85%
----------------------
03:43,090

Intellect
	 Rating: 139452
	 Multiplicative Factor: 8,15%
Stamina
	 Rating: 865285
	 Multiplicative Factor: 11,3%
Crit
	 Rating: 23850
	 Multiplicative Factor: 0%
	 DR Bracket: 1
	 Base: 5%
	 Effective Percent: 38,66%
	 Crit Inc Heal: 2,6
	 Crit Inc Damage: 2
Haste
	 Rating: 19964
	 Multiplicative Factor: 0%
	 DR Bracket: 1
	 Base: 28%
	 Effective Percent: 66,69%
Vers
	 Rating: 8877
	 Multiplicative Factor: 0%
	 DR Bracket: 0
	 Base: 3%
	 Effective Percent: 14,38%
Leech
	 Rating: 0
	 Multiplicative Factor: 0%
	 DR Bracket: 0
	 Base: 2%
	 Effective Percent: 2%
Avoidance
	 Rating: 2859
	 Multiplicative Factor: 0%
	 DR Bracket: 0
	 Base: 0%
	 Effective Percent: 5,26%
Mastery
	 Rating: 8808
	 Multiplicative Factor: 0%
	 DR Bracket: 0
	 Base: 16,2%
	 Effective Percent: 38,85%
----------------------
03:43,302

Intellect
	 Rating: 139452
	 Multiplicative Factor: 8,15%
Stamina
	 Rating: 865285
	 Multiplicative Factor: 11,3%
Crit
	 Rating: 23850
	 Multiplicative Factor: 0%
	 DR Bracket: 1
	 Base: 5%
	 Effective Percent: 38,66%
	 Crit Inc Heal: 2,6
	 Crit Inc Damage: 2
Haste
	 Rating: 19964
	 Multiplicative Factor: 0%
	 DR Bracket: 1
	 Base: 31%
	 Effective Percent: 70,59%
Vers
	 Rating: 8877
	 Multiplicative Factor: 0%
	 DR Bracket: 0
	 Base: 3%
	 Effective Percent: 14,38%
Leech
	 Rating: 0
	 Multiplicative Factor: 0%
	 DR Bracket: 0
	 Base: 2%
	 Effective Percent: 2%
Avoidance
	 Rating: 2859
	 Multiplicative Factor: 0%
	 DR Bracket: 0
	 Base: 0%
	 Effective Percent: 5,26%
Mastery
	 Rating: 8808
	 Multiplicative Factor: 0%
	 DR Bracket: 0
	 Base: 16,2%
	 Effective Percent: 38,85%
----------------------
03:43,323

Intellect
	 Rating: 139452
	 Multiplicative Factor: 8,15%
Stamina
	 Rating: 865285
	 Multiplicative Factor: 11,3%
Crit
	 Rating: 23850
	 Multiplicative Factor: 0%
	 DR Bracket: 1
	 Base: 5%
	 Effective Percent: 38,66%
	 Crit Inc Heal: 2,6
	 Crit Inc Damage: 2
Haste
	 Rating: 19964
	 Multiplicative Factor: 0%
	 DR Bracket: 1
	 Base: 34%
	 Effective Percent: 74,5%
Vers
	 Rating: 8877
	 Multiplicative Factor: 0%
	 DR Bracket: 0
	 Base: 3%
	 Effective Percent: 14,38%
Leech
	 Rating: 0
	 Multiplicative Factor: 0%
	 DR Bracket: 0
	 Base: 2%
	 Effective Percent: 2%
Avoidance
	 Rating: 2859
	 Multiplicative Factor: 0%
	 DR Bracket: 0
	 Base: 0%
	 Effective Percent: 5,26%
Mastery
	 Rating: 8808
	 Multiplicative Factor: 0%
	 DR Bracket: 0
	 Base: 16,2%
	 Effective Percent: 38,85%
----------------------
03:43,324

Intellect
	 Rating: 139452
	 Multiplicative Factor: 8,15%
Stamina
	 Rating: 865285
	 Multiplicative Factor: 11,3%
Crit
	 Rating: 23850
	 Multiplicative Factor: 0%
	 DR Bracket: 1
	 Base: 5%
	 Effective Percent: 38,66%
	 Crit Inc Heal: 2,6
	 Crit Inc Damage: 2
Haste
	 Rating: 19964
	 Multiplicative Factor: 0%
	 DR Bracket: 1
	 Base: 37%
	 Effective Percent: 78,41%
Vers
	 Rating: 8877
	 Multiplicative Factor: 0%
	 DR Bracket: 0
	 Base: 3%
	 Effective Percent: 14,38%
Leech
	 Rating: 0
	 Multiplicative Factor: 0%
	 DR Bracket: 0
	 Base: 2%
	 Effective Percent: 2%
Avoidance
	 Rating: 2859
	 Multiplicative Factor: 0%
	 DR Bracket: 0
	 Base: 0%
	 Effective Percent: 5,26%
Mastery
	 Rating: 8808
	 Multiplicative Factor: 0%
	 DR Bracket: 0
	 Base: 16,2%
	 Effective Percent: 38,85%
----------------------
03:44,103

Intellect
	 Rating: 139452
	 Multiplicative Factor: 8,15%
Stamina
	 Rating: 865285
	 Multiplicative Factor: 11,3%
Crit
	 Rating: 23850
	 Multiplicative Factor: 0%
	 DR Bracket: 1
	 Base: 5%
	 Effective Percent: 38,66%
	 Crit Inc Heal: 2,6
	 Crit Inc Damage: 2
Haste
	 Rating: 19964
	 Multiplicative Factor: 0%
	 DR Bracket: 1
	 Base: 36%
	 Effective Percent: 77,1%
Vers
	 Rating: 8877
	 Multiplicative Factor: 0%
	 DR Bracket: 0
	 Base: 3%
	 Effective Percent: 14,38%
Leech
	 Rating: 0
	 Multiplicative Factor: 0%
	 DR Bracket: 0
	 Base: 2%
	 Effective Percent: 2%
Avoidance
	 Rating: 2859
	 Multiplicative Factor: 0%
	 DR Bracket: 0
	 Base: 0%
	 Effective Percent: 5,26%
Mastery
	 Rating: 8808
	 Multiplicative Factor: 0%
	 DR Bracket: 0
	 Base: 16,2%
	 Effective Percent: 38,85%
----------------------
03:45,113

Intellect
	 Rating: 139452
	 Multiplicative Factor: 8,15%
Stamina
	 Rating: 865285
	 Multiplicative Factor: 11,3%
Crit
	 Rating: 23850
	 Multiplicative Factor: 0%
	 DR Bracket: 1
	 Base: 5%
	 Effective Percent: 38,66%
	 Crit Inc Heal: 2,6
	 Crit Inc Damage: 2
Haste
	 Rating: 19964
	 Multiplicative Factor: 0%
	 DR Bracket: 1
	 Base: 35%
	 Effective Percent: 75,8%
Vers
	 Rating: 8877
	 Multiplicative Factor: 0%
	 DR Bracket: 0
	 Base: 3%
	 Effective Percent: 14,38%
Leech
	 Rating: 0
	 Multiplicative Factor: 0%
	 DR Bracket: 0
	 Base: 2%
	 Effective Percent: 2%
Avoidance
	 Rating: 2859
	 Multiplicative Factor: 0%
	 DR Bracket: 0
	 Base: 0%
	 Effective Percent: 5,26%
Mastery
	 Rating: 8808
	 Multiplicative Factor: 0%
	 DR Bracket: 0
	 Base: 16,2%
	 Effective Percent: 38,85%
----------------------
03:46,107

Intellect
	 Rating: 139452
	 Multiplicative Factor: 8,15%
Stamina
	 Rating: 865285
	 Multiplicative Factor: 11,3%
Crit
	 Rating: 23850
	 Multiplicative Factor: 0%
	 DR Bracket: 1
	 Base: 5%
	 Effective Percent: 38,66%
	 Crit Inc Heal: 2,6
	 Crit Inc Damage: 2
Haste
	 Rating: 19964
	 Multiplicative Factor: 0%
	 DR Bracket: 1
	 Base: 34%
	 Effective Percent: 74,5%
Vers
	 Rating: 8877
	 Multiplicative Factor: 0%
	 DR Bracket: 0
	 Base: 3%
	 Effective Percent: 14,38%
Leech
	 Rating: 0
	 Multiplicative Factor: 0%
	 DR Bracket: 0
	 Base: 2%
	 Effective Percent: 2%
Avoidance
	 Rating: 2859
	 Multiplicative Factor: 0%
	 DR Bracket: 0
	 Base: 0%
	 Effective Percent: 5,26%
Mastery
	 Rating: 8808
	 Multiplicative Factor: 0%
	 DR Bracket: 0
	 Base: 16,2%
	 Effective Percent: 38,85%
----------------------
03:47,112

Intellect
	 Rating: 139452
	 Multiplicative Factor: 8,15%
Stamina
	 Rating: 865285
	 Multiplicative Factor: 11,3%
Crit
	 Rating: 23850
	 Multiplicative Factor: 0%
	 DR Bracket: 1
	 Base: 5%
	 Effective Percent: 38,66%
	 Crit Inc Heal: 2,6
	 Crit Inc Damage: 2
Haste
	 Rating: 19964
	 Multiplicative Factor: 0%
	 DR Bracket: 1
	 Base: 33%
	 Effective Percent: 73,2%
Vers
	 Rating: 8877
	 Multiplicative Factor: 0%
	 DR Bracket: 0
	 Base: 3%
	 Effective Percent: 14,38%
Leech
	 Rating: 0
	 Multiplicative Factor: 0%
	 DR Bracket: 0
	 Base: 2%
	 Effective Percent: 2%
Avoidance
	 Rating: 2859
	 Multiplicative Factor: 0%
	 DR Bracket: 0
	 Base: 0%
	 Effective Percent: 5,26%
Mastery
	 Rating: 8808
	 Multiplicative Factor: 0%
	 DR Bracket: 0
	 Base: 16,2%
	 Effective Percent: 38,85%
----------------------
03:48,104

Intellect
	 Rating: 139452
	 Multiplicative Factor: 8,15%
Stamina
	 Rating: 865285
	 Multiplicative Factor: 11,3%
Crit
	 Rating: 23850
	 Multiplicative Factor: 0%
	 DR Bracket: 1
	 Base: 5%
	 Effective Percent: 38,66%
	 Crit Inc Heal: 2,6
	 Crit Inc Damage: 2
Haste
	 Rating: 19964
	 Multiplicative Factor: 0%
	 DR Bracket: 1
	 Base: 32%
	 Effective Percent: 71,9%
Vers
	 Rating: 8877
	 Multiplicative Factor: 0%
	 DR Bracket: 0
	 Base: 3%
	 Effective Percent: 14,38%
Leech
	 Rating: 0
	 Multiplicative Factor: 0%
	 DR Bracket: 0
	 Base: 2%
	 Effective Percent: 2%
Avoidance
	 Rating: 2859
	 Multiplicative Factor: 0%
	 DR Bracket: 0
	 Base: 0%
	 Effective Percent: 5,26%
Mastery
	 Rating: 8808
	 Multiplicative Factor: 0%
	 DR Bracket: 0
	 Base: 16,2%
	 Effective Percent: 38,85%
----------------------
03:49,100

Intellect
	 Rating: 139452
	 Multiplicative Factor: 8,15%
Stamina
	 Rating: 865285
	 Multiplicative Factor: 11,3%
Crit
	 Rating: 23850
	 Multiplicative Factor: 0%
	 DR Bracket: 1
	 Base: 5%
	 Effective Percent: 38,66%
	 Crit Inc Heal: 2,6
	 Crit Inc Damage: 2
Haste
	 Rating: 19964
	 Multiplicative Factor: 0%
	 DR Bracket: 1
	 Base: 31%
	 Effective Percent: 70,59%
Vers
	 Rating: 8877
	 Multiplicative Factor: 0%
	 DR Bracket: 0
	 Base: 3%
	 Effective Percent: 14,38%
Leech
	 Rating: 0
	 Multiplicative Factor: 0%
	 DR Bracket: 0
	 Base: 2%
	 Effective Percent: 2%
Avoidance
	 Rating: 2859
	 Multiplicative Factor: 0%
	 DR Bracket: 0
	 Base: 0%
	 Effective Percent: 5,26%
Mastery
	 Rating: 8808
	 Multiplicative Factor: 0%
	 DR Bracket: 0
	 Base: 16,2%
	 Effective Percent: 38,85%
----------------------
03:50,086

Intellect
	 Rating: 139452
	 Multiplicative Factor: 8,15%
Stamina
	 Rating: 865285
	 Multiplicative Factor: 11,3%
Crit
	 Rating: 23850
	 Multiplicative Factor: 0%
	 DR Bracket: 1
	 Base: 5%
	 Effective Percent: 38,66%
	 Crit Inc Heal: 2,6
	 Crit Inc Damage: 2
Haste
	 Rating: 19964
	 Multiplicative Factor: 0%
	 DR Bracket: 1
	 Base: 30%
	 Effective Percent: 69,29%
Vers
	 Rating: 8877
	 Multiplicative Factor: 0%
	 DR Bracket: 0
	 Base: 3%
	 Effective Percent: 14,38%
Leech
	 Rating: 0
	 Multiplicative Factor: 0%
	 DR Bracket: 0
	 Base: 2%
	 Effective Percent: 2%
Avoidance
	 Rating: 2859
	 Multiplicative Factor: 0%
	 DR Bracket: 0
	 Base: 0%
	 Effective Percent: 5,26%
Mastery
	 Rating: 8808
	 Multiplicative Factor: 0%
	 DR Bracket: 0
	 Base: 16,2%
	 Effective Percent: 38,85%
----------------------
03:51,097

Intellect
	 Rating: 139452
	 Multiplicative Factor: 8,15%
Stamina
	 Rating: 865285
	 Multiplicative Factor: 11,3%
Crit
	 Rating: 23850
	 Multiplicative Factor: 0%
	 DR Bracket: 1
	 Base: 5%
	 Effective Percent: 38,66%
	 Crit Inc Heal: 2,6
	 Crit Inc Damage: 2
Haste
	 Rating: 19964
	 Multiplicative Factor: 0%
	 DR Bracket: 1
	 Base: 29%
	 Effective Percent: 67,99%
Vers
	 Rating: 8877
	 Multiplicative Factor: 0%
	 DR Bracket: 0
	 Base: 3%
	 Effective Percent: 14,38%
Leech
	 Rating: 0
	 Multiplicative Factor: 0%
	 DR Bracket: 0
	 Base: 2%
	 Effective Percent: 2%
Avoidance
	 Rating: 2859
	 Multiplicative Factor: 0%
	 DR Bracket: 0
	 Base: 0%
	 Effective Percent: 5,26%
Mastery
	 Rating: 8808
	 Multiplicative Factor: 0%
	 DR Bracket: 0
	 Base: 16,2%
	 Effective Percent: 38,85%
----------------------
03:51,324

Intellect
	 Rating: 139452
	 Multiplicative Factor: 8,15%
Stamina
	 Rating: 865285
	 Multiplicative Factor: 11,3%
Crit
	 Rating: 23850
	 Multiplicative Factor: 0%
	 DR Bracket: 1
	 Base: 5%
	 Effective Percent: 38,66%
	 Crit Inc Heal: 2,6
	 Crit Inc Damage: 2
Haste
	 Rating: 19964
	 Multiplicative Factor: 0%
	 DR Bracket: 1
	 Base: 20%
	 Effective Percent: 56,27%
Vers
	 Rating: 8877
	 Multiplicative Factor: 0%
	 DR Bracket: 0
	 Base: 3%
	 Effective Percent: 14,38%
Leech
	 Rating: 0
	 Multiplicative Factor: 0%
	 DR Bracket: 0
	 Base: 2%
	 Effective Percent: 2%
Avoidance
	 Rating: 2859
	 Multiplicative Factor: 0%
	 DR Bracket: 0
	 Base: 0%
	 Effective Percent: 5,26%
Mastery
	 Rating: 8808
	 Multiplicative Factor: 0%
	 DR Bracket: 0
	 Base: 16,2%
	 Effective Percent: 38,85%
----------------------
03:52,098

Intellect
	 Rating: 139452
	 Multiplicative Factor: 8,15%
Stamina
	 Rating: 865285
	 Multiplicative Factor: 11,3%
Crit
	 Rating: 23850
	 Multiplicative Factor: 0%
	 DR Bracket: 1
	 Base: 5%
	 Effective Percent: 38,66%
	 Crit Inc Heal: 2,6
	 Crit Inc Damage: 2
Haste
	 Rating: 19964
	 Multiplicative Factor: 0%
	 DR Bracket: 1
	 Base: 19%
	 Effective Percent: 54,97%
Vers
	 Rating: 8877
	 Multiplicative Factor: 0%
	 DR Bracket: 0
	 Base: 3%
	 Effective Percent: 14,38%
Leech
	 Rating: 0
	 Multiplicative Factor: 0%
	 DR Bracket: 0
	 Base: 2%
	 Effective Percent: 2%
Avoidance
	 Rating: 2859
	 Multiplicative Factor: 0%
	 DR Bracket: 0
	 Base: 0%
	 Effective Percent: 5,26%
Mastery
	 Rating: 8808
	 Multiplicative Factor: 0%
	 DR Bracket: 0
	 Base: 16,2%
	 Effective Percent: 38,85%
----------------------
03:53,115

Intellect
	 Rating: 139452
	 Multiplicative Factor: 8,15%
Stamina
	 Rating: 865285
	 Multiplicative Factor: 11,3%
Crit
	 Rating: 23850
	 Multiplicative Factor: 0%
	 DR Bracket: 1
	 Base: 5%
	 Effective Percent: 38,66%
	 Crit Inc Heal: 2,6
	 Crit Inc Damage: 2
Haste
	 Rating: 19964
	 Multiplicative Factor: 0%
	 DR Bracket: 1
	 Base: 18%
	 Effective Percent: 53,66%
Vers
	 Rating: 8877
	 Multiplicative Factor: 0%
	 DR Bracket: 0
	 Base: 3%
	 Effective Percent: 14,38%
Leech
	 Rating: 0
	 Multiplicative Factor: 0%
	 DR Bracket: 0
	 Base: 2%
	 Effective Percent: 2%
Avoidance
	 Rating: 2859
	 Multiplicative Factor: 0%
	 DR Bracket: 0
	 Base: 0%
	 Effective Percent: 5,26%
Mastery
	 Rating: 8808
	 Multiplicative Factor: 0%
	 DR Bracket: 0
	 Base: 16,2%
	 Effective Percent: 38,85%
----------------------
03:54,106

Intellect
	 Rating: 139452
	 Multiplicative Factor: 8,15%
Stamina
	 Rating: 865285
	 Multiplicative Factor: 11,3%
Crit
	 Rating: 23850
	 Multiplicative Factor: 0%
	 DR Bracket: 1
	 Base: 5%
	 Effective Percent: 38,66%
	 Crit Inc Heal: 2,6
	 Crit Inc Damage: 2
Haste
	 Rating: 19964
	 Multiplicative Factor: 0%
	 DR Bracket: 1
	 Base: 17%
	 Effective Percent: 52,36%
Vers
	 Rating: 8877
	 Multiplicative Factor: 0%
	 DR Bracket: 0
	 Base: 3%
	 Effective Percent: 14,38%
Leech
	 Rating: 0
	 Multiplicative Factor: 0%
	 DR Bracket: 0
	 Base: 2%
	 Effective Percent: 2%
Avoidance
	 Rating: 2859
	 Multiplicative Factor: 0%
	 DR Bracket: 0
	 Base: 0%
	 Effective Percent: 5,26%
Mastery
	 Rating: 8808
	 Multiplicative Factor: 0%
	 DR Bracket: 0
	 Base: 16,2%
	 Effective Percent: 38,85%
----------------------
03:55,110

Intellect
	 Rating: 139452
	 Multiplicative Factor: 8,15%
Stamina
	 Rating: 865285
	 Multiplicative Factor: 11,3%
Crit
	 Rating: 23850
	 Multiplicative Factor: 0%
	 DR Bracket: 1
	 Base: 5%
	 Effective Percent: 38,66%
	 Crit Inc Heal: 2,6
	 Crit Inc Damage: 2
Haste
	 Rating: 19964
	 Multiplicative Factor: 0%
	 DR Bracket: 1
	 Base: 16%
	 Effective Percent: 51,06%
Vers
	 Rating: 8877
	 Multiplicative Factor: 0%
	 DR Bracket: 0
	 Base: 3%
	 Effective Percent: 14,38%
Leech
	 Rating: 0
	 Multiplicative Factor: 0%
	 DR Bracket: 0
	 Base: 2%
	 Effective Percent: 2%
Avoidance
	 Rating: 2859
	 Multiplicative Factor: 0%
	 DR Bracket: 0
	 Base: 0%
	 Effective Percent: 5,26%
Mastery
	 Rating: 8808
	 Multiplicative Factor: 0%
	 DR Bracket: 0
	 Base: 16,2%
	 Effective Percent: 38,85%
----------------------
03:56,107

Intellect
	 Rating: 139452
	 Multiplicative Factor: 8,15%
Stamina
	 Rating: 865285
	 Multiplicative Factor: 11,3%
Crit
	 Rating: 23850
	 Multiplicative Factor: 0%
	 DR Bracket: 1
	 Base: 5%
	 Effective Percent: 38,66%
	 Crit Inc Heal: 2,6
	 Crit Inc Damage: 2
Haste
	 Rating: 19964
	 Multiplicative Factor: 0%
	 DR Bracket: 1
	 Base: 15%
	 Effective Percent: 49,76%
Vers
	 Rating: 8877
	 Multiplicative Factor: 0%
	 DR Bracket: 0
	 Base: 3%
	 Effective Percent: 14,38%
Leech
	 Rating: 0
	 Multiplicative Factor: 0%
	 DR Bracket: 0
	 Base: 2%
	 Effective Percent: 2%
Avoidance
	 Rating: 2859
	 Multiplicative Factor: 0%
	 DR Bracket: 0
	 Base: 0%
	 Effective Percent: 5,26%
Mastery
	 Rating: 8808
	 Multiplicative Factor: 0%
	 DR Bracket: 0
	 Base: 16,2%
	 Effective Percent: 38,85%
----------------------
03:57,096

Intellect
	 Rating: 139452
	 Multiplicative Factor: 8,15%
Stamina
	 Rating: 865285
	 Multiplicative Factor: 11,3%
Crit
	 Rating: 23850
	 Multiplicative Factor: 0%
	 DR Bracket: 1
	 Base: 5%
	 Effective Percent: 38,66%
	 Crit Inc Heal: 2,6
	 Crit Inc Damage: 2
Haste
	 Rating: 19964
	 Multiplicative Factor: 0%
	 DR Bracket: 1
	 Base: 14%
	 Effective Percent: 48,45%
Vers
	 Rating: 8877
	 Multiplicative Factor: 0%
	 DR Bracket: 0
	 Base: 3%
	 Effective Percent: 14,38%
Leech
	 Rating: 0
	 Multiplicative Factor: 0%
	 DR Bracket: 0
	 Base: 2%
	 Effective Percent: 2%
Avoidance
	 Rating: 2859
	 Multiplicative Factor: 0%
	 DR Bracket: 0
	 Base: 0%
	 Effective Percent: 5,26%
Mastery
	 Rating: 8808
	 Multiplicative Factor: 0%
	 DR Bracket: 0
	 Base: 16,2%
	 Effective Percent: 38,85%
----------------------
03:58,100

Intellect
	 Rating: 139452
	 Multiplicative Factor: 8,15%
Stamina
	 Rating: 865285
	 Multiplicative Factor: 11,3%
Crit
	 Rating: 23850
	 Multiplicative Factor: 0%
	 DR Bracket: 1
	 Base: 5%
	 Effective Percent: 38,66%
	 Crit Inc Heal: 2,6
	 Crit Inc Damage: 2
Haste
	 Rating: 19964
	 Multiplicative Factor: 0%
	 DR Bracket: 1
	 Base: 13%
	 Effective Percent: 47,15%
Vers
	 Rating: 8877
	 Multiplicative Factor: 0%
	 DR Bracket: 0
	 Base: 3%
	 Effective Percent: 14,38%
Leech
	 Rating: 0
	 Multiplicative Factor: 0%
	 DR Bracket: 0
	 Base: 2%
	 Effective Percent: 2%
Avoidance
	 Rating: 2859
	 Multiplicative Factor: 0%
	 DR Bracket: 0
	 Base: 0%
	 Effective Percent: 5,26%
Mastery
	 Rating: 8808
	 Multiplicative Factor: 0%
	 DR Bracket: 0
	 Base: 16,2%
	 Effective Percent: 38,85%
----------------------
03:59,097

Intellect
	 Rating: 139452
	 Multiplicative Factor: 8,15%
Stamina
	 Rating: 865285
	 Multiplicative Factor: 11,3%
Crit
	 Rating: 23850
	 Multiplicative Factor: 0%
	 DR Bracket: 1
	 Base: 5%
	 Effective Percent: 38,66%
	 Crit Inc Heal: 2,6
	 Crit Inc Damage: 2
Haste
	 Rating: 19964
	 Multiplicative Factor: 0%
	 DR Bracket: 1
	 Base: 12%
	 Effective Percent: 45,85%
Vers
	 Rating: 8877
	 Multiplicative Factor: 0%
	 DR Bracket: 0
	 Base: 3%
	 Effective Percent: 14,38%
Leech
	 Rating: 0
	 Multiplicative Factor: 0%
	 DR Bracket: 0
	 Base: 2%
	 Effective Percent: 2%
Avoidance
	 Rating: 2859
	 Multiplicative Factor: 0%
	 DR Bracket: 0
	 Base: 0%
	 Effective Percent: 5,26%
Mastery
	 Rating: 8808
	 Multiplicative Factor: 0%
	 DR Bracket: 0
	 Base: 16,2%
	 Effective Percent: 38,85%
----------------------
04:00,109

Intellect
	 Rating: 139452
	 Multiplicative Factor: 8,15%
Stamina
	 Rating: 865285
	 Multiplicative Factor: 11,3%
Crit
	 Rating: 23850
	 Multiplicative Factor: 0%
	 DR Bracket: 1
	 Base: 5%
	 Effective Percent: 38,66%
	 Crit Inc Heal: 2,6
	 Crit Inc Damage: 2
Haste
	 Rating: 19964
	 Multiplicative Factor: 0%
	 DR Bracket: 1
	 Base: 11%
	 Effective Percent: 44,55%
Vers
	 Rating: 8877
	 Multiplicative Factor: 0%
	 DR Bracket: 0
	 Base: 3%
	 Effective Percent: 14,38%
Leech
	 Rating: 0
	 Multiplicative Factor: 0%
	 DR Bracket: 0
	 Base: 2%
	 Effective Percent: 2%
Avoidance
	 Rating: 2859
	 Multiplicative Factor: 0%
	 DR Bracket: 0
	 Base: 0%
	 Effective Percent: 5,26%
Mastery
	 Rating: 8808
	 Multiplicative Factor: 0%
	 DR Bracket: 0
	 Base: 16,2%
	 Effective Percent: 38,85%
----------------------
04:01,114

Intellect
	 Rating: 139452
	 Multiplicative Factor: 8,15%
Stamina
	 Rating: 865285
	 Multiplicative Factor: 11,3%
Crit
	 Rating: 23850
	 Multiplicative Factor: 0%
	 DR Bracket: 1
	 Base: 5%
	 Effective Percent: 38,66%
	 Crit Inc Heal: 2,6
	 Crit Inc Damage: 2
Haste
	 Rating: 19964
	 Multiplicative Factor: 0%
	 DR Bracket: 1
	 Base: 10%
	 Effective Percent: 43,25%
Vers
	 Rating: 8877
	 Multiplicative Factor: 0%
	 DR Bracket: 0
	 Base: 3%
	 Effective Percent: 14,38%
Leech
	 Rating: 0
	 Multiplicative Factor: 0%
	 DR Bracket: 0
	 Base: 2%
	 Effective Percent: 2%
Avoidance
	 Rating: 2859
	 Multiplicative Factor: 0%
	 DR Bracket: 0
	 Base: 0%
	 Effective Percent: 5,26%
Mastery
	 Rating: 8808
	 Multiplicative Factor: 0%
	 DR Bracket: 0
	 Base: 16,2%
	 Effective Percent: 38,85%
----------------------
04:02,097

Intellect
	 Rating: 139452
	 Multiplicative Factor: 8,15%
Stamina
	 Rating: 865285
	 Multiplicative Factor: 11,3%
Crit
	 Rating: 23850
	 Multiplicative Factor: 0%
	 DR Bracket: 1
	 Base: 5%
	 Effective Percent: 38,66%
	 Crit Inc Heal: 2,6
	 Crit Inc Damage: 2
Haste
	 Rating: 19964
	 Multiplicative Factor: 0%
	 DR Bracket: 1
	 Base: 9%
	 Effective Percent: 41,94%
Vers
	 Rating: 8877
	 Multiplicative Factor: 0%
	 DR Bracket: 0
	 Base: 3%
	 Effective Percent: 14,38%
Leech
	 Rating: 0
	 Multiplicative Factor: 0%
	 DR Bracket: 0
	 Base: 2%
	 Effective Percent: 2%
Avoidance
	 Rating: 2859
	 Multiplicative Factor: 0%
	 DR Bracket: 0
	 Base: 0%
	 Effective Percent: 5,26%
Mastery
	 Rating: 8808
	 Multiplicative Factor: 0%
	 DR Bracket: 0
	 Base: 16,2%
	 Effective Percent: 38,85%
----------------------
04:03,091

Intellect
	 Rating: 139452
	 Multiplicative Factor: 8,15%
Stamina
	 Rating: 865285
	 Multiplicative Factor: 11,3%
Crit
	 Rating: 23850
	 Multiplicative Factor: 0%
	 DR Bracket: 1
	 Base: 5%
	 Effective Percent: 38,66%
	 Crit Inc Heal: 2,6
	 Crit Inc Damage: 2
Haste
	 Rating: 19964
	 Multiplicative Factor: 0%
	 DR Bracket: 1
	 Base: 8%
	 Effective Percent: 40,64%
Vers
	 Rating: 8877
	 Multiplicative Factor: 0%
	 DR Bracket: 0
	 Base: 3%
	 Effective Percent: 14,38%
Leech
	 Rating: 0
	 Multiplicative Factor: 0%
	 DR Bracket: 0
	 Base: 2%
	 Effective Percent: 2%
Avoidance
	 Rating: 2859
	 Multiplicative Factor: 0%
	 DR Bracket: 0
	 Base: 0%
	 Effective Percent: 5,26%
Mastery
	 Rating: 8808
	 Multiplicative Factor: 0%
	 DR Bracket: 0
	 Base: 16,2%
	 Effective Percent: 38,85%
----------------------
04:04,101

Intellect
	 Rating: 139452
	 Multiplicative Factor: 8,15%
Stamina
	 Rating: 865285
	 Multiplicative Factor: 11,3%
Crit
	 Rating: 23850
	 Multiplicative Factor: 0%
	 DR Bracket: 1
	 Base: 5%
	 Effective Percent: 38,66%
	 Crit Inc Heal: 2,6
	 Crit Inc Damage: 2
Haste
	 Rating: 19964
	 Multiplicative Factor: 0%
	 DR Bracket: 1
	 Base: 7%
	 Effective Percent: 39,34%
Vers
	 Rating: 8877
	 Multiplicative Factor: 0%
	 DR Bracket: 0
	 Base: 3%
	 Effective Percent: 14,38%
Leech
	 Rating: 0
	 Multiplicative Factor: 0%
	 DR Bracket: 0
	 Base: 2%
	 Effective Percent: 2%
Avoidance
	 Rating: 2859
	 Multiplicative Factor: 0%
	 DR Bracket: 0
	 Base: 0%
	 Effective Percent: 5,26%
Mastery
	 Rating: 8808
	 Multiplicative Factor: 0%
	 DR Bracket: 0
	 Base: 16,2%
	 Effective Percent: 38,85%
----------------------
04:05,102

Intellect
	 Rating: 139452
	 Multiplicative Factor: 8,15%
Stamina
	 Rating: 865285
	 Multiplicative Factor: 11,3%
Crit
	 Rating: 23850
	 Multiplicative Factor: 0%
	 DR Bracket: 1
	 Base: 5%
	 Effective Percent: 38,66%
	 Crit Inc Heal: 2,6
	 Crit Inc Damage: 2
Haste
	 Rating: 19964
	 Multiplicative Factor: 0%
	 DR Bracket: 1
	 Base: 6%
	 Effective Percent: 38,04%
Vers
	 Rating: 8877
	 Multiplicative Factor: 0%
	 DR Bracket: 0
	 Base: 3%
	 Effective Percent: 14,38%
Leech
	 Rating: 0
	 Multiplicative Factor: 0%
	 DR Bracket: 0
	 Base: 2%
	 Effective Percent: 2%
Avoidance
	 Rating: 2859
	 Multiplicative Factor: 0%
	 DR Bracket: 0
	 Base: 0%
	 Effective Percent: 5,26%
Mastery
	 Rating: 8808
	 Multiplicative Factor: 0%
	 DR Bracket: 0
	 Base: 16,2%
	 Effective Percent: 38,85%
----------------------
04:06,097

Intellect
	 Rating: 139452
	 Multiplicative Factor: 8,15%
Stamina
	 Rating: 865285
	 Multiplicative Factor: 11,3%
Crit
	 Rating: 23850
	 Multiplicative Factor: 0%
	 DR Bracket: 1
	 Base: 5%
	 Effective Percent: 38,66%
	 Crit Inc Heal: 2,6
	 Crit Inc Damage: 2
Haste
	 Rating: 19964
	 Multiplicative Factor: 0%
	 DR Bracket: 1
	 Base: 5%
	 Effective Percent: 36,73%
Vers
	 Rating: 8877
	 Multiplicative Factor: 0%
	 DR Bracket: 0
	 Base: 3%
	 Effective Percent: 14,38%
Leech
	 Rating: 0
	 Multiplicative Factor: 0%
	 DR Bracket: 0
	 Base: 2%
	 Effective Percent: 2%
Avoidance
	 Rating: 2859
	 Multiplicative Factor: 0%
	 DR Bracket: 0
	 Base: 0%
	 Effective Percent: 5,26%
Mastery
	 Rating: 8808
	 Multiplicative Factor: 0%
	 DR Bracket: 0
	 Base: 16,2%
	 Effective Percent: 38,85%
----------------------
04:07,100

Intellect
	 Rating: 139452
	 Multiplicative Factor: 8,15%
Stamina
	 Rating: 865285
	 Multiplicative Factor: 11,3%
Crit
	 Rating: 23850
	 Multiplicative Factor: 0%
	 DR Bracket: 1
	 Base: 5%
	 Effective Percent: 38,66%
	 Crit Inc Heal: 2,6
	 Crit Inc Damage: 2
Haste
	 Rating: 19964
	 Multiplicative Factor: 0%
	 DR Bracket: 1
	 Base: 4%
	 Effective Percent: 35,43%
Vers
	 Rating: 8877
	 Multiplicative Factor: 0%
	 DR Bracket: 0
	 Base: 3%
	 Effective Percent: 14,38%
Leech
	 Rating: 0
	 Multiplicative Factor: 0%
	 DR Bracket: 0
	 Base: 2%
	 Effective Percent: 2%
Avoidance
	 Rating: 2859
	 Multiplicative Factor: 0%
	 DR Bracket: 0
	 Base: 0%
	 Effective Percent: 5,26%
Mastery
	 Rating: 8808
	 Multiplicative Factor: 0%
	 DR Bracket: 0
	 Base: 16,2%
	 Effective Percent: 38,85%
----------------------
04:08,104

Intellect
	 Rating: 139452
	 Multiplicative Factor: 8,15%
Stamina
	 Rating: 865285
	 Multiplicative Factor: 11,3%
Crit
	 Rating: 23850
	 Multiplicative Factor: 0%
	 DR Bracket: 1
	 Base: 5%
	 Effective Percent: 38,66%
	 Crit Inc Heal: 2,6
	 Crit Inc Damage: 2
Haste
	 Rating: 19964
	 Multiplicative Factor: 0%
	 DR Bracket: 1
	 Base: 3%
	 Effective Percent: 34,13%
Vers
	 Rating: 8877
	 Multiplicative Factor: 0%
	 DR Bracket: 0
	 Base: 3%
	 Effective Percent: 14,38%
Leech
	 Rating: 0
	 Multiplicative Factor: 0%
	 DR Bracket: 0
	 Base: 2%
	 Effective Percent: 2%
Avoidance
	 Rating: 2859
	 Multiplicative Factor: 0%
	 DR Bracket: 0
	 Base: 0%
	 Effective Percent: 5,26%
Mastery
	 Rating: 8808
	 Multiplicative Factor: 0%
	 DR Bracket: 0
	 Base: 16,2%
	 Effective Percent: 38,85%
----------------------
04:09,105

Intellect
	 Rating: 139452
	 Multiplicative Factor: 8,15%
Stamina
	 Rating: 865285
	 Multiplicative Factor: 11,3%
Crit
	 Rating: 23850
	 Multiplicative Factor: 0%
	 DR Bracket: 1
	 Base: 5%
	 Effective Percent: 38,66%
	 Crit Inc Heal: 2,6
	 Crit Inc Damage: 2
Haste
	 Rating: 19964
	 Multiplicative Factor: 0%
	 DR Bracket: 1
	 Base: 2%
	 Effective Percent: 32,83%
Vers
	 Rating: 8877
	 Multiplicative Factor: 0%
	 DR Bracket: 0
	 Base: 3%
	 Effective Percent: 14,38%
Leech
	 Rating: 0
	 Multiplicative Factor: 0%
	 DR Bracket: 0
	 Base: 2%
	 Effective Percent: 2%
Avoidance
	 Rating: 2859
	 Multiplicative Factor: 0%
	 DR Bracket: 0
	 Base: 0%
	 Effective Percent: 5,26%
Mastery
	 Rating: 8808
	 Multiplicative Factor: 0%
	 DR Bracket: 0
	 Base: 16,2%
	 Effective Percent: 38,85%
----------------------
04:10,113

Intellect
	 Rating: 139452
	 Multiplicative Factor: 8,15%
Stamina
	 Rating: 865285
	 Multiplicative Factor: 11,3%
Crit
	 Rating: 23850
	 Multiplicative Factor: 0%
	 DR Bracket: 1
	 Base: 5%
	 Effective Percent: 38,66%
	 Crit Inc Heal: 2,6
	 Crit Inc Damage: 2
Haste
	 Rating: 19964
	 Multiplicative Factor: 0%
	 DR Bracket: 1
	 Base: 1%
	 Effective Percent: 31,53%
Vers
	 Rating: 8877
	 Multiplicative Factor: 0%
	 DR Bracket: 0
	 Base: 3%
	 Effective Percent: 14,38%
Leech
	 Rating: 0
	 Multiplicative Factor: 0%
	 DR Bracket: 0
	 Base: 2%
	 Effective Percent: 2%
Avoidance
	 Rating: 2859
	 Multiplicative Factor: 0%
	 DR Bracket: 0
	 Base: 0%
	 Effective Percent: 5,26%
Mastery
	 Rating: 8808
	 Multiplicative Factor: 0%
	 DR Bracket: 0
	 Base: 16,2%
	 Effective Percent: 38,85%
----------------------
04:11,112

Intellect
	 Rating: 139452
	 Multiplicative Factor: 8,15%
Stamina
	 Rating: 865285
	 Multiplicative Factor: 11,3%
Crit
	 Rating: 23850
	 Multiplicative Factor: 0%
	 DR Bracket: 1
	 Base: 5%
	 Effective Percent: 38,66%
	 Crit Inc Heal: 2,6
	 Crit Inc Damage: 2
Haste
	 Rating: 19964
	 Multiplicative Factor: 0%
	 DR Bracket: 1
	 Base: 0%
	 Effective Percent: 30,22%
Vers
	 Rating: 8877
	 Multiplicative Factor: 0%
	 DR Bracket: 0
	 Base: 3%
	 Effective Percent: 14,38%
Leech
	 Rating: 0
	 Multiplicative Factor: 0%
	 DR Bracket: 0
	 Base: 2%
	 Effective Percent: 2%
Avoidance
	 Rating: 2859
	 Multiplicative Factor: 0%
	 DR Bracket: 0
	 Base: 0%
	 Effective Percent: 5,26%
Mastery
	 Rating: 8808
	 Multiplicative Factor: 0%
	 DR Bracket: 0
	 Base: 16,2%
	 Effective Percent: 38,85%
----------------------
04:13,886

Intellect
	 Rating: 139452
	 Multiplicative Factor: 8,15%
Stamina
	 Rating: 865285
	 Multiplicative Factor: 11,3%
Crit
	 Rating: 29835
	 Multiplicative Factor: 0%
	 DR Bracket: 2
	 Base: 5%
	 Effective Percent: 46,1%
	 Crit Inc Heal: 2,6
	 Crit Inc Damage: 2
Haste
	 Rating: 19964
	 Multiplicative Factor: 0%
	 DR Bracket: 1
	 Base: 0%
	 Effective Percent: 30,22%
Vers
	 Rating: 8877
	 Multiplicative Factor: 0%
	 DR Bracket: 0
	 Base: 3%
	 Effective Percent: 14,38%
Leech
	 Rating: 0
	 Multiplicative Factor: 0%
	 DR Bracket: 0
	 Base: 2%
	 Effective Percent: 2%
Avoidance
	 Rating: 2859
	 Multiplicative Factor: 0%
	 DR Bracket: 0
	 Base: 0%
	 Effective Percent: 5,26%
Mastery
	 Rating: 8808
	 Multiplicative Factor: 0%
	 DR Bracket: 0
	 Base: 16,2%
	 Effective Percent: 38,85%
----------------------
04:20,630

Intellect
	 Rating: 139452
	 Multiplicative Factor: 8,15%
Stamina
	 Rating: 865285
	 Multiplicative Factor: 11,3%
Crit
	 Rating: 29835
	 Multiplicative Factor: 0%
	 DR Bracket: 2
	 Base: 5%
	 Effective Percent: 46,1%
	 Crit Inc Heal: 2,6
	 Crit Inc Damage: 2
Haste
	 Rating: 19964
	 Multiplicative Factor: 0%
	 DR Bracket: 1
	 Base: 3%
	 Effective Percent: 34,13%
Vers
	 Rating: 8877
	 Multiplicative Factor: 0%
	 DR Bracket: 0
	 Base: 3%
	 Effective Percent: 14,38%
Leech
	 Rating: 0
	 Multiplicative Factor: 0%
	 DR Bracket: 0
	 Base: 2%
	 Effective Percent: 2%
Avoidance
	 Rating: 2859
	 Multiplicative Factor: 0%
	 DR Bracket: 0
	 Base: 0%
	 Effective Percent: 5,26%
Mastery
	 Rating: 8808
	 Multiplicative Factor: 0%
	 DR Bracket: 0
	 Base: 16,2%
	 Effective Percent: 38,85%
----------------------
04:20,633

Intellect
	 Rating: 139452
	 Multiplicative Factor: 8,15%
Stamina
	 Rating: 865285
	 Multiplicative Factor: 11,3%
Crit
	 Rating: 29835
	 Multiplicative Factor: 0%
	 DR Bracket: 2
	 Base: 5%
	 Effective Percent: 46,1%
	 Crit Inc Heal: 2,6
	 Crit Inc Damage: 2
Haste
	 Rating: 19964
	 Multiplicative Factor: 0%
	 DR Bracket: 1
	 Base: 9%
	 Effective Percent: 41,94%
Vers
	 Rating: 8877
	 Multiplicative Factor: 0%
	 DR Bracket: 0
	 Base: 3%
	 Effective Percent: 14,38%
Leech
	 Rating: 0
	 Multiplicative Factor: 0%
	 DR Bracket: 0
	 Base: 2%
	 Effective Percent: 2%
Avoidance
	 Rating: 2859
	 Multiplicative Factor: 0%
	 DR Bracket: 0
	 Base: 0%
	 Effective Percent: 5,26%
Mastery
	 Rating: 8808
	 Multiplicative Factor: 0%
	 DR Bracket: 0
	 Base: 16,2%
	 Effective Percent: 38,85%
----------------------
04:20,633

Intellect
	 Rating: 139452
	 Multiplicative Factor: 8,15%
Stamina
	 Rating: 865285
	 Multiplicative Factor: 11,3%
Crit
	 Rating: 29835
	 Multiplicative Factor: 0%
	 DR Bracket: 2
	 Base: 5%
	 Effective Percent: 46,1%
	 Crit Inc Heal: 2,6
	 Crit Inc Damage: 2
Haste
	 Rating: 19964
	 Multiplicative Factor: 0%
	 DR Bracket: 1
	 Base: 6%
	 Effective Percent: 38,04%
Vers
	 Rating: 8877
	 Multiplicative Factor: 0%
	 DR Bracket: 0
	 Base: 3%
	 Effective Percent: 14,38%
Leech
	 Rating: 0
	 Multiplicative Factor: 0%
	 DR Bracket: 0
	 Base: 2%
	 Effective Percent: 2%
Avoidance
	 Rating: 2859
	 Multiplicative Factor: 0%
	 DR Bracket: 0
	 Base: 0%
	 Effective Percent: 5,26%
Mastery
	 Rating: 8808
	 Multiplicative Factor: 0%
	 DR Bracket: 0
	 Base: 16,2%
	 Effective Percent: 38,85%
----------------------
04:23,894

Intellect
	 Rating: 139452
	 Multiplicative Factor: 8,15%
Stamina
	 Rating: 865285
	 Multiplicative Factor: 11,3%
Crit
	 Rating: 23850
	 Multiplicative Factor: 0%
	 DR Bracket: 1
	 Base: 5%
	 Effective Percent: 38,66%
	 Crit Inc Heal: 2,6
	 Crit Inc Damage: 2
Haste
	 Rating: 19964
	 Multiplicative Factor: 0%
	 DR Bracket: 1
	 Base: 6%
	 Effective Percent: 38,04%
Vers
	 Rating: 8877
	 Multiplicative Factor: 0%
	 DR Bracket: 0
	 Base: 3%
	 Effective Percent: 14,38%
Leech
	 Rating: 0
	 Multiplicative Factor: 0%
	 DR Bracket: 0
	 Base: 2%
	 Effective Percent: 2%
Avoidance
	 Rating: 2859
	 Multiplicative Factor: 0%
	 DR Bracket: 0
	 Base: 0%
	 Effective Percent: 5,26%
Mastery
	 Rating: 8808
	 Multiplicative Factor: 0%
	 DR Bracket: 0
	 Base: 16,2%
	 Effective Percent: 38,85%
----------------------
04:28,637

Intellect
	 Rating: 139452
	 Multiplicative Factor: 8,15%
Stamina
	 Rating: 865285
	 Multiplicative Factor: 11,3%
Crit
	 Rating: 23850
	 Multiplicative Factor: 0%
	 DR Bracket: 1
	 Base: 5%
	 Effective Percent: 38,66%
	 Crit Inc Heal: 2,6
	 Crit Inc Damage: 2
Haste
	 Rating: 19964
	 Multiplicative Factor: 0%
	 DR Bracket: 1
	 Base: 0%
	 Effective Percent: 30,22%
Vers
	 Rating: 8877
	 Multiplicative Factor: 0%
	 DR Bracket: 0
	 Base: 3%
	 Effective Percent: 14,38%
Leech
	 Rating: 0
	 Multiplicative Factor: 0%
	 DR Bracket: 0
	 Base: 2%
	 Effective Percent: 2%
Avoidance
	 Rating: 2859
	 Multiplicative Factor: 0%
	 DR Bracket: 0
	 Base: 0%
	 Effective Percent: 5,26%
Mastery
	 Rating: 8808
	 Multiplicative Factor: 0%
	 DR Bracket: 0
	 Base: 16,2%
	 Effective Percent: 38,85%
----------------------
04:29,224

Intellect
	 Rating: 139452
	 Multiplicative Factor: 8,15%
Stamina
	 Rating: 865285
	 Multiplicative Factor: 11,3%
Crit
	 Rating: 23850
	 Multiplicative Factor: 0%
	 DR Bracket: 1
	 Base: 5%
	 Effective Percent: 38,66%
	 Crit Inc Heal: 2,6
	 Crit Inc Damage: 2
Haste
	 Rating: 19964
	 Multiplicative Factor: 0%
	 DR Bracket: 1
	 Base: 3%
	 Effective Percent: 34,13%
Vers
	 Rating: 8877
	 Multiplicative Factor: 0%
	 DR Bracket: 0
	 Base: 3%
	 Effective Percent: 14,38%
Leech
	 Rating: 0
	 Multiplicative Factor: 0%
	 DR Bracket: 0
	 Base: 2%
	 Effective Percent: 2%
Avoidance
	 Rating: 2859
	 Multiplicative Factor: 0%
	 DR Bracket: 0
	 Base: 0%
	 Effective Percent: 5,26%
Mastery
	 Rating: 8808
	 Multiplicative Factor: 0%
	 DR Bracket: 0
	 Base: 16,2%
	 Effective Percent: 38,85%
----------------------
04:29,229

Intellect
	 Rating: 139452
	 Multiplicative Factor: 8,15%
Stamina
	 Rating: 865285
	 Multiplicative Factor: 11,3%
Crit
	 Rating: 23850
	 Multiplicative Factor: 0%
	 DR Bracket: 1
	 Base: 5%
	 Effective Percent: 38,66%
	 Crit Inc Heal: 2,6
	 Crit Inc Damage: 2
Haste
	 Rating: 19964
	 Multiplicative Factor: 0%
	 DR Bracket: 1
	 Base: 9%
	 Effective Percent: 41,94%
Vers
	 Rating: 8877
	 Multiplicative Factor: 0%
	 DR Bracket: 0
	 Base: 3%
	 Effective Percent: 14,38%
Leech
	 Rating: 0
	 Multiplicative Factor: 0%
	 DR Bracket: 0
	 Base: 2%
	 Effective Percent: 2%
Avoidance
	 Rating: 2859
	 Multiplicative Factor: 0%
	 DR Bracket: 0
	 Base: 0%
	 Effective Percent: 5,26%
Mastery
	 Rating: 8808
	 Multiplicative Factor: 0%
	 DR Bracket: 0
	 Base: 16,2%
	 Effective Percent: 38,85%
----------------------
04:29,229

Intellect
	 Rating: 139452
	 Multiplicative Factor: 8,15%
Stamina
	 Rating: 865285
	 Multiplicative Factor: 11,3%
Crit
	 Rating: 23850
	 Multiplicative Factor: 0%
	 DR Bracket: 1
	 Base: 5%
	 Effective Percent: 38,66%
	 Crit Inc Heal: 2,6
	 Crit Inc Damage: 2
Haste
	 Rating: 19964
	 Multiplicative Factor: 0%
	 DR Bracket: 1
	 Base: 6%
	 Effective Percent: 38,04%
Vers
	 Rating: 8877
	 Multiplicative Factor: 0%
	 DR Bracket: 0
	 Base: 3%
	 Effective Percent: 14,38%
Leech
	 Rating: 0
	 Multiplicative Factor: 0%
	 DR Bracket: 0
	 Base: 2%
	 Effective Percent: 2%
Avoidance
	 Rating: 2859
	 Multiplicative Factor: 0%
	 DR Bracket: 0
	 Base: 0%
	 Effective Percent: 5,26%
Mastery
	 Rating: 8808
	 Multiplicative Factor: 0%
	 DR Bracket: 0
	 Base: 16,2%
	 Effective Percent: 38,85%
----------------------
04:36,270

Intellect
	 Rating: 139452
	 Multiplicative Factor: 8,15%
Stamina
	 Rating: 865285
	 Multiplicative Factor: 11,3%
Crit
	 Rating: 23850
	 Multiplicative Factor: 0%
	 DR Bracket: 1
	 Base: 5%
	 Effective Percent: 38,66%
	 Crit Inc Heal: 2,6
	 Crit Inc Damage: 2
Haste
	 Rating: 19964
	 Multiplicative Factor: 0%
	 DR Bracket: 1
	 Base: 7%
	 Effective Percent: 39,34%
Vers
	 Rating: 8877
	 Multiplicative Factor: 0%
	 DR Bracket: 0
	 Base: 3%
	 Effective Percent: 14,38%
Leech
	 Rating: 0
	 Multiplicative Factor: 0%
	 DR Bracket: 0
	 Base: 2%
	 Effective Percent: 2%
Avoidance
	 Rating: 2859
	 Multiplicative Factor: 0%
	 DR Bracket: 0
	 Base: 0%
	 Effective Percent: 5,26%
Mastery
	 Rating: 8808
	 Multiplicative Factor: 0%
	 DR Bracket: 0
	 Base: 16,2%
	 Effective Percent: 38,85%
----------------------
04:37,236

Intellect
	 Rating: 139452
	 Multiplicative Factor: 8,15%
Stamina
	 Rating: 865285
	 Multiplicative Factor: 11,3%
Crit
	 Rating: 23850
	 Multiplicative Factor: 0%
	 DR Bracket: 1
	 Base: 5%
	 Effective Percent: 38,66%
	 Crit Inc Heal: 2,6
	 Crit Inc Damage: 2
Haste
	 Rating: 19964
	 Multiplicative Factor: 0%
	 DR Bracket: 1
	 Base: 1%
	 Effective Percent: 31,53%
Vers
	 Rating: 8877
	 Multiplicative Factor: 0%
	 DR Bracket: 0
	 Base: 3%
	 Effective Percent: 14,38%
Leech
	 Rating: 0
	 Multiplicative Factor: 0%
	 DR Bracket: 0
	 Base: 2%
	 Effective Percent: 2%
Avoidance
	 Rating: 2859
	 Multiplicative Factor: 0%
	 DR Bracket: 0
	 Base: 0%
	 Effective Percent: 5,26%
Mastery
	 Rating: 8808
	 Multiplicative Factor: 0%
	 DR Bracket: 0
	 Base: 16,2%
	 Effective Percent: 38,85%
----------------------
04:37,297

Intellect
	 Rating: 139452
	 Multiplicative Factor: 8,15%
Stamina
	 Rating: 865285
	 Multiplicative Factor: 11,3%
Crit
	 Rating: 23850
	 Multiplicative Factor: 0%
	 DR Bracket: 1
	 Base: 5%
	 Effective Percent: 38,66%
	 Crit Inc Heal: 2,6
	 Crit Inc Damage: 2
Haste
	 Rating: 19964
	 Multiplicative Factor: 0%
	 DR Bracket: 1
	 Base: 29%
	 Effective Percent: 67,99%
Vers
	 Rating: 8877
	 Multiplicative Factor: 0%
	 DR Bracket: 0
	 Base: 3%
	 Effective Percent: 14,38%
Leech
	 Rating: 0
	 Multiplicative Factor: 0%
	 DR Bracket: 0
	 Base: 2%
	 Effective Percent: 2%
Avoidance
	 Rating: 2859
	 Multiplicative Factor: 0%
	 DR Bracket: 0
	 Base: 0%
	 Effective Percent: 5,26%
Mastery
	 Rating: 8808
	 Multiplicative Factor: 0%
	 DR Bracket: 0
	 Base: 16,2%
	 Effective Percent: 38,85%
----------------------
04:38,277

Intellect
	 Rating: 139452
	 Multiplicative Factor: 8,15%
Stamina
	 Rating: 865285
	 Multiplicative Factor: 11,3%
Crit
	 Rating: 23850
	 Multiplicative Factor: 0%
	 DR Bracket: 1
	 Base: 5%
	 Effective Percent: 38,66%
	 Crit Inc Heal: 2,6
	 Crit Inc Damage: 2
Haste
	 Rating: 19964
	 Multiplicative Factor: 0%
	 DR Bracket: 1
	 Base: 28%
	 Effective Percent: 66,69%
Vers
	 Rating: 8877
	 Multiplicative Factor: 0%
	 DR Bracket: 0
	 Base: 3%
	 Effective Percent: 14,38%
Leech
	 Rating: 0
	 Multiplicative Factor: 0%
	 DR Bracket: 0
	 Base: 2%
	 Effective Percent: 2%
Avoidance
	 Rating: 2859
	 Multiplicative Factor: 0%
	 DR Bracket: 0
	 Base: 0%
	 Effective Percent: 5,26%
Mastery
	 Rating: 8808
	 Multiplicative Factor: 0%
	 DR Bracket: 0
	 Base: 16,2%
	 Effective Percent: 38,85%
----------------------
04:39,277

Intellect
	 Rating: 139452
	 Multiplicative Factor: 8,15%
Stamina
	 Rating: 865285
	 Multiplicative Factor: 11,3%
Crit
	 Rating: 23850
	 Multiplicative Factor: 0%
	 DR Bracket: 1
	 Base: 5%
	 Effective Percent: 38,66%
	 Crit Inc Heal: 2,6
	 Crit Inc Damage: 2
Haste
	 Rating: 19964
	 Multiplicative Factor: 0%
	 DR Bracket: 1
	 Base: 27%
	 Effective Percent: 65,38%
Vers
	 Rating: 8877
	 Multiplicative Factor: 0%
	 DR Bracket: 0
	 Base: 3%
	 Effective Percent: 14,38%
Leech
	 Rating: 0
	 Multiplicative Factor: 0%
	 DR Bracket: 0
	 Base: 2%
	 Effective Percent: 2%
Avoidance
	 Rating: 2859
	 Multiplicative Factor: 0%
	 DR Bracket: 0
	 Base: 0%
	 Effective Percent: 5,26%
Mastery
	 Rating: 8808
	 Multiplicative Factor: 0%
	 DR Bracket: 0
	 Base: 16,2%
	 Effective Percent: 38,85%
