----------------------
00:06,462

Intellect
	 Rating: 146396
	 Multiplicative Factor: 13,56%
	 Eff: 146396,25000000003
Stamina
	 Rating: 868193
	 Multiplicative Factor: 11,3%
	 Eff: 868193
Crit
	 Rating: 16628
	 Multiplicative Factor: 0%
	 Eff: 20128
	 DR Bracket: 0
	 Base: 5%
	 Effective Percent: 28,75%
	 Crit Inc Heal: 2
	 Crit Inc Damage: 2
Haste
	 Rating: 12119
	 Multiplicative Factor: 0%
	 Eff: 12119
	 DR Bracket: 0
	 Base: 0%
	 Effective Percent: 18,36%
Vers
	 Rating: 6581
	 Multiplicative Factor: 0%
	 Eff: 8921
	 DR Bracket: 0
	 Base: 3%
	 Effective Percent: 11,44%
Leech
	 Rating: 4284
	 Multiplicative Factor: 0%
	 Eff: 6323,99025
	 DR Bracket: 0
	 Base: 2%
	 Effective Percent: 6,2%
Avoidance
	 Rating: 1884
	 Multiplicative Factor: 0%
	 Eff: 1884
	 DR Bracket: 0
	 Base: 0%
	 Effective Percent: 3,46%
Mastery
	 Rating: 28677
	 Multiplicative Factor: 0%
	 Eff: 35541,6
	 DR Bracket: 2
	 Base: 19,8%
	 Effective Percent: 91,39%
----------------------
00:06,797

Intellect
	 Rating: 146396
	 Multiplicative Factor: 13,56%
	 Eff: 146396,25000000003
Stamina
	 Rating: 868193
	 Multiplicative Factor: 11,3%
	 Eff: 868193
Crit
	 Rating: 16628
	 Multiplicative Factor: 0%
	 Eff: 20128
	 DR Bracket: 0
	 Base: 5%
	 Effective Percent: 28,75%
	 Crit Inc Heal: 2
	 Crit Inc Damage: 2
Haste
	 Rating: 12119
	 Multiplicative Factor: 0%
	 Eff: 12900,19
	 DR Bracket: 0
	 Base: 1%
	 Effective Percent: 19,55%
Vers
	 Rating: 6581
	 Multiplicative Factor: 0%
	 Eff: 8921
	 DR Bracket: 0
	 Base: 3%
	 Effective Percent: 11,44%
Leech
	 Rating: 4284
	 Multiplicative Factor: 0%
	 Eff: 6323,99025
	 DR Bracket: 0
	 Base: 2%
	 Effective Percent: 6,2%
Avoidance
	 Rating: 1884
	 Multiplicative Factor: 0%
	 Eff: 1884
	 DR Bracket: 0
	 Base: 0%
	 Effective Percent: 3,46%
Mastery
	 Rating: 28677
	 Multiplicative Factor: 0%
	 Eff: 35541,6
	 DR Bracket: 2
	 Base: 19,8%
	 Effective Percent: 91,39%
----------------------
00:06,961

Intellect
	 Rating: 146396
	 Multiplicative Factor: 13,56%
	 Eff: 146396,25000000003
Stamina
	 Rating: 868193
	 Multiplicative Factor: 11,3%
	 Eff: 868193
Crit
	 Rating: 16628
	 Multiplicative Factor: 0%
	 Eff: 20128
	 DR Bracket: 0
	 Base: 5%
	 Effective Percent: 28,75%
	 Crit Inc Heal: 2
	 Crit Inc Damage: 2
Haste
	 Rating: 12119
	 Multiplicative Factor: 0%
	 Eff: 19930,9
	 DR Bracket: 0
	 Base: 10%
	 Effective Percent: 30,2%
Vers
	 Rating: 6581
	 Multiplicative Factor: 0%
	 Eff: 8921
	 DR Bracket: 0
	 Base: 3%
	 Effective Percent: 11,44%
Leech
	 Rating: 4284
	 Multiplicative Factor: 0%
	 Eff: 6323,99025
	 DR Bracket: 0
	 Base: 2%
	 Effective Percent: 6,2%
Avoidance
	 Rating: 1884
	 Multiplicative Factor: 0%
	 Eff: 1884
	 DR Bracket: 0
	 Base: 0%
	 Effective Percent: 3,46%
Mastery
	 Rating: 28677
	 Multiplicative Factor: 0%
	 Eff: 35541,6
	 DR Bracket: 2
	 Base: 19,8%
	 Effective Percent: 91,39%
----------------------
00:06,961

Intellect
	 Rating: 146396
	 Multiplicative Factor: 13,56%
	 Eff: 146396,25000000003
Stamina
	 Rating: 868193
	 Multiplicative Factor: 11,3%
	 Eff: 868193
Crit
	 Rating: 16628
	 Multiplicative Factor: 0%
	 Eff: 20128
	 DR Bracket: 0
	 Base: 5%
	 Effective Percent: 28,75%
	 Crit Inc Heal: 2
	 Crit Inc Damage: 2
Haste
	 Rating: 12119
	 Multiplicative Factor: 0%
	 Eff: 17587,33
	 DR Bracket: 0
	 Base: 7%
	 Effective Percent: 26,65%
Vers
	 Rating: 6581
	 Multiplicative Factor: 0%
	 Eff: 8921
	 DR Bracket: 0
	 Base: 3%
	 Effective Percent: 11,44%
Leech
	 Rating: 4284
	 Multiplicative Factor: 0%
	 Eff: 6323,99025
	 DR Bracket: 0
	 Base: 2%
	 Effective Percent: 6,2%
Avoidance
	 Rating: 1884
	 Multiplicative Factor: 0%
	 Eff: 1884
	 DR Bracket: 0
	 Base: 0%
	 Effective Percent: 3,46%
Mastery
	 Rating: 28677
	 Multiplicative Factor: 0%
	 Eff: 35541,6
	 DR Bracket: 2
	 Base: 19,8%
	 Effective Percent: 91,39%
----------------------
00:06,961

Intellect
	 Rating: 146396
	 Multiplicative Factor: 13,56%
	 Eff: 146396,25000000003
Stamina
	 Rating: 868193
	 Multiplicative Factor: 11,3%
	 Eff: 868193
Crit
	 Rating: 16628
	 Multiplicative Factor: 0%
	 Eff: 20128
	 DR Bracket: 0
	 Base: 5%
	 Effective Percent: 28,75%
	 Crit Inc Heal: 2
	 Crit Inc Damage: 2
Haste
	 Rating: 12119
	 Multiplicative Factor: 0%
	 Eff: 19930,9
	 DR Bracket: 0
	 Base: 10%
	 Effective Percent: 30,2%
Vers
	 Rating: 6581
	 Multiplicative Factor: 0%
	 Eff: 8921
	 DR Bracket: 0
	 Base: 3%
	 Effective Percent: 11,44%
Leech
	 Rating: 4284
	 Multiplicative Factor: 0%
	 Eff: 6323,99025
	 DR Bracket: 0
	 Base: 2%
	 Effective Percent: 6,2%
Avoidance
	 Rating: 1884
	 Multiplicative Factor: 0%
	 Eff: 1884
	 DR Bracket: 0
	 Base: 0%
	 Effective Percent: 3,46%
Mastery
	 Rating: 28677
	 Multiplicative Factor: 0%
	 Eff: 35541,6
	 DR Bracket: 2
	 Base: 19,8%
	 Effective Percent: 91,39%
----------------------
00:00,000

Intellect
	 Rating: 146396
	 Multiplicative Factor: 13,56%
	 Eff: 146396,25000000003
Stamina
	 Rating: 868193
	 Multiplicative Factor: 11,3%
	 Eff: 868193
Crit
	 Rating: 16628
	 Multiplicative Factor: 0%
	 Eff: 20128
	 DR Bracket: 0
	 Base: 5%
	 Effective Percent: 28,75%
	 Crit Inc Heal: 2
	 Crit Inc Damage: 2
Haste
	 Rating: 12119
	 Multiplicative Factor: 0%
	 Eff: 15243,76
	 DR Bracket: 0
	 Base: 4%
	 Effective Percent: 23,1%
Vers
	 Rating: 6581
	 Multiplicative Factor: 0%
	 Eff: 8921
	 DR Bracket: 0
	 Base: 3%
	 Effective Percent: 11,44%
Leech
	 Rating: 4284
	 Multiplicative Factor: 0%
	 Eff: 6323,99025
	 DR Bracket: 0
	 Base: 2%
	 Effective Percent: 6,2%
Avoidance
	 Rating: 1884
	 Multiplicative Factor: 0%
	 Eff: 1884
	 DR Bracket: 0
	 Base: 0%
	 Effective Percent: 3,46%
Mastery
	 Rating: 28677
	 Multiplicative Factor: 0%
	 Eff: 35541,6
	 DR Bracket: 2
	 Base: 19,8%
	 Effective Percent: 91,39%
----------------------
00:07,818

Intellect
	 Rating: 146396
	 Multiplicative Factor: 13,56%
	 Eff: 146396,25000000003
Stamina
	 Rating: 868193
	 Multiplicative Factor: 11,3%
	 Eff: 868193
Crit
	 Rating: 16628
	 Multiplicative Factor: 0%
	 Eff: 20128
	 DR Bracket: 0
	 Base: 5%
	 Effective Percent: 28,75%
	 Crit Inc Heal: 2
	 Crit Inc Damage: 2
Haste
	 Rating: 12119
	 Multiplicative Factor: 0%
	 Eff: 37117,08
	 DR Bracket: 0
	 Base: 32%
	 Effective Percent: 56,24%
Vers
	 Rating: 6581
	 Multiplicative Factor: 0%
	 Eff: 8921
	 DR Bracket: 0
	 Base: 3%
	 Effective Percent: 11,44%
Leech
	 Rating: 4284
	 Multiplicative Factor: 0%
	 Eff: 6323,99025
	 DR Bracket: 0
	 Base: 2%
	 Effective Percent: 6,2%
Avoidance
	 Rating: 1884
	 Multiplicative Factor: 0%
	 Eff: 1884
	 DR Bracket: 0
	 Base: 0%
	 Effective Percent: 3,46%
Mastery
	 Rating: 28677
	 Multiplicative Factor: 0%
	 Eff: 35541,6
	 DR Bracket: 2
	 Base: 19,8%
	 Effective Percent: 91,39%
----------------------
00:08,796

Intellect
	 Rating: 146396
	 Multiplicative Factor: 13,56%
	 Eff: 146396,25000000003
Stamina
	 Rating: 868193
	 Multiplicative Factor: 11,3%
	 Eff: 868193
Crit
	 Rating: 16628
	 Multiplicative Factor: 0%
	 Eff: 20128
	 DR Bracket: 0
	 Base: 5%
	 Effective Percent: 28,75%
	 Crit Inc Heal: 2
	 Crit Inc Damage: 2
Haste
	 Rating: 12119
	 Multiplicative Factor: 0%
	 Eff: 36335,89
	 DR Bracket: 0
	 Base: 31%
	 Effective Percent: 55,05%
Vers
	 Rating: 6581
	 Multiplicative Factor: 0%
	 Eff: 8921
	 DR Bracket: 0
	 Base: 3%
	 Effective Percent: 11,44%
Leech
	 Rating: 4284
	 Multiplicative Factor: 0%
	 Eff: 6323,99025
	 DR Bracket: 0
	 Base: 2%
	 Effective Percent: 6,2%
Avoidance
	 Rating: 1884
	 Multiplicative Factor: 0%
	 Eff: 1884
	 DR Bracket: 0
	 Base: 0%
	 Effective Percent: 3,46%
Mastery
	 Rating: 28677
	 Multiplicative Factor: 0%
	 Eff: 35541,6
	 DR Bracket: 2
	 Base: 19,8%
	 Effective Percent: 91,39%
----------------------
00:09,820

Intellect
	 Rating: 146396
	 Multiplicative Factor: 13,56%
	 Eff: 146396,25000000003
Stamina
	 Rating: 868193
	 Multiplicative Factor: 11,3%
	 Eff: 868193
Crit
	 Rating: 16628
	 Multiplicative Factor: 0%
	 Eff: 20128
	 DR Bracket: 0
	 Base: 5%
	 Effective Percent: 28,75%
	 Crit Inc Heal: 2
	 Crit Inc Damage: 2
Haste
	 Rating: 12119
	 Multiplicative Factor: 0%
	 Eff: 35554,7
	 DR Bracket: 0
	 Base: 30%
	 Effective Percent: 53,87%
Vers
	 Rating: 6581
	 Multiplicative Factor: 0%
	 Eff: 8921
	 DR Bracket: 0
	 Base: 3%
	 Effective Percent: 11,44%
Leech
	 Rating: 4284
	 Multiplicative Factor: 0%
	 Eff: 6323,99025
	 DR Bracket: 0
	 Base: 2%
	 Effective Percent: 6,2%
Avoidance
	 Rating: 1884
	 Multiplicative Factor: 0%
	 Eff: 1884
	 DR Bracket: 0
	 Base: 0%
	 Effective Percent: 3,46%
Mastery
	 Rating: 28677
	 Multiplicative Factor: 0%
	 Eff: 35541,6
	 DR Bracket: 2
	 Base: 19,8%
	 Effective Percent: 91,39%
----------------------
00:10,825

Intellect
	 Rating: 146396
	 Multiplicative Factor: 13,56%
	 Eff: 146396,25000000003
Stamina
	 Rating: 868193
	 Multiplicative Factor: 11,3%
	 Eff: 868193
Crit
	 Rating: 16628
	 Multiplicative Factor: 0%
	 Eff: 20128
	 DR Bracket: 0
	 Base: 5%
	 Effective Percent: 28,75%
	 Crit Inc Heal: 2
	 Crit Inc Damage: 2
Haste
	 Rating: 12119
	 Multiplicative Factor: 0%
	 Eff: 34773,51
	 DR Bracket: 0
	 Base: 29%
	 Effective Percent: 52,69%
Vers
	 Rating: 6581
	 Multiplicative Factor: 0%
	 Eff: 8921
	 DR Bracket: 0
	 Base: 3%
	 Effective Percent: 11,44%
Leech
	 Rating: 4284
	 Multiplicative Factor: 0%
	 Eff: 6323,99025
	 DR Bracket: 0
	 Base: 2%
	 Effective Percent: 6,2%
Avoidance
	 Rating: 1884
	 Multiplicative Factor: 0%
	 Eff: 1884
	 DR Bracket: 0
	 Base: 0%
	 Effective Percent: 3,46%
Mastery
	 Rating: 28677
	 Multiplicative Factor: 0%
	 Eff: 35541,6
	 DR Bracket: 2
	 Base: 19,8%
	 Effective Percent: 91,39%
----------------------
00:11,804

Intellect
	 Rating: 146396
	 Multiplicative Factor: 13,56%
	 Eff: 146396,25000000003
Stamina
	 Rating: 868193
	 Multiplicative Factor: 11,3%
	 Eff: 868193
Crit
	 Rating: 16628
	 Multiplicative Factor: 0%
	 Eff: 20128
	 DR Bracket: 0
	 Base: 5%
	 Effective Percent: 28,75%
	 Crit Inc Heal: 2
	 Crit Inc Damage: 2
Haste
	 Rating: 12119
	 Multiplicative Factor: 0%
	 Eff: 33992,32
	 DR Bracket: 0
	 Base: 28%
	 Effective Percent: 51,5%
Vers
	 Rating: 6581
	 Multiplicative Factor: 0%
	 Eff: 8921
	 DR Bracket: 0
	 Base: 3%
	 Effective Percent: 11,44%
Leech
	 Rating: 4284
	 Multiplicative Factor: 0%
	 Eff: 6323,99025
	 DR Bracket: 0
	 Base: 2%
	 Effective Percent: 6,2%
Avoidance
	 Rating: 1884
	 Multiplicative Factor: 0%
	 Eff: 1884
	 DR Bracket: 0
	 Base: 0%
	 Effective Percent: 3,46%
Mastery
	 Rating: 28677
	 Multiplicative Factor: 0%
	 Eff: 35541,6
	 DR Bracket: 2
	 Base: 19,8%
	 Effective Percent: 91,39%
----------------------
00:12,893

Intellect
	 Rating: 146396
	 Multiplicative Factor: 13,56%
	 Eff: 146396,25000000003
Stamina
	 Rating: 868193
	 Multiplicative Factor: 11,3%
	 Eff: 868193
Crit
	 Rating: 16628
	 Multiplicative Factor: 0%
	 Eff: 20128
	 DR Bracket: 0
	 Base: 5%
	 Effective Percent: 28,75%
	 Crit Inc Heal: 2
	 Crit Inc Damage: 2
Haste
	 Rating: 12119
	 Multiplicative Factor: 0%
	 Eff: 33211,130000000005
	 DR Bracket: 0
	 Base: 27%
	 Effective Percent: 50,32%
Vers
	 Rating: 6581
	 Multiplicative Factor: 0%
	 Eff: 8921
	 DR Bracket: 0
	 Base: 3%
	 Effective Percent: 11,44%
Leech
	 Rating: 4284
	 Multiplicative Factor: 0%
	 Eff: 6323,99025
	 DR Bracket: 0
	 Base: 2%
	 Effective Percent: 6,2%
Avoidance
	 Rating: 1884
	 Multiplicative Factor: 0%
	 Eff: 1884
	 DR Bracket: 0
	 Base: 0%
	 Effective Percent: 3,46%
Mastery
	 Rating: 28677
	 Multiplicative Factor: 0%
	 Eff: 35541,6
	 DR Bracket: 2
	 Base: 19,8%
	 Effective Percent: 91,39%
----------------------
00:13,810

Intellect
	 Rating: 146396
	 Multiplicative Factor: 13,56%
	 Eff: 146396,25000000003
Stamina
	 Rating: 868193
	 Multiplicative Factor: 11,3%
	 Eff: 868193
Crit
	 Rating: 16628
	 Multiplicative Factor: 0%
	 Eff: 20128
	 DR Bracket: 0
	 Base: 5%
	 Effective Percent: 28,75%
	 Crit Inc Heal: 2
	 Crit Inc Damage: 2
Haste
	 Rating: 12119
	 Multiplicative Factor: 0%
	 Eff: 32429,940000000002
	 DR Bracket: 0
	 Base: 26%
	 Effective Percent: 49,14%
Vers
	 Rating: 6581
	 Multiplicative Factor: 0%
	 Eff: 8921
	 DR Bracket: 0
	 Base: 3%
	 Effective Percent: 11,44%
Leech
	 Rating: 4284
	 Multiplicative Factor: 0%
	 Eff: 6323,99025
	 DR Bracket: 0
	 Base: 2%
	 Effective Percent: 6,2%
Avoidance
	 Rating: 1884
	 Multiplicative Factor: 0%
	 Eff: 1884
	 DR Bracket: 0
	 Base: 0%
	 Effective Percent: 3,46%
Mastery
	 Rating: 28677
	 Multiplicative Factor: 0%
	 Eff: 35541,6
	 DR Bracket: 2
	 Base: 19,8%
	 Effective Percent: 91,39%
----------------------
00:14,794

Intellect
	 Rating: 146396
	 Multiplicative Factor: 13,56%
	 Eff: 146396,25000000003
Stamina
	 Rating: 868193
	 Multiplicative Factor: 11,3%
	 Eff: 868193
Crit
	 Rating: 16628
	 Multiplicative Factor: 0%
	 Eff: 20128
	 DR Bracket: 0
	 Base: 5%
	 Effective Percent: 28,75%
	 Crit Inc Heal: 2
	 Crit Inc Damage: 2
Haste
	 Rating: 12119
	 Multiplicative Factor: 0%
	 Eff: 31648,75
	 DR Bracket: 0
	 Base: 25%
	 Effective Percent: 47,95%
Vers
	 Rating: 6581
	 Multiplicative Factor: 0%
	 Eff: 8921
	 DR Bracket: 0
	 Base: 3%
	 Effective Percent: 11,44%
Leech
	 Rating: 4284
	 Multiplicative Factor: 0%
	 Eff: 6323,99025
	 DR Bracket: 0
	 Base: 2%
	 Effective Percent: 6,2%
Avoidance
	 Rating: 1884
	 Multiplicative Factor: 0%
	 Eff: 1884
	 DR Bracket: 0
	 Base: 0%
	 Effective Percent: 3,46%
Mastery
	 Rating: 28677
	 Multiplicative Factor: 0%
	 Eff: 35541,6
	 DR Bracket: 2
	 Base: 19,8%
	 Effective Percent: 91,39%
----------------------
00:14,962

Intellect
	 Rating: 146396
	 Multiplicative Factor: 13,56%
	 Eff: 146396,25000000003
Stamina
	 Rating: 868193
	 Multiplicative Factor: 11,3%
	 Eff: 868193
Crit
	 Rating: 16628
	 Multiplicative Factor: 0%
	 Eff: 20128
	 DR Bracket: 0
	 Base: 5%
	 Effective Percent: 28,75%
	 Crit Inc Heal: 2
	 Crit Inc Damage: 2
Haste
	 Rating: 12119
	 Multiplicative Factor: 0%
	 Eff: 29305,18
	 DR Bracket: 0
	 Base: 22%
	 Effective Percent: 44,4%
Vers
	 Rating: 6581
	 Multiplicative Factor: 0%
	 Eff: 8921
	 DR Bracket: 0
	 Base: 3%
	 Effective Percent: 11,44%
Leech
	 Rating: 4284
	 Multiplicative Factor: 0%
	 Eff: 6323,99025
	 DR Bracket: 0
	 Base: 2%
	 Effective Percent: 6,2%
Avoidance
	 Rating: 1884
	 Multiplicative Factor: 0%
	 Eff: 1884
	 DR Bracket: 0
	 Base: 0%
	 Effective Percent: 3,46%
Mastery
	 Rating: 28677
	 Multiplicative Factor: 0%
	 Eff: 35541,6
	 DR Bracket: 2
	 Base: 19,8%
	 Effective Percent: 91,39%
----------------------
00:15,787

Intellect
	 Rating: 146396
	 Multiplicative Factor: 13,56%
	 Eff: 146396,25000000003
Stamina
	 Rating: 868193
	 Multiplicative Factor: 11,3%
	 Eff: 868193
Crit
	 Rating: 16628
	 Multiplicative Factor: 0%
	 Eff: 20128
	 DR Bracket: 0
	 Base: 5%
	 Effective Percent: 28,75%
	 Crit Inc Heal: 2
	 Crit Inc Damage: 2
Haste
	 Rating: 12119
	 Multiplicative Factor: 0%
	 Eff: 28523,99
	 DR Bracket: 0
	 Base: 21%
	 Effective Percent: 43,22%
Vers
	 Rating: 6581
	 Multiplicative Factor: 0%
	 Eff: 8921
	 DR Bracket: 0
	 Base: 3%
	 Effective Percent: 11,44%
Leech
	 Rating: 4284
	 Multiplicative Factor: 0%
	 Eff: 6323,99025
	 DR Bracket: 0
	 Base: 2%
	 Effective Percent: 6,2%
Avoidance
	 Rating: 1884
	 Multiplicative Factor: 0%
	 Eff: 1884
	 DR Bracket: 0
	 Base: 0%
	 Effective Percent: 3,46%
Mastery
	 Rating: 28677
	 Multiplicative Factor: 0%
	 Eff: 35541,6
	 DR Bracket: 2
	 Base: 19,8%
	 Effective Percent: 91,39%
----------------------
00:16,788

Intellect
	 Rating: 146396
	 Multiplicative Factor: 13,56%
	 Eff: 146396,25000000003
Stamina
	 Rating: 868193
	 Multiplicative Factor: 11,3%
	 Eff: 868193
Crit
	 Rating: 16628
	 Multiplicative Factor: 0%
	 Eff: 20128
	 DR Bracket: 0
	 Base: 5%
	 Effective Percent: 28,75%
	 Crit Inc Heal: 2
	 Crit Inc Damage: 2
Haste
	 Rating: 12119
	 Multiplicative Factor: 0%
	 Eff: 27742,800000000003
	 DR Bracket: 0
	 Base: 20%
	 Effective Percent: 42,03%
Vers
	 Rating: 6581
	 Multiplicative Factor: 0%
	 Eff: 8921
	 DR Bracket: 0
	 Base: 3%
	 Effective Percent: 11,44%
Leech
	 Rating: 4284
	 Multiplicative Factor: 0%
	 Eff: 6323,99025
	 DR Bracket: 0
	 Base: 2%
	 Effective Percent: 6,2%
Avoidance
	 Rating: 1884
	 Multiplicative Factor: 0%
	 Eff: 1884
	 DR Bracket: 0
	 Base: 0%
	 Effective Percent: 3,46%
Mastery
	 Rating: 28677
	 Multiplicative Factor: 0%
	 Eff: 35541,6
	 DR Bracket: 2
	 Base: 19,8%
	 Effective Percent: 91,39%
----------------------
00:17,782

Intellect
	 Rating: 146396
	 Multiplicative Factor: 13,56%
	 Eff: 146396,25000000003
Stamina
	 Rating: 868193
	 Multiplicative Factor: 11,3%
	 Eff: 868193
Crit
	 Rating: 16628
	 Multiplicative Factor: 0%
	 Eff: 20128
	 DR Bracket: 0
	 Base: 5%
	 Effective Percent: 28,75%
	 Crit Inc Heal: 2
	 Crit Inc Damage: 2
Haste
	 Rating: 12119
	 Multiplicative Factor: 0%
	 Eff: 26961,61
	 DR Bracket: 0
	 Base: 19%
	 Effective Percent: 40,85%
Vers
	 Rating: 6581
	 Multiplicative Factor: 0%
	 Eff: 8921
	 DR Bracket: 0
	 Base: 3%
	 Effective Percent: 11,44%
Leech
	 Rating: 4284
	 Multiplicative Factor: 0%
	 Eff: 6323,99025
	 DR Bracket: 0
	 Base: 2%
	 Effective Percent: 6,2%
Avoidance
	 Rating: 1884
	 Multiplicative Factor: 0%
	 Eff: 1884
	 DR Bracket: 0
	 Base: 0%
	 Effective Percent: 3,46%
Mastery
	 Rating: 28677
	 Multiplicative Factor: 0%
	 Eff: 35541,6
	 DR Bracket: 2
	 Base: 19,8%
	 Effective Percent: 91,39%
----------------------
00:18,791

Intellect
	 Rating: 146396
	 Multiplicative Factor: 13,56%
	 Eff: 146396,25000000003
Stamina
	 Rating: 868193
	 Multiplicative Factor: 11,3%
	 Eff: 868193
Crit
	 Rating: 16628
	 Multiplicative Factor: 0%
	 Eff: 20128
	 DR Bracket: 0
	 Base: 5%
	 Effective Percent: 28,75%
	 Crit Inc Heal: 2
	 Crit Inc Damage: 2
Haste
	 Rating: 12119
	 Multiplicative Factor: 0%
	 Eff: 26180,42
	 DR Bracket: 0
	 Base: 18%
	 Effective Percent: 39,67%
Vers
	 Rating: 6581
	 Multiplicative Factor: 0%
	 Eff: 8921
	 DR Bracket: 0
	 Base: 3%
	 Effective Percent: 11,44%
Leech
	 Rating: 4284
	 Multiplicative Factor: 0%
	 Eff: 6323,99025
	 DR Bracket: 0
	 Base: 2%
	 Effective Percent: 6,2%
Avoidance
	 Rating: 1884
	 Multiplicative Factor: 0%
	 Eff: 1884
	 DR Bracket: 0
	 Base: 0%
	 Effective Percent: 3,46%
Mastery
	 Rating: 28677
	 Multiplicative Factor: 0%
	 Eff: 35541,6
	 DR Bracket: 2
	 Base: 19,8%
	 Effective Percent: 91,39%
----------------------
00:19,803

Intellect
	 Rating: 146396
	 Multiplicative Factor: 13,56%
	 Eff: 146396,25000000003
Stamina
	 Rating: 868193
	 Multiplicative Factor: 11,3%
	 Eff: 868193
Crit
	 Rating: 16628
	 Multiplicative Factor: 0%
	 Eff: 20128
	 DR Bracket: 0
	 Base: 5%
	 Effective Percent: 28,75%
	 Crit Inc Heal: 2
	 Crit Inc Damage: 2
Haste
	 Rating: 12119
	 Multiplicative Factor: 0%
	 Eff: 25399,230000000003
	 DR Bracket: 0
	 Base: 17%
	 Effective Percent: 38,48%
Vers
	 Rating: 6581
	 Multiplicative Factor: 0%
	 Eff: 8921
	 DR Bracket: 0
	 Base: 3%
	 Effective Percent: 11,44%
Leech
	 Rating: 4284
	 Multiplicative Factor: 0%
	 Eff: 6323,99025
	 DR Bracket: 0
	 Base: 2%
	 Effective Percent: 6,2%
Avoidance
	 Rating: 1884
	 Multiplicative Factor: 0%
	 Eff: 1884
	 DR Bracket: 0
	 Base: 0%
	 Effective Percent: 3,46%
Mastery
	 Rating: 28677
	 Multiplicative Factor: 0%
	 Eff: 35541,6
	 DR Bracket: 2
	 Base: 19,8%
	 Effective Percent: 91,39%
----------------------
00:20,817

Intellect
	 Rating: 146396
	 Multiplicative Factor: 13,56%
	 Eff: 146396,25000000003
Stamina
	 Rating: 868193
	 Multiplicative Factor: 11,3%
	 Eff: 868193
Crit
	 Rating: 16628
	 Multiplicative Factor: 0%
	 Eff: 20128
	 DR Bracket: 0
	 Base: 5%
	 Effective Percent: 28,75%
	 Crit Inc Heal: 2
	 Crit Inc Damage: 2
Haste
	 Rating: 12119
	 Multiplicative Factor: 0%
	 Eff: 24618,04
	 DR Bracket: 0
	 Base: 16%
	 Effective Percent: 37,3%
Vers
	 Rating: 6581
	 Multiplicative Factor: 0%
	 Eff: 8921
	 DR Bracket: 0
	 Base: 3%
	 Effective Percent: 11,44%
Leech
	 Rating: 4284
	 Multiplicative Factor: 0%
	 Eff: 6323,99025
	 DR Bracket: 0
	 Base: 2%
	 Effective Percent: 6,2%
Avoidance
	 Rating: 1884
	 Multiplicative Factor: 0%
	 Eff: 1884
	 DR Bracket: 0
	 Base: 0%
	 Effective Percent: 3,46%
Mastery
	 Rating: 28677
	 Multiplicative Factor: 0%
	 Eff: 35541,6
	 DR Bracket: 2
	 Base: 19,8%
	 Effective Percent: 91,39%
----------------------
00:21,804

Intellect
	 Rating: 146396
	 Multiplicative Factor: 13,56%
	 Eff: 146396,25000000003
Stamina
	 Rating: 868193
	 Multiplicative Factor: 11,3%
	 Eff: 868193
Crit
	 Rating: 16628
	 Multiplicative Factor: 0%
	 Eff: 20128
	 DR Bracket: 0
	 Base: 5%
	 Effective Percent: 28,75%
	 Crit Inc Heal: 2
	 Crit Inc Damage: 2
Haste
	 Rating: 12119
	 Multiplicative Factor: 0%
	 Eff: 23836,85
	 DR Bracket: 0
	 Base: 15%
	 Effective Percent: 36,12%
Vers
	 Rating: 6581
	 Multiplicative Factor: 0%
	 Eff: 8921
	 DR Bracket: 0
	 Base: 3%
	 Effective Percent: 11,44%
Leech
	 Rating: 4284
	 Multiplicative Factor: 0%
	 Eff: 6323,99025
	 DR Bracket: 0
	 Base: 2%
	 Effective Percent: 6,2%
Avoidance
	 Rating: 1884
	 Multiplicative Factor: 0%
	 Eff: 1884
	 DR Bracket: 0
	 Base: 0%
	 Effective Percent: 3,46%
Mastery
	 Rating: 28677
	 Multiplicative Factor: 0%
	 Eff: 35541,6
	 DR Bracket: 2
	 Base: 19,8%
	 Effective Percent: 91,39%
----------------------
00:22,821

Intellect
	 Rating: 146396
	 Multiplicative Factor: 13,56%
	 Eff: 146396,25000000003
Stamina
	 Rating: 868193
	 Multiplicative Factor: 11,3%
	 Eff: 868193
Crit
	 Rating: 16628
	 Multiplicative Factor: 0%
	 Eff: 20128
	 DR Bracket: 0
	 Base: 5%
	 Effective Percent: 28,75%
	 Crit Inc Heal: 2
	 Crit Inc Damage: 2
Haste
	 Rating: 12119
	 Multiplicative Factor: 0%
	 Eff: 23055,66
	 DR Bracket: 0
	 Base: 14%
	 Effective Percent: 34,93%
Vers
	 Rating: 6581
	 Multiplicative Factor: 0%
	 Eff: 8921
	 DR Bracket: 0
	 Base: 3%
	 Effective Percent: 11,44%
Leech
	 Rating: 4284
	 Multiplicative Factor: 0%
	 Eff: 6323,99025
	 DR Bracket: 0
	 Base: 2%
	 Effective Percent: 6,2%
Avoidance
	 Rating: 1884
	 Multiplicative Factor: 0%
	 Eff: 1884
	 DR Bracket: 0
	 Base: 0%
	 Effective Percent: 3,46%
Mastery
	 Rating: 28677
	 Multiplicative Factor: 0%
	 Eff: 35541,6
	 DR Bracket: 2
	 Base: 19,8%
	 Effective Percent: 91,39%
----------------------
00:23,796

Intellect
	 Rating: 146396
	 Multiplicative Factor: 13,56%
	 Eff: 146396,25000000003
Stamina
	 Rating: 868193
	 Multiplicative Factor: 11,3%
	 Eff: 868193
Crit
	 Rating: 16628
	 Multiplicative Factor: 0%
	 Eff: 20128
	 DR Bracket: 0
	 Base: 5%
	 Effective Percent: 28,75%
	 Crit Inc Heal: 2
	 Crit Inc Damage: 2
Haste
	 Rating: 12119
	 Multiplicative Factor: 0%
	 Eff: 22274,47
	 DR Bracket: 0
	 Base: 13%
	 Effective Percent: 33,75%
Vers
	 Rating: 6581
	 Multiplicative Factor: 0%
	 Eff: 8921
	 DR Bracket: 0
	 Base: 3%
	 Effective Percent: 11,44%
Leech
	 Rating: 4284
	 Multiplicative Factor: 0%
	 Eff: 6323,99025
	 DR Bracket: 0
	 Base: 2%
	 Effective Percent: 6,2%
Avoidance
	 Rating: 1884
	 Multiplicative Factor: 0%
	 Eff: 1884
	 DR Bracket: 0
	 Base: 0%
	 Effective Percent: 3,46%
Mastery
	 Rating: 28677
	 Multiplicative Factor: 0%
	 Eff: 35541,6
	 DR Bracket: 2
	 Base: 19,8%
	 Effective Percent: 91,39%
----------------------
00:24,785

Intellect
	 Rating: 146396
	 Multiplicative Factor: 13,56%
	 Eff: 146396,25000000003
Stamina
	 Rating: 868193
	 Multiplicative Factor: 11,3%
	 Eff: 868193
Crit
	 Rating: 16628
	 Multiplicative Factor: 0%
	 Eff: 20128
	 DR Bracket: 0
	 Base: 5%
	 Effective Percent: 28,75%
	 Crit Inc Heal: 2
	 Crit Inc Damage: 2
Haste
	 Rating: 12119
	 Multiplicative Factor: 0%
	 Eff: 21493,28
	 DR Bracket: 0
	 Base: 12%
	 Effective Percent: 32,57%
Vers
	 Rating: 6581
	 Multiplicative Factor: 0%
	 Eff: 8921
	 DR Bracket: 0
	 Base: 3%
	 Effective Percent: 11,44%
Leech
	 Rating: 4284
	 Multiplicative Factor: 0%
	 Eff: 6323,99025
	 DR Bracket: 0
	 Base: 2%
	 Effective Percent: 6,2%
Avoidance
	 Rating: 1884
	 Multiplicative Factor: 0%
	 Eff: 1884
	 DR Bracket: 0
	 Base: 0%
	 Effective Percent: 3,46%
Mastery
	 Rating: 28677
	 Multiplicative Factor: 0%
	 Eff: 35541,6
	 DR Bracket: 2
	 Base: 19,8%
	 Effective Percent: 91,39%
----------------------
00:25,782

Intellect
	 Rating: 146396
	 Multiplicative Factor: 13,56%
	 Eff: 146396,25000000003
Stamina
	 Rating: 868193
	 Multiplicative Factor: 11,3%
	 Eff: 868193
Crit
	 Rating: 16628
	 Multiplicative Factor: 0%
	 Eff: 20128
	 DR Bracket: 0
	 Base: 5%
	 Effective Percent: 28,75%
	 Crit Inc Heal: 2
	 Crit Inc Damage: 2
Haste
	 Rating: 12119
	 Multiplicative Factor: 0%
	 Eff: 20712,09
	 DR Bracket: 0
	 Base: 11%
	 Effective Percent: 31,38%
Vers
	 Rating: 6581
	 Multiplicative Factor: 0%
	 Eff: 8921
	 DR Bracket: 0
	 Base: 3%
	 Effective Percent: 11,44%
Leech
	 Rating: 4284
	 Multiplicative Factor: 0%
	 Eff: 6323,99025
	 DR Bracket: 0
	 Base: 2%
	 Effective Percent: 6,2%
Avoidance
	 Rating: 1884
	 Multiplicative Factor: 0%
	 Eff: 1884
	 DR Bracket: 0
	 Base: 0%
	 Effective Percent: 3,46%
Mastery
	 Rating: 28677
	 Multiplicative Factor: 0%
	 Eff: 35541,6
	 DR Bracket: 2
	 Base: 19,8%
	 Effective Percent: 91,39%
----------------------
00:26,776

Intellect
	 Rating: 146396
	 Multiplicative Factor: 13,56%
	 Eff: 146396,25000000003
Stamina
	 Rating: 868193
	 Multiplicative Factor: 11,3%
	 Eff: 868193
Crit
	 Rating: 16628
	 Multiplicative Factor: 0%
	 Eff: 20128
	 DR Bracket: 0
	 Base: 5%
	 Effective Percent: 28,75%
	 Crit Inc Heal: 2
	 Crit Inc Damage: 2
Haste
	 Rating: 12119
	 Multiplicative Factor: 0%
	 Eff: 19930,9
	 DR Bracket: 0
	 Base: 10%
	 Effective Percent: 30,2%
Vers
	 Rating: 6581
	 Multiplicative Factor: 0%
	 Eff: 8921
	 DR Bracket: 0
	 Base: 3%
	 Effective Percent: 11,44%
Leech
	 Rating: 4284
	 Multiplicative Factor: 0%
	 Eff: 6323,99025
	 DR Bracket: 0
	 Base: 2%
	 Effective Percent: 6,2%
Avoidance
	 Rating: 1884
	 Multiplicative Factor: 0%
	 Eff: 1884
	 DR Bracket: 0
	 Base: 0%
	 Effective Percent: 3,46%
Mastery
	 Rating: 28677
	 Multiplicative Factor: 0%
	 Eff: 35541,6
	 DR Bracket: 2
	 Base: 19,8%
	 Effective Percent: 91,39%
----------------------
00:27,783

Intellect
	 Rating: 146396
	 Multiplicative Factor: 13,56%
	 Eff: 146396,25000000003
Stamina
	 Rating: 868193
	 Multiplicative Factor: 11,3%
	 Eff: 868193
Crit
	 Rating: 16628
	 Multiplicative Factor: 0%
	 Eff: 20128
	 DR Bracket: 0
	 Base: 5%
	 Effective Percent: 28,75%
	 Crit Inc Heal: 2
	 Crit Inc Damage: 2
Haste
	 Rating: 12119
	 Multiplicative Factor: 0%
	 Eff: 19149,71
	 DR Bracket: 0
	 Base: 9%
	 Effective Percent: 29,01%
Vers
	 Rating: 6581
	 Multiplicative Factor: 0%
	 Eff: 8921
	 DR Bracket: 0
	 Base: 3%
	 Effective Percent: 11,44%
Leech
	 Rating: 4284
	 Multiplicative Factor: 0%
	 Eff: 6323,99025
	 DR Bracket: 0
	 Base: 2%
	 Effective Percent: 6,2%
Avoidance
	 Rating: 1884
	 Multiplicative Factor: 0%
	 Eff: 1884
	 DR Bracket: 0
	 Base: 0%
	 Effective Percent: 3,46%
Mastery
	 Rating: 28677
	 Multiplicative Factor: 0%
	 Eff: 35541,6
	 DR Bracket: 2
	 Base: 19,8%
	 Effective Percent: 91,39%
----------------------
00:28,797

Intellect
	 Rating: 146396
	 Multiplicative Factor: 13,56%
	 Eff: 146396,25000000003
Stamina
	 Rating: 868193
	 Multiplicative Factor: 11,3%
	 Eff: 868193
Crit
	 Rating: 16628
	 Multiplicative Factor: 0%
	 Eff: 20128
	 DR Bracket: 0
	 Base: 5%
	 Effective Percent: 28,75%
	 Crit Inc Heal: 2
	 Crit Inc Damage: 2
Haste
	 Rating: 12119
	 Multiplicative Factor: 0%
	 Eff: 18368,52
	 DR Bracket: 0
	 Base: 8%
	 Effective Percent: 27,83%
Vers
	 Rating: 6581
	 Multiplicative Factor: 0%
	 Eff: 8921
	 DR Bracket: 0
	 Base: 3%
	 Effective Percent: 11,44%
Leech
	 Rating: 4284
	 Multiplicative Factor: 0%
	 Eff: 6323,99025
	 DR Bracket: 0
	 Base: 2%
	 Effective Percent: 6,2%
Avoidance
	 Rating: 1884
	 Multiplicative Factor: 0%
	 Eff: 1884
	 DR Bracket: 0
	 Base: 0%
	 Effective Percent: 3,46%
Mastery
	 Rating: 28677
	 Multiplicative Factor: 0%
	 Eff: 35541,6
	 DR Bracket: 2
	 Base: 19,8%
	 Effective Percent: 91,39%
----------------------
00:29,786

Intellect
	 Rating: 146396
	 Multiplicative Factor: 13,56%
	 Eff: 146396,25000000003
Stamina
	 Rating: 868193
	 Multiplicative Factor: 11,3%
	 Eff: 868193
Crit
	 Rating: 16628
	 Multiplicative Factor: 0%
	 Eff: 20128
	 DR Bracket: 0
	 Base: 5%
	 Effective Percent: 28,75%
	 Crit Inc Heal: 2
	 Crit Inc Damage: 2
Haste
	 Rating: 12119
	 Multiplicative Factor: 0%
	 Eff: 17587,33
	 DR Bracket: 0
	 Base: 7%
	 Effective Percent: 26,65%
Vers
	 Rating: 6581
	 Multiplicative Factor: 0%
	 Eff: 8921
	 DR Bracket: 0
	 Base: 3%
	 Effective Percent: 11,44%
Leech
	 Rating: 4284
	 Multiplicative Factor: 0%
	 Eff: 6323,99025
	 DR Bracket: 0
	 Base: 2%
	 Effective Percent: 6,2%
Avoidance
	 Rating: 1884
	 Multiplicative Factor: 0%
	 Eff: 1884
	 DR Bracket: 0
	 Base: 0%
	 Effective Percent: 3,46%
Mastery
	 Rating: 28677
	 Multiplicative Factor: 0%
	 Eff: 35541,6
	 DR Bracket: 2
	 Base: 19,8%
	 Effective Percent: 91,39%
----------------------
00:30,801

Intellect
	 Rating: 146396
	 Multiplicative Factor: 13,56%
	 Eff: 146396,25000000003
Stamina
	 Rating: 868193
	 Multiplicative Factor: 11,3%
	 Eff: 868193
Crit
	 Rating: 16628
	 Multiplicative Factor: 0%
	 Eff: 20128
	 DR Bracket: 0
	 Base: 5%
	 Effective Percent: 28,75%
	 Crit Inc Heal: 2
	 Crit Inc Damage: 2
Haste
	 Rating: 12119
	 Multiplicative Factor: 0%
	 Eff: 16806,14
	 DR Bracket: 0
	 Base: 6%
	 Effective Percent: 25,46%
Vers
	 Rating: 6581
	 Multiplicative Factor: 0%
	 Eff: 8921
	 DR Bracket: 0
	 Base: 3%
	 Effective Percent: 11,44%
Leech
	 Rating: 4284
	 Multiplicative Factor: 0%
	 Eff: 6323,99025
	 DR Bracket: 0
	 Base: 2%
	 Effective Percent: 6,2%
Avoidance
	 Rating: 1884
	 Multiplicative Factor: 0%
	 Eff: 1884
	 DR Bracket: 0
	 Base: 0%
	 Effective Percent: 3,46%
Mastery
	 Rating: 28677
	 Multiplicative Factor: 0%
	 Eff: 35541,6
	 DR Bracket: 2
	 Base: 19,8%
	 Effective Percent: 91,39%
----------------------
00:31,795

Intellect
	 Rating: 146396
	 Multiplicative Factor: 13,56%
	 Eff: 146396,25000000003
Stamina
	 Rating: 868193
	 Multiplicative Factor: 11,3%
	 Eff: 868193
Crit
	 Rating: 16628
	 Multiplicative Factor: 0%
	 Eff: 20128
	 DR Bracket: 0
	 Base: 5%
	 Effective Percent: 28,75%
	 Crit Inc Heal: 2
	 Crit Inc Damage: 2
Haste
	 Rating: 12119
	 Multiplicative Factor: 0%
	 Eff: 16024,95
	 DR Bracket: 0
	 Base: 5%
	 Effective Percent: 24,28%
Vers
	 Rating: 6581
	 Multiplicative Factor: 0%
	 Eff: 8921
	 DR Bracket: 0
	 Base: 3%
	 Effective Percent: 11,44%
Leech
	 Rating: 4284
	 Multiplicative Factor: 0%
	 Eff: 6323,99025
	 DR Bracket: 0
	 Base: 2%
	 Effective Percent: 6,2%
Avoidance
	 Rating: 1884
	 Multiplicative Factor: 0%
	 Eff: 1884
	 DR Bracket: 0
	 Base: 0%
	 Effective Percent: 3,46%
Mastery
	 Rating: 28677
	 Multiplicative Factor: 0%
	 Eff: 35541,6
	 DR Bracket: 2
	 Base: 19,8%
	 Effective Percent: 91,39%
----------------------
00:32,797

Intellect
	 Rating: 146396
	 Multiplicative Factor: 13,56%
	 Eff: 146396,25000000003
Stamina
	 Rating: 868193
	 Multiplicative Factor: 11,3%
	 Eff: 868193
Crit
	 Rating: 16628
	 Multiplicative Factor: 0%
	 Eff: 20128
	 DR Bracket: 0
	 Base: 5%
	 Effective Percent: 28,75%
	 Crit Inc Heal: 2
	 Crit Inc Damage: 2
Haste
	 Rating: 12119
	 Multiplicative Factor: 0%
	 Eff: 15243,76
	 DR Bracket: 0
	 Base: 4%
	 Effective Percent: 23,1%
Vers
	 Rating: 6581
	 Multiplicative Factor: 0%
	 Eff: 8921
	 DR Bracket: 0
	 Base: 3%
	 Effective Percent: 11,44%
Leech
	 Rating: 4284
	 Multiplicative Factor: 0%
	 Eff: 6323,99025
	 DR Bracket: 0
	 Base: 2%
	 Effective Percent: 6,2%
Avoidance
	 Rating: 1884
	 Multiplicative Factor: 0%
	 Eff: 1884
	 DR Bracket: 0
	 Base: 0%
	 Effective Percent: 3,46%
Mastery
	 Rating: 28677
	 Multiplicative Factor: 0%
	 Eff: 35541,6
	 DR Bracket: 2
	 Base: 19,8%
	 Effective Percent: 91,39%
----------------------
00:33,792

Intellect
	 Rating: 146396
	 Multiplicative Factor: 13,56%
	 Eff: 146396,25000000003
Stamina
	 Rating: 868193
	 Multiplicative Factor: 11,3%
	 Eff: 868193
Crit
	 Rating: 16628
	 Multiplicative Factor: 0%
	 Eff: 20128
	 DR Bracket: 0
	 Base: 5%
	 Effective Percent: 28,75%
	 Crit Inc Heal: 2
	 Crit Inc Damage: 2
Haste
	 Rating: 12119
	 Multiplicative Factor: 0%
	 Eff: 14462,57
	 DR Bracket: 0
	 Base: 3%
	 Effective Percent: 21,91%
Vers
	 Rating: 6581
	 Multiplicative Factor: 0%
	 Eff: 8921
	 DR Bracket: 0
	 Base: 3%
	 Effective Percent: 11,44%
Leech
	 Rating: 4284
	 Multiplicative Factor: 0%
	 Eff: 6323,99025
	 DR Bracket: 0
	 Base: 2%
	 Effective Percent: 6,2%
Avoidance
	 Rating: 1884
	 Multiplicative Factor: 0%
	 Eff: 1884
	 DR Bracket: 0
	 Base: 0%
	 Effective Percent: 3,46%
Mastery
	 Rating: 28677
	 Multiplicative Factor: 0%
	 Eff: 35541,6
	 DR Bracket: 2
	 Base: 19,8%
	 Effective Percent: 91,39%
----------------------
00:34,437

Intellect
	 Rating: 146396
	 Multiplicative Factor: 13,56%
	 Eff: 146396,25000000003
Stamina
	 Rating: 868193
	 Multiplicative Factor: 11,3%
	 Eff: 868193
Crit
	 Rating: 16628
	 Multiplicative Factor: 0%
	 Eff: 20128
	 DR Bracket: 0
	 Base: 5%
	 Effective Percent: 28,75%
	 Crit Inc Heal: 2
	 Crit Inc Damage: 2
Haste
	 Rating: 12119
	 Multiplicative Factor: 0%
	 Eff: 16806,14
	 DR Bracket: 0
	 Base: 6%
	 Effective Percent: 25,46%
Vers
	 Rating: 6581
	 Multiplicative Factor: 0%
	 Eff: 8921
	 DR Bracket: 0
	 Base: 3%
	 Effective Percent: 11,44%
Leech
	 Rating: 4284
	 Multiplicative Factor: 0%
	 Eff: 6323,99025
	 DR Bracket: 0
	 Base: 2%
	 Effective Percent: 6,2%
Avoidance
	 Rating: 1884
	 Multiplicative Factor: 0%
	 Eff: 1884
	 DR Bracket: 0
	 Base: 0%
	 Effective Percent: 3,46%
Mastery
	 Rating: 28677
	 Multiplicative Factor: 0%
	 Eff: 35541,6
	 DR Bracket: 2
	 Base: 19,8%
	 Effective Percent: 91,39%
----------------------
00:34,468

Intellect
	 Rating: 146396
	 Multiplicative Factor: 13,56%
	 Eff: 146396,25000000003
Stamina
	 Rating: 868193
	 Multiplicative Factor: 11,3%
	 Eff: 868193
Crit
	 Rating: 16628
	 Multiplicative Factor: 0%
	 Eff: 20128
	 DR Bracket: 0
	 Base: 5%
	 Effective Percent: 28,75%
	 Crit Inc Heal: 2
	 Crit Inc Damage: 2
Haste
	 Rating: 12119
	 Multiplicative Factor: 0%
	 Eff: 19149,71
	 DR Bracket: 0
	 Base: 9%
	 Effective Percent: 29,01%
Vers
	 Rating: 6581
	 Multiplicative Factor: 0%
	 Eff: 8921
	 DR Bracket: 0
	 Base: 3%
	 Effective Percent: 11,44%
Leech
	 Rating: 4284
	 Multiplicative Factor: 0%
	 Eff: 6323,99025
	 DR Bracket: 0
	 Base: 2%
	 Effective Percent: 6,2%
Avoidance
	 Rating: 1884
	 Multiplicative Factor: 0%
	 Eff: 1884
	 DR Bracket: 0
	 Base: 0%
	 Effective Percent: 3,46%
Mastery
	 Rating: 28677
	 Multiplicative Factor: 0%
	 Eff: 35541,6
	 DR Bracket: 2
	 Base: 19,8%
	 Effective Percent: 91,39%
----------------------
00:34,468

Intellect
	 Rating: 139425
	 Multiplicative Factor: 8,15%
	 Eff: 139425,00000000003
Stamina
	 Rating: 868193
	 Multiplicative Factor: 11,3%
	 Eff: 868193
Crit
	 Rating: 16628
	 Multiplicative Factor: 0%
	 Eff: 20128
	 DR Bracket: 0
	 Base: 5%
	 Effective Percent: 28,75%
	 Crit Inc Heal: 2
	 Crit Inc Damage: 2
Haste
	 Rating: 12119
	 Multiplicative Factor: 0%
	 Eff: 19149,71
	 DR Bracket: 0
	 Base: 9%
	 Effective Percent: 29,01%
Vers
	 Rating: 6581
	 Multiplicative Factor: 0%
	 Eff: 8921
	 DR Bracket: 0
	 Base: 3%
	 Effective Percent: 11,44%
Leech
	 Rating: 4284
	 Multiplicative Factor: 0%
	 Eff: 6323,99025
	 DR Bracket: 0
	 Base: 2%
	 Effective Percent: 6,2%
Avoidance
	 Rating: 1884
	 Multiplicative Factor: 0%
	 Eff: 1884
	 DR Bracket: 0
	 Base: 0%
	 Effective Percent: 3,46%
Mastery
	 Rating: 28677
	 Multiplicative Factor: 0%
	 Eff: 35541,6
	 DR Bracket: 2
	 Base: 19,8%
	 Effective Percent: 91,39%
----------------------
00:34,468

Intellect
	 Rating: 139425
	 Multiplicative Factor: 8,15%
	 Eff: 139425,00000000003
Stamina
	 Rating: 868193
	 Multiplicative Factor: 11,3%
	 Eff: 868193
Crit
	 Rating: 16628
	 Multiplicative Factor: 0%
	 Eff: 20128
	 DR Bracket: 0
	 Base: 5%
	 Effective Percent: 28,75%
	 Crit Inc Heal: 2
	 Crit Inc Damage: 2
Haste
	 Rating: 12119
	 Multiplicative Factor: 0%
	 Eff: 21493,28
	 DR Bracket: 0
	 Base: 12%
	 Effective Percent: 32,57%
Vers
	 Rating: 6581
	 Multiplicative Factor: 0%
	 Eff: 8921
	 DR Bracket: 0
	 Base: 3%
	 Effective Percent: 11,44%
Leech
	 Rating: 4284
	 Multiplicative Factor: 0%
	 Eff: 6323,99025
	 DR Bracket: 0
	 Base: 2%
	 Effective Percent: 6,2%
Avoidance
	 Rating: 1884
	 Multiplicative Factor: 0%
	 Eff: 1884
	 DR Bracket: 0
	 Base: 0%
	 Effective Percent: 3,46%
Mastery
	 Rating: 28677
	 Multiplicative Factor: 0%
	 Eff: 35541,6
	 DR Bracket: 2
	 Base: 19,8%
	 Effective Percent: 91,39%
----------------------
00:34,790

Intellect
	 Rating: 139425
	 Multiplicative Factor: 8,15%
	 Eff: 139425,00000000003
Stamina
	 Rating: 868193
	 Multiplicative Factor: 11,3%
	 Eff: 868193
Crit
	 Rating: 16628
	 Multiplicative Factor: 0%
	 Eff: 20128
	 DR Bracket: 0
	 Base: 5%
	 Effective Percent: 28,75%
	 Crit Inc Heal: 2
	 Crit Inc Damage: 2
Haste
	 Rating: 12119
	 Multiplicative Factor: 0%
	 Eff: 20712,09
	 DR Bracket: 0
	 Base: 11%
	 Effective Percent: 31,38%
Vers
	 Rating: 6581
	 Multiplicative Factor: 0%
	 Eff: 8921
	 DR Bracket: 0
	 Base: 3%
	 Effective Percent: 11,44%
Leech
	 Rating: 4284
	 Multiplicative Factor: 0%
	 Eff: 6323,99025
	 DR Bracket: 0
	 Base: 2%
	 Effective Percent: 6,2%
Avoidance
	 Rating: 1884
	 Multiplicative Factor: 0%
	 Eff: 1884
	 DR Bracket: 0
	 Base: 0%
	 Effective Percent: 3,46%
Mastery
	 Rating: 28677
	 Multiplicative Factor: 0%
	 Eff: 35541,6
	 DR Bracket: 2
	 Base: 19,8%
	 Effective Percent: 91,39%
----------------------
00:35,787

Intellect
	 Rating: 139425
	 Multiplicative Factor: 8,15%
	 Eff: 139425,00000000003
Stamina
	 Rating: 868193
	 Multiplicative Factor: 11,3%
	 Eff: 868193
Crit
	 Rating: 16628
	 Multiplicative Factor: 0%
	 Eff: 20128
	 DR Bracket: 0
	 Base: 5%
	 Effective Percent: 28,75%
	 Crit Inc Heal: 2
	 Crit Inc Damage: 2
Haste
	 Rating: 12119
	 Multiplicative Factor: 0%
	 Eff: 19930,9
	 DR Bracket: 0
	 Base: 10%
	 Effective Percent: 30,2%
Vers
	 Rating: 6581
	 Multiplicative Factor: 0%
	 Eff: 8921
	 DR Bracket: 0
	 Base: 3%
	 Effective Percent: 11,44%
Leech
	 Rating: 4284
	 Multiplicative Factor: 0%
	 Eff: 6323,99025
	 DR Bracket: 0
	 Base: 2%
	 Effective Percent: 6,2%
Avoidance
	 Rating: 1884
	 Multiplicative Factor: 0%
	 Eff: 1884
	 DR Bracket: 0
	 Base: 0%
	 Effective Percent: 3,46%
Mastery
	 Rating: 28677
	 Multiplicative Factor: 0%
	 Eff: 35541,6
	 DR Bracket: 2
	 Base: 19,8%
	 Effective Percent: 91,39%
----------------------
00:36,794

Intellect
	 Rating: 139425
	 Multiplicative Factor: 8,15%
	 Eff: 139425,00000000003
Stamina
	 Rating: 868193
	 Multiplicative Factor: 11,3%
	 Eff: 868193
Crit
	 Rating: 16628
	 Multiplicative Factor: 0%
	 Eff: 20128
	 DR Bracket: 0
	 Base: 5%
	 Effective Percent: 28,75%
	 Crit Inc Heal: 2
	 Crit Inc Damage: 2
Haste
	 Rating: 12119
	 Multiplicative Factor: 0%
	 Eff: 19149,71
	 DR Bracket: 0
	 Base: 9%
	 Effective Percent: 29,01%
Vers
	 Rating: 6581
	 Multiplicative Factor: 0%
	 Eff: 8921
	 DR Bracket: 0
	 Base: 3%
	 Effective Percent: 11,44%
Leech
	 Rating: 4284
	 Multiplicative Factor: 0%
	 Eff: 6323,99025
	 DR Bracket: 0
	 Base: 2%
	 Effective Percent: 6,2%
Avoidance
	 Rating: 1884
	 Multiplicative Factor: 0%
	 Eff: 1884
	 DR Bracket: 0
	 Base: 0%
	 Effective Percent: 3,46%
Mastery
	 Rating: 28677
	 Multiplicative Factor: 0%
	 Eff: 35541,6
	 DR Bracket: 2
	 Base: 19,8%
	 Effective Percent: 91,39%
----------------------
00:48,519

Intellect
	 Rating: 139425
	 Multiplicative Factor: 8,15%
	 Eff: 139425,00000000003
Stamina
	 Rating: 868193
	 Multiplicative Factor: 11,3%
	 Eff: 868193
Crit
	 Rating: 16628
	 Multiplicative Factor: 0%
	 Eff: 20128
	 DR Bracket: 0
	 Base: 5%
	 Effective Percent: 28,75%
	 Crit Inc Heal: 2
	 Crit Inc Damage: 2
Haste
	 Rating: 12119
	 Multiplicative Factor: 0%
	 Eff: 12119
	 DR Bracket: 0
	 Base: 0%
	 Effective Percent: 18,36%
Vers
	 Rating: 6581
	 Multiplicative Factor: 0%
	 Eff: 8921
	 DR Bracket: 0
	 Base: 3%
	 Effective Percent: 11,44%
Leech
	 Rating: 4284
	 Multiplicative Factor: 0%
	 Eff: 6323,99025
	 DR Bracket: 0
	 Base: 2%
	 Effective Percent: 6,2%
Avoidance
	 Rating: 1884
	 Multiplicative Factor: 0%
	 Eff: 1884
	 DR Bracket: 0
	 Base: 0%
	 Effective Percent: 3,46%
Mastery
	 Rating: 28677
	 Multiplicative Factor: 0%
	 Eff: 35541,6
	 DR Bracket: 2
	 Base: 19,8%
	 Effective Percent: 91,39%
----------------------
00:50,874

Intellect
	 Rating: 139425
	 Multiplicative Factor: 8,15%
	 Eff: 139425,00000000003
Stamina
	 Rating: 868193
	 Multiplicative Factor: 11,3%
	 Eff: 868193
Crit
	 Rating: 16628
	 Multiplicative Factor: 0%
	 Eff: 20128
	 DR Bracket: 0
	 Base: 5%
	 Effective Percent: 28,75%
	 Crit Inc Heal: 2
	 Crit Inc Damage: 2
Haste
	 Rating: 12119
	 Multiplicative Factor: 0%
	 Eff: 14462,57
	 DR Bracket: 0
	 Base: 3%
	 Effective Percent: 21,91%
Vers
	 Rating: 6581
	 Multiplicative Factor: 0%
	 Eff: 8921
	 DR Bracket: 0
	 Base: 3%
	 Effective Percent: 11,44%
Leech
	 Rating: 4284
	 Multiplicative Factor: 0%
	 Eff: 6323,99025
	 DR Bracket: 0
	 Base: 2%
	 Effective Percent: 6,2%
Avoidance
	 Rating: 1884
	 Multiplicative Factor: 0%
	 Eff: 1884
	 DR Bracket: 0
	 Base: 0%
	 Effective Percent: 3,46%
Mastery
	 Rating: 28677
	 Multiplicative Factor: 0%
	 Eff: 35541,6
	 DR Bracket: 2
	 Base: 19,8%
	 Effective Percent: 91,39%
----------------------
00:50,877

Intellect
	 Rating: 139425
	 Multiplicative Factor: 8,15%
	 Eff: 139425,00000000003
Stamina
	 Rating: 868193
	 Multiplicative Factor: 11,3%
	 Eff: 868193
Crit
	 Rating: 16628
	 Multiplicative Factor: 0%
	 Eff: 20128
	 DR Bracket: 0
	 Base: 5%
	 Effective Percent: 28,75%
	 Crit Inc Heal: 2
	 Crit Inc Damage: 2
Haste
	 Rating: 12119
	 Multiplicative Factor: 0%
	 Eff: 16806,14
	 DR Bracket: 0
	 Base: 6%
	 Effective Percent: 25,46%
Vers
	 Rating: 6581
	 Multiplicative Factor: 0%
	 Eff: 8921
	 DR Bracket: 0
	 Base: 3%
	 Effective Percent: 11,44%
Leech
	 Rating: 4284
	 Multiplicative Factor: 0%
	 Eff: 6323,99025
	 DR Bracket: 0
	 Base: 2%
	 Effective Percent: 6,2%
Avoidance
	 Rating: 1884
	 Multiplicative Factor: 0%
	 Eff: 1884
	 DR Bracket: 0
	 Base: 0%
	 Effective Percent: 3,46%
Mastery
	 Rating: 28677
	 Multiplicative Factor: 0%
	 Eff: 35541,6
	 DR Bracket: 2
	 Base: 19,8%
	 Effective Percent: 91,39%
----------------------
00:58,886

Intellect
	 Rating: 139425
	 Multiplicative Factor: 8,15%
	 Eff: 139425,00000000003
Stamina
	 Rating: 868193
	 Multiplicative Factor: 11,3%
	 Eff: 868193
Crit
	 Rating: 16628
	 Multiplicative Factor: 0%
	 Eff: 20128
	 DR Bracket: 0
	 Base: 5%
	 Effective Percent: 28,75%
	 Crit Inc Heal: 2
	 Crit Inc Damage: 2
Haste
	 Rating: 12119
	 Multiplicative Factor: 0%
	 Eff: 12119
	 DR Bracket: 0
	 Base: 0%
	 Effective Percent: 18,36%
Vers
	 Rating: 6581
	 Multiplicative Factor: 0%
	 Eff: 8921
	 DR Bracket: 0
	 Base: 3%
	 Effective Percent: 11,44%
Leech
	 Rating: 4284
	 Multiplicative Factor: 0%
	 Eff: 6323,99025
	 DR Bracket: 0
	 Base: 2%
	 Effective Percent: 6,2%
Avoidance
	 Rating: 1884
	 Multiplicative Factor: 0%
	 Eff: 1884
	 DR Bracket: 0
	 Base: 0%
	 Effective Percent: 3,46%
Mastery
	 Rating: 28677
	 Multiplicative Factor: 0%
	 Eff: 35541,6
	 DR Bracket: 2
	 Base: 19,8%
	 Effective Percent: 91,39%
----------------------
01:06,177

Intellect
	 Rating: 146396
	 Multiplicative Factor: 13,56%
	 Eff: 146396,25000000006
Stamina
	 Rating: 868193
	 Multiplicative Factor: 11,3%
	 Eff: 868193
Crit
	 Rating: 16628
	 Multiplicative Factor: 0%
	 Eff: 20128
	 DR Bracket: 0
	 Base: 5%
	 Effective Percent: 28,75%
	 Crit Inc Heal: 2
	 Crit Inc Damage: 2
Haste
	 Rating: 12119
	 Multiplicative Factor: 0%
	 Eff: 12119
	 DR Bracket: 0
	 Base: 0%
	 Effective Percent: 18,36%
Vers
	 Rating: 6581
	 Multiplicative Factor: 0%
	 Eff: 8921
	 DR Bracket: 0
	 Base: 3%
	 Effective Percent: 11,44%
Leech
	 Rating: 4284
	 Multiplicative Factor: 0%
	 Eff: 6323,99025
	 DR Bracket: 0
	 Base: 2%
	 Effective Percent: 6,2%
Avoidance
	 Rating: 1884
	 Multiplicative Factor: 0%
	 Eff: 1884
	 DR Bracket: 0
	 Base: 0%
	 Effective Percent: 3,46%
Mastery
	 Rating: 28677
	 Multiplicative Factor: 0%
	 Eff: 35541,6
	 DR Bracket: 2
	 Base: 19,8%
	 Effective Percent: 91,39%
----------------------
01:10,488

Intellect
	 Rating: 146396
	 Multiplicative Factor: 13,56%
	 Eff: 146396,25000000006
Stamina
	 Rating: 868193
	 Multiplicative Factor: 11,3%
	 Eff: 868193
Crit
	 Rating: 16628
	 Multiplicative Factor: 0%
	 Eff: 20128
	 DR Bracket: 0
	 Base: 5%
	 Effective Percent: 28,75%
	 Crit Inc Heal: 2
	 Crit Inc Damage: 2
Haste
	 Rating: 12119
	 Multiplicative Factor: 0%
	 Eff: 12900,19
	 DR Bracket: 0
	 Base: 1%
	 Effective Percent: 19,55%
Vers
	 Rating: 6581
	 Multiplicative Factor: 0%
	 Eff: 8921
	 DR Bracket: 0
	 Base: 3%
	 Effective Percent: 11,44%
Leech
	 Rating: 4284
	 Multiplicative Factor: 0%
	 Eff: 6323,99025
	 DR Bracket: 0
	 Base: 2%
	 Effective Percent: 6,2%
Avoidance
	 Rating: 1884
	 Multiplicative Factor: 0%
	 Eff: 1884
	 DR Bracket: 0
	 Base: 0%
	 Effective Percent: 3,46%
Mastery
	 Rating: 28677
	 Multiplicative Factor: 0%
	 Eff: 35541,6
	 DR Bracket: 2
	 Base: 19,8%
	 Effective Percent: 91,39%
----------------------
01:11,035

Intellect
	 Rating: 146396
	 Multiplicative Factor: 13,56%
	 Eff: 146396,25000000006
Stamina
	 Rating: 868193
	 Multiplicative Factor: 11,3%
	 Eff: 868193
Crit
	 Rating: 16628
	 Multiplicative Factor: 0%
	 Eff: 20128
	 DR Bracket: 0
	 Base: 5%
	 Effective Percent: 28,75%
	 Crit Inc Heal: 2
	 Crit Inc Damage: 2
Haste
	 Rating: 12119
	 Multiplicative Factor: 0%
	 Eff: 15243,76
	 DR Bracket: 0
	 Base: 4%
	 Effective Percent: 23,1%
Vers
	 Rating: 6581
	 Multiplicative Factor: 0%
	 Eff: 8921
	 DR Bracket: 0
	 Base: 3%
	 Effective Percent: 11,44%
Leech
	 Rating: 4284
	 Multiplicative Factor: 0%
	 Eff: 6323,99025
	 DR Bracket: 0
	 Base: 2%
	 Effective Percent: 6,2%
Avoidance
	 Rating: 1884
	 Multiplicative Factor: 0%
	 Eff: 1884
	 DR Bracket: 0
	 Base: 0%
	 Effective Percent: 3,46%
Mastery
	 Rating: 28677
	 Multiplicative Factor: 0%
	 Eff: 35541,6
	 DR Bracket: 2
	 Base: 19,8%
	 Effective Percent: 91,39%
----------------------
01:11,039

Intellect
	 Rating: 146396
	 Multiplicative Factor: 13,56%
	 Eff: 146396,25000000006
Stamina
	 Rating: 868193
	 Multiplicative Factor: 11,3%
	 Eff: 868193
Crit
	 Rating: 16628
	 Multiplicative Factor: 0%
	 Eff: 20128
	 DR Bracket: 0
	 Base: 5%
	 Effective Percent: 28,75%
	 Crit Inc Heal: 2
	 Crit Inc Damage: 2
Haste
	 Rating: 12119
	 Multiplicative Factor: 0%
	 Eff: 17587,33
	 DR Bracket: 0
	 Base: 7%
	 Effective Percent: 26,65%
Vers
	 Rating: 6581
	 Multiplicative Factor: 0%
	 Eff: 8921
	 DR Bracket: 0
	 Base: 3%
	 Effective Percent: 11,44%
Leech
	 Rating: 4284
	 Multiplicative Factor: 0%
	 Eff: 6323,99025
	 DR Bracket: 0
	 Base: 2%
	 Effective Percent: 6,2%
Avoidance
	 Rating: 1884
	 Multiplicative Factor: 0%
	 Eff: 1884
	 DR Bracket: 0
	 Base: 0%
	 Effective Percent: 3,46%
Mastery
	 Rating: 28677
	 Multiplicative Factor: 0%
	 Eff: 35541,6
	 DR Bracket: 2
	 Base: 19,8%
	 Effective Percent: 91,39%
----------------------
01:11,039

Intellect
	 Rating: 146396
	 Multiplicative Factor: 13,56%
	 Eff: 146396,25000000006
Stamina
	 Rating: 868193
	 Multiplicative Factor: 11,3%
	 Eff: 868193
Crit
	 Rating: 16628
	 Multiplicative Factor: 0%
	 Eff: 20128
	 DR Bracket: 0
	 Base: 5%
	 Effective Percent: 28,75%
	 Crit Inc Heal: 2
	 Crit Inc Damage: 2
Haste
	 Rating: 12119
	 Multiplicative Factor: 0%
	 Eff: 19930,9
	 DR Bracket: 0
	 Base: 10%
	 Effective Percent: 30,2%
Vers
	 Rating: 6581
	 Multiplicative Factor: 0%
	 Eff: 8921
	 DR Bracket: 0
	 Base: 3%
	 Effective Percent: 11,44%
Leech
	 Rating: 4284
	 Multiplicative Factor: 0%
	 Eff: 6323,99025
	 DR Bracket: 0
	 Base: 2%
	 Effective Percent: 6,2%
Avoidance
	 Rating: 1884
	 Multiplicative Factor: 0%
	 Eff: 1884
	 DR Bracket: 0
	 Base: 0%
	 Effective Percent: 3,46%
Mastery
	 Rating: 28677
	 Multiplicative Factor: 0%
	 Eff: 35541,6
	 DR Bracket: 2
	 Base: 19,8%
	 Effective Percent: 91,39%
----------------------
01:11,315

Intellect
	 Rating: 146396
	 Multiplicative Factor: 13,56%
	 Eff: 146396,25000000006
Stamina
	 Rating: 868193
	 Multiplicative Factor: 11,3%
	 Eff: 868193
Crit
	 Rating: 16628
	 Multiplicative Factor: 0%
	 Eff: 20128
	 DR Bracket: 0
	 Base: 5%
	 Effective Percent: 28,75%
	 Crit Inc Heal: 2,6
	 Crit Inc Damage: 2
Haste
	 Rating: 12119
	 Multiplicative Factor: 0%
	 Eff: 19930,9
	 DR Bracket: 0
	 Base: 10%
	 Effective Percent: 30,2%
Vers
	 Rating: 6581
	 Multiplicative Factor: 0%
	 Eff: 8921
	 DR Bracket: 0
	 Base: 3%
	 Effective Percent: 11,44%
Leech
	 Rating: 4284
	 Multiplicative Factor: 0%
	 Eff: 6323,99025
	 DR Bracket: 0
	 Base: 2%
	 Effective Percent: 6,2%
Avoidance
	 Rating: 1884
	 Multiplicative Factor: 0%
	 Eff: 1884
	 DR Bracket: 0
	 Base: 0%
	 Effective Percent: 3,46%
Mastery
	 Rating: 28677
	 Multiplicative Factor: 0%
	 Eff: 35541,6
	 DR Bracket: 2
	 Base: 19,8%
	 Effective Percent: 91,39%
----------------------
01:11,490

Intellect
	 Rating: 146396
	 Multiplicative Factor: 13,56%
	 Eff: 146396,25000000006
Stamina
	 Rating: 868193
	 Multiplicative Factor: 11,3%
	 Eff: 868193
Crit
	 Rating: 16628
	 Multiplicative Factor: 0%
	 Eff: 20128
	 DR Bracket: 0
	 Base: 5%
	 Effective Percent: 28,75%
	 Crit Inc Heal: 2,6
	 Crit Inc Damage: 2
Haste
	 Rating: 12119
	 Multiplicative Factor: 0%
	 Eff: 41804,22
	 DR Bracket: 0
	 Base: 38%
	 Effective Percent: 63,34%
Vers
	 Rating: 6581
	 Multiplicative Factor: 0%
	 Eff: 8921
	 DR Bracket: 0
	 Base: 3%
	 Effective Percent: 11,44%
Leech
	 Rating: 4284
	 Multiplicative Factor: 0%
	 Eff: 6323,99025
	 DR Bracket: 0
	 Base: 2%
	 Effective Percent: 6,2%
Avoidance
	 Rating: 1884
	 Multiplicative Factor: 0%
	 Eff: 1884
	 DR Bracket: 0
	 Base: 0%
	 Effective Percent: 3,46%
Mastery
	 Rating: 28677
	 Multiplicative Factor: 0%
	 Eff: 35541,6
	 DR Bracket: 2
	 Base: 19,8%
	 Effective Percent: 91,39%
----------------------
01:12,482

Intellect
	 Rating: 146396
	 Multiplicative Factor: 13,56%
	 Eff: 146396,25000000006
Stamina
	 Rating: 868193
	 Multiplicative Factor: 11,3%
	 Eff: 868193
Crit
	 Rating: 16628
	 Multiplicative Factor: 0%
	 Eff: 20128
	 DR Bracket: 0
	 Base: 5%
	 Effective Percent: 28,75%
	 Crit Inc Heal: 2,6
	 Crit Inc Damage: 2
Haste
	 Rating: 12119
	 Multiplicative Factor: 0%
	 Eff: 41023,03
	 DR Bracket: 0
	 Base: 37%
	 Effective Percent: 62,16%
Vers
	 Rating: 6581
	 Multiplicative Factor: 0%
	 Eff: 8921
	 DR Bracket: 0
	 Base: 3%
	 Effective Percent: 11,44%
Leech
	 Rating: 4284
	 Multiplicative Factor: 0%
	 Eff: 6323,99025
	 DR Bracket: 0
	 Base: 2%
	 Effective Percent: 6,2%
Avoidance
	 Rating: 1884
	 Multiplicative Factor: 0%
	 Eff: 1884
	 DR Bracket: 0
	 Base: 0%
	 Effective Percent: 3,46%
Mastery
	 Rating: 28677
	 Multiplicative Factor: 0%
	 Eff: 35541,6
	 DR Bracket: 2
	 Base: 19,8%
	 Effective Percent: 91,39%
----------------------
01:13,507

Intellect
	 Rating: 146396
	 Multiplicative Factor: 13,56%
	 Eff: 146396,25000000006
Stamina
	 Rating: 868193
	 Multiplicative Factor: 11,3%
	 Eff: 868193
Crit
	 Rating: 16628
	 Multiplicative Factor: 0%
	 Eff: 20128
	 DR Bracket: 0
	 Base: 5%
	 Effective Percent: 28,75%
	 Crit Inc Heal: 2,6
	 Crit Inc Damage: 2
Haste
	 Rating: 12119
	 Multiplicative Factor: 0%
	 Eff: 40241,84
	 DR Bracket: 0
	 Base: 36%
	 Effective Percent: 60,97%
Vers
	 Rating: 6581
	 Multiplicative Factor: 0%
	 Eff: 8921
	 DR Bracket: 0
	 Base: 3%
	 Effective Percent: 11,44%
Leech
	 Rating: 4284
	 Multiplicative Factor: 0%
	 Eff: 6323,99025
	 DR Bracket: 0
	 Base: 2%
	 Effective Percent: 6,2%
Avoidance
	 Rating: 1884
	 Multiplicative Factor: 0%
	 Eff: 1884
	 DR Bracket: 0
	 Base: 0%
	 Effective Percent: 3,46%
Mastery
	 Rating: 28677
	 Multiplicative Factor: 0%
	 Eff: 35541,6
	 DR Bracket: 2
	 Base: 19,8%
	 Effective Percent: 91,39%
----------------------
01:14,489

Intellect
	 Rating: 146396
	 Multiplicative Factor: 13,56%
	 Eff: 146396,25000000006
Stamina
	 Rating: 868193
	 Multiplicative Factor: 11,3%
	 Eff: 868193
Crit
	 Rating: 16628
	 Multiplicative Factor: 0%
	 Eff: 20128
	 DR Bracket: 0
	 Base: 5%
	 Effective Percent: 28,75%
	 Crit Inc Heal: 2,6
	 Crit Inc Damage: 2
Haste
	 Rating: 12119
	 Multiplicative Factor: 0%
	 Eff: 39460,65
	 DR Bracket: 0
	 Base: 35%
	 Effective Percent: 59,79%
Vers
	 Rating: 6581
	 Multiplicative Factor: 0%
	 Eff: 8921
	 DR Bracket: 0
	 Base: 3%
	 Effective Percent: 11,44%
Leech
	 Rating: 4284
	 Multiplicative Factor: 0%
	 Eff: 6323,99025
	 DR Bracket: 0
	 Base: 2%
	 Effective Percent: 6,2%
Avoidance
	 Rating: 1884
	 Multiplicative Factor: 0%
	 Eff: 1884
	 DR Bracket: 0
	 Base: 0%
	 Effective Percent: 3,46%
Mastery
	 Rating: 28677
	 Multiplicative Factor: 0%
	 Eff: 35541,6
	 DR Bracket: 2
	 Base: 19,8%
	 Effective Percent: 91,39%
----------------------
01:15,506

Intellect
	 Rating: 146396
	 Multiplicative Factor: 13,56%
	 Eff: 146396,25000000006
Stamina
	 Rating: 868193
	 Multiplicative Factor: 11,3%
	 Eff: 868193
Crit
	 Rating: 16628
	 Multiplicative Factor: 0%
	 Eff: 20128
	 DR Bracket: 0
	 Base: 5%
	 Effective Percent: 28,75%
	 Crit Inc Heal: 2,6
	 Crit Inc Damage: 2
Haste
	 Rating: 12119
	 Multiplicative Factor: 0%
	 Eff: 38679,46000000001
	 DR Bracket: 0
	 Base: 34%
	 Effective Percent: 58,61%
Vers
	 Rating: 6581
	 Multiplicative Factor: 0%
	 Eff: 8921
	 DR Bracket: 0
	 Base: 3%
	 Effective Percent: 11,44%
Leech
	 Rating: 4284
	 Multiplicative Factor: 0%
	 Eff: 6323,99025
	 DR Bracket: 0
	 Base: 2%
	 Effective Percent: 6,2%
Avoidance
	 Rating: 1884
	 Multiplicative Factor: 0%
	 Eff: 1884
	 DR Bracket: 0
	 Base: 0%
	 Effective Percent: 3,46%
Mastery
	 Rating: 28677
	 Multiplicative Factor: 0%
	 Eff: 35541,6
	 DR Bracket: 2
	 Base: 19,8%
	 Effective Percent: 91,39%
----------------------
01:16,498

Intellect
	 Rating: 146396
	 Multiplicative Factor: 13,56%
	 Eff: 146396,25000000006
Stamina
	 Rating: 868193
	 Multiplicative Factor: 11,3%
	 Eff: 868193
Crit
	 Rating: 16628
	 Multiplicative Factor: 0%
	 Eff: 20128
	 DR Bracket: 0
	 Base: 5%
	 Effective Percent: 28,75%
	 Crit Inc Heal: 2,6
	 Crit Inc Damage: 2
Haste
	 Rating: 12119
	 Multiplicative Factor: 0%
	 Eff: 37898,270000000004
	 DR Bracket: 0
	 Base: 33%
	 Effective Percent: 57,42%
Vers
	 Rating: 6581
	 Multiplicative Factor: 0%
	 Eff: 8921
	 DR Bracket: 0
	 Base: 3%
	 Effective Percent: 11,44%
Leech
	 Rating: 4284
	 Multiplicative Factor: 0%
	 Eff: 6323,99025
	 DR Bracket: 0
	 Base: 2%
	 Effective Percent: 6,2%
Avoidance
	 Rating: 1884
	 Multiplicative Factor: 0%
	 Eff: 1884
	 DR Bracket: 0
	 Base: 0%
	 Effective Percent: 3,46%
Mastery
	 Rating: 28677
	 Multiplicative Factor: 0%
	 Eff: 35541,6
	 DR Bracket: 2
	 Base: 19,8%
	 Effective Percent: 91,39%
----------------------
01:17,494

Intellect
	 Rating: 146396
	 Multiplicative Factor: 13,56%
	 Eff: 146396,25000000006
Stamina
	 Rating: 868193
	 Multiplicative Factor: 11,3%
	 Eff: 868193
Crit
	 Rating: 16628
	 Multiplicative Factor: 0%
	 Eff: 20128
	 DR Bracket: 0
	 Base: 5%
	 Effective Percent: 28,75%
	 Crit Inc Heal: 2,6
	 Crit Inc Damage: 2
Haste
	 Rating: 12119
	 Multiplicative Factor: 0%
	 Eff: 37117,08
	 DR Bracket: 0
	 Base: 32%
	 Effective Percent: 56,24%
Vers
	 Rating: 6581
	 Multiplicative Factor: 0%
	 Eff: 8921
	 DR Bracket: 0
	 Base: 3%
	 Effective Percent: 11,44%
Leech
	 Rating: 4284
	 Multiplicative Factor: 0%
	 Eff: 6323,99025
	 DR Bracket: 0
	 Base: 2%
	 Effective Percent: 6,2%
Avoidance
	 Rating: 1884
	 Multiplicative Factor: 0%
	 Eff: 1884
	 DR Bracket: 0
	 Base: 0%
	 Effective Percent: 3,46%
Mastery
	 Rating: 28677
	 Multiplicative Factor: 0%
	 Eff: 35541,6
	 DR Bracket: 2
	 Base: 19,8%
	 Effective Percent: 91,39%
----------------------
01:18,495

Intellect
	 Rating: 146396
	 Multiplicative Factor: 13,56%
	 Eff: 146396,25000000006
Stamina
	 Rating: 868193
	 Multiplicative Factor: 11,3%
	 Eff: 868193
Crit
	 Rating: 16628
	 Multiplicative Factor: 0%
	 Eff: 20128
	 DR Bracket: 0
	 Base: 5%
	 Effective Percent: 28,75%
	 Crit Inc Heal: 2,6
	 Crit Inc Damage: 2
Haste
	 Rating: 12119
	 Multiplicative Factor: 0%
	 Eff: 36335,89
	 DR Bracket: 0
	 Base: 31%
	 Effective Percent: 55,05%
Vers
	 Rating: 6581
	 Multiplicative Factor: 0%
	 Eff: 8921
	 DR Bracket: 0
	 Base: 3%
	 Effective Percent: 11,44%
Leech
	 Rating: 4284
	 Multiplicative Factor: 0%
	 Eff: 6323,99025
	 DR Bracket: 0
	 Base: 2%
	 Effective Percent: 6,2%
Avoidance
	 Rating: 1884
	 Multiplicative Factor: 0%
	 Eff: 1884
	 DR Bracket: 0
	 Base: 0%
	 Effective Percent: 3,46%
Mastery
	 Rating: 28677
	 Multiplicative Factor: 0%
	 Eff: 35541,6
	 DR Bracket: 2
	 Base: 19,8%
	 Effective Percent: 91,39%
----------------------
01:19,038

Intellect
	 Rating: 146396
	 Multiplicative Factor: 13,56%
	 Eff: 146396,25000000006
Stamina
	 Rating: 868193
	 Multiplicative Factor: 11,3%
	 Eff: 868193
Crit
	 Rating: 16628
	 Multiplicative Factor: 0%
	 Eff: 20128
	 DR Bracket: 0
	 Base: 5%
	 Effective Percent: 28,75%
	 Crit Inc Heal: 2,6
	 Crit Inc Damage: 2
Haste
	 Rating: 12119
	 Multiplicative Factor: 0%
	 Eff: 29305,18
	 DR Bracket: 0
	 Base: 22%
	 Effective Percent: 44,4%
Vers
	 Rating: 6581
	 Multiplicative Factor: 0%
	 Eff: 8921
	 DR Bracket: 0
	 Base: 3%
	 Effective Percent: 11,44%
Leech
	 Rating: 4284
	 Multiplicative Factor: 0%
	 Eff: 6323,99025
	 DR Bracket: 0
	 Base: 2%
	 Effective Percent: 6,2%
Avoidance
	 Rating: 1884
	 Multiplicative Factor: 0%
	 Eff: 1884
	 DR Bracket: 0
	 Base: 0%
	 Effective Percent: 3,46%
Mastery
	 Rating: 28677
	 Multiplicative Factor: 0%
	 Eff: 35541,6
	 DR Bracket: 2
	 Base: 19,8%
	 Effective Percent: 91,39%
----------------------
01:19,496

Intellect
	 Rating: 146396
	 Multiplicative Factor: 13,56%
	 Eff: 146396,25000000006
Stamina
	 Rating: 868193
	 Multiplicative Factor: 11,3%
	 Eff: 868193
Crit
	 Rating: 16628
	 Multiplicative Factor: 0%
	 Eff: 20128
	 DR Bracket: 0
	 Base: 5%
	 Effective Percent: 28,75%
	 Crit Inc Heal: 2,6
	 Crit Inc Damage: 2
Haste
	 Rating: 12119
	 Multiplicative Factor: 0%
	 Eff: 28523,99
	 DR Bracket: 0
	 Base: 21%
	 Effective Percent: 43,22%
Vers
	 Rating: 6581
	 Multiplicative Factor: 0%
	 Eff: 8921
	 DR Bracket: 0
	 Base: 3%
	 Effective Percent: 11,44%
Leech
	 Rating: 4284
	 Multiplicative Factor: 0%
	 Eff: 6323,99025
	 DR Bracket: 0
	 Base: 2%
	 Effective Percent: 6,2%
Avoidance
	 Rating: 1884
	 Multiplicative Factor: 0%
	 Eff: 1884
	 DR Bracket: 0
	 Base: 0%
	 Effective Percent: 3,46%
Mastery
	 Rating: 28677
	 Multiplicative Factor: 0%
	 Eff: 35541,6
	 DR Bracket: 2
	 Base: 19,8%
	 Effective Percent: 91,39%
----------------------
01:20,505

Intellect
	 Rating: 146396
	 Multiplicative Factor: 13,56%
	 Eff: 146396,25000000006
Stamina
	 Rating: 868193
	 Multiplicative Factor: 11,3%
	 Eff: 868193
Crit
	 Rating: 16628
	 Multiplicative Factor: 0%
	 Eff: 20128
	 DR Bracket: 0
	 Base: 5%
	 Effective Percent: 28,75%
	 Crit Inc Heal: 2,6
	 Crit Inc Damage: 2
Haste
	 Rating: 12119
	 Multiplicative Factor: 0%
	 Eff: 27742,800000000003
	 DR Bracket: 0
	 Base: 20%
	 Effective Percent: 42,03%
Vers
	 Rating: 6581
	 Multiplicative Factor: 0%
	 Eff: 8921
	 DR Bracket: 0
	 Base: 3%
	 Effective Percent: 11,44%
Leech
	 Rating: 4284
	 Multiplicative Factor: 0%
	 Eff: 6323,99025
	 DR Bracket: 0
	 Base: 2%
	 Effective Percent: 6,2%
Avoidance
	 Rating: 1884
	 Multiplicative Factor: 0%
	 Eff: 1884
	 DR Bracket: 0
	 Base: 0%
	 Effective Percent: 3,46%
Mastery
	 Rating: 28677
	 Multiplicative Factor: 0%
	 Eff: 35541,6
	 DR Bracket: 2
	 Base: 19,8%
	 Effective Percent: 91,39%
----------------------
01:21,483

Intellect
	 Rating: 146396
	 Multiplicative Factor: 13,56%
	 Eff: 146396,25000000006
Stamina
	 Rating: 868193
	 Multiplicative Factor: 11,3%
	 Eff: 868193
Crit
	 Rating: 16628
	 Multiplicative Factor: 0%
	 Eff: 20128
	 DR Bracket: 0
	 Base: 5%
	 Effective Percent: 28,75%
	 Crit Inc Heal: 2,6
	 Crit Inc Damage: 2
Haste
	 Rating: 12119
	 Multiplicative Factor: 0%
	 Eff: 26961,61
	 DR Bracket: 0
	 Base: 19%
	 Effective Percent: 40,85%
Vers
	 Rating: 6581
	 Multiplicative Factor: 0%
	 Eff: 8921
	 DR Bracket: 0
	 Base: 3%
	 Effective Percent: 11,44%
Leech
	 Rating: 4284
	 Multiplicative Factor: 0%
	 Eff: 6323,99025
	 DR Bracket: 0
	 Base: 2%
	 Effective Percent: 6,2%
Avoidance
	 Rating: 1884
	 Multiplicative Factor: 0%
	 Eff: 1884
	 DR Bracket: 0
	 Base: 0%
	 Effective Percent: 3,46%
Mastery
	 Rating: 28677
	 Multiplicative Factor: 0%
	 Eff: 35541,6
	 DR Bracket: 2
	 Base: 19,8%
	 Effective Percent: 91,39%
----------------------
01:22,512

Intellect
	 Rating: 146396
	 Multiplicative Factor: 13,56%
	 Eff: 146396,25000000006
Stamina
	 Rating: 868193
	 Multiplicative Factor: 11,3%
	 Eff: 868193
Crit
	 Rating: 16628
	 Multiplicative Factor: 0%
	 Eff: 20128
	 DR Bracket: 0
	 Base: 5%
	 Effective Percent: 28,75%
	 Crit Inc Heal: 2,6
	 Crit Inc Damage: 2
Haste
	 Rating: 12119
	 Multiplicative Factor: 0%
	 Eff: 26180,42
	 DR Bracket: 0
	 Base: 18%
	 Effective Percent: 39,67%
Vers
	 Rating: 6581
	 Multiplicative Factor: 0%
	 Eff: 8921
	 DR Bracket: 0
	 Base: 3%
	 Effective Percent: 11,44%
Leech
	 Rating: 4284
	 Multiplicative Factor: 0%
	 Eff: 6323,99025
	 DR Bracket: 0
	 Base: 2%
	 Effective Percent: 6,2%
Avoidance
	 Rating: 1884
	 Multiplicative Factor: 0%
	 Eff: 1884
	 DR Bracket: 0
	 Base: 0%
	 Effective Percent: 3,46%
Mastery
	 Rating: 28677
	 Multiplicative Factor: 0%
	 Eff: 35541,6
	 DR Bracket: 2
	 Base: 19,8%
	 Effective Percent: 91,39%
----------------------
01:23,497

Intellect
	 Rating: 146396
	 Multiplicative Factor: 13,56%
	 Eff: 146396,25000000006
Stamina
	 Rating: 868193
	 Multiplicative Factor: 11,3%
	 Eff: 868193
Crit
	 Rating: 16628
	 Multiplicative Factor: 0%
	 Eff: 20128
	 DR Bracket: 0
	 Base: 5%
	 Effective Percent: 28,75%
	 Crit Inc Heal: 2,6
	 Crit Inc Damage: 2
Haste
	 Rating: 12119
	 Multiplicative Factor: 0%
	 Eff: 25399,230000000003
	 DR Bracket: 0
	 Base: 17%
	 Effective Percent: 38,48%
Vers
	 Rating: 6581
	 Multiplicative Factor: 0%
	 Eff: 8921
	 DR Bracket: 0
	 Base: 3%
	 Effective Percent: 11,44%
Leech
	 Rating: 4284
	 Multiplicative Factor: 0%
	 Eff: 6323,99025
	 DR Bracket: 0
	 Base: 2%
	 Effective Percent: 6,2%
Avoidance
	 Rating: 1884
	 Multiplicative Factor: 0%
	 Eff: 1884
	 DR Bracket: 0
	 Base: 0%
	 Effective Percent: 3,46%
Mastery
	 Rating: 28677
	 Multiplicative Factor: 0%
	 Eff: 35541,6
	 DR Bracket: 2
	 Base: 19,8%
	 Effective Percent: 91,39%
----------------------
01:24,501

Intellect
	 Rating: 146396
	 Multiplicative Factor: 13,56%
	 Eff: 146396,25000000006
Stamina
	 Rating: 868193
	 Multiplicative Factor: 11,3%
	 Eff: 868193
Crit
	 Rating: 16628
	 Multiplicative Factor: 0%
	 Eff: 20128
	 DR Bracket: 0
	 Base: 5%
	 Effective Percent: 28,75%
	 Crit Inc Heal: 2,6
	 Crit Inc Damage: 2
Haste
	 Rating: 12119
	 Multiplicative Factor: 0%
	 Eff: 24618,04
	 DR Bracket: 0
	 Base: 16%
	 Effective Percent: 37,3%
Vers
	 Rating: 6581
	 Multiplicative Factor: 0%
	 Eff: 8921
	 DR Bracket: 0
	 Base: 3%
	 Effective Percent: 11,44%
Leech
	 Rating: 4284
	 Multiplicative Factor: 0%
	 Eff: 6323,99025
	 DR Bracket: 0
	 Base: 2%
	 Effective Percent: 6,2%
Avoidance
	 Rating: 1884
	 Multiplicative Factor: 0%
	 Eff: 1884
	 DR Bracket: 0
	 Base: 0%
	 Effective Percent: 3,46%
Mastery
	 Rating: 28677
	 Multiplicative Factor: 0%
	 Eff: 35541,6
	 DR Bracket: 2
	 Base: 19,8%
	 Effective Percent: 91,39%
----------------------
01:25,503

Intellect
	 Rating: 146396
	 Multiplicative Factor: 13,56%
	 Eff: 146396,25000000006
Stamina
	 Rating: 868193
	 Multiplicative Factor: 11,3%
	 Eff: 868193
Crit
	 Rating: 16628
	 Multiplicative Factor: 0%
	 Eff: 20128
	 DR Bracket: 0
	 Base: 5%
	 Effective Percent: 28,75%
	 Crit Inc Heal: 2,6
	 Crit Inc Damage: 2
Haste
	 Rating: 12119
	 Multiplicative Factor: 0%
	 Eff: 23836,85
	 DR Bracket: 0
	 Base: 15%
	 Effective Percent: 36,12%
Vers
	 Rating: 6581
	 Multiplicative Factor: 0%
	 Eff: 8921
	 DR Bracket: 0
	 Base: 3%
	 Effective Percent: 11,44%
Leech
	 Rating: 4284
	 Multiplicative Factor: 0%
	 Eff: 6323,99025
	 DR Bracket: 0
	 Base: 2%
	 Effective Percent: 6,2%
Avoidance
	 Rating: 1884
	 Multiplicative Factor: 0%
	 Eff: 1884
	 DR Bracket: 0
	 Base: 0%
	 Effective Percent: 3,46%
Mastery
	 Rating: 28677
	 Multiplicative Factor: 0%
	 Eff: 35541,6
	 DR Bracket: 2
	 Base: 19,8%
	 Effective Percent: 91,39%
----------------------
01:26,493

Intellect
	 Rating: 146396
	 Multiplicative Factor: 13,56%
	 Eff: 146396,25000000006
Stamina
	 Rating: 868193
	 Multiplicative Factor: 11,3%
	 Eff: 868193
Crit
	 Rating: 16628
	 Multiplicative Factor: 0%
	 Eff: 20128
	 DR Bracket: 0
	 Base: 5%
	 Effective Percent: 28,75%
	 Crit Inc Heal: 2,6
	 Crit Inc Damage: 2
Haste
	 Rating: 12119
	 Multiplicative Factor: 0%
	 Eff: 23055,66
	 DR Bracket: 0
	 Base: 14%
	 Effective Percent: 34,93%
Vers
	 Rating: 6581
	 Multiplicative Factor: 0%
	 Eff: 8921
	 DR Bracket: 0
	 Base: 3%
	 Effective Percent: 11,44%
Leech
	 Rating: 4284
	 Multiplicative Factor: 0%
	 Eff: 6323,99025
	 DR Bracket: 0
	 Base: 2%
	 Effective Percent: 6,2%
Avoidance
	 Rating: 1884
	 Multiplicative Factor: 0%
	 Eff: 1884
	 DR Bracket: 0
	 Base: 0%
	 Effective Percent: 3,46%
Mastery
	 Rating: 28677
	 Multiplicative Factor: 0%
	 Eff: 35541,6
	 DR Bracket: 2
	 Base: 19,8%
	 Effective Percent: 91,39%
----------------------
01:27,506

Intellect
	 Rating: 146396
	 Multiplicative Factor: 13,56%
	 Eff: 146396,25000000006
Stamina
	 Rating: 868193
	 Multiplicative Factor: 11,3%
	 Eff: 868193
Crit
	 Rating: 16628
	 Multiplicative Factor: 0%
	 Eff: 20128
	 DR Bracket: 0
	 Base: 5%
	 Effective Percent: 28,75%
	 Crit Inc Heal: 2,6
	 Crit Inc Damage: 2
Haste
	 Rating: 12119
	 Multiplicative Factor: 0%
	 Eff: 22274,47
	 DR Bracket: 0
	 Base: 13%
	 Effective Percent: 33,75%
Vers
	 Rating: 6581
	 Multiplicative Factor: 0%
	 Eff: 8921
	 DR Bracket: 0
	 Base: 3%
	 Effective Percent: 11,44%
Leech
	 Rating: 4284
	 Multiplicative Factor: 0%
	 Eff: 6323,99025
	 DR Bracket: 0
	 Base: 2%
	 Effective Percent: 6,2%
Avoidance
	 Rating: 1884
	 Multiplicative Factor: 0%
	 Eff: 1884
	 DR Bracket: 0
	 Base: 0%
	 Effective Percent: 3,46%
Mastery
	 Rating: 28677
	 Multiplicative Factor: 0%
	 Eff: 35541,6
	 DR Bracket: 2
	 Base: 19,8%
	 Effective Percent: 91,39%
----------------------
01:28,492

Intellect
	 Rating: 146396
	 Multiplicative Factor: 13,56%
	 Eff: 146396,25000000006
Stamina
	 Rating: 868193
	 Multiplicative Factor: 11,3%
	 Eff: 868193
Crit
	 Rating: 16628
	 Multiplicative Factor: 0%
	 Eff: 20128
	 DR Bracket: 0
	 Base: 5%
	 Effective Percent: 28,75%
	 Crit Inc Heal: 2,6
	 Crit Inc Damage: 2
Haste
	 Rating: 12119
	 Multiplicative Factor: 0%
	 Eff: 21493,28
	 DR Bracket: 0
	 Base: 12%
	 Effective Percent: 32,57%
Vers
	 Rating: 6581
	 Multiplicative Factor: 0%
	 Eff: 8921
	 DR Bracket: 0
	 Base: 3%
	 Effective Percent: 11,44%
Leech
	 Rating: 4284
	 Multiplicative Factor: 0%
	 Eff: 6323,99025
	 DR Bracket: 0
	 Base: 2%
	 Effective Percent: 6,2%
Avoidance
	 Rating: 1884
	 Multiplicative Factor: 0%
	 Eff: 1884
	 DR Bracket: 0
	 Base: 0%
	 Effective Percent: 3,46%
Mastery
	 Rating: 28677
	 Multiplicative Factor: 0%
	 Eff: 35541,6
	 DR Bracket: 2
	 Base: 19,8%
	 Effective Percent: 91,39%
----------------------
01:29,509

Intellect
	 Rating: 146396
	 Multiplicative Factor: 13,56%
	 Eff: 146396,25000000006
Stamina
	 Rating: 868193
	 Multiplicative Factor: 11,3%
	 Eff: 868193
Crit
	 Rating: 16628
	 Multiplicative Factor: 0%
	 Eff: 20128
	 DR Bracket: 0
	 Base: 5%
	 Effective Percent: 28,75%
	 Crit Inc Heal: 2,6
	 Crit Inc Damage: 2
Haste
	 Rating: 12119
	 Multiplicative Factor: 0%
	 Eff: 20712,09
	 DR Bracket: 0
	 Base: 11%
	 Effective Percent: 31,38%
Vers
	 Rating: 6581
	 Multiplicative Factor: 0%
	 Eff: 8921
	 DR Bracket: 0
	 Base: 3%
	 Effective Percent: 11,44%
Leech
	 Rating: 4284
	 Multiplicative Factor: 0%
	 Eff: 6323,99025
	 DR Bracket: 0
	 Base: 2%
	 Effective Percent: 6,2%
Avoidance
	 Rating: 1884
	 Multiplicative Factor: 0%
	 Eff: 1884
	 DR Bracket: 0
	 Base: 0%
	 Effective Percent: 3,46%
Mastery
	 Rating: 28677
	 Multiplicative Factor: 0%
	 Eff: 35541,6
	 DR Bracket: 2
	 Base: 19,8%
	 Effective Percent: 91,39%
----------------------
01:30,499

Intellect
	 Rating: 146396
	 Multiplicative Factor: 13,56%
	 Eff: 146396,25000000006
Stamina
	 Rating: 868193
	 Multiplicative Factor: 11,3%
	 Eff: 868193
Crit
	 Rating: 16628
	 Multiplicative Factor: 0%
	 Eff: 20128
	 DR Bracket: 0
	 Base: 5%
	 Effective Percent: 28,75%
	 Crit Inc Heal: 2,6
	 Crit Inc Damage: 2
Haste
	 Rating: 12119
	 Multiplicative Factor: 0%
	 Eff: 19930,9
	 DR Bracket: 0
	 Base: 10%
	 Effective Percent: 30,2%
Vers
	 Rating: 6581
	 Multiplicative Factor: 0%
	 Eff: 8921
	 DR Bracket: 0
	 Base: 3%
	 Effective Percent: 11,44%
Leech
	 Rating: 4284
	 Multiplicative Factor: 0%
	 Eff: 6323,99025
	 DR Bracket: 0
	 Base: 2%
	 Effective Percent: 6,2%
Avoidance
	 Rating: 1884
	 Multiplicative Factor: 0%
	 Eff: 1884
	 DR Bracket: 0
	 Base: 0%
	 Effective Percent: 3,46%
Mastery
	 Rating: 28677
	 Multiplicative Factor: 0%
	 Eff: 35541,6
	 DR Bracket: 2
	 Base: 19,8%
	 Effective Percent: 91,39%
----------------------
01:30,986

Intellect
	 Rating: 146396
	 Multiplicative Factor: 13,56%
	 Eff: 146396,25000000006
Stamina
	 Rating: 868193
	 Multiplicative Factor: 11,3%
	 Eff: 868193
Crit
	 Rating: 22613
	 Multiplicative Factor: 0%
	 Eff: 25951,589014795045
	 DR Bracket: 1
	 Base: 5%
	 Effective Percent: 37,07%
	 Crit Inc Heal: 2,6
	 Crit Inc Damage: 2
Haste
	 Rating: 12119
	 Multiplicative Factor: 0%
	 Eff: 19930,9
	 DR Bracket: 0
	 Base: 10%
	 Effective Percent: 30,2%
Vers
	 Rating: 6581
	 Multiplicative Factor: 0%
	 Eff: 8921
	 DR Bracket: 0
	 Base: 3%
	 Effective Percent: 11,44%
Leech
	 Rating: 4284
	 Multiplicative Factor: 0%
	 Eff: 6323,99025
	 DR Bracket: 0
	 Base: 2%
	 Effective Percent: 6,2%
Avoidance
	 Rating: 1884
	 Multiplicative Factor: 0%
	 Eff: 1884
	 DR Bracket: 0
	 Base: 0%
	 Effective Percent: 3,46%
Mastery
	 Rating: 28677
	 Multiplicative Factor: 0%
	 Eff: 35541,6
	 DR Bracket: 2
	 Base: 19,8%
	 Effective Percent: 91,39%
----------------------
01:31,484

Intellect
	 Rating: 146396
	 Multiplicative Factor: 13,56%
	 Eff: 146396,25000000006
Stamina
	 Rating: 868193
	 Multiplicative Factor: 11,3%
	 Eff: 868193
Crit
	 Rating: 22613
	 Multiplicative Factor: 0%
	 Eff: 25951,589014795045
	 DR Bracket: 1
	 Base: 5%
	 Effective Percent: 37,07%
	 Crit Inc Heal: 2,6
	 Crit Inc Damage: 2
Haste
	 Rating: 12119
	 Multiplicative Factor: 0%
	 Eff: 19149,71
	 DR Bracket: 0
	 Base: 9%
	 Effective Percent: 29,01%
Vers
	 Rating: 6581
	 Multiplicative Factor: 0%
	 Eff: 8921
	 DR Bracket: 0
	 Base: 3%
	 Effective Percent: 11,44%
Leech
	 Rating: 4284
	 Multiplicative Factor: 0%
	 Eff: 6323,99025
	 DR Bracket: 0
	 Base: 2%
	 Effective Percent: 6,2%
Avoidance
	 Rating: 1884
	 Multiplicative Factor: 0%
	 Eff: 1884
	 DR Bracket: 0
	 Base: 0%
	 Effective Percent: 3,46%
Mastery
	 Rating: 28677
	 Multiplicative Factor: 0%
	 Eff: 35541,6
	 DR Bracket: 2
	 Base: 19,8%
	 Effective Percent: 91,39%
----------------------
01:32,496

Intellect
	 Rating: 146396
	 Multiplicative Factor: 13,56%
	 Eff: 146396,25000000006
Stamina
	 Rating: 868193
	 Multiplicative Factor: 11,3%
	 Eff: 868193
Crit
	 Rating: 22613
	 Multiplicative Factor: 0%
	 Eff: 25951,589014795045
	 DR Bracket: 1
	 Base: 5%
	 Effective Percent: 37,07%
	 Crit Inc Heal: 2,6
	 Crit Inc Damage: 2
Haste
	 Rating: 12119
	 Multiplicative Factor: 0%
	 Eff: 18368,52
	 DR Bracket: 0
	 Base: 8%
	 Effective Percent: 27,83%
Vers
	 Rating: 6581
	 Multiplicative Factor: 0%
	 Eff: 8921
	 DR Bracket: 0
	 Base: 3%
	 Effective Percent: 11,44%
Leech
	 Rating: 4284
	 Multiplicative Factor: 0%
	 Eff: 6323,99025
	 DR Bracket: 0
	 Base: 2%
	 Effective Percent: 6,2%
Avoidance
	 Rating: 1884
	 Multiplicative Factor: 0%
	 Eff: 1884
	 DR Bracket: 0
	 Base: 0%
	 Effective Percent: 3,46%
Mastery
	 Rating: 28677
	 Multiplicative Factor: 0%
	 Eff: 35541,6
	 DR Bracket: 2
	 Base: 19,8%
	 Effective Percent: 91,39%
----------------------
01:33,507

Intellect
	 Rating: 146396
	 Multiplicative Factor: 13,56%
	 Eff: 146396,25000000006
Stamina
	 Rating: 868193
	 Multiplicative Factor: 11,3%
	 Eff: 868193
Crit
	 Rating: 22613
	 Multiplicative Factor: 0%
	 Eff: 25951,589014795045
	 DR Bracket: 1
	 Base: 5%
	 Effective Percent: 37,07%
	 Crit Inc Heal: 2,6
	 Crit Inc Damage: 2
Haste
	 Rating: 12119
	 Multiplicative Factor: 0%
	 Eff: 17587,33
	 DR Bracket: 0
	 Base: 7%
	 Effective Percent: 26,65%
Vers
	 Rating: 6581
	 Multiplicative Factor: 0%
	 Eff: 8921
	 DR Bracket: 0
	 Base: 3%
	 Effective Percent: 11,44%
Leech
	 Rating: 4284
	 Multiplicative Factor: 0%
	 Eff: 6323,99025
	 DR Bracket: 0
	 Base: 2%
	 Effective Percent: 6,2%
Avoidance
	 Rating: 1884
	 Multiplicative Factor: 0%
	 Eff: 1884
	 DR Bracket: 0
	 Base: 0%
	 Effective Percent: 3,46%
Mastery
	 Rating: 28677
	 Multiplicative Factor: 0%
	 Eff: 35541,6
	 DR Bracket: 2
	 Base: 19,8%
	 Effective Percent: 91,39%
----------------------
01:34,067

Intellect
	 Rating: 146396
	 Multiplicative Factor: 13,56%
	 Eff: 146396,25000000006
Stamina
	 Rating: 868193
	 Multiplicative Factor: 11,3%
	 Eff: 868193
Crit
	 Rating: 22613
	 Multiplicative Factor: 0%
	 Eff: 25951,589014795045
	 DR Bracket: 1
	 Base: 5%
	 Effective Percent: 37,07%
	 Crit Inc Heal: 2
	 Crit Inc Damage: 2
Haste
	 Rating: 12119
	 Multiplicative Factor: 0%
	 Eff: 17587,33
	 DR Bracket: 0
	 Base: 7%
	 Effective Percent: 26,65%
Vers
	 Rating: 6581
	 Multiplicative Factor: 0%
	 Eff: 8921
	 DR Bracket: 0
	 Base: 3%
	 Effective Percent: 11,44%
Leech
	 Rating: 4284
	 Multiplicative Factor: 0%
	 Eff: 6323,99025
	 DR Bracket: 0
	 Base: 2%
	 Effective Percent: 6,2%
Avoidance
	 Rating: 1884
	 Multiplicative Factor: 0%
	 Eff: 1884
	 DR Bracket: 0
	 Base: 0%
	 Effective Percent: 3,46%
Mastery
	 Rating: 28677
	 Multiplicative Factor: 0%
	 Eff: 35541,6
	 DR Bracket: 2
	 Base: 19,8%
	 Effective Percent: 91,39%
----------------------
01:34,502

Intellect
	 Rating: 146396
	 Multiplicative Factor: 13,56%
	 Eff: 146396,25000000006
Stamina
	 Rating: 868193
	 Multiplicative Factor: 11,3%
	 Eff: 868193
Crit
	 Rating: 22613
	 Multiplicative Factor: 0%
	 Eff: 25951,589014795045
	 DR Bracket: 1
	 Base: 5%
	 Effective Percent: 37,07%
	 Crit Inc Heal: 2
	 Crit Inc Damage: 2
Haste
	 Rating: 12119
	 Multiplicative Factor: 0%
	 Eff: 16806,14
	 DR Bracket: 0
	 Base: 6%
	 Effective Percent: 25,46%
Vers
	 Rating: 6581
	 Multiplicative Factor: 0%
	 Eff: 8921
	 DR Bracket: 0
	 Base: 3%
	 Effective Percent: 11,44%
Leech
	 Rating: 4284
	 Multiplicative Factor: 0%
	 Eff: 6323,99025
	 DR Bracket: 0
	 Base: 2%
	 Effective Percent: 6,2%
Avoidance
	 Rating: 1884
	 Multiplicative Factor: 0%
	 Eff: 1884
	 DR Bracket: 0
	 Base: 0%
	 Effective Percent: 3,46%
Mastery
	 Rating: 28677
	 Multiplicative Factor: 0%
	 Eff: 35541,6
	 DR Bracket: 2
	 Base: 19,8%
	 Effective Percent: 91,39%
----------------------
01:35,507

Intellect
	 Rating: 146396
	 Multiplicative Factor: 13,56%
	 Eff: 146396,25000000006
Stamina
	 Rating: 868193
	 Multiplicative Factor: 11,3%
	 Eff: 868193
Crit
	 Rating: 22613
	 Multiplicative Factor: 0%
	 Eff: 25951,589014795045
	 DR Bracket: 1
	 Base: 5%
	 Effective Percent: 37,07%
	 Crit Inc Heal: 2
	 Crit Inc Damage: 2
Haste
	 Rating: 12119
	 Multiplicative Factor: 0%
	 Eff: 16024,95
	 DR Bracket: 0
	 Base: 5%
	 Effective Percent: 24,28%
Vers
	 Rating: 6581
	 Multiplicative Factor: 0%
	 Eff: 8921
	 DR Bracket: 0
	 Base: 3%
	 Effective Percent: 11,44%
Leech
	 Rating: 4284
	 Multiplicative Factor: 0%
	 Eff: 6323,99025
	 DR Bracket: 0
	 Base: 2%
	 Effective Percent: 6,2%
Avoidance
	 Rating: 1884
	 Multiplicative Factor: 0%
	 Eff: 1884
	 DR Bracket: 0
	 Base: 0%
	 Effective Percent: 3,46%
Mastery
	 Rating: 28677
	 Multiplicative Factor: 0%
	 Eff: 35541,6
	 DR Bracket: 2
	 Base: 19,8%
	 Effective Percent: 91,39%
----------------------
01:36,094

Intellect
	 Rating: 146396
	 Multiplicative Factor: 13,56%
	 Eff: 146396,25000000006
Stamina
	 Rating: 868193
	 Multiplicative Factor: 11,3%
	 Eff: 868193
Crit
	 Rating: 22613
	 Multiplicative Factor: 0%
	 Eff: 25951,589014795045
	 DR Bracket: 1
	 Base: 5%
	 Effective Percent: 37,07%
	 Crit Inc Heal: 2,6
	 Crit Inc Damage: 2
Haste
	 Rating: 12119
	 Multiplicative Factor: 0%
	 Eff: 16024,95
	 DR Bracket: 0
	 Base: 5%
	 Effective Percent: 24,28%
Vers
	 Rating: 6581
	 Multiplicative Factor: 0%
	 Eff: 8921
	 DR Bracket: 0
	 Base: 3%
	 Effective Percent: 11,44%
Leech
	 Rating: 4284
	 Multiplicative Factor: 0%
	 Eff: 6323,99025
	 DR Bracket: 0
	 Base: 2%
	 Effective Percent: 6,2%
Avoidance
	 Rating: 1884
	 Multiplicative Factor: 0%
	 Eff: 1884
	 DR Bracket: 0
	 Base: 0%
	 Effective Percent: 3,46%
Mastery
	 Rating: 28677
	 Multiplicative Factor: 0%
	 Eff: 35541,6
	 DR Bracket: 2
	 Base: 19,8%
	 Effective Percent: 91,39%
----------------------
01:36,115

Intellect
	 Rating: 146396
	 Multiplicative Factor: 13,56%
	 Eff: 146396,25000000006
Stamina
	 Rating: 868193
	 Multiplicative Factor: 11,3%
	 Eff: 868193
Crit
	 Rating: 22613
	 Multiplicative Factor: 0%
	 Eff: 25951,589014795045
	 DR Bracket: 1
	 Base: 5%
	 Effective Percent: 37,07%
	 Crit Inc Heal: 2,6
	 Crit Inc Damage: 2
Haste
	 Rating: 12119
	 Multiplicative Factor: 0%
	 Eff: 18368,52
	 DR Bracket: 0
	 Base: 8%
	 Effective Percent: 27,83%
Vers
	 Rating: 6581
	 Multiplicative Factor: 0%
	 Eff: 8921
	 DR Bracket: 0
	 Base: 3%
	 Effective Percent: 11,44%
Leech
	 Rating: 4284
	 Multiplicative Factor: 0%
	 Eff: 6323,99025
	 DR Bracket: 0
	 Base: 2%
	 Effective Percent: 6,2%
Avoidance
	 Rating: 1884
	 Multiplicative Factor: 0%
	 Eff: 1884
	 DR Bracket: 0
	 Base: 0%
	 Effective Percent: 3,46%
Mastery
	 Rating: 28677
	 Multiplicative Factor: 0%
	 Eff: 35541,6
	 DR Bracket: 2
	 Base: 19,8%
	 Effective Percent: 91,39%
----------------------
01:36,116

Intellect
	 Rating: 146396
	 Multiplicative Factor: 13,56%
	 Eff: 146396,25000000006
Stamina
	 Rating: 868193
	 Multiplicative Factor: 11,3%
	 Eff: 868193
Crit
	 Rating: 22613
	 Multiplicative Factor: 0%
	 Eff: 25951,589014795045
	 DR Bracket: 1
	 Base: 5%
	 Effective Percent: 37,07%
	 Crit Inc Heal: 2,6
	 Crit Inc Damage: 2
Haste
	 Rating: 12119
	 Multiplicative Factor: 0%
	 Eff: 20712,09
	 DR Bracket: 0
	 Base: 11%
	 Effective Percent: 31,38%
Vers
	 Rating: 6581
	 Multiplicative Factor: 0%
	 Eff: 8921
	 DR Bracket: 0
	 Base: 3%
	 Effective Percent: 11,44%
Leech
	 Rating: 4284
	 Multiplicative Factor: 0%
	 Eff: 6323,99025
	 DR Bracket: 0
	 Base: 2%
	 Effective Percent: 6,2%
Avoidance
	 Rating: 1884
	 Multiplicative Factor: 0%
	 Eff: 1884
	 DR Bracket: 0
	 Base: 0%
	 Effective Percent: 3,46%
Mastery
	 Rating: 28677
	 Multiplicative Factor: 0%
	 Eff: 35541,6
	 DR Bracket: 2
	 Base: 19,8%
	 Effective Percent: 91,39%
----------------------
01:36,499

Intellect
	 Rating: 146396
	 Multiplicative Factor: 13,56%
	 Eff: 146396,25000000006
Stamina
	 Rating: 868193
	 Multiplicative Factor: 11,3%
	 Eff: 868193
Crit
	 Rating: 22613
	 Multiplicative Factor: 0%
	 Eff: 25951,589014795045
	 DR Bracket: 1
	 Base: 5%
	 Effective Percent: 37,07%
	 Crit Inc Heal: 2,6
	 Crit Inc Damage: 2
Haste
	 Rating: 12119
	 Multiplicative Factor: 0%
	 Eff: 19930,9
	 DR Bracket: 0
	 Base: 10%
	 Effective Percent: 30,2%
Vers
	 Rating: 6581
	 Multiplicative Factor: 0%
	 Eff: 8921
	 DR Bracket: 0
	 Base: 3%
	 Effective Percent: 11,44%
Leech
	 Rating: 4284
	 Multiplicative Factor: 0%
	 Eff: 6323,99025
	 DR Bracket: 0
	 Base: 2%
	 Effective Percent: 6,2%
Avoidance
	 Rating: 1884
	 Multiplicative Factor: 0%
	 Eff: 1884
	 DR Bracket: 0
	 Base: 0%
	 Effective Percent: 3,46%
Mastery
	 Rating: 28677
	 Multiplicative Factor: 0%
	 Eff: 35541,6
	 DR Bracket: 2
	 Base: 19,8%
	 Effective Percent: 91,39%
----------------------
01:37,498

Intellect
	 Rating: 146396
	 Multiplicative Factor: 13,56%
	 Eff: 146396,25000000006
Stamina
	 Rating: 868193
	 Multiplicative Factor: 11,3%
	 Eff: 868193
Crit
	 Rating: 22613
	 Multiplicative Factor: 0%
	 Eff: 25951,589014795045
	 DR Bracket: 1
	 Base: 5%
	 Effective Percent: 37,07%
	 Crit Inc Heal: 2,6
	 Crit Inc Damage: 2
Haste
	 Rating: 12119
	 Multiplicative Factor: 0%
	 Eff: 19149,71
	 DR Bracket: 0
	 Base: 9%
	 Effective Percent: 29,01%
Vers
	 Rating: 6581
	 Multiplicative Factor: 0%
	 Eff: 8921
	 DR Bracket: 0
	 Base: 3%
	 Effective Percent: 11,44%
Leech
	 Rating: 4284
	 Multiplicative Factor: 0%
	 Eff: 6323,99025
	 DR Bracket: 0
	 Base: 2%
	 Effective Percent: 6,2%
Avoidance
	 Rating: 1884
	 Multiplicative Factor: 0%
	 Eff: 1884
	 DR Bracket: 0
	 Base: 0%
	 Effective Percent: 3,46%
Mastery
	 Rating: 28677
	 Multiplicative Factor: 0%
	 Eff: 35541,6
	 DR Bracket: 2
	 Base: 19,8%
	 Effective Percent: 91,39%
----------------------
01:38,507

Intellect
	 Rating: 146396
	 Multiplicative Factor: 13,56%
	 Eff: 146396,25000000006
Stamina
	 Rating: 868193
	 Multiplicative Factor: 11,3%
	 Eff: 868193
Crit
	 Rating: 22613
	 Multiplicative Factor: 0%
	 Eff: 25951,589014795045
	 DR Bracket: 1
	 Base: 5%
	 Effective Percent: 37,07%
	 Crit Inc Heal: 2,6
	 Crit Inc Damage: 2
Haste
	 Rating: 12119
	 Multiplicative Factor: 0%
	 Eff: 18368,52
	 DR Bracket: 0
	 Base: 8%
	 Effective Percent: 27,83%
Vers
	 Rating: 6581
	 Multiplicative Factor: 0%
	 Eff: 8921
	 DR Bracket: 0
	 Base: 3%
	 Effective Percent: 11,44%
Leech
	 Rating: 4284
	 Multiplicative Factor: 0%
	 Eff: 6323,99025
	 DR Bracket: 0
	 Base: 2%
	 Effective Percent: 6,2%
Avoidance
	 Rating: 1884
	 Multiplicative Factor: 0%
	 Eff: 1884
	 DR Bracket: 0
	 Base: 0%
	 Effective Percent: 3,46%
Mastery
	 Rating: 28677
	 Multiplicative Factor: 0%
	 Eff: 35541,6
	 DR Bracket: 2
	 Base: 19,8%
	 Effective Percent: 91,39%
----------------------
01:39,485

Intellect
	 Rating: 146396
	 Multiplicative Factor: 13,56%
	 Eff: 146396,25000000006
Stamina
	 Rating: 868193
	 Multiplicative Factor: 11,3%
	 Eff: 868193
Crit
	 Rating: 22613
	 Multiplicative Factor: 0%
	 Eff: 25951,589014795045
	 DR Bracket: 1
	 Base: 5%
	 Effective Percent: 37,07%
	 Crit Inc Heal: 2,6
	 Crit Inc Damage: 2
Haste
	 Rating: 12119
	 Multiplicative Factor: 0%
	 Eff: 17587,33
	 DR Bracket: 0
	 Base: 7%
	 Effective Percent: 26,65%
Vers
	 Rating: 6581
	 Multiplicative Factor: 0%
	 Eff: 8921
	 DR Bracket: 0
	 Base: 3%
	 Effective Percent: 11,44%
Leech
	 Rating: 4284
	 Multiplicative Factor: 0%
	 Eff: 6323,99025
	 DR Bracket: 0
	 Base: 2%
	 Effective Percent: 6,2%
Avoidance
	 Rating: 1884
	 Multiplicative Factor: 0%
	 Eff: 1884
	 DR Bracket: 0
	 Base: 0%
	 Effective Percent: 3,46%
Mastery
	 Rating: 28677
	 Multiplicative Factor: 0%
	 Eff: 35541,6
	 DR Bracket: 2
	 Base: 19,8%
	 Effective Percent: 91,39%
----------------------
01:39,552

Intellect
	 Rating: 146396
	 Multiplicative Factor: 13,56%
	 Eff: 146396,25000000006
Stamina
	 Rating: 868193
	 Multiplicative Factor: 11,3%
	 Eff: 868193
Crit
	 Rating: 22613
	 Multiplicative Factor: 0%
	 Eff: 25951,589014795045
	 DR Bracket: 1
	 Base: 5%
	 Effective Percent: 37,07%
	 Crit Inc Heal: 2,6
	 Crit Inc Damage: 2
Haste
	 Rating: 12119
	 Multiplicative Factor: 0%
	 Eff: 19930,9
	 DR Bracket: 0
	 Base: 10%
	 Effective Percent: 30,2%
Vers
	 Rating: 6581
	 Multiplicative Factor: 0%
	 Eff: 8921
	 DR Bracket: 0
	 Base: 3%
	 Effective Percent: 11,44%
Leech
	 Rating: 4284
	 Multiplicative Factor: 0%
	 Eff: 6323,99025
	 DR Bracket: 0
	 Base: 2%
	 Effective Percent: 6,2%
Avoidance
	 Rating: 1884
	 Multiplicative Factor: 0%
	 Eff: 1884
	 DR Bracket: 0
	 Base: 0%
	 Effective Percent: 3,46%
Mastery
	 Rating: 28677
	 Multiplicative Factor: 0%
	 Eff: 35541,6
	 DR Bracket: 2
	 Base: 19,8%
	 Effective Percent: 91,39%
----------------------
01:40,500

Intellect
	 Rating: 146396
	 Multiplicative Factor: 13,56%
	 Eff: 146396,25000000006
Stamina
	 Rating: 868193
	 Multiplicative Factor: 11,3%
	 Eff: 868193
Crit
	 Rating: 22613
	 Multiplicative Factor: 0%
	 Eff: 25951,589014795045
	 DR Bracket: 1
	 Base: 5%
	 Effective Percent: 37,07%
	 Crit Inc Heal: 2,6
	 Crit Inc Damage: 2
Haste
	 Rating: 12119
	 Multiplicative Factor: 0%
	 Eff: 19149,71
	 DR Bracket: 0
	 Base: 9%
	 Effective Percent: 29,01%
Vers
	 Rating: 6581
	 Multiplicative Factor: 0%
	 Eff: 8921
	 DR Bracket: 0
	 Base: 3%
	 Effective Percent: 11,44%
Leech
	 Rating: 4284
	 Multiplicative Factor: 0%
	 Eff: 6323,99025
	 DR Bracket: 0
	 Base: 2%
	 Effective Percent: 6,2%
Avoidance
	 Rating: 1884
	 Multiplicative Factor: 0%
	 Eff: 1884
	 DR Bracket: 0
	 Base: 0%
	 Effective Percent: 3,46%
Mastery
	 Rating: 28677
	 Multiplicative Factor: 0%
	 Eff: 35541,6
	 DR Bracket: 2
	 Base: 19,8%
	 Effective Percent: 91,39%
----------------------
01:40,998

Intellect
	 Rating: 146396
	 Multiplicative Factor: 13,56%
	 Eff: 146396,25000000006
Stamina
	 Rating: 868193
	 Multiplicative Factor: 11,3%
	 Eff: 868193
Crit
	 Rating: 16628
	 Multiplicative Factor: 0%
	 Eff: 20128
	 DR Bracket: 0
	 Base: 5%
	 Effective Percent: 28,75%
	 Crit Inc Heal: 2,6
	 Crit Inc Damage: 2
Haste
	 Rating: 12119
	 Multiplicative Factor: 0%
	 Eff: 19149,71
	 DR Bracket: 0
	 Base: 9%
	 Effective Percent: 29,01%
Vers
	 Rating: 6581
	 Multiplicative Factor: 0%
	 Eff: 8921
	 DR Bracket: 0
	 Base: 3%
	 Effective Percent: 11,44%
Leech
	 Rating: 4284
	 Multiplicative Factor: 0%
	 Eff: 6323,99025
	 DR Bracket: 0
	 Base: 2%
	 Effective Percent: 6,2%
Avoidance
	 Rating: 1884
	 Multiplicative Factor: 0%
	 Eff: 1884
	 DR Bracket: 0
	 Base: 0%
	 Effective Percent: 3,46%
Mastery
	 Rating: 28677
	 Multiplicative Factor: 0%
	 Eff: 35541,6
	 DR Bracket: 2
	 Base: 19,8%
	 Effective Percent: 91,39%
----------------------
01:47,558

Intellect
	 Rating: 146396
	 Multiplicative Factor: 13,56%
	 Eff: 146396,25000000006
Stamina
	 Rating: 868193
	 Multiplicative Factor: 11,3%
	 Eff: 868193
Crit
	 Rating: 16628
	 Multiplicative Factor: 0%
	 Eff: 20128
	 DR Bracket: 0
	 Base: 5%
	 Effective Percent: 28,75%
	 Crit Inc Heal: 2,6
	 Crit Inc Damage: 2
Haste
	 Rating: 12119
	 Multiplicative Factor: 0%
	 Eff: 12119
	 DR Bracket: 0
	 Base: 0%
	 Effective Percent: 18,36%
Vers
	 Rating: 6581
	 Multiplicative Factor: 0%
	 Eff: 8921
	 DR Bracket: 0
	 Base: 3%
	 Effective Percent: 11,44%
Leech
	 Rating: 4284
	 Multiplicative Factor: 0%
	 Eff: 6323,99025
	 DR Bracket: 0
	 Base: 2%
	 Effective Percent: 6,2%
Avoidance
	 Rating: 1884
	 Multiplicative Factor: 0%
	 Eff: 1884
	 DR Bracket: 0
	 Base: 0%
	 Effective Percent: 3,46%
Mastery
	 Rating: 28677
	 Multiplicative Factor: 0%
	 Eff: 35541,6
	 DR Bracket: 2
	 Base: 19,8%
	 Effective Percent: 91,39%
----------------------
01:48,604

Intellect
	 Rating: 146396
	 Multiplicative Factor: 13,56%
	 Eff: 146396,25000000006
Stamina
	 Rating: 868193
	 Multiplicative Factor: 11,3%
	 Eff: 868193
Crit
	 Rating: 22613
	 Multiplicative Factor: 0%
	 Eff: 25951,589014795045
	 DR Bracket: 1
	 Base: 5%
	 Effective Percent: 37,07%
	 Crit Inc Heal: 2,6
	 Crit Inc Damage: 2
Haste
	 Rating: 12119
	 Multiplicative Factor: 0%
	 Eff: 12119
	 DR Bracket: 0
	 Base: 0%
	 Effective Percent: 18,36%
Vers
	 Rating: 6581
	 Multiplicative Factor: 0%
	 Eff: 8921
	 DR Bracket: 0
	 Base: 3%
	 Effective Percent: 11,44%
Leech
	 Rating: 4284
	 Multiplicative Factor: 0%
	 Eff: 6323,99025
	 DR Bracket: 0
	 Base: 2%
	 Effective Percent: 6,2%
Avoidance
	 Rating: 1884
	 Multiplicative Factor: 0%
	 Eff: 1884
	 DR Bracket: 0
	 Base: 0%
	 Effective Percent: 3,46%
Mastery
	 Rating: 28677
	 Multiplicative Factor: 0%
	 Eff: 35541,6
	 DR Bracket: 2
	 Base: 19,8%
	 Effective Percent: 91,39%
----------------------
01:52,483

Intellect
	 Rating: 139425
	 Multiplicative Factor: 8,15%
	 Eff: 139425,00000000006
Stamina
	 Rating: 868193
	 Multiplicative Factor: 11,3%
	 Eff: 868193
Crit
	 Rating: 22613
	 Multiplicative Factor: 0%
	 Eff: 25951,589014795045
	 DR Bracket: 1
	 Base: 5%
	 Effective Percent: 37,07%
	 Crit Inc Heal: 2,6
	 Crit Inc Damage: 2
Haste
	 Rating: 12119
	 Multiplicative Factor: 0%
	 Eff: 12119
	 DR Bracket: 0
	 Base: 0%
	 Effective Percent: 18,36%
Vers
	 Rating: 6581
	 Multiplicative Factor: 0%
	 Eff: 8921
	 DR Bracket: 0
	 Base: 3%
	 Effective Percent: 11,44%
Leech
	 Rating: 4284
	 Multiplicative Factor: 0%
	 Eff: 6323,99025
	 DR Bracket: 0
	 Base: 2%
	 Effective Percent: 6,2%
Avoidance
	 Rating: 1884
	 Multiplicative Factor: 0%
	 Eff: 1884
	 DR Bracket: 0
	 Base: 0%
	 Effective Percent: 3,46%
Mastery
	 Rating: 28677
	 Multiplicative Factor: 0%
	 Eff: 35541,6
	 DR Bracket: 2
	 Base: 19,8%
	 Effective Percent: 91,39%
----------------------
01:55,579

Intellect
	 Rating: 139425
	 Multiplicative Factor: 8,15%
	 Eff: 139425,00000000006
Stamina
	 Rating: 868193
	 Multiplicative Factor: 11,3%
	 Eff: 868193
Crit
	 Rating: 22613
	 Multiplicative Factor: 0%
	 Eff: 25951,589014795045
	 DR Bracket: 1
	 Base: 5%
	 Effective Percent: 37,07%
	 Crit Inc Heal: 2,6
	 Crit Inc Damage: 2
Haste
	 Rating: 12119
	 Multiplicative Factor: 0%
	 Eff: 14462,57
	 DR Bracket: 0
	 Base: 3%
	 Effective Percent: 21,91%
Vers
	 Rating: 6581
	 Multiplicative Factor: 0%
	 Eff: 8921
	 DR Bracket: 0
	 Base: 3%
	 Effective Percent: 11,44%
Leech
	 Rating: 4284
	 Multiplicative Factor: 0%
	 Eff: 6323,99025
	 DR Bracket: 0
	 Base: 2%
	 Effective Percent: 6,2%
Avoidance
	 Rating: 1884
	 Multiplicative Factor: 0%
	 Eff: 1884
	 DR Bracket: 0
	 Base: 0%
	 Effective Percent: 3,46%
Mastery
	 Rating: 28677
	 Multiplicative Factor: 0%
	 Eff: 35541,6
	 DR Bracket: 2
	 Base: 19,8%
	 Effective Percent: 91,39%
----------------------
01:55,582

Intellect
	 Rating: 139425
	 Multiplicative Factor: 8,15%
	 Eff: 139425,00000000006
Stamina
	 Rating: 868193
	 Multiplicative Factor: 11,3%
	 Eff: 868193
Crit
	 Rating: 22613
	 Multiplicative Factor: 0%
	 Eff: 25951,589014795045
	 DR Bracket: 1
	 Base: 5%
	 Effective Percent: 37,07%
	 Crit Inc Heal: 2,6
	 Crit Inc Damage: 2
Haste
	 Rating: 12119
	 Multiplicative Factor: 0%
	 Eff: 19149,71
	 DR Bracket: 0
	 Base: 9%
	 Effective Percent: 29,01%
Vers
	 Rating: 6581
	 Multiplicative Factor: 0%
	 Eff: 8921
	 DR Bracket: 0
	 Base: 3%
	 Effective Percent: 11,44%
Leech
	 Rating: 4284
	 Multiplicative Factor: 0%
	 Eff: 6323,99025
	 DR Bracket: 0
	 Base: 2%
	 Effective Percent: 6,2%
Avoidance
	 Rating: 1884
	 Multiplicative Factor: 0%
	 Eff: 1884
	 DR Bracket: 0
	 Base: 0%
	 Effective Percent: 3,46%
Mastery
	 Rating: 28677
	 Multiplicative Factor: 0%
	 Eff: 35541,6
	 DR Bracket: 2
	 Base: 19,8%
	 Effective Percent: 91,39%
----------------------
01:55,582

Intellect
	 Rating: 139425
	 Multiplicative Factor: 8,15%
	 Eff: 139425,00000000006
Stamina
	 Rating: 868193
	 Multiplicative Factor: 11,3%
	 Eff: 868193
Crit
	 Rating: 22613
	 Multiplicative Factor: 0%
	 Eff: 25951,589014795045
	 DR Bracket: 1
	 Base: 5%
	 Effective Percent: 37,07%
	 Crit Inc Heal: 2,6
	 Crit Inc Damage: 2
Haste
	 Rating: 12119
	 Multiplicative Factor: 0%
	 Eff: 16806,14
	 DR Bracket: 0
	 Base: 6%
	 Effective Percent: 25,46%
Vers
	 Rating: 6581
	 Multiplicative Factor: 0%
	 Eff: 8921
	 DR Bracket: 0
	 Base: 3%
	 Effective Percent: 11,44%
Leech
	 Rating: 4284
	 Multiplicative Factor: 0%
	 Eff: 6323,99025
	 DR Bracket: 0
	 Base: 2%
	 Effective Percent: 6,2%
Avoidance
	 Rating: 1884
	 Multiplicative Factor: 0%
	 Eff: 1884
	 DR Bracket: 0
	 Base: 0%
	 Effective Percent: 3,46%
Mastery
	 Rating: 28677
	 Multiplicative Factor: 0%
	 Eff: 35541,6
	 DR Bracket: 2
	 Base: 19,8%
	 Effective Percent: 91,39%
----------------------
01:56,298

Intellect
	 Rating: 139425
	 Multiplicative Factor: 8,15%
	 Eff: 139425,00000000006
Stamina
	 Rating: 868193
	 Multiplicative Factor: 11,3%
	 Eff: 868193
Crit
	 Rating: 28598
	 Multiplicative Factor: 0%
	 Eff: 31278,202692968967
	 DR Bracket: 2
	 Base: 5%
	 Effective Percent: 44,68%
	 Crit Inc Heal: 2,6
	 Crit Inc Damage: 2
Haste
	 Rating: 12119
	 Multiplicative Factor: 0%
	 Eff: 16806,14
	 DR Bracket: 0
	 Base: 6%
	 Effective Percent: 25,46%
Vers
	 Rating: 6581
	 Multiplicative Factor: 0%
	 Eff: 8921
	 DR Bracket: 0
	 Base: 3%
	 Effective Percent: 11,44%
Leech
	 Rating: 4284
	 Multiplicative Factor: 0%
	 Eff: 6323,99025
	 DR Bracket: 0
	 Base: 2%
	 Effective Percent: 6,2%
Avoidance
	 Rating: 1884
	 Multiplicative Factor: 0%
	 Eff: 1884
	 DR Bracket: 0
	 Base: 0%
	 Effective Percent: 3,46%
Mastery
	 Rating: 28677
	 Multiplicative Factor: 0%
	 Eff: 35541,6
	 DR Bracket: 2
	 Base: 19,8%
	 Effective Percent: 91,39%
----------------------
01:58,613

Intellect
	 Rating: 139425
	 Multiplicative Factor: 8,15%
	 Eff: 139425,00000000006
Stamina
	 Rating: 868193
	 Multiplicative Factor: 11,3%
	 Eff: 868193
Crit
	 Rating: 22613
	 Multiplicative Factor: 0%
	 Eff: 25951,589014795045
	 DR Bracket: 1
	 Base: 5%
	 Effective Percent: 37,07%
	 Crit Inc Heal: 2,6
	 Crit Inc Damage: 2
Haste
	 Rating: 12119
	 Multiplicative Factor: 0%
	 Eff: 16806,14
	 DR Bracket: 0
	 Base: 6%
	 Effective Percent: 25,46%
Vers
	 Rating: 6581
	 Multiplicative Factor: 0%
	 Eff: 8921
	 DR Bracket: 0
	 Base: 3%
	 Effective Percent: 11,44%
Leech
	 Rating: 4284
	 Multiplicative Factor: 0%
	 Eff: 6323,99025
	 DR Bracket: 0
	 Base: 2%
	 Effective Percent: 6,2%
Avoidance
	 Rating: 1884
	 Multiplicative Factor: 0%
	 Eff: 1884
	 DR Bracket: 0
	 Base: 0%
	 Effective Percent: 3,46%
Mastery
	 Rating: 28677
	 Multiplicative Factor: 0%
	 Eff: 35541,6
	 DR Bracket: 2
	 Base: 19,8%
	 Effective Percent: 91,39%
----------------------
02:03,583

Intellect
	 Rating: 139425
	 Multiplicative Factor: 8,15%
	 Eff: 139425,00000000006
Stamina
	 Rating: 868193
	 Multiplicative Factor: 11,3%
	 Eff: 868193
Crit
	 Rating: 22613
	 Multiplicative Factor: 0%
	 Eff: 25951,589014795045
	 DR Bracket: 1
	 Base: 5%
	 Effective Percent: 37,07%
	 Crit Inc Heal: 2,6
	 Crit Inc Damage: 2
Haste
	 Rating: 12119
	 Multiplicative Factor: 0%
	 Eff: 12119
	 DR Bracket: 0
	 Base: 0%
	 Effective Percent: 18,36%
Vers
	 Rating: 6581
	 Multiplicative Factor: 0%
	 Eff: 8921
	 DR Bracket: 0
	 Base: 3%
	 Effective Percent: 11,44%
Leech
	 Rating: 4284
	 Multiplicative Factor: 0%
	 Eff: 6323,99025
	 DR Bracket: 0
	 Base: 2%
	 Effective Percent: 6,2%
Avoidance
	 Rating: 1884
	 Multiplicative Factor: 0%
	 Eff: 1884
	 DR Bracket: 0
	 Base: 0%
	 Effective Percent: 3,46%
Mastery
	 Rating: 28677
	 Multiplicative Factor: 0%
	 Eff: 35541,6
	 DR Bracket: 2
	 Base: 19,8%
	 Effective Percent: 91,39%
----------------------
02:05,866

Intellect
	 Rating: 139425
	 Multiplicative Factor: 8,15%
	 Eff: 139425,00000000006
Stamina
	 Rating: 868193
	 Multiplicative Factor: 11,3%
	 Eff: 868193
Crit
	 Rating: 22613
	 Multiplicative Factor: 0%
	 Eff: 25951,589014795045
	 DR Bracket: 1
	 Base: 5%
	 Effective Percent: 37,07%
	 Crit Inc Heal: 2
	 Crit Inc Damage: 2
Haste
	 Rating: 12119
	 Multiplicative Factor: 0%
	 Eff: 12119
	 DR Bracket: 0
	 Base: 0%
	 Effective Percent: 18,36%
Vers
	 Rating: 6581
	 Multiplicative Factor: 0%
	 Eff: 8921
	 DR Bracket: 0
	 Base: 3%
	 Effective Percent: 11,44%
Leech
	 Rating: 4284
	 Multiplicative Factor: 0%
	 Eff: 6323,99025
	 DR Bracket: 0
	 Base: 2%
	 Effective Percent: 6,2%
Avoidance
	 Rating: 1884
	 Multiplicative Factor: 0%
	 Eff: 1884
	 DR Bracket: 0
	 Base: 0%
	 Effective Percent: 3,46%
Mastery
	 Rating: 28677
	 Multiplicative Factor: 0%
	 Eff: 35541,6
	 DR Bracket: 2
	 Base: 19,8%
	 Effective Percent: 91,39%
----------------------
02:06,296

Intellect
	 Rating: 139425
	 Multiplicative Factor: 8,15%
	 Eff: 139425,00000000006
Stamina
	 Rating: 868193
	 Multiplicative Factor: 11,3%
	 Eff: 868193
Crit
	 Rating: 16628
	 Multiplicative Factor: 0%
	 Eff: 20128
	 DR Bracket: 0
	 Base: 5%
	 Effective Percent: 28,75%
	 Crit Inc Heal: 2
	 Crit Inc Damage: 2
Haste
	 Rating: 12119
	 Multiplicative Factor: 0%
	 Eff: 12119
	 DR Bracket: 0
	 Base: 0%
	 Effective Percent: 18,36%
Vers
	 Rating: 6581
	 Multiplicative Factor: 0%
	 Eff: 8921
	 DR Bracket: 0
	 Base: 3%
	 Effective Percent: 11,44%
Leech
	 Rating: 4284
	 Multiplicative Factor: 0%
	 Eff: 6323,99025
	 DR Bracket: 0
	 Base: 2%
	 Effective Percent: 6,2%
Avoidance
	 Rating: 1884
	 Multiplicative Factor: 0%
	 Eff: 1884
	 DR Bracket: 0
	 Base: 0%
	 Effective Percent: 3,46%
Mastery
	 Rating: 28677
	 Multiplicative Factor: 0%
	 Eff: 35541,6
	 DR Bracket: 2
	 Base: 19,8%
	 Effective Percent: 91,39%
----------------------
02:36,619

Intellect
	 Rating: 139425
	 Multiplicative Factor: 8,15%
	 Eff: 139425,00000000006
Stamina
	 Rating: 868193
	 Multiplicative Factor: 11,3%
	 Eff: 868193
Crit
	 Rating: 16628
	 Multiplicative Factor: 0%
	 Eff: 20128
	 DR Bracket: 0
	 Base: 5%
	 Effective Percent: 28,75%
	 Crit Inc Heal: 2,6
	 Crit Inc Damage: 2
Haste
	 Rating: 12119
	 Multiplicative Factor: 0%
	 Eff: 12119
	 DR Bracket: 0
	 Base: 0%
	 Effective Percent: 18,36%
Vers
	 Rating: 6581
	 Multiplicative Factor: 0%
	 Eff: 8921
	 DR Bracket: 0
	 Base: 3%
	 Effective Percent: 11,44%
Leech
	 Rating: 4284
	 Multiplicative Factor: 0%
	 Eff: 6323,99025
	 DR Bracket: 0
	 Base: 2%
	 Effective Percent: 6,2%
Avoidance
	 Rating: 1884
	 Multiplicative Factor: 0%
	 Eff: 1884
	 DR Bracket: 0
	 Base: 0%
	 Effective Percent: 3,46%
Mastery
	 Rating: 28677
	 Multiplicative Factor: 0%
	 Eff: 35541,6
	 DR Bracket: 2
	 Base: 19,8%
	 Effective Percent: 91,39%
----------------------
02:36,650

Intellect
	 Rating: 139425
	 Multiplicative Factor: 8,15%
	 Eff: 139425,00000000006
Stamina
	 Rating: 868193
	 Multiplicative Factor: 11,3%
	 Eff: 868193
Crit
	 Rating: 16628
	 Multiplicative Factor: 0%
	 Eff: 20128
	 DR Bracket: 0
	 Base: 5%
	 Effective Percent: 28,75%
	 Crit Inc Heal: 2,6
	 Crit Inc Damage: 2
Haste
	 Rating: 12119
	 Multiplicative Factor: 0%
	 Eff: 12900,19
	 DR Bracket: 0
	 Base: 1%
	 Effective Percent: 19,55%
Vers
	 Rating: 6581
	 Multiplicative Factor: 0%
	 Eff: 8921
	 DR Bracket: 0
	 Base: 3%
	 Effective Percent: 11,44%
Leech
	 Rating: 4284
	 Multiplicative Factor: 0%
	 Eff: 6323,99025
	 DR Bracket: 0
	 Base: 2%
	 Effective Percent: 6,2%
Avoidance
	 Rating: 1884
	 Multiplicative Factor: 0%
	 Eff: 1884
	 DR Bracket: 0
	 Base: 0%
	 Effective Percent: 3,46%
Mastery
	 Rating: 28677
	 Multiplicative Factor: 0%
	 Eff: 35541,6
	 DR Bracket: 2
	 Base: 19,8%
	 Effective Percent: 91,39%
----------------------
02:36,651

Intellect
	 Rating: 146396
	 Multiplicative Factor: 13,56%
	 Eff: 146396,25000000006
Stamina
	 Rating: 868193
	 Multiplicative Factor: 11,3%
	 Eff: 868193
Crit
	 Rating: 16628
	 Multiplicative Factor: 0%
	 Eff: 20128
	 DR Bracket: 0
	 Base: 5%
	 Effective Percent: 28,75%
	 Crit Inc Heal: 2,6
	 Crit Inc Damage: 2
Haste
	 Rating: 12119
	 Multiplicative Factor: 0%
	 Eff: 12900,19
	 DR Bracket: 0
	 Base: 1%
	 Effective Percent: 19,55%
Vers
	 Rating: 6581
	 Multiplicative Factor: 0%
	 Eff: 8921
	 DR Bracket: 0
	 Base: 3%
	 Effective Percent: 11,44%
Leech
	 Rating: 4284
	 Multiplicative Factor: 0%
	 Eff: 6323,99025
	 DR Bracket: 0
	 Base: 2%
	 Effective Percent: 6,2%
Avoidance
	 Rating: 1884
	 Multiplicative Factor: 0%
	 Eff: 1884
	 DR Bracket: 0
	 Base: 0%
	 Effective Percent: 3,46%
Mastery
	 Rating: 28677
	 Multiplicative Factor: 0%
	 Eff: 35541,6
	 DR Bracket: 2
	 Base: 19,8%
	 Effective Percent: 91,39%
----------------------
02:36,880

Intellect
	 Rating: 146396
	 Multiplicative Factor: 13,56%
	 Eff: 146396,25000000006
Stamina
	 Rating: 868193
	 Multiplicative Factor: 11,3%
	 Eff: 868193
Crit
	 Rating: 16628
	 Multiplicative Factor: 0%
	 Eff: 20128
	 DR Bracket: 0
	 Base: 5%
	 Effective Percent: 28,75%
	 Crit Inc Heal: 2,6
	 Crit Inc Damage: 2
Haste
	 Rating: 12119
	 Multiplicative Factor: 0%
	 Eff: 15243,76
	 DR Bracket: 0
	 Base: 4%
	 Effective Percent: 23,1%
Vers
	 Rating: 6581
	 Multiplicative Factor: 0%
	 Eff: 8921
	 DR Bracket: 0
	 Base: 3%
	 Effective Percent: 11,44%
Leech
	 Rating: 4284
	 Multiplicative Factor: 0%
	 Eff: 6323,99025
	 DR Bracket: 0
	 Base: 2%
	 Effective Percent: 6,2%
Avoidance
	 Rating: 1884
	 Multiplicative Factor: 0%
	 Eff: 1884
	 DR Bracket: 0
	 Base: 0%
	 Effective Percent: 3,46%
Mastery
	 Rating: 28677
	 Multiplicative Factor: 0%
	 Eff: 35541,6
	 DR Bracket: 2
	 Base: 19,8%
	 Effective Percent: 91,39%
----------------------
02:36,899

Intellect
	 Rating: 146396
	 Multiplicative Factor: 13,56%
	 Eff: 146396,25000000006
Stamina
	 Rating: 868193
	 Multiplicative Factor: 11,3%
	 Eff: 868193
Crit
	 Rating: 16628
	 Multiplicative Factor: 0%
	 Eff: 20128
	 DR Bracket: 0
	 Base: 5%
	 Effective Percent: 28,75%
	 Crit Inc Heal: 2,6
	 Crit Inc Damage: 2
Haste
	 Rating: 12119
	 Multiplicative Factor: 0%
	 Eff: 17587,33
	 DR Bracket: 0
	 Base: 7%
	 Effective Percent: 26,65%
Vers
	 Rating: 6581
	 Multiplicative Factor: 0%
	 Eff: 8921
	 DR Bracket: 0
	 Base: 3%
	 Effective Percent: 11,44%
Leech
	 Rating: 4284
	 Multiplicative Factor: 0%
	 Eff: 6323,99025
	 DR Bracket: 0
	 Base: 2%
	 Effective Percent: 6,2%
Avoidance
	 Rating: 1884
	 Multiplicative Factor: 0%
	 Eff: 1884
	 DR Bracket: 0
	 Base: 0%
	 Effective Percent: 3,46%
Mastery
	 Rating: 28677
	 Multiplicative Factor: 0%
	 Eff: 35541,6
	 DR Bracket: 2
	 Base: 19,8%
	 Effective Percent: 91,39%
----------------------
02:36,899

Intellect
	 Rating: 146396
	 Multiplicative Factor: 13,56%
	 Eff: 146396,25000000006
Stamina
	 Rating: 868193
	 Multiplicative Factor: 11,3%
	 Eff: 868193
Crit
	 Rating: 16628
	 Multiplicative Factor: 0%
	 Eff: 20128
	 DR Bracket: 0
	 Base: 5%
	 Effective Percent: 28,75%
	 Crit Inc Heal: 2,6
	 Crit Inc Damage: 2
Haste
	 Rating: 12119
	 Multiplicative Factor: 0%
	 Eff: 19930,9
	 DR Bracket: 0
	 Base: 10%
	 Effective Percent: 30,2%
Vers
	 Rating: 6581
	 Multiplicative Factor: 0%
	 Eff: 8921
	 DR Bracket: 0
	 Base: 3%
	 Effective Percent: 11,44%
Leech
	 Rating: 4284
	 Multiplicative Factor: 0%
	 Eff: 6323,99025
	 DR Bracket: 0
	 Base: 2%
	 Effective Percent: 6,2%
Avoidance
	 Rating: 1884
	 Multiplicative Factor: 0%
	 Eff: 1884
	 DR Bracket: 0
	 Base: 0%
	 Effective Percent: 3,46%
Mastery
	 Rating: 28677
	 Multiplicative Factor: 0%
	 Eff: 35541,6
	 DR Bracket: 2
	 Base: 19,8%
	 Effective Percent: 91,39%
----------------------
02:37,632

Intellect
	 Rating: 146396
	 Multiplicative Factor: 13,56%
	 Eff: 146396,25000000006
Stamina
	 Rating: 868193
	 Multiplicative Factor: 11,3%
	 Eff: 868193
Crit
	 Rating: 16628
	 Multiplicative Factor: 0%
	 Eff: 20128
	 DR Bracket: 0
	 Base: 5%
	 Effective Percent: 28,75%
	 Crit Inc Heal: 2,6
	 Crit Inc Damage: 2
Haste
	 Rating: 12119
	 Multiplicative Factor: 0%
	 Eff: 41804,22
	 DR Bracket: 0
	 Base: 38%
	 Effective Percent: 63,34%
Vers
	 Rating: 6581
	 Multiplicative Factor: 0%
	 Eff: 8921
	 DR Bracket: 0
	 Base: 3%
	 Effective Percent: 11,44%
Leech
	 Rating: 4284
	 Multiplicative Factor: 0%
	 Eff: 6323,99025
	 DR Bracket: 0
	 Base: 2%
	 Effective Percent: 6,2%
Avoidance
	 Rating: 1884
	 Multiplicative Factor: 0%
	 Eff: 1884
	 DR Bracket: 0
	 Base: 0%
	 Effective Percent: 3,46%
Mastery
	 Rating: 28677
	 Multiplicative Factor: 0%
	 Eff: 35541,6
	 DR Bracket: 2
	 Base: 19,8%
	 Effective Percent: 91,39%
----------------------
02:38,639

Intellect
	 Rating: 146396
	 Multiplicative Factor: 13,56%
	 Eff: 146396,25000000006
Stamina
	 Rating: 868193
	 Multiplicative Factor: 11,3%
	 Eff: 868193
Crit
	 Rating: 16628
	 Multiplicative Factor: 0%
	 Eff: 20128
	 DR Bracket: 0
	 Base: 5%
	 Effective Percent: 28,75%
	 Crit Inc Heal: 2,6
	 Crit Inc Damage: 2
Haste
	 Rating: 12119
	 Multiplicative Factor: 0%
	 Eff: 41023,03
	 DR Bracket: 0
	 Base: 37%
	 Effective Percent: 62,16%
Vers
	 Rating: 6581
	 Multiplicative Factor: 0%
	 Eff: 8921
	 DR Bracket: 0
	 Base: 3%
	 Effective Percent: 11,44%
Leech
	 Rating: 4284
	 Multiplicative Factor: 0%
	 Eff: 6323,99025
	 DR Bracket: 0
	 Base: 2%
	 Effective Percent: 6,2%
Avoidance
	 Rating: 1884
	 Multiplicative Factor: 0%
	 Eff: 1884
	 DR Bracket: 0
	 Base: 0%
	 Effective Percent: 3,46%
Mastery
	 Rating: 28677
	 Multiplicative Factor: 0%
	 Eff: 35541,6
	 DR Bracket: 2
	 Base: 19,8%
	 Effective Percent: 91,39%
----------------------
02:39,635

Intellect
	 Rating: 146396
	 Multiplicative Factor: 13,56%
	 Eff: 146396,25000000006
Stamina
	 Rating: 868193
	 Multiplicative Factor: 11,3%
	 Eff: 868193
Crit
	 Rating: 16628
	 Multiplicative Factor: 0%
	 Eff: 20128
	 DR Bracket: 0
	 Base: 5%
	 Effective Percent: 28,75%
	 Crit Inc Heal: 2,6
	 Crit Inc Damage: 2
Haste
	 Rating: 12119
	 Multiplicative Factor: 0%
	 Eff: 40241,84
	 DR Bracket: 0
	 Base: 36%
	 Effective Percent: 60,97%
Vers
	 Rating: 6581
	 Multiplicative Factor: 0%
	 Eff: 8921
	 DR Bracket: 0
	 Base: 3%
	 Effective Percent: 11,44%
Leech
	 Rating: 4284
	 Multiplicative Factor: 0%
	 Eff: 6323,99025
	 DR Bracket: 0
	 Base: 2%
	 Effective Percent: 6,2%
Avoidance
	 Rating: 1884
	 Multiplicative Factor: 0%
	 Eff: 1884
	 DR Bracket: 0
	 Base: 0%
	 Effective Percent: 3,46%
Mastery
	 Rating: 28677
	 Multiplicative Factor: 0%
	 Eff: 35541,6
	 DR Bracket: 2
	 Base: 19,8%
	 Effective Percent: 91,39%
----------------------
02:40,657

Intellect
	 Rating: 146396
	 Multiplicative Factor: 13,56%
	 Eff: 146396,25000000006
Stamina
	 Rating: 868193
	 Multiplicative Factor: 11,3%
	 Eff: 868193
Crit
	 Rating: 16628
	 Multiplicative Factor: 0%
	 Eff: 20128
	 DR Bracket: 0
	 Base: 5%
	 Effective Percent: 28,75%
	 Crit Inc Heal: 2,6
	 Crit Inc Damage: 2
Haste
	 Rating: 12119
	 Multiplicative Factor: 0%
	 Eff: 39460,65
	 DR Bracket: 0
	 Base: 35%
	 Effective Percent: 59,79%
Vers
	 Rating: 6581
	 Multiplicative Factor: 0%
	 Eff: 8921
	 DR Bracket: 0
	 Base: 3%
	 Effective Percent: 11,44%
Leech
	 Rating: 4284
	 Multiplicative Factor: 0%
	 Eff: 6323,99025
	 DR Bracket: 0
	 Base: 2%
	 Effective Percent: 6,2%
Avoidance
	 Rating: 1884
	 Multiplicative Factor: 0%
	 Eff: 1884
	 DR Bracket: 0
	 Base: 0%
	 Effective Percent: 3,46%
Mastery
	 Rating: 28677
	 Multiplicative Factor: 0%
	 Eff: 35541,6
	 DR Bracket: 2
	 Base: 19,8%
	 Effective Percent: 91,39%
----------------------
02:41,654

Intellect
	 Rating: 146396
	 Multiplicative Factor: 13,56%
	 Eff: 146396,25000000006
Stamina
	 Rating: 868193
	 Multiplicative Factor: 11,3%
	 Eff: 868193
Crit
	 Rating: 16628
	 Multiplicative Factor: 0%
	 Eff: 20128
	 DR Bracket: 0
	 Base: 5%
	 Effective Percent: 28,75%
	 Crit Inc Heal: 2,6
	 Crit Inc Damage: 2
Haste
	 Rating: 12119
	 Multiplicative Factor: 0%
	 Eff: 38679,46000000001
	 DR Bracket: 0
	 Base: 34%
	 Effective Percent: 58,61%
Vers
	 Rating: 6581
	 Multiplicative Factor: 0%
	 Eff: 8921
	 DR Bracket: 0
	 Base: 3%
	 Effective Percent: 11,44%
Leech
	 Rating: 4284
	 Multiplicative Factor: 0%
	 Eff: 6323,99025
	 DR Bracket: 0
	 Base: 2%
	 Effective Percent: 6,2%
Avoidance
	 Rating: 1884
	 Multiplicative Factor: 0%
	 Eff: 1884
	 DR Bracket: 0
	 Base: 0%
	 Effective Percent: 3,46%
Mastery
	 Rating: 28677
	 Multiplicative Factor: 0%
	 Eff: 35541,6
	 DR Bracket: 2
	 Base: 19,8%
	 Effective Percent: 91,39%
----------------------
02:42,651

Intellect
	 Rating: 146396
	 Multiplicative Factor: 13,56%
	 Eff: 146396,25000000006
Stamina
	 Rating: 868193
	 Multiplicative Factor: 11,3%
	 Eff: 868193
Crit
	 Rating: 16628
	 Multiplicative Factor: 0%
	 Eff: 20128
	 DR Bracket: 0
	 Base: 5%
	 Effective Percent: 28,75%
	 Crit Inc Heal: 2,6
	 Crit Inc Damage: 2
Haste
	 Rating: 12119
	 Multiplicative Factor: 0%
	 Eff: 37898,270000000004
	 DR Bracket: 0
	 Base: 33%
	 Effective Percent: 57,42%
Vers
	 Rating: 6581
	 Multiplicative Factor: 0%
	 Eff: 8921
	 DR Bracket: 0
	 Base: 3%
	 Effective Percent: 11,44%
Leech
	 Rating: 4284
	 Multiplicative Factor: 0%
	 Eff: 6323,99025
	 DR Bracket: 0
	 Base: 2%
	 Effective Percent: 6,2%
Avoidance
	 Rating: 1884
	 Multiplicative Factor: 0%
	 Eff: 1884
	 DR Bracket: 0
	 Base: 0%
	 Effective Percent: 3,46%
Mastery
	 Rating: 28677
	 Multiplicative Factor: 0%
	 Eff: 35541,6
	 DR Bracket: 2
	 Base: 19,8%
	 Effective Percent: 91,39%
----------------------
02:43,642

Intellect
	 Rating: 146396
	 Multiplicative Factor: 13,56%
	 Eff: 146396,25000000006
Stamina
	 Rating: 868193
	 Multiplicative Factor: 11,3%
	 Eff: 868193
Crit
	 Rating: 16628
	 Multiplicative Factor: 0%
	 Eff: 20128
	 DR Bracket: 0
	 Base: 5%
	 Effective Percent: 28,75%
	 Crit Inc Heal: 2,6
	 Crit Inc Damage: 2
Haste
	 Rating: 12119
	 Multiplicative Factor: 0%
	 Eff: 37117,08
	 DR Bracket: 0
	 Base: 32%
	 Effective Percent: 56,24%
Vers
	 Rating: 6581
	 Multiplicative Factor: 0%
	 Eff: 8921
	 DR Bracket: 0
	 Base: 3%
	 Effective Percent: 11,44%
Leech
	 Rating: 4284
	 Multiplicative Factor: 0%
	 Eff: 6323,99025
	 DR Bracket: 0
	 Base: 2%
	 Effective Percent: 6,2%
Avoidance
	 Rating: 1884
	 Multiplicative Factor: 0%
	 Eff: 1884
	 DR Bracket: 0
	 Base: 0%
	 Effective Percent: 3,46%
Mastery
	 Rating: 28677
	 Multiplicative Factor: 0%
	 Eff: 35541,6
	 DR Bracket: 2
	 Base: 19,8%
	 Effective Percent: 91,39%
----------------------
02:44,655

Intellect
	 Rating: 146396
	 Multiplicative Factor: 13,56%
	 Eff: 146396,25000000006
Stamina
	 Rating: 868193
	 Multiplicative Factor: 11,3%
	 Eff: 868193
Crit
	 Rating: 16628
	 Multiplicative Factor: 0%
	 Eff: 20128
	 DR Bracket: 0
	 Base: 5%
	 Effective Percent: 28,75%
	 Crit Inc Heal: 2,6
	 Crit Inc Damage: 2
Haste
	 Rating: 12119
	 Multiplicative Factor: 0%
	 Eff: 36335,89
	 DR Bracket: 0
	 Base: 31%
	 Effective Percent: 55,05%
Vers
	 Rating: 6581
	 Multiplicative Factor: 0%
	 Eff: 8921
	 DR Bracket: 0
	 Base: 3%
	 Effective Percent: 11,44%
Leech
	 Rating: 4284
	 Multiplicative Factor: 0%
	 Eff: 6323,99025
	 DR Bracket: 0
	 Base: 2%
	 Effective Percent: 6,2%
Avoidance
	 Rating: 1884
	 Multiplicative Factor: 0%
	 Eff: 1884
	 DR Bracket: 0
	 Base: 0%
	 Effective Percent: 3,46%
Mastery
	 Rating: 28677
	 Multiplicative Factor: 0%
	 Eff: 35541,6
	 DR Bracket: 2
	 Base: 19,8%
	 Effective Percent: 91,39%
----------------------
02:44,922

Intellect
	 Rating: 146396
	 Multiplicative Factor: 13,56%
	 Eff: 146396,25000000006
Stamina
	 Rating: 868193
	 Multiplicative Factor: 11,3%
	 Eff: 868193
Crit
	 Rating: 16628
	 Multiplicative Factor: 0%
	 Eff: 20128
	 DR Bracket: 0
	 Base: 5%
	 Effective Percent: 28,75%
	 Crit Inc Heal: 2,6
	 Crit Inc Damage: 2
Haste
	 Rating: 12119
	 Multiplicative Factor: 0%
	 Eff: 29305,18
	 DR Bracket: 0
	 Base: 22%
	 Effective Percent: 44,4%
Vers
	 Rating: 6581
	 Multiplicative Factor: 0%
	 Eff: 8921
	 DR Bracket: 0
	 Base: 3%
	 Effective Percent: 11,44%
Leech
	 Rating: 4284
	 Multiplicative Factor: 0%
	 Eff: 6323,99025
	 DR Bracket: 0
	 Base: 2%
	 Effective Percent: 6,2%
Avoidance
	 Rating: 1884
	 Multiplicative Factor: 0%
	 Eff: 1884
	 DR Bracket: 0
	 Base: 0%
	 Effective Percent: 3,46%
Mastery
	 Rating: 28677
	 Multiplicative Factor: 0%
	 Eff: 35541,6
	 DR Bracket: 2
	 Base: 19,8%
	 Effective Percent: 91,39%
----------------------
02:45,656

Intellect
	 Rating: 146396
	 Multiplicative Factor: 13,56%
	 Eff: 146396,25000000006
Stamina
	 Rating: 868193
	 Multiplicative Factor: 11,3%
	 Eff: 868193
Crit
	 Rating: 16628
	 Multiplicative Factor: 0%
	 Eff: 20128
	 DR Bracket: 0
	 Base: 5%
	 Effective Percent: 28,75%
	 Crit Inc Heal: 2,6
	 Crit Inc Damage: 2
Haste
	 Rating: 12119
	 Multiplicative Factor: 0%
	 Eff: 28523,99
	 DR Bracket: 0
	 Base: 21%
	 Effective Percent: 43,22%
Vers
	 Rating: 6581
	 Multiplicative Factor: 0%
	 Eff: 8921
	 DR Bracket: 0
	 Base: 3%
	 Effective Percent: 11,44%
Leech
	 Rating: 4284
	 Multiplicative Factor: 0%
	 Eff: 6323,99025
	 DR Bracket: 0
	 Base: 2%
	 Effective Percent: 6,2%
Avoidance
	 Rating: 1884
	 Multiplicative Factor: 0%
	 Eff: 1884
	 DR Bracket: 0
	 Base: 0%
	 Effective Percent: 3,46%
Mastery
	 Rating: 28677
	 Multiplicative Factor: 0%
	 Eff: 35541,6
	 DR Bracket: 2
	 Base: 19,8%
	 Effective Percent: 91,39%
----------------------
02:46,670

Intellect
	 Rating: 146396
	 Multiplicative Factor: 13,56%
	 Eff: 146396,25000000006
Stamina
	 Rating: 868193
	 Multiplicative Factor: 11,3%
	 Eff: 868193
Crit
	 Rating: 16628
	 Multiplicative Factor: 0%
	 Eff: 20128
	 DR Bracket: 0
	 Base: 5%
	 Effective Percent: 28,75%
	 Crit Inc Heal: 2,6
	 Crit Inc Damage: 2
Haste
	 Rating: 12119
	 Multiplicative Factor: 0%
	 Eff: 27742,800000000003
	 DR Bracket: 0
	 Base: 20%
	 Effective Percent: 42,03%
Vers
	 Rating: 6581
	 Multiplicative Factor: 0%
	 Eff: 8921
	 DR Bracket: 0
	 Base: 3%
	 Effective Percent: 11,44%
Leech
	 Rating: 4284
	 Multiplicative Factor: 0%
	 Eff: 6323,99025
	 DR Bracket: 0
	 Base: 2%
	 Effective Percent: 6,2%
Avoidance
	 Rating: 1884
	 Multiplicative Factor: 0%
	 Eff: 1884
	 DR Bracket: 0
	 Base: 0%
	 Effective Percent: 3,46%
Mastery
	 Rating: 28677
	 Multiplicative Factor: 0%
	 Eff: 35541,6
	 DR Bracket: 2
	 Base: 19,8%
	 Effective Percent: 91,39%
----------------------
02:47,641

Intellect
	 Rating: 146396
	 Multiplicative Factor: 13,56%
	 Eff: 146396,25000000006
Stamina
	 Rating: 868193
	 Multiplicative Factor: 11,3%
	 Eff: 868193
Crit
	 Rating: 16628
	 Multiplicative Factor: 0%
	 Eff: 20128
	 DR Bracket: 0
	 Base: 5%
	 Effective Percent: 28,75%
	 Crit Inc Heal: 2,6
	 Crit Inc Damage: 2
Haste
	 Rating: 12119
	 Multiplicative Factor: 0%
	 Eff: 26961,61
	 DR Bracket: 0
	 Base: 19%
	 Effective Percent: 40,85%
Vers
	 Rating: 6581
	 Multiplicative Factor: 0%
	 Eff: 8921
	 DR Bracket: 0
	 Base: 3%
	 Effective Percent: 11,44%
Leech
	 Rating: 4284
	 Multiplicative Factor: 0%
	 Eff: 6323,99025
	 DR Bracket: 0
	 Base: 2%
	 Effective Percent: 6,2%
Avoidance
	 Rating: 1884
	 Multiplicative Factor: 0%
	 Eff: 1884
	 DR Bracket: 0
	 Base: 0%
	 Effective Percent: 3,46%
Mastery
	 Rating: 28677
	 Multiplicative Factor: 0%
	 Eff: 35541,6
	 DR Bracket: 2
	 Base: 19,8%
	 Effective Percent: 91,39%
----------------------
02:48,641

Intellect
	 Rating: 146396
	 Multiplicative Factor: 13,56%
	 Eff: 146396,25000000006
Stamina
	 Rating: 868193
	 Multiplicative Factor: 11,3%
	 Eff: 868193
Crit
	 Rating: 16628
	 Multiplicative Factor: 0%
	 Eff: 20128
	 DR Bracket: 0
	 Base: 5%
	 Effective Percent: 28,75%
	 Crit Inc Heal: 2,6
	 Crit Inc Damage: 2
Haste
	 Rating: 12119
	 Multiplicative Factor: 0%
	 Eff: 26180,42
	 DR Bracket: 0
	 Base: 18%
	 Effective Percent: 39,67%
Vers
	 Rating: 6581
	 Multiplicative Factor: 0%
	 Eff: 8921
	 DR Bracket: 0
	 Base: 3%
	 Effective Percent: 11,44%
Leech
	 Rating: 4284
	 Multiplicative Factor: 0%
	 Eff: 6323,99025
	 DR Bracket: 0
	 Base: 2%
	 Effective Percent: 6,2%
Avoidance
	 Rating: 1884
	 Multiplicative Factor: 0%
	 Eff: 1884
	 DR Bracket: 0
	 Base: 0%
	 Effective Percent: 3,46%
Mastery
	 Rating: 28677
	 Multiplicative Factor: 0%
	 Eff: 35541,6
	 DR Bracket: 2
	 Base: 19,8%
	 Effective Percent: 91,39%
----------------------
02:49,668

Intellect
	 Rating: 146396
	 Multiplicative Factor: 13,56%
	 Eff: 146396,25000000006
Stamina
	 Rating: 868193
	 Multiplicative Factor: 11,3%
	 Eff: 868193
Crit
	 Rating: 16628
	 Multiplicative Factor: 0%
	 Eff: 20128
	 DR Bracket: 0
	 Base: 5%
	 Effective Percent: 28,75%
	 Crit Inc Heal: 2,6
	 Crit Inc Damage: 2
Haste
	 Rating: 12119
	 Multiplicative Factor: 0%
	 Eff: 25399,230000000003
	 DR Bracket: 0
	 Base: 17%
	 Effective Percent: 38,48%
Vers
	 Rating: 6581
	 Multiplicative Factor: 0%
	 Eff: 8921
	 DR Bracket: 0
	 Base: 3%
	 Effective Percent: 11,44%
Leech
	 Rating: 4284
	 Multiplicative Factor: 0%
	 Eff: 6323,99025
	 DR Bracket: 0
	 Base: 2%
	 Effective Percent: 6,2%
Avoidance
	 Rating: 1884
	 Multiplicative Factor: 0%
	 Eff: 1884
	 DR Bracket: 0
	 Base: 0%
	 Effective Percent: 3,46%
Mastery
	 Rating: 28677
	 Multiplicative Factor: 0%
	 Eff: 35541,6
	 DR Bracket: 2
	 Base: 19,8%
	 Effective Percent: 91,39%
----------------------
02:50,660

Intellect
	 Rating: 146396
	 Multiplicative Factor: 13,56%
	 Eff: 146396,25000000006
Stamina
	 Rating: 868193
	 Multiplicative Factor: 11,3%
	 Eff: 868193
Crit
	 Rating: 16628
	 Multiplicative Factor: 0%
	 Eff: 20128
	 DR Bracket: 0
	 Base: 5%
	 Effective Percent: 28,75%
	 Crit Inc Heal: 2,6
	 Crit Inc Damage: 2
Haste
	 Rating: 12119
	 Multiplicative Factor: 0%
	 Eff: 24618,04
	 DR Bracket: 0
	 Base: 16%
	 Effective Percent: 37,3%
Vers
	 Rating: 6581
	 Multiplicative Factor: 0%
	 Eff: 8921
	 DR Bracket: 0
	 Base: 3%
	 Effective Percent: 11,44%
Leech
	 Rating: 4284
	 Multiplicative Factor: 0%
	 Eff: 6323,99025
	 DR Bracket: 0
	 Base: 2%
	 Effective Percent: 6,2%
Avoidance
	 Rating: 1884
	 Multiplicative Factor: 0%
	 Eff: 1884
	 DR Bracket: 0
	 Base: 0%
	 Effective Percent: 3,46%
Mastery
	 Rating: 28677
	 Multiplicative Factor: 0%
	 Eff: 35541,6
	 DR Bracket: 2
	 Base: 19,8%
	 Effective Percent: 91,39%
----------------------
02:51,653

Intellect
	 Rating: 146396
	 Multiplicative Factor: 13,56%
	 Eff: 146396,25000000006
Stamina
	 Rating: 868193
	 Multiplicative Factor: 11,3%
	 Eff: 868193
Crit
	 Rating: 16628
	 Multiplicative Factor: 0%
	 Eff: 20128
	 DR Bracket: 0
	 Base: 5%
	 Effective Percent: 28,75%
	 Crit Inc Heal: 2,6
	 Crit Inc Damage: 2
Haste
	 Rating: 12119
	 Multiplicative Factor: 0%
	 Eff: 23836,85
	 DR Bracket: 0
	 Base: 15%
	 Effective Percent: 36,12%
Vers
	 Rating: 6581
	 Multiplicative Factor: 0%
	 Eff: 8921
	 DR Bracket: 0
	 Base: 3%
	 Effective Percent: 11,44%
Leech
	 Rating: 4284
	 Multiplicative Factor: 0%
	 Eff: 6323,99025
	 DR Bracket: 0
	 Base: 2%
	 Effective Percent: 6,2%
Avoidance
	 Rating: 1884
	 Multiplicative Factor: 0%
	 Eff: 1884
	 DR Bracket: 0
	 Base: 0%
	 Effective Percent: 3,46%
Mastery
	 Rating: 28677
	 Multiplicative Factor: 0%
	 Eff: 35541,6
	 DR Bracket: 2
	 Base: 19,8%
	 Effective Percent: 91,39%
----------------------
02:52,635

Intellect
	 Rating: 146396
	 Multiplicative Factor: 13,56%
	 Eff: 146396,25000000006
Stamina
	 Rating: 868193
	 Multiplicative Factor: 11,3%
	 Eff: 868193
Crit
	 Rating: 16628
	 Multiplicative Factor: 0%
	 Eff: 20128
	 DR Bracket: 0
	 Base: 5%
	 Effective Percent: 28,75%
	 Crit Inc Heal: 2,6
	 Crit Inc Damage: 2
Haste
	 Rating: 12119
	 Multiplicative Factor: 0%
	 Eff: 23055,66
	 DR Bracket: 0
	 Base: 14%
	 Effective Percent: 34,93%
Vers
	 Rating: 6581
	 Multiplicative Factor: 0%
	 Eff: 8921
	 DR Bracket: 0
	 Base: 3%
	 Effective Percent: 11,44%
Leech
	 Rating: 4284
	 Multiplicative Factor: 0%
	 Eff: 6323,99025
	 DR Bracket: 0
	 Base: 2%
	 Effective Percent: 6,2%
Avoidance
	 Rating: 1884
	 Multiplicative Factor: 0%
	 Eff: 1884
	 DR Bracket: 0
	 Base: 0%
	 Effective Percent: 3,46%
Mastery
	 Rating: 28677
	 Multiplicative Factor: 0%
	 Eff: 35541,6
	 DR Bracket: 2
	 Base: 19,8%
	 Effective Percent: 91,39%
----------------------
02:53,656

Intellect
	 Rating: 146396
	 Multiplicative Factor: 13,56%
	 Eff: 146396,25000000006
Stamina
	 Rating: 868193
	 Multiplicative Factor: 11,3%
	 Eff: 868193
Crit
	 Rating: 16628
	 Multiplicative Factor: 0%
	 Eff: 20128
	 DR Bracket: 0
	 Base: 5%
	 Effective Percent: 28,75%
	 Crit Inc Heal: 2,6
	 Crit Inc Damage: 2
Haste
	 Rating: 12119
	 Multiplicative Factor: 0%
	 Eff: 22274,47
	 DR Bracket: 0
	 Base: 13%
	 Effective Percent: 33,75%
Vers
	 Rating: 6581
	 Multiplicative Factor: 0%
	 Eff: 8921
	 DR Bracket: 0
	 Base: 3%
	 Effective Percent: 11,44%
Leech
	 Rating: 4284
	 Multiplicative Factor: 0%
	 Eff: 6323,99025
	 DR Bracket: 0
	 Base: 2%
	 Effective Percent: 6,2%
Avoidance
	 Rating: 1884
	 Multiplicative Factor: 0%
	 Eff: 1884
	 DR Bracket: 0
	 Base: 0%
	 Effective Percent: 3,46%
Mastery
	 Rating: 28677
	 Multiplicative Factor: 0%
	 Eff: 35541,6
	 DR Bracket: 2
	 Base: 19,8%
	 Effective Percent: 91,39%
----------------------
02:54,649

Intellect
	 Rating: 146396
	 Multiplicative Factor: 13,56%
	 Eff: 146396,25000000006
Stamina
	 Rating: 868193
	 Multiplicative Factor: 11,3%
	 Eff: 868193
Crit
	 Rating: 16628
	 Multiplicative Factor: 0%
	 Eff: 20128
	 DR Bracket: 0
	 Base: 5%
	 Effective Percent: 28,75%
	 Crit Inc Heal: 2,6
	 Crit Inc Damage: 2
Haste
	 Rating: 12119
	 Multiplicative Factor: 0%
	 Eff: 21493,28
	 DR Bracket: 0
	 Base: 12%
	 Effective Percent: 32,57%
Vers
	 Rating: 6581
	 Multiplicative Factor: 0%
	 Eff: 8921
	 DR Bracket: 0
	 Base: 3%
	 Effective Percent: 11,44%
Leech
	 Rating: 4284
	 Multiplicative Factor: 0%
	 Eff: 6323,99025
	 DR Bracket: 0
	 Base: 2%
	 Effective Percent: 6,2%
Avoidance
	 Rating: 1884
	 Multiplicative Factor: 0%
	 Eff: 1884
	 DR Bracket: 0
	 Base: 0%
	 Effective Percent: 3,46%
Mastery
	 Rating: 28677
	 Multiplicative Factor: 0%
	 Eff: 35541,6
	 DR Bracket: 2
	 Base: 19,8%
	 Effective Percent: 91,39%
----------------------
02:55,647

Intellect
	 Rating: 146396
	 Multiplicative Factor: 13,56%
	 Eff: 146396,25000000006
Stamina
	 Rating: 868193
	 Multiplicative Factor: 11,3%
	 Eff: 868193
Crit
	 Rating: 16628
	 Multiplicative Factor: 0%
	 Eff: 20128
	 DR Bracket: 0
	 Base: 5%
	 Effective Percent: 28,75%
	 Crit Inc Heal: 2,6
	 Crit Inc Damage: 2
Haste
	 Rating: 12119
	 Multiplicative Factor: 0%
	 Eff: 20712,09
	 DR Bracket: 0
	 Base: 11%
	 Effective Percent: 31,38%
Vers
	 Rating: 6581
	 Multiplicative Factor: 0%
	 Eff: 8921
	 DR Bracket: 0
	 Base: 3%
	 Effective Percent: 11,44%
Leech
	 Rating: 4284
	 Multiplicative Factor: 0%
	 Eff: 6323,99025
	 DR Bracket: 0
	 Base: 2%
	 Effective Percent: 6,2%
Avoidance
	 Rating: 1884
	 Multiplicative Factor: 0%
	 Eff: 1884
	 DR Bracket: 0
	 Base: 0%
	 Effective Percent: 3,46%
Mastery
	 Rating: 28677
	 Multiplicative Factor: 0%
	 Eff: 35541,6
	 DR Bracket: 2
	 Base: 19,8%
	 Effective Percent: 91,39%
----------------------
02:56,663

Intellect
	 Rating: 146396
	 Multiplicative Factor: 13,56%
	 Eff: 146396,25000000006
Stamina
	 Rating: 868193
	 Multiplicative Factor: 11,3%
	 Eff: 868193
Crit
	 Rating: 16628
	 Multiplicative Factor: 0%
	 Eff: 20128
	 DR Bracket: 0
	 Base: 5%
	 Effective Percent: 28,75%
	 Crit Inc Heal: 2,6
	 Crit Inc Damage: 2
Haste
	 Rating: 12119
	 Multiplicative Factor: 0%
	 Eff: 19930,9
	 DR Bracket: 0
	 Base: 10%
	 Effective Percent: 30,2%
Vers
	 Rating: 6581
	 Multiplicative Factor: 0%
	 Eff: 8921
	 DR Bracket: 0
	 Base: 3%
	 Effective Percent: 11,44%
Leech
	 Rating: 4284
	 Multiplicative Factor: 0%
	 Eff: 6323,99025
	 DR Bracket: 0
	 Base: 2%
	 Effective Percent: 6,2%
Avoidance
	 Rating: 1884
	 Multiplicative Factor: 0%
	 Eff: 1884
	 DR Bracket: 0
	 Base: 0%
	 Effective Percent: 3,46%
Mastery
	 Rating: 28677
	 Multiplicative Factor: 0%
	 Eff: 35541,6
	 DR Bracket: 2
	 Base: 19,8%
	 Effective Percent: 91,39%
----------------------
02:57,634

Intellect
	 Rating: 146396
	 Multiplicative Factor: 13,56%
	 Eff: 146396,25000000006
Stamina
	 Rating: 868193
	 Multiplicative Factor: 11,3%
	 Eff: 868193
Crit
	 Rating: 16628
	 Multiplicative Factor: 0%
	 Eff: 20128
	 DR Bracket: 0
	 Base: 5%
	 Effective Percent: 28,75%
	 Crit Inc Heal: 2,6
	 Crit Inc Damage: 2
Haste
	 Rating: 12119
	 Multiplicative Factor: 0%
	 Eff: 19149,71
	 DR Bracket: 0
	 Base: 9%
	 Effective Percent: 29,01%
Vers
	 Rating: 6581
	 Multiplicative Factor: 0%
	 Eff: 8921
	 DR Bracket: 0
	 Base: 3%
	 Effective Percent: 11,44%
Leech
	 Rating: 4284
	 Multiplicative Factor: 0%
	 Eff: 6323,99025
	 DR Bracket: 0
	 Base: 2%
	 Effective Percent: 6,2%
Avoidance
	 Rating: 1884
	 Multiplicative Factor: 0%
	 Eff: 1884
	 DR Bracket: 0
	 Base: 0%
	 Effective Percent: 3,46%
Mastery
	 Rating: 28677
	 Multiplicative Factor: 0%
	 Eff: 35541,6
	 DR Bracket: 2
	 Base: 19,8%
	 Effective Percent: 91,39%
----------------------
02:58,646

Intellect
	 Rating: 146396
	 Multiplicative Factor: 13,56%
	 Eff: 146396,25000000006
Stamina
	 Rating: 868193
	 Multiplicative Factor: 11,3%
	 Eff: 868193
Crit
	 Rating: 16628
	 Multiplicative Factor: 0%
	 Eff: 20128
	 DR Bracket: 0
	 Base: 5%
	 Effective Percent: 28,75%
	 Crit Inc Heal: 2,6
	 Crit Inc Damage: 2
Haste
	 Rating: 12119
	 Multiplicative Factor: 0%
	 Eff: 18368,52
	 DR Bracket: 0
	 Base: 8%
	 Effective Percent: 27,83%
Vers
	 Rating: 6581
	 Multiplicative Factor: 0%
	 Eff: 8921
	 DR Bracket: 0
	 Base: 3%
	 Effective Percent: 11,44%
Leech
	 Rating: 4284
	 Multiplicative Factor: 0%
	 Eff: 6323,99025
	 DR Bracket: 0
	 Base: 2%
	 Effective Percent: 6,2%
Avoidance
	 Rating: 1884
	 Multiplicative Factor: 0%
	 Eff: 1884
	 DR Bracket: 0
	 Base: 0%
	 Effective Percent: 3,46%
Mastery
	 Rating: 28677
	 Multiplicative Factor: 0%
	 Eff: 35541,6
	 DR Bracket: 2
	 Base: 19,8%
	 Effective Percent: 91,39%
----------------------
02:59,632

Intellect
	 Rating: 146396
	 Multiplicative Factor: 13,56%
	 Eff: 146396,25000000006
Stamina
	 Rating: 868193
	 Multiplicative Factor: 11,3%
	 Eff: 868193
Crit
	 Rating: 16628
	 Multiplicative Factor: 0%
	 Eff: 20128
	 DR Bracket: 0
	 Base: 5%
	 Effective Percent: 28,75%
	 Crit Inc Heal: 2,6
	 Crit Inc Damage: 2
Haste
	 Rating: 12119
	 Multiplicative Factor: 0%
	 Eff: 17587,33
	 DR Bracket: 0
	 Base: 7%
	 Effective Percent: 26,65%
Vers
	 Rating: 6581
	 Multiplicative Factor: 0%
	 Eff: 8921
	 DR Bracket: 0
	 Base: 3%
	 Effective Percent: 11,44%
Leech
	 Rating: 4284
	 Multiplicative Factor: 0%
	 Eff: 6323,99025
	 DR Bracket: 0
	 Base: 2%
	 Effective Percent: 6,2%
Avoidance
	 Rating: 1884
	 Multiplicative Factor: 0%
	 Eff: 1884
	 DR Bracket: 0
	 Base: 0%
	 Effective Percent: 3,46%
Mastery
	 Rating: 28677
	 Multiplicative Factor: 0%
	 Eff: 35541,6
	 DR Bracket: 2
	 Base: 19,8%
	 Effective Percent: 91,39%
----------------------
03:00,472

Intellect
	 Rating: 146396
	 Multiplicative Factor: 13,56%
	 Eff: 146396,25000000006
Stamina
	 Rating: 868193
	 Multiplicative Factor: 11,3%
	 Eff: 868193
Crit
	 Rating: 16628
	 Multiplicative Factor: 0%
	 Eff: 20128
	 DR Bracket: 0
	 Base: 5%
	 Effective Percent: 28,75%
	 Crit Inc Heal: 2,6
	 Crit Inc Damage: 2
Haste
	 Rating: 12119
	 Multiplicative Factor: 0%
	 Eff: 19930,9
	 DR Bracket: 0
	 Base: 10%
	 Effective Percent: 30,2%
Vers
	 Rating: 6581
	 Multiplicative Factor: 0%
	 Eff: 8921
	 DR Bracket: 0
	 Base: 3%
	 Effective Percent: 11,44%
Leech
	 Rating: 4284
	 Multiplicative Factor: 0%
	 Eff: 6323,99025
	 DR Bracket: 0
	 Base: 2%
	 Effective Percent: 6,2%
Avoidance
	 Rating: 1884
	 Multiplicative Factor: 0%
	 Eff: 1884
	 DR Bracket: 0
	 Base: 0%
	 Effective Percent: 3,46%
Mastery
	 Rating: 28677
	 Multiplicative Factor: 0%
	 Eff: 35541,6
	 DR Bracket: 2
	 Base: 19,8%
	 Effective Percent: 91,39%
----------------------
03:00,473

Intellect
	 Rating: 146396
	 Multiplicative Factor: 13,56%
	 Eff: 146396,25000000006
Stamina
	 Rating: 868193
	 Multiplicative Factor: 11,3%
	 Eff: 868193
Crit
	 Rating: 16628
	 Multiplicative Factor: 0%
	 Eff: 20128
	 DR Bracket: 0
	 Base: 5%
	 Effective Percent: 28,75%
	 Crit Inc Heal: 2,6
	 Crit Inc Damage: 2
Haste
	 Rating: 12119
	 Multiplicative Factor: 0%
	 Eff: 24618,04
	 DR Bracket: 0
	 Base: 16%
	 Effective Percent: 37,3%
Vers
	 Rating: 6581
	 Multiplicative Factor: 0%
	 Eff: 8921
	 DR Bracket: 0
	 Base: 3%
	 Effective Percent: 11,44%
Leech
	 Rating: 4284
	 Multiplicative Factor: 0%
	 Eff: 6323,99025
	 DR Bracket: 0
	 Base: 2%
	 Effective Percent: 6,2%
Avoidance
	 Rating: 1884
	 Multiplicative Factor: 0%
	 Eff: 1884
	 DR Bracket: 0
	 Base: 0%
	 Effective Percent: 3,46%
Mastery
	 Rating: 28677
	 Multiplicative Factor: 0%
	 Eff: 35541,6
	 DR Bracket: 2
	 Base: 19,8%
	 Effective Percent: 91,39%
----------------------
03:00,473

Intellect
	 Rating: 146396
	 Multiplicative Factor: 13,56%
	 Eff: 146396,25000000006
Stamina
	 Rating: 868193
	 Multiplicative Factor: 11,3%
	 Eff: 868193
Crit
	 Rating: 16628
	 Multiplicative Factor: 0%
	 Eff: 20128
	 DR Bracket: 0
	 Base: 5%
	 Effective Percent: 28,75%
	 Crit Inc Heal: 2,6
	 Crit Inc Damage: 2
Haste
	 Rating: 12119
	 Multiplicative Factor: 0%
	 Eff: 22274,47
	 DR Bracket: 0
	 Base: 13%
	 Effective Percent: 33,75%
Vers
	 Rating: 6581
	 Multiplicative Factor: 0%
	 Eff: 8921
	 DR Bracket: 0
	 Base: 3%
	 Effective Percent: 11,44%
Leech
	 Rating: 4284
	 Multiplicative Factor: 0%
	 Eff: 6323,99025
	 DR Bracket: 0
	 Base: 2%
	 Effective Percent: 6,2%
Avoidance
	 Rating: 1884
	 Multiplicative Factor: 0%
	 Eff: 1884
	 DR Bracket: 0
	 Base: 0%
	 Effective Percent: 3,46%
Mastery
	 Rating: 28677
	 Multiplicative Factor: 0%
	 Eff: 35541,6
	 DR Bracket: 2
	 Base: 19,8%
	 Effective Percent: 91,39%
----------------------
03:00,640

Intellect
	 Rating: 146396
	 Multiplicative Factor: 13,56%
	 Eff: 146396,25000000006
Stamina
	 Rating: 868193
	 Multiplicative Factor: 11,3%
	 Eff: 868193
Crit
	 Rating: 16628
	 Multiplicative Factor: 0%
	 Eff: 20128
	 DR Bracket: 0
	 Base: 5%
	 Effective Percent: 28,75%
	 Crit Inc Heal: 2,6
	 Crit Inc Damage: 2
Haste
	 Rating: 12119
	 Multiplicative Factor: 0%
	 Eff: 21493,28
	 DR Bracket: 0
	 Base: 12%
	 Effective Percent: 32,57%
Vers
	 Rating: 6581
	 Multiplicative Factor: 0%
	 Eff: 8921
	 DR Bracket: 0
	 Base: 3%
	 Effective Percent: 11,44%
Leech
	 Rating: 4284
	 Multiplicative Factor: 0%
	 Eff: 6323,99025
	 DR Bracket: 0
	 Base: 2%
	 Effective Percent: 6,2%
Avoidance
	 Rating: 1884
	 Multiplicative Factor: 0%
	 Eff: 1884
	 DR Bracket: 0
	 Base: 0%
	 Effective Percent: 3,46%
Mastery
	 Rating: 28677
	 Multiplicative Factor: 0%
	 Eff: 35541,6
	 DR Bracket: 2
	 Base: 19,8%
	 Effective Percent: 91,39%
----------------------
03:01,657

Intellect
	 Rating: 146396
	 Multiplicative Factor: 13,56%
	 Eff: 146396,25000000006
Stamina
	 Rating: 868193
	 Multiplicative Factor: 11,3%
	 Eff: 868193
Crit
	 Rating: 16628
	 Multiplicative Factor: 0%
	 Eff: 20128
	 DR Bracket: 0
	 Base: 5%
	 Effective Percent: 28,75%
	 Crit Inc Heal: 2,6
	 Crit Inc Damage: 2
Haste
	 Rating: 12119
	 Multiplicative Factor: 0%
	 Eff: 20712,09
	 DR Bracket: 0
	 Base: 11%
	 Effective Percent: 31,38%
Vers
	 Rating: 6581
	 Multiplicative Factor: 0%
	 Eff: 8921
	 DR Bracket: 0
	 Base: 3%
	 Effective Percent: 11,44%
Leech
	 Rating: 4284
	 Multiplicative Factor: 0%
	 Eff: 6323,99025
	 DR Bracket: 0
	 Base: 2%
	 Effective Percent: 6,2%
Avoidance
	 Rating: 1884
	 Multiplicative Factor: 0%
	 Eff: 1884
	 DR Bracket: 0
	 Base: 0%
	 Effective Percent: 3,46%
Mastery
	 Rating: 28677
	 Multiplicative Factor: 0%
	 Eff: 35541,6
	 DR Bracket: 2
	 Base: 19,8%
	 Effective Percent: 91,39%
----------------------
03:02,655

Intellect
	 Rating: 146396
	 Multiplicative Factor: 13,56%
	 Eff: 146396,25000000006
Stamina
	 Rating: 868193
	 Multiplicative Factor: 11,3%
	 Eff: 868193
Crit
	 Rating: 16628
	 Multiplicative Factor: 0%
	 Eff: 20128
	 DR Bracket: 0
	 Base: 5%
	 Effective Percent: 28,75%
	 Crit Inc Heal: 2,6
	 Crit Inc Damage: 2
Haste
	 Rating: 12119
	 Multiplicative Factor: 0%
	 Eff: 19930,9
	 DR Bracket: 0
	 Base: 10%
	 Effective Percent: 30,2%
Vers
	 Rating: 6581
	 Multiplicative Factor: 0%
	 Eff: 8921
	 DR Bracket: 0
	 Base: 3%
	 Effective Percent: 11,44%
Leech
	 Rating: 4284
	 Multiplicative Factor: 0%
	 Eff: 6323,99025
	 DR Bracket: 0
	 Base: 2%
	 Effective Percent: 6,2%
Avoidance
	 Rating: 1884
	 Multiplicative Factor: 0%
	 Eff: 1884
	 DR Bracket: 0
	 Base: 0%
	 Effective Percent: 3,46%
Mastery
	 Rating: 28677
	 Multiplicative Factor: 0%
	 Eff: 35541,6
	 DR Bracket: 2
	 Base: 19,8%
	 Effective Percent: 91,39%
----------------------
03:03,677

Intellect
	 Rating: 146396
	 Multiplicative Factor: 13,56%
	 Eff: 146396,25000000006
Stamina
	 Rating: 868193
	 Multiplicative Factor: 11,3%
	 Eff: 868193
Crit
	 Rating: 16628
	 Multiplicative Factor: 0%
	 Eff: 20128
	 DR Bracket: 0
	 Base: 5%
	 Effective Percent: 28,75%
	 Crit Inc Heal: 2,6
	 Crit Inc Damage: 2
Haste
	 Rating: 12119
	 Multiplicative Factor: 0%
	 Eff: 19149,71
	 DR Bracket: 0
	 Base: 9%
	 Effective Percent: 29,01%
Vers
	 Rating: 6581
	 Multiplicative Factor: 0%
	 Eff: 8921
	 DR Bracket: 0
	 Base: 3%
	 Effective Percent: 11,44%
Leech
	 Rating: 4284
	 Multiplicative Factor: 0%
	 Eff: 6323,99025
	 DR Bracket: 0
	 Base: 2%
	 Effective Percent: 6,2%
Avoidance
	 Rating: 1884
	 Multiplicative Factor: 0%
	 Eff: 1884
	 DR Bracket: 0
	 Base: 0%
	 Effective Percent: 3,46%
Mastery
	 Rating: 28677
	 Multiplicative Factor: 0%
	 Eff: 35541,6
	 DR Bracket: 2
	 Base: 19,8%
	 Effective Percent: 91,39%
----------------------
03:03,988

Intellect
	 Rating: 146396
	 Multiplicative Factor: 13,56%
	 Eff: 146396,25000000006
Stamina
	 Rating: 868193
	 Multiplicative Factor: 11,3%
	 Eff: 868193
Crit
	 Rating: 22613
	 Multiplicative Factor: 0%
	 Eff: 25951,589014795045
	 DR Bracket: 1
	 Base: 5%
	 Effective Percent: 37,07%
	 Crit Inc Heal: 2,6
	 Crit Inc Damage: 2
Haste
	 Rating: 12119
	 Multiplicative Factor: 0%
	 Eff: 19149,71
	 DR Bracket: 0
	 Base: 9%
	 Effective Percent: 29,01%
Vers
	 Rating: 6581
	 Multiplicative Factor: 0%
	 Eff: 8921
	 DR Bracket: 0
	 Base: 3%
	 Effective Percent: 11,44%
Leech
	 Rating: 4284
	 Multiplicative Factor: 0%
	 Eff: 6323,99025
	 DR Bracket: 0
	 Base: 2%
	 Effective Percent: 6,2%
Avoidance
	 Rating: 1884
	 Multiplicative Factor: 0%
	 Eff: 1884
	 DR Bracket: 0
	 Base: 0%
	 Effective Percent: 3,46%
Mastery
	 Rating: 28677
	 Multiplicative Factor: 0%
	 Eff: 35541,6
	 DR Bracket: 2
	 Base: 19,8%
	 Effective Percent: 91,39%
----------------------
03:04,654

Intellect
	 Rating: 146396
	 Multiplicative Factor: 13,56%
	 Eff: 146396,25000000006
Stamina
	 Rating: 868193
	 Multiplicative Factor: 11,3%
	 Eff: 868193
Crit
	 Rating: 22613
	 Multiplicative Factor: 0%
	 Eff: 25951,589014795045
	 DR Bracket: 1
	 Base: 5%
	 Effective Percent: 37,07%
	 Crit Inc Heal: 2,6
	 Crit Inc Damage: 2
Haste
	 Rating: 12119
	 Multiplicative Factor: 0%
	 Eff: 18368,52
	 DR Bracket: 0
	 Base: 8%
	 Effective Percent: 27,83%
Vers
	 Rating: 6581
	 Multiplicative Factor: 0%
	 Eff: 8921
	 DR Bracket: 0
	 Base: 3%
	 Effective Percent: 11,44%
Leech
	 Rating: 4284
	 Multiplicative Factor: 0%
	 Eff: 6323,99025
	 DR Bracket: 0
	 Base: 2%
	 Effective Percent: 6,2%
Avoidance
	 Rating: 1884
	 Multiplicative Factor: 0%
	 Eff: 1884
	 DR Bracket: 0
	 Base: 0%
	 Effective Percent: 3,46%
Mastery
	 Rating: 28677
	 Multiplicative Factor: 0%
	 Eff: 35541,6
	 DR Bracket: 2
	 Base: 19,8%
	 Effective Percent: 91,39%
----------------------
03:05,648

Intellect
	 Rating: 146396
	 Multiplicative Factor: 13,56%
	 Eff: 146396,25000000006
Stamina
	 Rating: 868193
	 Multiplicative Factor: 11,3%
	 Eff: 868193
Crit
	 Rating: 22613
	 Multiplicative Factor: 0%
	 Eff: 25951,589014795045
	 DR Bracket: 1
	 Base: 5%
	 Effective Percent: 37,07%
	 Crit Inc Heal: 2,6
	 Crit Inc Damage: 2
Haste
	 Rating: 12119
	 Multiplicative Factor: 0%
	 Eff: 17587,33
	 DR Bracket: 0
	 Base: 7%
	 Effective Percent: 26,65%
Vers
	 Rating: 6581
	 Multiplicative Factor: 0%
	 Eff: 8921
	 DR Bracket: 0
	 Base: 3%
	 Effective Percent: 11,44%
Leech
	 Rating: 4284
	 Multiplicative Factor: 0%
	 Eff: 6323,99025
	 DR Bracket: 0
	 Base: 2%
	 Effective Percent: 6,2%
Avoidance
	 Rating: 1884
	 Multiplicative Factor: 0%
	 Eff: 1884
	 DR Bracket: 0
	 Base: 0%
	 Effective Percent: 3,46%
Mastery
	 Rating: 28677
	 Multiplicative Factor: 0%
	 Eff: 35541,6
	 DR Bracket: 2
	 Base: 19,8%
	 Effective Percent: 91,39%
----------------------
03:06,640

Intellect
	 Rating: 146396
	 Multiplicative Factor: 13,56%
	 Eff: 146396,25000000006
Stamina
	 Rating: 868193
	 Multiplicative Factor: 11,3%
	 Eff: 868193
Crit
	 Rating: 22613
	 Multiplicative Factor: 0%
	 Eff: 25951,589014795045
	 DR Bracket: 1
	 Base: 5%
	 Effective Percent: 37,07%
	 Crit Inc Heal: 2,6
	 Crit Inc Damage: 2
Haste
	 Rating: 12119
	 Multiplicative Factor: 0%
	 Eff: 16806,14
	 DR Bracket: 0
	 Base: 6%
	 Effective Percent: 25,46%
Vers
	 Rating: 6581
	 Multiplicative Factor: 0%
	 Eff: 8921
	 DR Bracket: 0
	 Base: 3%
	 Effective Percent: 11,44%
Leech
	 Rating: 4284
	 Multiplicative Factor: 0%
	 Eff: 6323,99025
	 DR Bracket: 0
	 Base: 2%
	 Effective Percent: 6,2%
Avoidance
	 Rating: 1884
	 Multiplicative Factor: 0%
	 Eff: 1884
	 DR Bracket: 0
	 Base: 0%
	 Effective Percent: 3,46%
Mastery
	 Rating: 28677
	 Multiplicative Factor: 0%
	 Eff: 35541,6
	 DR Bracket: 2
	 Base: 19,8%
	 Effective Percent: 91,39%
----------------------
03:12,006

Intellect
	 Rating: 146396
	 Multiplicative Factor: 13,56%
	 Eff: 146396,25000000006
Stamina
	 Rating: 868193
	 Multiplicative Factor: 11,3%
	 Eff: 868193
Crit
	 Rating: 22613
	 Multiplicative Factor: 0%
	 Eff: 25951,589014795045
	 DR Bracket: 1
	 Base: 5%
	 Effective Percent: 37,07%
	 Crit Inc Heal: 2,6
	 Crit Inc Damage: 2
Haste
	 Rating: 12119
	 Multiplicative Factor: 0%
	 Eff: 12119
	 DR Bracket: 0
	 Base: 0%
	 Effective Percent: 18,36%
Vers
	 Rating: 6581
	 Multiplicative Factor: 0%
	 Eff: 8921
	 DR Bracket: 0
	 Base: 3%
	 Effective Percent: 11,44%
Leech
	 Rating: 4284
	 Multiplicative Factor: 0%
	 Eff: 6323,99025
	 DR Bracket: 0
	 Base: 2%
	 Effective Percent: 6,2%
Avoidance
	 Rating: 1884
	 Multiplicative Factor: 0%
	 Eff: 1884
	 DR Bracket: 0
	 Base: 0%
	 Effective Percent: 3,46%
Mastery
	 Rating: 28677
	 Multiplicative Factor: 0%
	 Eff: 35541,6
	 DR Bracket: 2
	 Base: 19,8%
	 Effective Percent: 91,39%
----------------------
03:13,977

Intellect
	 Rating: 146396
	 Multiplicative Factor: 13,56%
	 Eff: 146396,25000000006
Stamina
	 Rating: 868193
	 Multiplicative Factor: 11,3%
	 Eff: 868193
Crit
	 Rating: 16628
	 Multiplicative Factor: 0%
	 Eff: 20128
	 DR Bracket: 0
	 Base: 5%
	 Effective Percent: 28,75%
	 Crit Inc Heal: 2,6
	 Crit Inc Damage: 2
Haste
	 Rating: 12119
	 Multiplicative Factor: 0%
	 Eff: 12119
	 DR Bracket: 0
	 Base: 0%
	 Effective Percent: 18,36%
Vers
	 Rating: 6581
	 Multiplicative Factor: 0%
	 Eff: 8921
	 DR Bracket: 0
	 Base: 3%
	 Effective Percent: 11,44%
Leech
	 Rating: 4284
	 Multiplicative Factor: 0%
	 Eff: 6323,99025
	 DR Bracket: 0
	 Base: 2%
	 Effective Percent: 6,2%
Avoidance
	 Rating: 1884
	 Multiplicative Factor: 0%
	 Eff: 1884
	 DR Bracket: 0
	 Base: 0%
	 Effective Percent: 3,46%
Mastery
	 Rating: 28677
	 Multiplicative Factor: 0%
	 Eff: 35541,6
	 DR Bracket: 2
	 Base: 19,8%
	 Effective Percent: 91,39%
----------------------
03:14,303

Intellect
	 Rating: 146396
	 Multiplicative Factor: 13,56%
	 Eff: 146396,25000000006
Stamina
	 Rating: 868193
	 Multiplicative Factor: 11,3%
	 Eff: 868193
Crit
	 Rating: 16628
	 Multiplicative Factor: 0%
	 Eff: 20128
	 DR Bracket: 0
	 Base: 5%
	 Effective Percent: 28,75%
	 Crit Inc Heal: 2
	 Crit Inc Damage: 2
Haste
	 Rating: 12119
	 Multiplicative Factor: 0%
	 Eff: 12119
	 DR Bracket: 0
	 Base: 0%
	 Effective Percent: 18,36%
Vers
	 Rating: 6581
	 Multiplicative Factor: 0%
	 Eff: 8921
	 DR Bracket: 0
	 Base: 3%
	 Effective Percent: 11,44%
Leech
	 Rating: 4284
	 Multiplicative Factor: 0%
	 Eff: 6323,99025
	 DR Bracket: 0
	 Base: 2%
	 Effective Percent: 6,2%
Avoidance
	 Rating: 1884
	 Multiplicative Factor: 0%
	 Eff: 1884
	 DR Bracket: 0
	 Base: 0%
	 Effective Percent: 3,46%
Mastery
	 Rating: 28677
	 Multiplicative Factor: 0%
	 Eff: 35541,6
	 DR Bracket: 2
	 Base: 19,8%
	 Effective Percent: 91,39%
----------------------
03:21,990

Intellect
	 Rating: 139425
	 Multiplicative Factor: 8,15%
	 Eff: 139425,00000000006
Stamina
	 Rating: 868193
	 Multiplicative Factor: 11,3%
	 Eff: 868193
Crit
	 Rating: 16628
	 Multiplicative Factor: 0%
	 Eff: 20128
	 DR Bracket: 0
	 Base: 5%
	 Effective Percent: 28,75%
	 Crit Inc Heal: 2
	 Crit Inc Damage: 2
Haste
	 Rating: 12119
	 Multiplicative Factor: 0%
	 Eff: 12119
	 DR Bracket: 0
	 Base: 0%
	 Effective Percent: 18,36%
Vers
	 Rating: 6581
	 Multiplicative Factor: 0%
	 Eff: 8921
	 DR Bracket: 0
	 Base: 3%
	 Effective Percent: 11,44%
Leech
	 Rating: 4284
	 Multiplicative Factor: 0%
	 Eff: 6323,99025
	 DR Bracket: 0
	 Base: 2%
	 Effective Percent: 6,2%
Avoidance
	 Rating: 1884
	 Multiplicative Factor: 0%
	 Eff: 1884
	 DR Bracket: 0
	 Base: 0%
	 Effective Percent: 3,46%
Mastery
	 Rating: 28677
	 Multiplicative Factor: 0%
	 Eff: 35541,6
	 DR Bracket: 2
	 Base: 19,8%
	 Effective Percent: 91,39%
----------------------
03:52,259

Intellect
	 Rating: 139425
	 Multiplicative Factor: 8,15%
	 Eff: 139425,00000000006
Stamina
	 Rating: 868193
	 Multiplicative Factor: 11,3%
	 Eff: 868193
Crit
	 Rating: 16628
	 Multiplicative Factor: 0%
	 Eff: 20128
	 DR Bracket: 0
	 Base: 5%
	 Effective Percent: 28,75%
	 Crit Inc Heal: 2,6
	 Crit Inc Damage: 2
Haste
	 Rating: 12119
	 Multiplicative Factor: 0%
	 Eff: 12119
	 DR Bracket: 0
	 Base: 0%
	 Effective Percent: 18,36%
Vers
	 Rating: 6581
	 Multiplicative Factor: 0%
	 Eff: 8921
	 DR Bracket: 0
	 Base: 3%
	 Effective Percent: 11,44%
Leech
	 Rating: 4284
	 Multiplicative Factor: 0%
	 Eff: 6323,99025
	 DR Bracket: 0
	 Base: 2%
	 Effective Percent: 6,2%
Avoidance
	 Rating: 1884
	 Multiplicative Factor: 0%
	 Eff: 1884
	 DR Bracket: 0
	 Base: 0%
	 Effective Percent: 3,46%
Mastery
	 Rating: 28677
	 Multiplicative Factor: 0%
	 Eff: 35541,6
	 DR Bracket: 2
	 Base: 19,8%
	 Effective Percent: 91,39%
----------------------
03:52,599

Intellect
	 Rating: 139425
	 Multiplicative Factor: 8,15%
	 Eff: 139425,00000000006
Stamina
	 Rating: 868193
	 Multiplicative Factor: 11,3%
	 Eff: 868193
Crit
	 Rating: 16628
	 Multiplicative Factor: 0%
	 Eff: 20128
	 DR Bracket: 0
	 Base: 5%
	 Effective Percent: 28,75%
	 Crit Inc Heal: 2,6
	 Crit Inc Damage: 2
Haste
	 Rating: 12119
	 Multiplicative Factor: 0%
	 Eff: 12900,19
	 DR Bracket: 0
	 Base: 1%
	 Effective Percent: 19,55%
Vers
	 Rating: 6581
	 Multiplicative Factor: 0%
	 Eff: 8921
	 DR Bracket: 0
	 Base: 3%
	 Effective Percent: 11,44%
Leech
	 Rating: 4284
	 Multiplicative Factor: 0%
	 Eff: 6323,99025
	 DR Bracket: 0
	 Base: 2%
	 Effective Percent: 6,2%
Avoidance
	 Rating: 1884
	 Multiplicative Factor: 0%
	 Eff: 1884
	 DR Bracket: 0
	 Base: 0%
	 Effective Percent: 3,46%
Mastery
	 Rating: 28677
	 Multiplicative Factor: 0%
	 Eff: 35541,6
	 DR Bracket: 2
	 Base: 19,8%
	 Effective Percent: 91,39%
----------------------
03:52,600

Intellect
	 Rating: 146396
	 Multiplicative Factor: 13,56%
	 Eff: 146396,25000000006
Stamina
	 Rating: 868193
	 Multiplicative Factor: 11,3%
	 Eff: 868193
Crit
	 Rating: 16628
	 Multiplicative Factor: 0%
	 Eff: 20128
	 DR Bracket: 0
	 Base: 5%
	 Effective Percent: 28,75%
	 Crit Inc Heal: 2,6
	 Crit Inc Damage: 2
Haste
	 Rating: 12119
	 Multiplicative Factor: 0%
	 Eff: 12900,19
	 DR Bracket: 0
	 Base: 1%
	 Effective Percent: 19,55%
Vers
	 Rating: 6581
	 Multiplicative Factor: 0%
	 Eff: 8921
	 DR Bracket: 0
	 Base: 3%
	 Effective Percent: 11,44%
Leech
	 Rating: 4284
	 Multiplicative Factor: 0%
	 Eff: 6323,99025
	 DR Bracket: 0
	 Base: 2%
	 Effective Percent: 6,2%
Avoidance
	 Rating: 1884
	 Multiplicative Factor: 0%
	 Eff: 1884
	 DR Bracket: 0
	 Base: 0%
	 Effective Percent: 3,46%
Mastery
	 Rating: 28677
	 Multiplicative Factor: 0%
	 Eff: 35541,6
	 DR Bracket: 2
	 Base: 19,8%
	 Effective Percent: 91,39%
----------------------
03:52,826

Intellect
	 Rating: 146396
	 Multiplicative Factor: 13,56%
	 Eff: 146396,25000000006
Stamina
	 Rating: 868193
	 Multiplicative Factor: 11,3%
	 Eff: 868193
Crit
	 Rating: 16628
	 Multiplicative Factor: 0%
	 Eff: 20128
	 DR Bracket: 0
	 Base: 5%
	 Effective Percent: 28,75%
	 Crit Inc Heal: 2,6
	 Crit Inc Damage: 2
Haste
	 Rating: 12119
	 Multiplicative Factor: 0%
	 Eff: 15243,76
	 DR Bracket: 0
	 Base: 4%
	 Effective Percent: 23,1%
Vers
	 Rating: 6581
	 Multiplicative Factor: 0%
	 Eff: 8921
	 DR Bracket: 0
	 Base: 3%
	 Effective Percent: 11,44%
Leech
	 Rating: 4284
	 Multiplicative Factor: 0%
	 Eff: 6323,99025
	 DR Bracket: 0
	 Base: 2%
	 Effective Percent: 6,2%
Avoidance
	 Rating: 1884
	 Multiplicative Factor: 0%
	 Eff: 1884
	 DR Bracket: 0
	 Base: 0%
	 Effective Percent: 3,46%
Mastery
	 Rating: 28677
	 Multiplicative Factor: 0%
	 Eff: 35541,6
	 DR Bracket: 2
	 Base: 19,8%
	 Effective Percent: 91,39%
----------------------
03:52,852

Intellect
	 Rating: 146396
	 Multiplicative Factor: 13,56%
	 Eff: 146396,25000000006
Stamina
	 Rating: 868193
	 Multiplicative Factor: 11,3%
	 Eff: 868193
Crit
	 Rating: 16628
	 Multiplicative Factor: 0%
	 Eff: 20128
	 DR Bracket: 0
	 Base: 5%
	 Effective Percent: 28,75%
	 Crit Inc Heal: 2,6
	 Crit Inc Damage: 2
Haste
	 Rating: 12119
	 Multiplicative Factor: 0%
	 Eff: 17587,33
	 DR Bracket: 0
	 Base: 7%
	 Effective Percent: 26,65%
Vers
	 Rating: 6581
	 Multiplicative Factor: 0%
	 Eff: 8921
	 DR Bracket: 0
	 Base: 3%
	 Effective Percent: 11,44%
Leech
	 Rating: 4284
	 Multiplicative Factor: 0%
	 Eff: 6323,99025
	 DR Bracket: 0
	 Base: 2%
	 Effective Percent: 6,2%
Avoidance
	 Rating: 1884
	 Multiplicative Factor: 0%
	 Eff: 1884
	 DR Bracket: 0
	 Base: 0%
	 Effective Percent: 3,46%
Mastery
	 Rating: 28677
	 Multiplicative Factor: 0%
	 Eff: 35541,6
	 DR Bracket: 2
	 Base: 19,8%
	 Effective Percent: 91,39%
----------------------
03:52,852

Intellect
	 Rating: 146396
	 Multiplicative Factor: 13,56%
	 Eff: 146396,25000000006
Stamina
	 Rating: 868193
	 Multiplicative Factor: 11,3%
	 Eff: 868193
Crit
	 Rating: 16628
	 Multiplicative Factor: 0%
	 Eff: 20128
	 DR Bracket: 0
	 Base: 5%
	 Effective Percent: 28,75%
	 Crit Inc Heal: 2,6
	 Crit Inc Damage: 2
Haste
	 Rating: 12119
	 Multiplicative Factor: 0%
	 Eff: 19930,9
	 DR Bracket: 0
	 Base: 10%
	 Effective Percent: 30,2%
Vers
	 Rating: 6581
	 Multiplicative Factor: 0%
	 Eff: 8921
	 DR Bracket: 0
	 Base: 3%
	 Effective Percent: 11,44%
Leech
	 Rating: 4284
	 Multiplicative Factor: 0%
	 Eff: 6323,99025
	 DR Bracket: 0
	 Base: 2%
	 Effective Percent: 6,2%
Avoidance
	 Rating: 1884
	 Multiplicative Factor: 0%
	 Eff: 1884
	 DR Bracket: 0
	 Base: 0%
	 Effective Percent: 3,46%
Mastery
	 Rating: 28677
	 Multiplicative Factor: 0%
	 Eff: 35541,6
	 DR Bracket: 2
	 Base: 19,8%
	 Effective Percent: 91,39%
----------------------
03:53,607

Intellect
	 Rating: 146396
	 Multiplicative Factor: 13,56%
	 Eff: 146396,25000000006
Stamina
	 Rating: 868193
	 Multiplicative Factor: 11,3%
	 Eff: 868193
Crit
	 Rating: 16628
	 Multiplicative Factor: 0%
	 Eff: 20128
	 DR Bracket: 0
	 Base: 5%
	 Effective Percent: 28,75%
	 Crit Inc Heal: 2,6
	 Crit Inc Damage: 2
Haste
	 Rating: 12119
	 Multiplicative Factor: 0%
	 Eff: 41804,22
	 DR Bracket: 0
	 Base: 38%
	 Effective Percent: 63,34%
Vers
	 Rating: 6581
	 Multiplicative Factor: 0%
	 Eff: 8921
	 DR Bracket: 0
	 Base: 3%
	 Effective Percent: 11,44%
Leech
	 Rating: 4284
	 Multiplicative Factor: 0%
	 Eff: 6323,99025
	 DR Bracket: 0
	 Base: 2%
	 Effective Percent: 6,2%
Avoidance
	 Rating: 1884
	 Multiplicative Factor: 0%
	 Eff: 1884
	 DR Bracket: 0
	 Base: 0%
	 Effective Percent: 3,46%
Mastery
	 Rating: 28677
	 Multiplicative Factor: 0%
	 Eff: 35541,6
	 DR Bracket: 2
	 Base: 19,8%
	 Effective Percent: 91,39%
----------------------
03:54,596

Intellect
	 Rating: 146396
	 Multiplicative Factor: 13,56%
	 Eff: 146396,25000000006
Stamina
	 Rating: 868193
	 Multiplicative Factor: 11,3%
	 Eff: 868193
Crit
	 Rating: 16628
	 Multiplicative Factor: 0%
	 Eff: 20128
	 DR Bracket: 0
	 Base: 5%
	 Effective Percent: 28,75%
	 Crit Inc Heal: 2,6
	 Crit Inc Damage: 2
Haste
	 Rating: 12119
	 Multiplicative Factor: 0%
	 Eff: 41023,03
	 DR Bracket: 0
	 Base: 37%
	 Effective Percent: 62,16%
Vers
	 Rating: 6581
	 Multiplicative Factor: 0%
	 Eff: 8921
	 DR Bracket: 0
	 Base: 3%
	 Effective Percent: 11,44%
Leech
	 Rating: 4284
	 Multiplicative Factor: 0%
	 Eff: 6323,99025
	 DR Bracket: 0
	 Base: 2%
	 Effective Percent: 6,2%
Avoidance
	 Rating: 1884
	 Multiplicative Factor: 0%
	 Eff: 1884
	 DR Bracket: 0
	 Base: 0%
	 Effective Percent: 3,46%
Mastery
	 Rating: 28677
	 Multiplicative Factor: 0%
	 Eff: 35541,6
	 DR Bracket: 2
	 Base: 19,8%
	 Effective Percent: 91,39%
----------------------
03:55,624

Intellect
	 Rating: 146396
	 Multiplicative Factor: 13,56%
	 Eff: 146396,25000000006
Stamina
	 Rating: 868193
	 Multiplicative Factor: 11,3%
	 Eff: 868193
Crit
	 Rating: 16628
	 Multiplicative Factor: 0%
	 Eff: 20128
	 DR Bracket: 0
	 Base: 5%
	 Effective Percent: 28,75%
	 Crit Inc Heal: 2,6
	 Crit Inc Damage: 2
Haste
	 Rating: 12119
	 Multiplicative Factor: 0%
	 Eff: 40241,84
	 DR Bracket: 0
	 Base: 36%
	 Effective Percent: 60,97%
Vers
	 Rating: 6581
	 Multiplicative Factor: 0%
	 Eff: 8921
	 DR Bracket: 0
	 Base: 3%
	 Effective Percent: 11,44%
Leech
	 Rating: 4284
	 Multiplicative Factor: 0%
	 Eff: 6323,99025
	 DR Bracket: 0
	 Base: 2%
	 Effective Percent: 6,2%
Avoidance
	 Rating: 1884
	 Multiplicative Factor: 0%
	 Eff: 1884
	 DR Bracket: 0
	 Base: 0%
	 Effective Percent: 3,46%
Mastery
	 Rating: 28677
	 Multiplicative Factor: 0%
	 Eff: 35541,6
	 DR Bracket: 2
	 Base: 19,8%
	 Effective Percent: 91,39%
----------------------
03:56,608

Intellect
	 Rating: 146396
	 Multiplicative Factor: 13,56%
	 Eff: 146396,25000000006
Stamina
	 Rating: 868193
	 Multiplicative Factor: 11,3%
	 Eff: 868193
Crit
	 Rating: 16628
	 Multiplicative Factor: 0%
	 Eff: 20128
	 DR Bracket: 0
	 Base: 5%
	 Effective Percent: 28,75%
	 Crit Inc Heal: 2,6
	 Crit Inc Damage: 2
Haste
	 Rating: 12119
	 Multiplicative Factor: 0%
	 Eff: 39460,65
	 DR Bracket: 0
	 Base: 35%
	 Effective Percent: 59,79%
Vers
	 Rating: 6581
	 Multiplicative Factor: 0%
	 Eff: 8921
	 DR Bracket: 0
	 Base: 3%
	 Effective Percent: 11,44%
Leech
	 Rating: 4284
	 Multiplicative Factor: 0%
	 Eff: 6323,99025
	 DR Bracket: 0
	 Base: 2%
	 Effective Percent: 6,2%
Avoidance
	 Rating: 1884
	 Multiplicative Factor: 0%
	 Eff: 1884
	 DR Bracket: 0
	 Base: 0%
	 Effective Percent: 3,46%
Mastery
	 Rating: 28677
	 Multiplicative Factor: 0%
	 Eff: 35541,6
	 DR Bracket: 2
	 Base: 19,8%
	 Effective Percent: 91,39%
----------------------
03:57,608

Intellect
	 Rating: 146396
	 Multiplicative Factor: 13,56%
	 Eff: 146396,25000000006
Stamina
	 Rating: 868193
	 Multiplicative Factor: 11,3%
	 Eff: 868193
Crit
	 Rating: 16628
	 Multiplicative Factor: 0%
	 Eff: 20128
	 DR Bracket: 0
	 Base: 5%
	 Effective Percent: 28,75%
	 Crit Inc Heal: 2,6
	 Crit Inc Damage: 2
Haste
	 Rating: 12119
	 Multiplicative Factor: 0%
	 Eff: 38679,46000000001
	 DR Bracket: 0
	 Base: 34%
	 Effective Percent: 58,61%
Vers
	 Rating: 6581
	 Multiplicative Factor: 0%
	 Eff: 8921
	 DR Bracket: 0
	 Base: 3%
	 Effective Percent: 11,44%
Leech
	 Rating: 4284
	 Multiplicative Factor: 0%
	 Eff: 6323,99025
	 DR Bracket: 0
	 Base: 2%
	 Effective Percent: 6,2%
Avoidance
	 Rating: 1884
	 Multiplicative Factor: 0%
	 Eff: 1884
	 DR Bracket: 0
	 Base: 0%
	 Effective Percent: 3,46%
Mastery
	 Rating: 28677
	 Multiplicative Factor: 0%
	 Eff: 35541,6
	 DR Bracket: 2
	 Base: 19,8%
	 Effective Percent: 91,39%
----------------------
03:58,611

Intellect
	 Rating: 146396
	 Multiplicative Factor: 13,56%
	 Eff: 146396,25000000006
Stamina
	 Rating: 868193
	 Multiplicative Factor: 11,3%
	 Eff: 868193
Crit
	 Rating: 16628
	 Multiplicative Factor: 0%
	 Eff: 20128
	 DR Bracket: 0
	 Base: 5%
	 Effective Percent: 28,75%
	 Crit Inc Heal: 2,6
	 Crit Inc Damage: 2
Haste
	 Rating: 12119
	 Multiplicative Factor: 0%
	 Eff: 37898,270000000004
	 DR Bracket: 0
	 Base: 33%
	 Effective Percent: 57,42%
Vers
	 Rating: 6581
	 Multiplicative Factor: 0%
	 Eff: 8921
	 DR Bracket: 0
	 Base: 3%
	 Effective Percent: 11,44%
Leech
	 Rating: 4284
	 Multiplicative Factor: 0%
	 Eff: 6323,99025
	 DR Bracket: 0
	 Base: 2%
	 Effective Percent: 6,2%
Avoidance
	 Rating: 1884
	 Multiplicative Factor: 0%
	 Eff: 1884
	 DR Bracket: 0
	 Base: 0%
	 Effective Percent: 3,46%
Mastery
	 Rating: 28677
	 Multiplicative Factor: 0%
	 Eff: 35541,6
	 DR Bracket: 2
	 Base: 19,8%
	 Effective Percent: 91,39%
----------------------
03:59,597

Intellect
	 Rating: 146396
	 Multiplicative Factor: 13,56%
	 Eff: 146396,25000000006
Stamina
	 Rating: 868193
	 Multiplicative Factor: 11,3%
	 Eff: 868193
Crit
	 Rating: 16628
	 Multiplicative Factor: 0%
	 Eff: 20128
	 DR Bracket: 0
	 Base: 5%
	 Effective Percent: 28,75%
	 Crit Inc Heal: 2,6
	 Crit Inc Damage: 2
Haste
	 Rating: 12119
	 Multiplicative Factor: 0%
	 Eff: 37117,08
	 DR Bracket: 0
	 Base: 32%
	 Effective Percent: 56,24%
Vers
	 Rating: 6581
	 Multiplicative Factor: 0%
	 Eff: 8921
	 DR Bracket: 0
	 Base: 3%
	 Effective Percent: 11,44%
Leech
	 Rating: 4284
	 Multiplicative Factor: 0%
	 Eff: 6323,99025
	 DR Bracket: 0
	 Base: 2%
	 Effective Percent: 6,2%
Avoidance
	 Rating: 1884
	 Multiplicative Factor: 0%
	 Eff: 1884
	 DR Bracket: 0
	 Base: 0%
	 Effective Percent: 3,46%
Mastery
	 Rating: 28677
	 Multiplicative Factor: 0%
	 Eff: 35541,6
	 DR Bracket: 2
	 Base: 19,8%
	 Effective Percent: 91,39%
----------------------
04:00,600

Intellect
	 Rating: 146396
	 Multiplicative Factor: 13,56%
	 Eff: 146396,25000000006
Stamina
	 Rating: 868193
	 Multiplicative Factor: 11,3%
	 Eff: 868193
Crit
	 Rating: 16628
	 Multiplicative Factor: 0%
	 Eff: 20128
	 DR Bracket: 0
	 Base: 5%
	 Effective Percent: 28,75%
	 Crit Inc Heal: 2,6
	 Crit Inc Damage: 2
Haste
	 Rating: 12119
	 Multiplicative Factor: 0%
	 Eff: 36335,89
	 DR Bracket: 0
	 Base: 31%
	 Effective Percent: 55,05%
Vers
	 Rating: 6581
	 Multiplicative Factor: 0%
	 Eff: 8921
	 DR Bracket: 0
	 Base: 3%
	 Effective Percent: 11,44%
Leech
	 Rating: 4284
	 Multiplicative Factor: 0%
	 Eff: 6323,99025
	 DR Bracket: 0
	 Base: 2%
	 Effective Percent: 6,2%
Avoidance
	 Rating: 1884
	 Multiplicative Factor: 0%
	 Eff: 1884
	 DR Bracket: 0
	 Base: 0%
	 Effective Percent: 3,46%
Mastery
	 Rating: 28677
	 Multiplicative Factor: 0%
	 Eff: 35541,6
	 DR Bracket: 2
	 Base: 19,8%
	 Effective Percent: 91,39%
----------------------
04:00,806

Intellect
	 Rating: 146396
	 Multiplicative Factor: 13,56%
	 Eff: 146396,25000000006
Stamina
	 Rating: 868193
	 Multiplicative Factor: 11,3%
	 Eff: 868193
Crit
	 Rating: 16628
	 Multiplicative Factor: 0%
	 Eff: 20128
	 DR Bracket: 0
	 Base: 5%
	 Effective Percent: 28,75%
	 Crit Inc Heal: 2,6
	 Crit Inc Damage: 2
Haste
	 Rating: 12119
	 Multiplicative Factor: 0%
	 Eff: 29305,18
	 DR Bracket: 0
	 Base: 22%
	 Effective Percent: 44,4%
Vers
	 Rating: 6581
	 Multiplicative Factor: 0%
	 Eff: 8921
	 DR Bracket: 0
	 Base: 3%
	 Effective Percent: 11,44%
Leech
	 Rating: 4284
	 Multiplicative Factor: 0%
	 Eff: 6323,99025
	 DR Bracket: 0
	 Base: 2%
	 Effective Percent: 6,2%
Avoidance
	 Rating: 1884
	 Multiplicative Factor: 0%
	 Eff: 1884
	 DR Bracket: 0
	 Base: 0%
	 Effective Percent: 3,46%
Mastery
	 Rating: 28677
	 Multiplicative Factor: 0%
	 Eff: 35541,6
	 DR Bracket: 2
	 Base: 19,8%
	 Effective Percent: 91,39%
----------------------
04:01,609

Intellect
	 Rating: 146396
	 Multiplicative Factor: 13,56%
	 Eff: 146396,25000000006
Stamina
	 Rating: 868193
	 Multiplicative Factor: 11,3%
	 Eff: 868193
Crit
	 Rating: 16628
	 Multiplicative Factor: 0%
	 Eff: 20128
	 DR Bracket: 0
	 Base: 5%
	 Effective Percent: 28,75%
	 Crit Inc Heal: 2,6
	 Crit Inc Damage: 2
Haste
	 Rating: 12119
	 Multiplicative Factor: 0%
	 Eff: 28523,99
	 DR Bracket: 0
	 Base: 21%
	 Effective Percent: 43,22%
Vers
	 Rating: 6581
	 Multiplicative Factor: 0%
	 Eff: 8921
	 DR Bracket: 0
	 Base: 3%
	 Effective Percent: 11,44%
Leech
	 Rating: 4284
	 Multiplicative Factor: 0%
	 Eff: 6323,99025
	 DR Bracket: 0
	 Base: 2%
	 Effective Percent: 6,2%
Avoidance
	 Rating: 1884
	 Multiplicative Factor: 0%
	 Eff: 1884
	 DR Bracket: 0
	 Base: 0%
	 Effective Percent: 3,46%
Mastery
	 Rating: 28677
	 Multiplicative Factor: 0%
	 Eff: 35541,6
	 DR Bracket: 2
	 Base: 19,8%
	 Effective Percent: 91,39%
----------------------
04:02,613

Intellect
	 Rating: 146396
	 Multiplicative Factor: 13,56%
	 Eff: 146396,25000000006
Stamina
	 Rating: 868193
	 Multiplicative Factor: 11,3%
	 Eff: 868193
Crit
	 Rating: 16628
	 Multiplicative Factor: 0%
	 Eff: 20128
	 DR Bracket: 0
	 Base: 5%
	 Effective Percent: 28,75%
	 Crit Inc Heal: 2,6
	 Crit Inc Damage: 2
Haste
	 Rating: 12119
	 Multiplicative Factor: 0%
	 Eff: 27742,800000000003
	 DR Bracket: 0
	 Base: 20%
	 Effective Percent: 42,03%
Vers
	 Rating: 6581
	 Multiplicative Factor: 0%
	 Eff: 8921
	 DR Bracket: 0
	 Base: 3%
	 Effective Percent: 11,44%
Leech
	 Rating: 4284
	 Multiplicative Factor: 0%
	 Eff: 6323,99025
	 DR Bracket: 0
	 Base: 2%
	 Effective Percent: 6,2%
Avoidance
	 Rating: 1884
	 Multiplicative Factor: 0%
	 Eff: 1884
	 DR Bracket: 0
	 Base: 0%
	 Effective Percent: 3,46%
Mastery
	 Rating: 28677
	 Multiplicative Factor: 0%
	 Eff: 35541,6
	 DR Bracket: 2
	 Base: 19,8%
	 Effective Percent: 91,39%
----------------------
04:03,606

Intellect
	 Rating: 146396
	 Multiplicative Factor: 13,56%
	 Eff: 146396,25000000006
Stamina
	 Rating: 868193
	 Multiplicative Factor: 11,3%
	 Eff: 868193
Crit
	 Rating: 16628
	 Multiplicative Factor: 0%
	 Eff: 20128
	 DR Bracket: 0
	 Base: 5%
	 Effective Percent: 28,75%
	 Crit Inc Heal: 2,6
	 Crit Inc Damage: 2
Haste
	 Rating: 12119
	 Multiplicative Factor: 0%
	 Eff: 26961,61
	 DR Bracket: 0
	 Base: 19%
	 Effective Percent: 40,85%
Vers
	 Rating: 6581
	 Multiplicative Factor: 0%
	 Eff: 8921
	 DR Bracket: 0
	 Base: 3%
	 Effective Percent: 11,44%
Leech
	 Rating: 4284
	 Multiplicative Factor: 0%
	 Eff: 6323,99025
	 DR Bracket: 0
	 Base: 2%
	 Effective Percent: 6,2%
Avoidance
	 Rating: 1884
	 Multiplicative Factor: 0%
	 Eff: 1884
	 DR Bracket: 0
	 Base: 0%
	 Effective Percent: 3,46%
Mastery
	 Rating: 28677
	 Multiplicative Factor: 0%
	 Eff: 35541,6
	 DR Bracket: 2
	 Base: 19,8%
	 Effective Percent: 91,39%
----------------------
04:04,595

Intellect
	 Rating: 146396
	 Multiplicative Factor: 13,56%
	 Eff: 146396,25000000006
Stamina
	 Rating: 868193
	 Multiplicative Factor: 11,3%
	 Eff: 868193
Crit
	 Rating: 16628
	 Multiplicative Factor: 0%
	 Eff: 20128
	 DR Bracket: 0
	 Base: 5%
	 Effective Percent: 28,75%
	 Crit Inc Heal: 2,6
	 Crit Inc Damage: 2
Haste
	 Rating: 12119
	 Multiplicative Factor: 0%
	 Eff: 26180,42
	 DR Bracket: 0
	 Base: 18%
	 Effective Percent: 39,67%
Vers
	 Rating: 6581
	 Multiplicative Factor: 0%
	 Eff: 8921
	 DR Bracket: 0
	 Base: 3%
	 Effective Percent: 11,44%
Leech
	 Rating: 4284
	 Multiplicative Factor: 0%
	 Eff: 6323,99025
	 DR Bracket: 0
	 Base: 2%
	 Effective Percent: 6,2%
Avoidance
	 Rating: 1884
	 Multiplicative Factor: 0%
	 Eff: 1884
	 DR Bracket: 0
	 Base: 0%
	 Effective Percent: 3,46%
Mastery
	 Rating: 28677
	 Multiplicative Factor: 0%
	 Eff: 35541,6
	 DR Bracket: 2
	 Base: 19,8%
	 Effective Percent: 91,39%
----------------------
04:05,622

Intellect
	 Rating: 146396
	 Multiplicative Factor: 13,56%
	 Eff: 146396,25000000006
Stamina
	 Rating: 868193
	 Multiplicative Factor: 11,3%
	 Eff: 868193
Crit
	 Rating: 16628
	 Multiplicative Factor: 0%
	 Eff: 20128
	 DR Bracket: 0
	 Base: 5%
	 Effective Percent: 28,75%
	 Crit Inc Heal: 2,6
	 Crit Inc Damage: 2
Haste
	 Rating: 12119
	 Multiplicative Factor: 0%
	 Eff: 25399,230000000003
	 DR Bracket: 0
	 Base: 17%
	 Effective Percent: 38,48%
Vers
	 Rating: 6581
	 Multiplicative Factor: 0%
	 Eff: 8921
	 DR Bracket: 0
	 Base: 3%
	 Effective Percent: 11,44%
Leech
	 Rating: 4284
	 Multiplicative Factor: 0%
	 Eff: 6323,99025
	 DR Bracket: 0
	 Base: 2%
	 Effective Percent: 6,2%
Avoidance
	 Rating: 1884
	 Multiplicative Factor: 0%
	 Eff: 1884
	 DR Bracket: 0
	 Base: 0%
	 Effective Percent: 3,46%
Mastery
	 Rating: 28677
	 Multiplicative Factor: 0%
	 Eff: 35541,6
	 DR Bracket: 2
	 Base: 19,8%
	 Effective Percent: 91,39%
----------------------
04:06,622

Intellect
	 Rating: 146396
	 Multiplicative Factor: 13,56%
	 Eff: 146396,25000000006
Stamina
	 Rating: 868193
	 Multiplicative Factor: 11,3%
	 Eff: 868193
Crit
	 Rating: 16628
	 Multiplicative Factor: 0%
	 Eff: 20128
	 DR Bracket: 0
	 Base: 5%
	 Effective Percent: 28,75%
	 Crit Inc Heal: 2,6
	 Crit Inc Damage: 2
Haste
	 Rating: 12119
	 Multiplicative Factor: 0%
	 Eff: 24618,04
	 DR Bracket: 0
	 Base: 16%
	 Effective Percent: 37,3%
Vers
	 Rating: 6581
	 Multiplicative Factor: 0%
	 Eff: 8921
	 DR Bracket: 0
	 Base: 3%
	 Effective Percent: 11,44%
Leech
	 Rating: 4284
	 Multiplicative Factor: 0%
	 Eff: 6323,99025
	 DR Bracket: 0
	 Base: 2%
	 Effective Percent: 6,2%
Avoidance
	 Rating: 1884
	 Multiplicative Factor: 0%
	 Eff: 1884
	 DR Bracket: 0
	 Base: 0%
	 Effective Percent: 3,46%
Mastery
	 Rating: 28677
	 Multiplicative Factor: 0%
	 Eff: 35541,6
	 DR Bracket: 2
	 Base: 19,8%
	 Effective Percent: 91,39%
----------------------
04:07,621

Intellect
	 Rating: 146396
	 Multiplicative Factor: 13,56%
	 Eff: 146396,25000000006
Stamina
	 Rating: 868193
	 Multiplicative Factor: 11,3%
	 Eff: 868193
Crit
	 Rating: 16628
	 Multiplicative Factor: 0%
	 Eff: 20128
	 DR Bracket: 0
	 Base: 5%
	 Effective Percent: 28,75%
	 Crit Inc Heal: 2,6
	 Crit Inc Damage: 2
Haste
	 Rating: 12119
	 Multiplicative Factor: 0%
	 Eff: 23836,85
	 DR Bracket: 0
	 Base: 15%
	 Effective Percent: 36,12%
Vers
	 Rating: 6581
	 Multiplicative Factor: 0%
	 Eff: 8921
	 DR Bracket: 0
	 Base: 3%
	 Effective Percent: 11,44%
Leech
	 Rating: 4284
	 Multiplicative Factor: 0%
	 Eff: 6323,99025
	 DR Bracket: 0
	 Base: 2%
	 Effective Percent: 6,2%
Avoidance
	 Rating: 1884
	 Multiplicative Factor: 0%
	 Eff: 1884
	 DR Bracket: 0
	 Base: 0%
	 Effective Percent: 3,46%
Mastery
	 Rating: 28677
	 Multiplicative Factor: 0%
	 Eff: 35541,6
	 DR Bracket: 2
	 Base: 19,8%
	 Effective Percent: 91,39%
----------------------
04:08,614

Intellect
	 Rating: 146396
	 Multiplicative Factor: 13,56%
	 Eff: 146396,25000000006
Stamina
	 Rating: 868193
	 Multiplicative Factor: 11,3%
	 Eff: 868193
Crit
	 Rating: 16628
	 Multiplicative Factor: 0%
	 Eff: 20128
	 DR Bracket: 0
	 Base: 5%
	 Effective Percent: 28,75%
	 Crit Inc Heal: 2,6
	 Crit Inc Damage: 2
Haste
	 Rating: 12119
	 Multiplicative Factor: 0%
	 Eff: 23055,66
	 DR Bracket: 0
	 Base: 14%
	 Effective Percent: 34,93%
Vers
	 Rating: 6581
	 Multiplicative Factor: 0%
	 Eff: 8921
	 DR Bracket: 0
	 Base: 3%
	 Effective Percent: 11,44%
Leech
	 Rating: 4284
	 Multiplicative Factor: 0%
	 Eff: 6323,99025
	 DR Bracket: 0
	 Base: 2%
	 Effective Percent: 6,2%
Avoidance
	 Rating: 1884
	 Multiplicative Factor: 0%
	 Eff: 1884
	 DR Bracket: 0
	 Base: 0%
	 Effective Percent: 3,46%
Mastery
	 Rating: 28677
	 Multiplicative Factor: 0%
	 Eff: 35541,6
	 DR Bracket: 2
	 Base: 19,8%
	 Effective Percent: 91,39%
----------------------
04:09,646

Intellect
	 Rating: 146396
	 Multiplicative Factor: 13,56%
	 Eff: 146396,25000000006
Stamina
	 Rating: 868193
	 Multiplicative Factor: 11,3%
	 Eff: 868193
Crit
	 Rating: 16628
	 Multiplicative Factor: 0%
	 Eff: 20128
	 DR Bracket: 0
	 Base: 5%
	 Effective Percent: 28,75%
	 Crit Inc Heal: 2,6
	 Crit Inc Damage: 2
Haste
	 Rating: 12119
	 Multiplicative Factor: 0%
	 Eff: 22274,47
	 DR Bracket: 0
	 Base: 13%
	 Effective Percent: 33,75%
Vers
	 Rating: 6581
	 Multiplicative Factor: 0%
	 Eff: 8921
	 DR Bracket: 0
	 Base: 3%
	 Effective Percent: 11,44%
Leech
	 Rating: 4284
	 Multiplicative Factor: 0%
	 Eff: 6323,99025
	 DR Bracket: 0
	 Base: 2%
	 Effective Percent: 6,2%
Avoidance
	 Rating: 1884
	 Multiplicative Factor: 0%
	 Eff: 1884
	 DR Bracket: 0
	 Base: 0%
	 Effective Percent: 3,46%
Mastery
	 Rating: 28677
	 Multiplicative Factor: 0%
	 Eff: 35541,6
	 DR Bracket: 2
	 Base: 19,8%
	 Effective Percent: 91,39%
----------------------
04:10,615

Intellect
	 Rating: 146396
	 Multiplicative Factor: 13,56%
	 Eff: 146396,25000000006
Stamina
	 Rating: 868193
	 Multiplicative Factor: 11,3%
	 Eff: 868193
Crit
	 Rating: 16628
	 Multiplicative Factor: 0%
	 Eff: 20128
	 DR Bracket: 0
	 Base: 5%
	 Effective Percent: 28,75%
	 Crit Inc Heal: 2,6
	 Crit Inc Damage: 2
Haste
	 Rating: 12119
	 Multiplicative Factor: 0%
	 Eff: 21493,28
	 DR Bracket: 0
	 Base: 12%
	 Effective Percent: 32,57%
Vers
	 Rating: 6581
	 Multiplicative Factor: 0%
	 Eff: 8921
	 DR Bracket: 0
	 Base: 3%
	 Effective Percent: 11,44%
Leech
	 Rating: 4284
	 Multiplicative Factor: 0%
	 Eff: 6323,99025
	 DR Bracket: 0
	 Base: 2%
	 Effective Percent: 6,2%
Avoidance
	 Rating: 1884
	 Multiplicative Factor: 0%
	 Eff: 1884
	 DR Bracket: 0
	 Base: 0%
	 Effective Percent: 3,46%
Mastery
	 Rating: 28677
	 Multiplicative Factor: 0%
	 Eff: 35541,6
	 DR Bracket: 2
	 Base: 19,8%
	 Effective Percent: 91,39%
----------------------
04:11,624

Intellect
	 Rating: 146396
	 Multiplicative Factor: 13,56%
	 Eff: 146396,25000000006
Stamina
	 Rating: 868193
	 Multiplicative Factor: 11,3%
	 Eff: 868193
Crit
	 Rating: 16628
	 Multiplicative Factor: 0%
	 Eff: 20128
	 DR Bracket: 0
	 Base: 5%
	 Effective Percent: 28,75%
	 Crit Inc Heal: 2,6
	 Crit Inc Damage: 2
Haste
	 Rating: 12119
	 Multiplicative Factor: 0%
	 Eff: 20712,09
	 DR Bracket: 0
	 Base: 11%
	 Effective Percent: 31,38%
Vers
	 Rating: 6581
	 Multiplicative Factor: 0%
	 Eff: 8921
	 DR Bracket: 0
	 Base: 3%
	 Effective Percent: 11,44%
Leech
	 Rating: 4284
	 Multiplicative Factor: 0%
	 Eff: 6323,99025
	 DR Bracket: 0
	 Base: 2%
	 Effective Percent: 6,2%
Avoidance
	 Rating: 1884
	 Multiplicative Factor: 0%
	 Eff: 1884
	 DR Bracket: 0
	 Base: 0%
	 Effective Percent: 3,46%
Mastery
	 Rating: 28677
	 Multiplicative Factor: 0%
	 Eff: 35541,6
	 DR Bracket: 2
	 Base: 19,8%
	 Effective Percent: 91,39%
----------------------
04:12,621

Intellect
	 Rating: 146396
	 Multiplicative Factor: 13,56%
	 Eff: 146396,25000000006
Stamina
	 Rating: 868193
	 Multiplicative Factor: 11,3%
	 Eff: 868193
Crit
	 Rating: 16628
	 Multiplicative Factor: 0%
	 Eff: 20128
	 DR Bracket: 0
	 Base: 5%
	 Effective Percent: 28,75%
	 Crit Inc Heal: 2,6
	 Crit Inc Damage: 2
Haste
	 Rating: 12119
	 Multiplicative Factor: 0%
	 Eff: 19930,9
	 DR Bracket: 0
	 Base: 10%
	 Effective Percent: 30,2%
Vers
	 Rating: 6581
	 Multiplicative Factor: 0%
	 Eff: 8921
	 DR Bracket: 0
	 Base: 3%
	 Effective Percent: 11,44%
Leech
	 Rating: 4284
	 Multiplicative Factor: 0%
	 Eff: 6323,99025
	 DR Bracket: 0
	 Base: 2%
	 Effective Percent: 6,2%
Avoidance
	 Rating: 1884
	 Multiplicative Factor: 0%
	 Eff: 1884
	 DR Bracket: 0
	 Base: 0%
	 Effective Percent: 3,46%
Mastery
	 Rating: 28677
	 Multiplicative Factor: 0%
	 Eff: 35541,6
	 DR Bracket: 2
	 Base: 19,8%
	 Effective Percent: 91,39%
----------------------
04:13,633

Intellect
	 Rating: 146396
	 Multiplicative Factor: 13,56%
	 Eff: 146396,25000000006
Stamina
	 Rating: 868193
	 Multiplicative Factor: 11,3%
	 Eff: 868193
Crit
	 Rating: 16628
	 Multiplicative Factor: 0%
	 Eff: 20128
	 DR Bracket: 0
	 Base: 5%
	 Effective Percent: 28,75%
	 Crit Inc Heal: 2,6
	 Crit Inc Damage: 2
Haste
	 Rating: 12119
	 Multiplicative Factor: 0%
	 Eff: 19149,71
	 DR Bracket: 0
	 Base: 9%
	 Effective Percent: 29,01%
Vers
	 Rating: 6581
	 Multiplicative Factor: 0%
	 Eff: 8921
	 DR Bracket: 0
	 Base: 3%
	 Effective Percent: 11,44%
Leech
	 Rating: 4284
	 Multiplicative Factor: 0%
	 Eff: 6323,99025
	 DR Bracket: 0
	 Base: 2%
	 Effective Percent: 6,2%
Avoidance
	 Rating: 1884
	 Multiplicative Factor: 0%
	 Eff: 1884
	 DR Bracket: 0
	 Base: 0%
	 Effective Percent: 3,46%
Mastery
	 Rating: 28677
	 Multiplicative Factor: 0%
	 Eff: 35541,6
	 DR Bracket: 2
	 Base: 19,8%
	 Effective Percent: 91,39%
----------------------
04:14,635

Intellect
	 Rating: 146396
	 Multiplicative Factor: 13,56%
	 Eff: 146396,25000000006
Stamina
	 Rating: 868193
	 Multiplicative Factor: 11,3%
	 Eff: 868193
Crit
	 Rating: 16628
	 Multiplicative Factor: 0%
	 Eff: 20128
	 DR Bracket: 0
	 Base: 5%
	 Effective Percent: 28,75%
	 Crit Inc Heal: 2,6
	 Crit Inc Damage: 2
Haste
	 Rating: 12119
	 Multiplicative Factor: 0%
	 Eff: 18368,52
	 DR Bracket: 0
	 Base: 8%
	 Effective Percent: 27,83%
Vers
	 Rating: 6581
	 Multiplicative Factor: 0%
	 Eff: 8921
	 DR Bracket: 0
	 Base: 3%
	 Effective Percent: 11,44%
Leech
	 Rating: 4284
	 Multiplicative Factor: 0%
	 Eff: 6323,99025
	 DR Bracket: 0
	 Base: 2%
	 Effective Percent: 6,2%
Avoidance
	 Rating: 1884
	 Multiplicative Factor: 0%
	 Eff: 1884
	 DR Bracket: 0
	 Base: 0%
	 Effective Percent: 3,46%
Mastery
	 Rating: 28677
	 Multiplicative Factor: 0%
	 Eff: 35541,6
	 DR Bracket: 2
	 Base: 19,8%
	 Effective Percent: 91,39%
----------------------
04:15,605

Intellect
	 Rating: 146396
	 Multiplicative Factor: 13,56%
	 Eff: 146396,25000000006
Stamina
	 Rating: 868193
	 Multiplicative Factor: 11,3%
	 Eff: 868193
Crit
	 Rating: 16628
	 Multiplicative Factor: 0%
	 Eff: 20128
	 DR Bracket: 0
	 Base: 5%
	 Effective Percent: 28,75%
	 Crit Inc Heal: 2,6
	 Crit Inc Damage: 2
Haste
	 Rating: 12119
	 Multiplicative Factor: 0%
	 Eff: 17587,33
	 DR Bracket: 0
	 Base: 7%
	 Effective Percent: 26,65%
Vers
	 Rating: 6581
	 Multiplicative Factor: 0%
	 Eff: 8921
	 DR Bracket: 0
	 Base: 3%
	 Effective Percent: 11,44%
Leech
	 Rating: 4284
	 Multiplicative Factor: 0%
	 Eff: 6323,99025
	 DR Bracket: 0
	 Base: 2%
	 Effective Percent: 6,2%
Avoidance
	 Rating: 1884
	 Multiplicative Factor: 0%
	 Eff: 1884
	 DR Bracket: 0
	 Base: 0%
	 Effective Percent: 3,46%
Mastery
	 Rating: 28677
	 Multiplicative Factor: 0%
	 Eff: 35541,6
	 DR Bracket: 2
	 Base: 19,8%
	 Effective Percent: 91,39%
----------------------
04:16,619

Intellect
	 Rating: 146396
	 Multiplicative Factor: 13,56%
	 Eff: 146396,25000000006
Stamina
	 Rating: 868193
	 Multiplicative Factor: 11,3%
	 Eff: 868193
Crit
	 Rating: 16628
	 Multiplicative Factor: 0%
	 Eff: 20128
	 DR Bracket: 0
	 Base: 5%
	 Effective Percent: 28,75%
	 Crit Inc Heal: 2,6
	 Crit Inc Damage: 2
Haste
	 Rating: 12119
	 Multiplicative Factor: 0%
	 Eff: 16806,14
	 DR Bracket: 0
	 Base: 6%
	 Effective Percent: 25,46%
Vers
	 Rating: 6581
	 Multiplicative Factor: 0%
	 Eff: 8921
	 DR Bracket: 0
	 Base: 3%
	 Effective Percent: 11,44%
Leech
	 Rating: 4284
	 Multiplicative Factor: 0%
	 Eff: 6323,99025
	 DR Bracket: 0
	 Base: 2%
	 Effective Percent: 6,2%
Avoidance
	 Rating: 1884
	 Multiplicative Factor: 0%
	 Eff: 1884
	 DR Bracket: 0
	 Base: 0%
	 Effective Percent: 3,46%
Mastery
	 Rating: 28677
	 Multiplicative Factor: 0%
	 Eff: 35541,6
	 DR Bracket: 2
	 Base: 19,8%
	 Effective Percent: 91,39%
----------------------
04:17,598

Intellect
	 Rating: 146396
	 Multiplicative Factor: 13,56%
	 Eff: 146396,25000000006
Stamina
	 Rating: 868193
	 Multiplicative Factor: 11,3%
	 Eff: 868193
Crit
	 Rating: 16628
	 Multiplicative Factor: 0%
	 Eff: 20128
	 DR Bracket: 0
	 Base: 5%
	 Effective Percent: 28,75%
	 Crit Inc Heal: 2,6
	 Crit Inc Damage: 2
Haste
	 Rating: 12119
	 Multiplicative Factor: 0%
	 Eff: 16024,95
	 DR Bracket: 0
	 Base: 5%
	 Effective Percent: 24,28%
Vers
	 Rating: 6581
	 Multiplicative Factor: 0%
	 Eff: 8921
	 DR Bracket: 0
	 Base: 3%
	 Effective Percent: 11,44%
Leech
	 Rating: 4284
	 Multiplicative Factor: 0%
	 Eff: 6323,99025
	 DR Bracket: 0
	 Base: 2%
	 Effective Percent: 6,2%
Avoidance
	 Rating: 1884
	 Multiplicative Factor: 0%
	 Eff: 1884
	 DR Bracket: 0
	 Base: 0%
	 Effective Percent: 3,46%
Mastery
	 Rating: 28677
	 Multiplicative Factor: 0%
	 Eff: 35541,6
	 DR Bracket: 2
	 Base: 19,8%
	 Effective Percent: 91,39%
----------------------
04:18,605

Intellect
	 Rating: 146396
	 Multiplicative Factor: 13,56%
	 Eff: 146396,25000000006
Stamina
	 Rating: 868193
	 Multiplicative Factor: 11,3%
	 Eff: 868193
Crit
	 Rating: 16628
	 Multiplicative Factor: 0%
	 Eff: 20128
	 DR Bracket: 0
	 Base: 5%
	 Effective Percent: 28,75%
	 Crit Inc Heal: 2,6
	 Crit Inc Damage: 2
Haste
	 Rating: 12119
	 Multiplicative Factor: 0%
	 Eff: 15243,76
	 DR Bracket: 0
	 Base: 4%
	 Effective Percent: 23,1%
Vers
	 Rating: 6581
	 Multiplicative Factor: 0%
	 Eff: 8921
	 DR Bracket: 0
	 Base: 3%
	 Effective Percent: 11,44%
Leech
	 Rating: 4284
	 Multiplicative Factor: 0%
	 Eff: 6323,99025
	 DR Bracket: 0
	 Base: 2%
	 Effective Percent: 6,2%
Avoidance
	 Rating: 1884
	 Multiplicative Factor: 0%
	 Eff: 1884
	 DR Bracket: 0
	 Base: 0%
	 Effective Percent: 3,46%
Mastery
	 Rating: 28677
	 Multiplicative Factor: 0%
	 Eff: 35541,6
	 DR Bracket: 2
	 Base: 19,8%
	 Effective Percent: 91,39%
----------------------
04:19,629

Intellect
	 Rating: 146396
	 Multiplicative Factor: 13,56%
	 Eff: 146396,25000000006
Stamina
	 Rating: 868193
	 Multiplicative Factor: 11,3%
	 Eff: 868193
Crit
	 Rating: 16628
	 Multiplicative Factor: 0%
	 Eff: 20128
	 DR Bracket: 0
	 Base: 5%
	 Effective Percent: 28,75%
	 Crit Inc Heal: 2,6
	 Crit Inc Damage: 2
Haste
	 Rating: 12119
	 Multiplicative Factor: 0%
	 Eff: 14462,57
	 DR Bracket: 0
	 Base: 3%
	 Effective Percent: 21,91%
Vers
	 Rating: 6581
	 Multiplicative Factor: 0%
	 Eff: 8921
	 DR Bracket: 0
	 Base: 3%
	 Effective Percent: 11,44%
Leech
	 Rating: 4284
	 Multiplicative Factor: 0%
	 Eff: 6323,99025
	 DR Bracket: 0
	 Base: 2%
	 Effective Percent: 6,2%
Avoidance
	 Rating: 1884
	 Multiplicative Factor: 0%
	 Eff: 1884
	 DR Bracket: 0
	 Base: 0%
	 Effective Percent: 3,46%
Mastery
	 Rating: 28677
	 Multiplicative Factor: 0%
	 Eff: 35541,6
	 DR Bracket: 2
	 Base: 19,8%
	 Effective Percent: 91,39%
----------------------
04:19,814

Intellect
	 Rating: 146396
	 Multiplicative Factor: 13,56%
	 Eff: 146396,25000000006
Stamina
	 Rating: 868193
	 Multiplicative Factor: 11,3%
	 Eff: 868193
Crit
	 Rating: 16628
	 Multiplicative Factor: 0%
	 Eff: 20128
	 DR Bracket: 0
	 Base: 5%
	 Effective Percent: 28,75%
	 Crit Inc Heal: 2
	 Crit Inc Damage: 2
Haste
	 Rating: 12119
	 Multiplicative Factor: 0%
	 Eff: 14462,57
	 DR Bracket: 0
	 Base: 3%
	 Effective Percent: 21,91%
Vers
	 Rating: 6581
	 Multiplicative Factor: 0%
	 Eff: 8921
	 DR Bracket: 0
	 Base: 3%
	 Effective Percent: 11,44%
Leech
	 Rating: 4284
	 Multiplicative Factor: 0%
	 Eff: 6323,99025
	 DR Bracket: 0
	 Base: 2%
	 Effective Percent: 6,2%
Avoidance
	 Rating: 1884
	 Multiplicative Factor: 0%
	 Eff: 1884
	 DR Bracket: 0
	 Base: 0%
	 Effective Percent: 3,46%
Mastery
	 Rating: 28677
	 Multiplicative Factor: 0%
	 Eff: 35541,6
	 DR Bracket: 2
	 Base: 19,8%
	 Effective Percent: 91,39%
----------------------
04:20,598

Intellect
	 Rating: 146396
	 Multiplicative Factor: 13,56%
	 Eff: 146396,25000000006
Stamina
	 Rating: 868193
	 Multiplicative Factor: 11,3%
	 Eff: 868193
Crit
	 Rating: 16628
	 Multiplicative Factor: 0%
	 Eff: 20128
	 DR Bracket: 0
	 Base: 5%
	 Effective Percent: 28,75%
	 Crit Inc Heal: 2
	 Crit Inc Damage: 2
Haste
	 Rating: 12119
	 Multiplicative Factor: 0%
	 Eff: 13681,380000000001
	 DR Bracket: 0
	 Base: 2%
	 Effective Percent: 20,73%
Vers
	 Rating: 6581
	 Multiplicative Factor: 0%
	 Eff: 8921
	 DR Bracket: 0
	 Base: 3%
	 Effective Percent: 11,44%
Leech
	 Rating: 4284
	 Multiplicative Factor: 0%
	 Eff: 6323,99025
	 DR Bracket: 0
	 Base: 2%
	 Effective Percent: 6,2%
Avoidance
	 Rating: 1884
	 Multiplicative Factor: 0%
	 Eff: 1884
	 DR Bracket: 0
	 Base: 0%
	 Effective Percent: 3,46%
Mastery
	 Rating: 28677
	 Multiplicative Factor: 0%
	 Eff: 35541,6
	 DR Bracket: 2
	 Base: 19,8%
	 Effective Percent: 91,39%
----------------------
04:20,813

Intellect
	 Rating: 146396
	 Multiplicative Factor: 13,56%
	 Eff: 146396,25000000006
Stamina
	 Rating: 868193
	 Multiplicative Factor: 11,3%
	 Eff: 868193
Crit
	 Rating: 16628
	 Multiplicative Factor: 0%
	 Eff: 20128
	 DR Bracket: 0
	 Base: 5%
	 Effective Percent: 28,75%
	 Crit Inc Heal: 2,6
	 Crit Inc Damage: 2
Haste
	 Rating: 12119
	 Multiplicative Factor: 0%
	 Eff: 13681,380000000001
	 DR Bracket: 0
	 Base: 2%
	 Effective Percent: 20,73%
Vers
	 Rating: 6581
	 Multiplicative Factor: 0%
	 Eff: 8921
	 DR Bracket: 0
	 Base: 3%
	 Effective Percent: 11,44%
Leech
	 Rating: 4284
	 Multiplicative Factor: 0%
	 Eff: 6323,99025
	 DR Bracket: 0
	 Base: 2%
	 Effective Percent: 6,2%
Avoidance
	 Rating: 1884
	 Multiplicative Factor: 0%
	 Eff: 1884
	 DR Bracket: 0
	 Base: 0%
	 Effective Percent: 3,46%
Mastery
	 Rating: 28677
	 Multiplicative Factor: 0%
	 Eff: 35541,6
	 DR Bracket: 2
	 Base: 19,8%
	 Effective Percent: 91,39%
----------------------
04:21,603

Intellect
	 Rating: 146396
	 Multiplicative Factor: 13,56%
	 Eff: 146396,25000000006
Stamina
	 Rating: 868193
	 Multiplicative Factor: 11,3%
	 Eff: 868193
Crit
	 Rating: 16628
	 Multiplicative Factor: 0%
	 Eff: 20128
	 DR Bracket: 0
	 Base: 5%
	 Effective Percent: 28,75%
	 Crit Inc Heal: 2,6
	 Crit Inc Damage: 2
Haste
	 Rating: 12119
	 Multiplicative Factor: 0%
	 Eff: 12900,19
	 DR Bracket: 0
	 Base: 1%
	 Effective Percent: 19,55%
Vers
	 Rating: 6581
	 Multiplicative Factor: 0%
	 Eff: 8921
	 DR Bracket: 0
	 Base: 3%
	 Effective Percent: 11,44%
Leech
	 Rating: 4284
	 Multiplicative Factor: 0%
	 Eff: 6323,99025
	 DR Bracket: 0
	 Base: 2%
	 Effective Percent: 6,2%
Avoidance
	 Rating: 1884
	 Multiplicative Factor: 0%
	 Eff: 1884
	 DR Bracket: 0
	 Base: 0%
	 Effective Percent: 3,46%
Mastery
	 Rating: 28677
	 Multiplicative Factor: 0%
	 Eff: 35541,6
	 DR Bracket: 2
	 Base: 19,8%
	 Effective Percent: 91,39%
----------------------
04:22,614

Intellect
	 Rating: 146396
	 Multiplicative Factor: 13,56%
	 Eff: 146396,25000000006
Stamina
	 Rating: 868193
	 Multiplicative Factor: 11,3%
	 Eff: 868193
Crit
	 Rating: 16628
	 Multiplicative Factor: 0%
	 Eff: 20128
	 DR Bracket: 0
	 Base: 5%
	 Effective Percent: 28,75%
	 Crit Inc Heal: 2,6
	 Crit Inc Damage: 2
Haste
	 Rating: 12119
	 Multiplicative Factor: 0%
	 Eff: 12119
	 DR Bracket: 0
	 Base: 0%
	 Effective Percent: 18,36%
Vers
	 Rating: 6581
	 Multiplicative Factor: 0%
	 Eff: 8921
	 DR Bracket: 0
	 Base: 3%
	 Effective Percent: 11,44%
Leech
	 Rating: 4284
	 Multiplicative Factor: 0%
	 Eff: 6323,99025
	 DR Bracket: 0
	 Base: 2%
	 Effective Percent: 6,2%
Avoidance
	 Rating: 1884
	 Multiplicative Factor: 0%
	 Eff: 1884
	 DR Bracket: 0
	 Base: 0%
	 Effective Percent: 3,46%
Mastery
	 Rating: 28677
	 Multiplicative Factor: 0%
	 Eff: 35541,6
	 DR Bracket: 2
	 Base: 19,8%
	 Effective Percent: 91,39%
----------------------
04:28,368

Intellect
	 Rating: 146396
	 Multiplicative Factor: 13,56%
	 Eff: 146396,25000000006
Stamina
	 Rating: 868193
	 Multiplicative Factor: 11,3%
	 Eff: 868193
Crit
	 Rating: 16628
	 Multiplicative Factor: 0%
	 Eff: 20128
	 DR Bracket: 0
	 Base: 5%
	 Effective Percent: 28,75%
	 Crit Inc Heal: 2,6
	 Crit Inc Damage: 2
Haste
	 Rating: 12119
	 Multiplicative Factor: 0%
	 Eff: 14462,57
	 DR Bracket: 0
	 Base: 3%
	 Effective Percent: 21,91%
Vers
	 Rating: 6581
	 Multiplicative Factor: 0%
	 Eff: 8921
	 DR Bracket: 0
	 Base: 3%
	 Effective Percent: 11,44%
Leech
	 Rating: 4284
	 Multiplicative Factor: 0%
	 Eff: 6323,99025
	 DR Bracket: 0
	 Base: 2%
	 Effective Percent: 6,2%
Avoidance
	 Rating: 1884
	 Multiplicative Factor: 0%
	 Eff: 1884
	 DR Bracket: 0
	 Base: 0%
	 Effective Percent: 3,46%
Mastery
	 Rating: 28677
	 Multiplicative Factor: 0%
	 Eff: 35541,6
	 DR Bracket: 2
	 Base: 19,8%
	 Effective Percent: 91,39%
----------------------
04:28,368

Intellect
	 Rating: 146396
	 Multiplicative Factor: 13,56%
	 Eff: 146396,25000000006
Stamina
	 Rating: 868193
	 Multiplicative Factor: 11,3%
	 Eff: 868193
Crit
	 Rating: 16628
	 Multiplicative Factor: 0%
	 Eff: 20128
	 DR Bracket: 0
	 Base: 5%
	 Effective Percent: 28,75%
	 Crit Inc Heal: 2,6
	 Crit Inc Damage: 2
Haste
	 Rating: 12119
	 Multiplicative Factor: 0%
	 Eff: 16806,14
	 DR Bracket: 0
	 Base: 6%
	 Effective Percent: 25,46%
Vers
	 Rating: 6581
	 Multiplicative Factor: 0%
	 Eff: 8921
	 DR Bracket: 0
	 Base: 3%
	 Effective Percent: 11,44%
Leech
	 Rating: 4284
	 Multiplicative Factor: 0%
	 Eff: 6323,99025
	 DR Bracket: 0
	 Base: 2%
	 Effective Percent: 6,2%
Avoidance
	 Rating: 1884
	 Multiplicative Factor: 0%
	 Eff: 1884
	 DR Bracket: 0
	 Base: 0%
	 Effective Percent: 3,46%
Mastery
	 Rating: 28677
	 Multiplicative Factor: 0%
	 Eff: 35541,6
	 DR Bracket: 2
	 Base: 19,8%
	 Effective Percent: 91,39%
----------------------
04:28,368

Intellect
	 Rating: 146396
	 Multiplicative Factor: 13,56%
	 Eff: 146396,25000000006
Stamina
	 Rating: 868193
	 Multiplicative Factor: 11,3%
	 Eff: 868193
Crit
	 Rating: 16628
	 Multiplicative Factor: 0%
	 Eff: 20128
	 DR Bracket: 0
	 Base: 5%
	 Effective Percent: 28,75%
	 Crit Inc Heal: 2,6
	 Crit Inc Damage: 2
Haste
	 Rating: 12119
	 Multiplicative Factor: 0%
	 Eff: 19149,71
	 DR Bracket: 0
	 Base: 9%
	 Effective Percent: 29,01%
Vers
	 Rating: 6581
	 Multiplicative Factor: 0%
	 Eff: 8921
	 DR Bracket: 0
	 Base: 3%
	 Effective Percent: 11,44%
Leech
	 Rating: 4284
	 Multiplicative Factor: 0%
	 Eff: 6323,99025
	 DR Bracket: 0
	 Base: 2%
	 Effective Percent: 6,2%
Avoidance
	 Rating: 1884
	 Multiplicative Factor: 0%
	 Eff: 1884
	 DR Bracket: 0
	 Base: 0%
	 Effective Percent: 3,46%
Mastery
	 Rating: 28677
	 Multiplicative Factor: 0%
	 Eff: 35541,6
	 DR Bracket: 2
	 Base: 19,8%
	 Effective Percent: 91,39%
----------------------
04:34,020

Intellect
	 Rating: 146396
	 Multiplicative Factor: 13,56%
	 Eff: 146396,25000000006
Stamina
	 Rating: 868193
	 Multiplicative Factor: 11,3%
	 Eff: 868193
Crit
	 Rating: 16628
	 Multiplicative Factor: 0%
	 Eff: 20128
	 DR Bracket: 0
	 Base: 5%
	 Effective Percent: 28,75%
	 Crit Inc Heal: 2
	 Crit Inc Damage: 2
Haste
	 Rating: 12119
	 Multiplicative Factor: 0%
	 Eff: 19149,71
	 DR Bracket: 0
	 Base: 9%
	 Effective Percent: 29,01%
Vers
	 Rating: 6581
	 Multiplicative Factor: 0%
	 Eff: 8921
	 DR Bracket: 0
	 Base: 3%
	 Effective Percent: 11,44%
Leech
	 Rating: 4284
	 Multiplicative Factor: 0%
	 Eff: 6323,99025
	 DR Bracket: 0
	 Base: 2%
	 Effective Percent: 6,2%
Avoidance
	 Rating: 1884
	 Multiplicative Factor: 0%
	 Eff: 1884
	 DR Bracket: 0
	 Base: 0%
	 Effective Percent: 3,46%
Mastery
	 Rating: 28677
	 Multiplicative Factor: 0%
	 Eff: 35541,6
	 DR Bracket: 2
	 Base: 19,8%
	 Effective Percent: 91,39%
----------------------
04:36,351

Intellect
	 Rating: 146396
	 Multiplicative Factor: 13,56%
	 Eff: 146396,25000000006
Stamina
	 Rating: 868193
	 Multiplicative Factor: 11,3%
	 Eff: 868193
Crit
	 Rating: 16628
	 Multiplicative Factor: 0%
	 Eff: 20128
	 DR Bracket: 0
	 Base: 5%
	 Effective Percent: 28,75%
	 Crit Inc Heal: 2,6
	 Crit Inc Damage: 2
Haste
	 Rating: 12119
	 Multiplicative Factor: 0%
	 Eff: 19149,71
	 DR Bracket: 0
	 Base: 9%
	 Effective Percent: 29,01%
Vers
	 Rating: 6581
	 Multiplicative Factor: 0%
	 Eff: 8921
	 DR Bracket: 0
	 Base: 3%
	 Effective Percent: 11,44%
Leech
	 Rating: 4284
	 Multiplicative Factor: 0%
	 Eff: 6323,99025
	 DR Bracket: 0
	 Base: 2%
	 Effective Percent: 6,2%
Avoidance
	 Rating: 1884
	 Multiplicative Factor: 0%
	 Eff: 1884
	 DR Bracket: 0
	 Base: 0%
	 Effective Percent: 3,46%
Mastery
	 Rating: 28677
	 Multiplicative Factor: 0%
	 Eff: 35541,6
	 DR Bracket: 2
	 Base: 19,8%
	 Effective Percent: 91,39%
----------------------
04:44,092

Intellect
	 Rating: 146396
	 Multiplicative Factor: 13,56%
	 Eff: 146396,25000000006
Stamina
	 Rating: 868193
	 Multiplicative Factor: 11,3%
	 Eff: 868193
Crit
	 Rating: 16628
	 Multiplicative Factor: 0%
	 Eff: 20128
	 DR Bracket: 0
	 Base: 5%
	 Effective Percent: 28,75%
	 Crit Inc Heal: 2,6
	 Crit Inc Damage: 2
Haste
	 Rating: 12119
	 Multiplicative Factor: 0%
	 Eff: 12119
	 DR Bracket: 0
	 Base: 0%
	 Effective Percent: 18,36%
Vers
	 Rating: 6581
	 Multiplicative Factor: 0%
	 Eff: 8921
	 DR Bracket: 0
	 Base: 3%
	 Effective Percent: 11,44%
Leech
	 Rating: 4284
	 Multiplicative Factor: 0%
	 Eff: 6323,99025
	 DR Bracket: 0
	 Base: 2%
	 Effective Percent: 6,2%
Avoidance
	 Rating: 1884
	 Multiplicative Factor: 0%
	 Eff: 1884
	 DR Bracket: 0
	 Base: 0%
	 Effective Percent: 3,46%
Mastery
	 Rating: 28677
	 Multiplicative Factor: 0%
	 Eff: 35541,6
	 DR Bracket: 2
	 Base: 19,8%
	 Effective Percent: 91,39%
----------------------
04:44,199

Intellect
	 Rating: 139425
	 Multiplicative Factor: 8,15%
	 Eff: 139425,00000000006
Stamina
	 Rating: 868193
	 Multiplicative Factor: 11,3%
	 Eff: 868193
Crit
	 Rating: 16628
	 Multiplicative Factor: 0%
	 Eff: 20128
	 DR Bracket: 0
	 Base: 5%
	 Effective Percent: 28,75%
	 Crit Inc Heal: 2,6
	 Crit Inc Damage: 2
Haste
	 Rating: 12119
	 Multiplicative Factor: 0%
	 Eff: 12119
	 DR Bracket: 0
	 Base: 0%
	 Effective Percent: 18,36%
Vers
	 Rating: 6581
	 Multiplicative Factor: 0%
	 Eff: 8921
	 DR Bracket: 0
	 Base: 3%
	 Effective Percent: 11,44%
Leech
	 Rating: 4284
	 Multiplicative Factor: 0%
	 Eff: 6323,99025
	 DR Bracket: 0
	 Base: 2%
	 Effective Percent: 6,2%
Avoidance
	 Rating: 1884
	 Multiplicative Factor: 0%
	 Eff: 1884
	 DR Bracket: 0
	 Base: 0%
	 Effective Percent: 3,46%
Mastery
	 Rating: 28677
	 Multiplicative Factor: 0%
	 Eff: 35541,6
	 DR Bracket: 2
	 Base: 19,8%
	 Effective Percent: 91,39%
----------------------
04:46,343

Intellect
	 Rating: 139425
	 Multiplicative Factor: 8,15%
	 Eff: 139425,00000000006
Stamina
	 Rating: 868193
	 Multiplicative Factor: 11,3%
	 Eff: 868193
Crit
	 Rating: 16628
	 Multiplicative Factor: 0%
	 Eff: 20128
	 DR Bracket: 0
	 Base: 5%
	 Effective Percent: 28,75%
	 Crit Inc Heal: 2
	 Crit Inc Damage: 2
Haste
	 Rating: 12119
	 Multiplicative Factor: 0%
	 Eff: 12119
	 DR Bracket: 0
	 Base: 0%
	 Effective Percent: 18,36%
Vers
	 Rating: 6581
	 Multiplicative Factor: 0%
	 Eff: 8921
	 DR Bracket: 0
	 Base: 3%
	 Effective Percent: 11,44%
Leech
	 Rating: 4284
	 Multiplicative Factor: 0%
	 Eff: 6323,99025
	 DR Bracket: 0
	 Base: 2%
	 Effective Percent: 6,2%
Avoidance
	 Rating: 1884
	 Multiplicative Factor: 0%
	 Eff: 1884
	 DR Bracket: 0
	 Base: 0%
	 Effective Percent: 3,46%
Mastery
	 Rating: 28677
	 Multiplicative Factor: 0%
	 Eff: 35541,6
	 DR Bracket: 2
	 Base: 19,8%
	 Effective Percent: 91,39%
----------------------
04:52,417

Intellect
	 Rating: 139425
	 Multiplicative Factor: 8,15%
	 Eff: 139425,00000000006
Stamina
	 Rating: 868193
	 Multiplicative Factor: 11,3%
	 Eff: 868193
Crit
	 Rating: 16628
	 Multiplicative Factor: 0%
	 Eff: 20128
	 DR Bracket: 0
	 Base: 5%
	 Effective Percent: 28,75%
	 Crit Inc Heal: 2
	 Crit Inc Damage: 2
Haste
	 Rating: 12119
	 Multiplicative Factor: 0%
	 Eff: 35554,7
	 DR Bracket: 0
	 Base: 30%
	 Effective Percent: 53,87%
Vers
	 Rating: 6581
	 Multiplicative Factor: 0%
	 Eff: 8921
	 DR Bracket: 0
	 Base: 3%
	 Effective Percent: 11,44%
Leech
	 Rating: 4284
	 Multiplicative Factor: 0%
	 Eff: 6323,99025
	 DR Bracket: 0
	 Base: 2%
	 Effective Percent: 6,2%
Avoidance
	 Rating: 1884
	 Multiplicative Factor: 0%
	 Eff: 1884
	 DR Bracket: 0
	 Base: 0%
	 Effective Percent: 3,46%
Mastery
	 Rating: 28677
	 Multiplicative Factor: 0%
	 Eff: 35541,6
	 DR Bracket: 2
	 Base: 19,8%
	 Effective Percent: 91,39%
----------------------
04:57,645

Intellect
	 Rating: 139425
	 Multiplicative Factor: 8,15%
	 Eff: 139425,00000000006
Stamina
	 Rating: 868193
	 Multiplicative Factor: 11,3%
	 Eff: 868193
Crit
	 Rating: 16628
	 Multiplicative Factor: 0%
	 Eff: 20128
	 DR Bracket: 0
	 Base: 5%
	 Effective Percent: 28,75%
	 Crit Inc Heal: 2,6
	 Crit Inc Damage: 2
Haste
	 Rating: 12119
	 Multiplicative Factor: 0%
	 Eff: 35554,7
	 DR Bracket: 0
	 Base: 30%
	 Effective Percent: 53,87%
Vers
	 Rating: 6581
	 Multiplicative Factor: 0%
	 Eff: 8921
	 DR Bracket: 0
	 Base: 3%
	 Effective Percent: 11,44%
Leech
	 Rating: 4284
	 Multiplicative Factor: 0%
	 Eff: 6323,99025
	 DR Bracket: 0
	 Base: 2%
	 Effective Percent: 6,2%
Avoidance
	 Rating: 1884
	 Multiplicative Factor: 0%
	 Eff: 1884
	 DR Bracket: 0
	 Base: 0%
	 Effective Percent: 3,46%
Mastery
	 Rating: 28677
	 Multiplicative Factor: 0%
	 Eff: 35541,6
	 DR Bracket: 2
	 Base: 19,8%
	 Effective Percent: 91,39%
----------------------
05:05,056

Intellect
	 Rating: 139425
	 Multiplicative Factor: 8,15%
	 Eff: 139425,00000000006
Stamina
	 Rating: 868193
	 Multiplicative Factor: 11,3%
	 Eff: 868193
Crit
	 Rating: 22613
	 Multiplicative Factor: 0%
	 Eff: 25951,589014795045
	 DR Bracket: 1
	 Base: 5%
	 Effective Percent: 37,07%
	 Crit Inc Heal: 2,6
	 Crit Inc Damage: 2
Haste
	 Rating: 12119
	 Multiplicative Factor: 0%
	 Eff: 35554,7
	 DR Bracket: 0
	 Base: 30%
	 Effective Percent: 53,87%
Vers
	 Rating: 6581
	 Multiplicative Factor: 0%
	 Eff: 8921
	 DR Bracket: 0
	 Base: 3%
	 Effective Percent: 11,44%
Leech
	 Rating: 4284
	 Multiplicative Factor: 0%
	 Eff: 6323,99025
	 DR Bracket: 0
	 Base: 2%
	 Effective Percent: 6,2%
Avoidance
	 Rating: 1884
	 Multiplicative Factor: 0%
	 Eff: 1884
	 DR Bracket: 0
	 Base: 0%
	 Effective Percent: 3,46%
Mastery
	 Rating: 28677
	 Multiplicative Factor: 0%
	 Eff: 35541,6
	 DR Bracket: 2
	 Base: 19,8%
	 Effective Percent: 91,39%
----------------------
05:12,187

Intellect
	 Rating: 139425
	 Multiplicative Factor: 8,15%
	 Eff: 139425,00000000006
Stamina
	 Rating: 868193
	 Multiplicative Factor: 11,3%
	 Eff: 868193
Crit
	 Rating: 22613
	 Multiplicative Factor: 0%
	 Eff: 25951,589014795045
	 DR Bracket: 1
	 Base: 5%
	 Effective Percent: 37,07%
	 Crit Inc Heal: 2
	 Crit Inc Damage: 2
Haste
	 Rating: 12119
	 Multiplicative Factor: 0%
	 Eff: 35554,7
	 DR Bracket: 0
	 Base: 30%
	 Effective Percent: 53,87%
Vers
	 Rating: 6581
	 Multiplicative Factor: 0%
	 Eff: 8921
	 DR Bracket: 0
	 Base: 3%
	 Effective Percent: 11,44%
Leech
	 Rating: 4284
	 Multiplicative Factor: 0%
	 Eff: 6323,99025
	 DR Bracket: 0
	 Base: 2%
	 Effective Percent: 6,2%
Avoidance
	 Rating: 1884
	 Multiplicative Factor: 0%
	 Eff: 1884
	 DR Bracket: 0
	 Base: 0%
	 Effective Percent: 3,46%
Mastery
	 Rating: 28677
	 Multiplicative Factor: 0%
	 Eff: 35541,6
	 DR Bracket: 2
	 Base: 19,8%
	 Effective Percent: 91,39%
----------------------
05:14,362

Intellect
	 Rating: 139425
	 Multiplicative Factor: 8,15%
	 Eff: 139425,00000000006
Stamina
	 Rating: 868193
	 Multiplicative Factor: 11,3%
	 Eff: 868193
Crit
	 Rating: 22613
	 Multiplicative Factor: 0%
	 Eff: 25951,589014795045
	 DR Bracket: 1
	 Base: 5%
	 Effective Percent: 37,07%
	 Crit Inc Heal: 2
	 Crit Inc Damage: 2
Haste
	 Rating: 12119
	 Multiplicative Factor: 0%
	 Eff: 36335,89
	 DR Bracket: 0
	 Base: 31%
	 Effective Percent: 55,05%
Vers
	 Rating: 6581
	 Multiplicative Factor: 0%
	 Eff: 8921
	 DR Bracket: 0
	 Base: 3%
	 Effective Percent: 11,44%
Leech
	 Rating: 4284
	 Multiplicative Factor: 0%
	 Eff: 6323,99025
	 DR Bracket: 0
	 Base: 2%
	 Effective Percent: 6,2%
Avoidance
	 Rating: 1884
	 Multiplicative Factor: 0%
	 Eff: 1884
	 DR Bracket: 0
	 Base: 0%
	 Effective Percent: 3,46%
Mastery
	 Rating: 28677
	 Multiplicative Factor: 0%
	 Eff: 35541,6
	 DR Bracket: 2
	 Base: 19,8%
	 Effective Percent: 91,39%
----------------------
05:14,394

Intellect
	 Rating: 146396
	 Multiplicative Factor: 13,56%
	 Eff: 146396,25000000006
Stamina
	 Rating: 868193
	 Multiplicative Factor: 11,3%
	 Eff: 868193
Crit
	 Rating: 22613
	 Multiplicative Factor: 0%
	 Eff: 25951,589014795045
	 DR Bracket: 1
	 Base: 5%
	 Effective Percent: 37,07%
	 Crit Inc Heal: 2
	 Crit Inc Damage: 2
Haste
	 Rating: 12119
	 Multiplicative Factor: 0%
	 Eff: 36335,89
	 DR Bracket: 0
	 Base: 31%
	 Effective Percent: 55,05%
Vers
	 Rating: 6581
	 Multiplicative Factor: 0%
	 Eff: 8921
	 DR Bracket: 0
	 Base: 3%
	 Effective Percent: 11,44%
Leech
	 Rating: 4284
	 Multiplicative Factor: 0%
	 Eff: 6323,99025
	 DR Bracket: 0
	 Base: 2%
	 Effective Percent: 6,2%
Avoidance
	 Rating: 1884
	 Multiplicative Factor: 0%
	 Eff: 1884
	 DR Bracket: 0
	 Base: 0%
	 Effective Percent: 3,46%
Mastery
	 Rating: 28677
	 Multiplicative Factor: 0%
	 Eff: 35541,6
	 DR Bracket: 2
	 Base: 19,8%
	 Effective Percent: 91,39%
----------------------
05:14,761

Intellect
	 Rating: 146396
	 Multiplicative Factor: 13,56%
	 Eff: 146396,25000000006
Stamina
	 Rating: 868193
	 Multiplicative Factor: 11,3%
	 Eff: 868193
Crit
	 Rating: 22613
	 Multiplicative Factor: 0%
	 Eff: 25951,589014795045
	 DR Bracket: 1
	 Base: 5%
	 Effective Percent: 37,07%
	 Crit Inc Heal: 2
	 Crit Inc Damage: 2
Haste
	 Rating: 12119
	 Multiplicative Factor: 0%
	 Eff: 38679,46000000001
	 DR Bracket: 0
	 Base: 34%
	 Effective Percent: 58,61%
Vers
	 Rating: 6581
	 Multiplicative Factor: 0%
	 Eff: 8921
	 DR Bracket: 0
	 Base: 3%
	 Effective Percent: 11,44%
Leech
	 Rating: 4284
	 Multiplicative Factor: 0%
	 Eff: 6323,99025
	 DR Bracket: 0
	 Base: 2%
	 Effective Percent: 6,2%
Avoidance
	 Rating: 1884
	 Multiplicative Factor: 0%
	 Eff: 1884
	 DR Bracket: 0
	 Base: 0%
	 Effective Percent: 3,46%
Mastery
	 Rating: 28677
	 Multiplicative Factor: 0%
	 Eff: 35541,6
	 DR Bracket: 2
	 Base: 19,8%
	 Effective Percent: 91,39%
----------------------
05:14,789

Intellect
	 Rating: 146396
	 Multiplicative Factor: 13,56%
	 Eff: 146396,25000000006
Stamina
	 Rating: 868193
	 Multiplicative Factor: 11,3%
	 Eff: 868193
Crit
	 Rating: 22613
	 Multiplicative Factor: 0%
	 Eff: 25951,589014795045
	 DR Bracket: 1
	 Base: 5%
	 Effective Percent: 37,07%
	 Crit Inc Heal: 2
	 Crit Inc Damage: 2
Haste
	 Rating: 12119
	 Multiplicative Factor: 0%
	 Eff: 41023,03
	 DR Bracket: 0
	 Base: 37%
	 Effective Percent: 62,16%
Vers
	 Rating: 6581
	 Multiplicative Factor: 0%
	 Eff: 8921
	 DR Bracket: 0
	 Base: 3%
	 Effective Percent: 11,44%
Leech
	 Rating: 4284
	 Multiplicative Factor: 0%
	 Eff: 6323,99025
	 DR Bracket: 0
	 Base: 2%
	 Effective Percent: 6,2%
Avoidance
	 Rating: 1884
	 Multiplicative Factor: 0%
	 Eff: 1884
	 DR Bracket: 0
	 Base: 0%
	 Effective Percent: 3,46%
Mastery
	 Rating: 28677
	 Multiplicative Factor: 0%
	 Eff: 35541,6
	 DR Bracket: 2
	 Base: 19,8%
	 Effective Percent: 91,39%
----------------------
05:14,789

Intellect
	 Rating: 146396
	 Multiplicative Factor: 13,56%
	 Eff: 146396,25000000006
Stamina
	 Rating: 868193
	 Multiplicative Factor: 11,3%
	 Eff: 868193
Crit
	 Rating: 22613
	 Multiplicative Factor: 0%
	 Eff: 25951,589014795045
	 DR Bracket: 1
	 Base: 5%
	 Effective Percent: 37,07%
	 Crit Inc Heal: 2
	 Crit Inc Damage: 2
Haste
	 Rating: 12119
	 Multiplicative Factor: 0%
	 Eff: 43366,600000000006
	 DR Bracket: 0
	 Base: 40%
	 Effective Percent: 65,71%
Vers
	 Rating: 6581
	 Multiplicative Factor: 0%
	 Eff: 8921
	 DR Bracket: 0
	 Base: 3%
	 Effective Percent: 11,44%
Leech
	 Rating: 4284
	 Multiplicative Factor: 0%
	 Eff: 6323,99025
	 DR Bracket: 0
	 Base: 2%
	 Effective Percent: 6,2%
Avoidance
	 Rating: 1884
	 Multiplicative Factor: 0%
	 Eff: 1884
	 DR Bracket: 0
	 Base: 0%
	 Effective Percent: 3,46%
Mastery
	 Rating: 28677
	 Multiplicative Factor: 0%
	 Eff: 35541,6
	 DR Bracket: 2
	 Base: 19,8%
	 Effective Percent: 91,39%
----------------------
05:15,075

Intellect
	 Rating: 146396
	 Multiplicative Factor: 13,56%
	 Eff: 146396,25000000006
Stamina
	 Rating: 868193
	 Multiplicative Factor: 11,3%
	 Eff: 868193
Crit
	 Rating: 16628
	 Multiplicative Factor: 0%
	 Eff: 20128
	 DR Bracket: 0
	 Base: 5%
	 Effective Percent: 28,75%
	 Crit Inc Heal: 2
	 Crit Inc Damage: 2
Haste
	 Rating: 12119
	 Multiplicative Factor: 0%
	 Eff: 43366,600000000006
	 DR Bracket: 0
	 Base: 40%
	 Effective Percent: 65,71%
Vers
	 Rating: 6581
	 Multiplicative Factor: 0%
	 Eff: 8921
	 DR Bracket: 0
	 Base: 3%
	 Effective Percent: 11,44%
Leech
	 Rating: 4284
	 Multiplicative Factor: 0%
	 Eff: 6323,99025
	 DR Bracket: 0
	 Base: 2%
	 Effective Percent: 6,2%
Avoidance
	 Rating: 1884
	 Multiplicative Factor: 0%
	 Eff: 1884
	 DR Bracket: 0
	 Base: 0%
	 Effective Percent: 3,46%
Mastery
	 Rating: 28677
	 Multiplicative Factor: 0%
	 Eff: 35541,6
	 DR Bracket: 2
	 Base: 19,8%
	 Effective Percent: 91,39%
----------------------
05:15,075

Intellect
	 Rating: 146396
	 Multiplicative Factor: 13,56%
	 Eff: 146396,25000000006
Stamina
	 Rating: 868193
	 Multiplicative Factor: 11,3%
	 Eff: 868193
Crit
	 Rating: 16628
	 Multiplicative Factor: 0%
	 Eff: 20128
	 DR Bracket: 0
	 Base: 5%
	 Effective Percent: 28,75%
	 Crit Inc Heal: 2,6
	 Crit Inc Damage: 2
Haste
	 Rating: 12119
	 Multiplicative Factor: 0%
	 Eff: 43366,600000000006
	 DR Bracket: 0
	 Base: 40%
	 Effective Percent: 65,71%
Vers
	 Rating: 6581
	 Multiplicative Factor: 0%
	 Eff: 8921
	 DR Bracket: 0
	 Base: 3%
	 Effective Percent: 11,44%
Leech
	 Rating: 4284
	 Multiplicative Factor: 0%
	 Eff: 6323,99025
	 DR Bracket: 0
	 Base: 2%
	 Effective Percent: 6,2%
Avoidance
	 Rating: 1884
	 Multiplicative Factor: 0%
	 Eff: 1884
	 DR Bracket: 0
	 Base: 0%
	 Effective Percent: 3,46%
Mastery
	 Rating: 28677
	 Multiplicative Factor: 0%
	 Eff: 35541,6
	 DR Bracket: 2
	 Base: 19,8%
	 Effective Percent: 91,39%
----------------------
05:15,374

Intellect
	 Rating: 146396
	 Multiplicative Factor: 13,56%
	 Eff: 146396,25000000006
Stamina
	 Rating: 868193
	 Multiplicative Factor: 11,3%
	 Eff: 868193
Crit
	 Rating: 16628
	 Multiplicative Factor: 0%
	 Eff: 20128
	 DR Bracket: 0
	 Base: 5%
	 Effective Percent: 28,75%
	 Crit Inc Heal: 2,6
	 Crit Inc Damage: 2
Haste
	 Rating: 12119
	 Multiplicative Factor: 0%
	 Eff: 65239,920000000006
	 DR Bracket: 0
	 Base: 68%
	 Effective Percent: 98,85%
Vers
	 Rating: 6581
	 Multiplicative Factor: 0%
	 Eff: 8921
	 DR Bracket: 0
	 Base: 3%
	 Effective Percent: 11,44%
Leech
	 Rating: 4284
	 Multiplicative Factor: 0%
	 Eff: 6323,99025
	 DR Bracket: 0
	 Base: 2%
	 Effective Percent: 6,2%
Avoidance
	 Rating: 1884
	 Multiplicative Factor: 0%
	 Eff: 1884
	 DR Bracket: 0
	 Base: 0%
	 Effective Percent: 3,46%
Mastery
	 Rating: 28677
	 Multiplicative Factor: 0%
	 Eff: 35541,6
	 DR Bracket: 2
	 Base: 19,8%
	 Effective Percent: 91,39%
----------------------
05:16,387

Intellect
	 Rating: 146396
	 Multiplicative Factor: 13,56%
	 Eff: 146396,25000000006
Stamina
	 Rating: 868193
	 Multiplicative Factor: 11,3%
	 Eff: 868193
Crit
	 Rating: 16628
	 Multiplicative Factor: 0%
	 Eff: 20128
	 DR Bracket: 0
	 Base: 5%
	 Effective Percent: 28,75%
	 Crit Inc Heal: 2,6
	 Crit Inc Damage: 2
Haste
	 Rating: 12119
	 Multiplicative Factor: 0%
	 Eff: 64458,73
	 DR Bracket: 0
	 Base: 67%
	 Effective Percent: 97,66%
Vers
	 Rating: 6581
	 Multiplicative Factor: 0%
	 Eff: 8921
	 DR Bracket: 0
	 Base: 3%
	 Effective Percent: 11,44%
Leech
	 Rating: 4284
	 Multiplicative Factor: 0%
	 Eff: 6323,99025
	 DR Bracket: 0
	 Base: 2%
	 Effective Percent: 6,2%
Avoidance
	 Rating: 1884
	 Multiplicative Factor: 0%
	 Eff: 1884
	 DR Bracket: 0
	 Base: 0%
	 Effective Percent: 3,46%
Mastery
	 Rating: 28677
	 Multiplicative Factor: 0%
	 Eff: 35541,6
	 DR Bracket: 2
	 Base: 19,8%
	 Effective Percent: 91,39%
----------------------
05:17,381

Intellect
	 Rating: 146396
	 Multiplicative Factor: 13,56%
	 Eff: 146396,25000000006
Stamina
	 Rating: 868193
	 Multiplicative Factor: 11,3%
	 Eff: 868193
Crit
	 Rating: 16628
	 Multiplicative Factor: 0%
	 Eff: 20128
	 DR Bracket: 0
	 Base: 5%
	 Effective Percent: 28,75%
	 Crit Inc Heal: 2,6
	 Crit Inc Damage: 2
Haste
	 Rating: 12119
	 Multiplicative Factor: 0%
	 Eff: 63677,54
	 DR Bracket: 0
	 Base: 66%
	 Effective Percent: 96,48%
Vers
	 Rating: 6581
	 Multiplicative Factor: 0%
	 Eff: 8921
	 DR Bracket: 0
	 Base: 3%
	 Effective Percent: 11,44%
Leech
	 Rating: 4284
	 Multiplicative Factor: 0%
	 Eff: 6323,99025
	 DR Bracket: 0
	 Base: 2%
	 Effective Percent: 6,2%
Avoidance
	 Rating: 1884
	 Multiplicative Factor: 0%
	 Eff: 1884
	 DR Bracket: 0
	 Base: 0%
	 Effective Percent: 3,46%
Mastery
	 Rating: 28677
	 Multiplicative Factor: 0%
	 Eff: 35541,6
	 DR Bracket: 2
	 Base: 19,8%
	 Effective Percent: 91,39%
----------------------
05:18,368

Intellect
	 Rating: 146396
	 Multiplicative Factor: 13,56%
	 Eff: 146396,25000000006
Stamina
	 Rating: 868193
	 Multiplicative Factor: 11,3%
	 Eff: 868193
Crit
	 Rating: 16628
	 Multiplicative Factor: 0%
	 Eff: 20128
	 DR Bracket: 0
	 Base: 5%
	 Effective Percent: 28,75%
	 Crit Inc Heal: 2,6
	 Crit Inc Damage: 2
Haste
	 Rating: 12119
	 Multiplicative Factor: 0%
	 Eff: 62896,350000000006
	 DR Bracket: 0
	 Base: 65%
	 Effective Percent: 95,3%
Vers
	 Rating: 6581
	 Multiplicative Factor: 0%
	 Eff: 8921
	 DR Bracket: 0
	 Base: 3%
	 Effective Percent: 11,44%
Leech
	 Rating: 4284
	 Multiplicative Factor: 0%
	 Eff: 6323,99025
	 DR Bracket: 0
	 Base: 2%
	 Effective Percent: 6,2%
Avoidance
	 Rating: 1884
	 Multiplicative Factor: 0%
	 Eff: 1884
	 DR Bracket: 0
	 Base: 0%
	 Effective Percent: 3,46%
Mastery
	 Rating: 28677
	 Multiplicative Factor: 0%
	 Eff: 35541,6
	 DR Bracket: 2
	 Base: 19,8%
	 Effective Percent: 91,39%
----------------------
05:19,386

Intellect
	 Rating: 146396
	 Multiplicative Factor: 13,56%
	 Eff: 146396,25000000006
Stamina
	 Rating: 868193
	 Multiplicative Factor: 11,3%
	 Eff: 868193
Crit
	 Rating: 16628
	 Multiplicative Factor: 0%
	 Eff: 20128
	 DR Bracket: 0
	 Base: 5%
	 Effective Percent: 28,75%
	 Crit Inc Heal: 2,6
	 Crit Inc Damage: 2
Haste
	 Rating: 12119
	 Multiplicative Factor: 0%
	 Eff: 62115,16
	 DR Bracket: 0
	 Base: 64%
	 Effective Percent: 94,11%
Vers
	 Rating: 6581
	 Multiplicative Factor: 0%
	 Eff: 8921
	 DR Bracket: 0
	 Base: 3%
	 Effective Percent: 11,44%
Leech
	 Rating: 4284
	 Multiplicative Factor: 0%
	 Eff: 6323,99025
	 DR Bracket: 0
	 Base: 2%
	 Effective Percent: 6,2%
Avoidance
	 Rating: 1884
	 Multiplicative Factor: 0%
	 Eff: 1884
	 DR Bracket: 0
	 Base: 0%
	 Effective Percent: 3,46%
Mastery
	 Rating: 28677
	 Multiplicative Factor: 0%
	 Eff: 35541,6
	 DR Bracket: 2
	 Base: 19,8%
	 Effective Percent: 91,39%
----------------------
05:20,383

Intellect
	 Rating: 146396
	 Multiplicative Factor: 13,56%
	 Eff: 146396,25000000006
Stamina
	 Rating: 868193
	 Multiplicative Factor: 11,3%
	 Eff: 868193
Crit
	 Rating: 16628
	 Multiplicative Factor: 0%
	 Eff: 20128
	 DR Bracket: 0
	 Base: 5%
	 Effective Percent: 28,75%
	 Crit Inc Heal: 2,6
	 Crit Inc Damage: 2
Haste
	 Rating: 12119
	 Multiplicative Factor: 0%
	 Eff: 61333,97
	 DR Bracket: 0
	 Base: 63%
	 Effective Percent: 92,93%
Vers
	 Rating: 6581
	 Multiplicative Factor: 0%
	 Eff: 8921
	 DR Bracket: 0
	 Base: 3%
	 Effective Percent: 11,44%
Leech
	 Rating: 4284
	 Multiplicative Factor: 0%
	 Eff: 6323,99025
	 DR Bracket: 0
	 Base: 2%
	 Effective Percent: 6,2%
Avoidance
	 Rating: 1884
	 Multiplicative Factor: 0%
	 Eff: 1884
	 DR Bracket: 0
	 Base: 0%
	 Effective Percent: 3,46%
Mastery
	 Rating: 28677
	 Multiplicative Factor: 0%
	 Eff: 35541,6
	 DR Bracket: 2
	 Base: 19,8%
	 Effective Percent: 91,39%
----------------------
05:21,369

Intellect
	 Rating: 146396
	 Multiplicative Factor: 13,56%
	 Eff: 146396,25000000006
Stamina
	 Rating: 868193
	 Multiplicative Factor: 11,3%
	 Eff: 868193
Crit
	 Rating: 16628
	 Multiplicative Factor: 0%
	 Eff: 20128
	 DR Bracket: 0
	 Base: 5%
	 Effective Percent: 28,75%
	 Crit Inc Heal: 2,6
	 Crit Inc Damage: 2
Haste
	 Rating: 12119
	 Multiplicative Factor: 0%
	 Eff: 60552,780000000006
	 DR Bracket: 0
	 Base: 62%
	 Effective Percent: 91,75%
Vers
	 Rating: 6581
	 Multiplicative Factor: 0%
	 Eff: 8921
	 DR Bracket: 0
	 Base: 3%
	 Effective Percent: 11,44%
Leech
	 Rating: 4284
	 Multiplicative Factor: 0%
	 Eff: 6323,99025
	 DR Bracket: 0
	 Base: 2%
	 Effective Percent: 6,2%
Avoidance
	 Rating: 1884
	 Multiplicative Factor: 0%
	 Eff: 1884
	 DR Bracket: 0
	 Base: 0%
	 Effective Percent: 3,46%
Mastery
	 Rating: 28677
	 Multiplicative Factor: 0%
	 Eff: 35541,6
	 DR Bracket: 2
	 Base: 19,8%
	 Effective Percent: 91,39%
----------------------
05:22,374

Intellect
	 Rating: 146396
	 Multiplicative Factor: 13,56%
	 Eff: 146396,25000000006
Stamina
	 Rating: 868193
	 Multiplicative Factor: 11,3%
	 Eff: 868193
Crit
	 Rating: 16628
	 Multiplicative Factor: 0%
	 Eff: 20128
	 DR Bracket: 0
	 Base: 5%
	 Effective Percent: 28,75%
	 Crit Inc Heal: 2,6
	 Crit Inc Damage: 2
Haste
	 Rating: 12119
	 Multiplicative Factor: 0%
	 Eff: 59771,590000000004
	 DR Bracket: 0
	 Base: 61%
	 Effective Percent: 90,56%
Vers
	 Rating: 6581
	 Multiplicative Factor: 0%
	 Eff: 8921
	 DR Bracket: 0
	 Base: 3%
	 Effective Percent: 11,44%
Leech
	 Rating: 4284
	 Multiplicative Factor: 0%
	 Eff: 6323,99025
	 DR Bracket: 0
	 Base: 2%
	 Effective Percent: 6,2%
Avoidance
	 Rating: 1884
	 Multiplicative Factor: 0%
	 Eff: 1884
	 DR Bracket: 0
	 Base: 0%
	 Effective Percent: 3,46%
Mastery
	 Rating: 28677
	 Multiplicative Factor: 0%
	 Eff: 35541,6
	 DR Bracket: 2
	 Base: 19,8%
	 Effective Percent: 91,39%
----------------------
05:22,809

Intellect
	 Rating: 146396
	 Multiplicative Factor: 13,56%
	 Eff: 146396,25000000006
Stamina
	 Rating: 868193
	 Multiplicative Factor: 11,3%
	 Eff: 868193
Crit
	 Rating: 16628
	 Multiplicative Factor: 0%
	 Eff: 20128
	 DR Bracket: 0
	 Base: 5%
	 Effective Percent: 28,75%
	 Crit Inc Heal: 2,6
	 Crit Inc Damage: 2
Haste
	 Rating: 12119
	 Multiplicative Factor: 0%
	 Eff: 52740,880000000005
	 DR Bracket: 0
	 Base: 52%
	 Effective Percent: 79,91%
Vers
	 Rating: 6581
	 Multiplicative Factor: 0%
	 Eff: 8921
	 DR Bracket: 0
	 Base: 3%
	 Effective Percent: 11,44%
Leech
	 Rating: 4284
	 Multiplicative Factor: 0%
	 Eff: 6323,99025
	 DR Bracket: 0
	 Base: 2%
	 Effective Percent: 6,2%
Avoidance
	 Rating: 1884
	 Multiplicative Factor: 0%
	 Eff: 1884
	 DR Bracket: 0
	 Base: 0%
	 Effective Percent: 3,46%
Mastery
	 Rating: 28677
	 Multiplicative Factor: 0%
	 Eff: 35541,6
	 DR Bracket: 2
	 Base: 19,8%
	 Effective Percent: 91,39%
----------------------
05:23,382

Intellect
	 Rating: 146396
	 Multiplicative Factor: 13,56%
	 Eff: 146396,25000000006
Stamina
	 Rating: 868193
	 Multiplicative Factor: 11,3%
	 Eff: 868193
Crit
	 Rating: 16628
	 Multiplicative Factor: 0%
	 Eff: 20128
	 DR Bracket: 0
	 Base: 5%
	 Effective Percent: 28,75%
	 Crit Inc Heal: 2,6
	 Crit Inc Damage: 2
Haste
	 Rating: 12119
	 Multiplicative Factor: 0%
	 Eff: 51959,69
	 DR Bracket: 0
	 Base: 51%
	 Effective Percent: 78,73%
Vers
	 Rating: 6581
	 Multiplicative Factor: 0%
	 Eff: 8921
	 DR Bracket: 0
	 Base: 3%
	 Effective Percent: 11,44%
Leech
	 Rating: 4284
	 Multiplicative Factor: 0%
	 Eff: 6323,99025
	 DR Bracket: 0
	 Base: 2%
	 Effective Percent: 6,2%
Avoidance
	 Rating: 1884
	 Multiplicative Factor: 0%
	 Eff: 1884
	 DR Bracket: 0
	 Base: 0%
	 Effective Percent: 3,46%
Mastery
	 Rating: 28677
	 Multiplicative Factor: 0%
	 Eff: 35541,6
	 DR Bracket: 2
	 Base: 19,8%
	 Effective Percent: 91,39%
----------------------
05:24,373

Intellect
	 Rating: 146396
	 Multiplicative Factor: 13,56%
	 Eff: 146396,25000000006
Stamina
	 Rating: 868193
	 Multiplicative Factor: 11,3%
	 Eff: 868193
Crit
	 Rating: 16628
	 Multiplicative Factor: 0%
	 Eff: 20128
	 DR Bracket: 0
	 Base: 5%
	 Effective Percent: 28,75%
	 Crit Inc Heal: 2,6
	 Crit Inc Damage: 2
Haste
	 Rating: 12119
	 Multiplicative Factor: 0%
	 Eff: 51178,5
	 DR Bracket: 0
	 Base: 50%
	 Effective Percent: 77,54%
Vers
	 Rating: 6581
	 Multiplicative Factor: 0%
	 Eff: 8921
	 DR Bracket: 0
	 Base: 3%
	 Effective Percent: 11,44%
Leech
	 Rating: 4284
	 Multiplicative Factor: 0%
	 Eff: 6323,99025
	 DR Bracket: 0
	 Base: 2%
	 Effective Percent: 6,2%
Avoidance
	 Rating: 1884
	 Multiplicative Factor: 0%
	 Eff: 1884
	 DR Bracket: 0
	 Base: 0%
	 Effective Percent: 3,46%
Mastery
	 Rating: 28677
	 Multiplicative Factor: 0%
	 Eff: 35541,6
	 DR Bracket: 2
	 Base: 19,8%
	 Effective Percent: 91,39%
----------------------
05:25,394

Intellect
	 Rating: 146396
	 Multiplicative Factor: 13,56%
	 Eff: 146396,25000000006
Stamina
	 Rating: 868193
	 Multiplicative Factor: 11,3%
	 Eff: 868193
Crit
	 Rating: 16628
	 Multiplicative Factor: 0%
	 Eff: 20128
	 DR Bracket: 0
	 Base: 5%
	 Effective Percent: 28,75%
	 Crit Inc Heal: 2,6
	 Crit Inc Damage: 2
Haste
	 Rating: 12119
	 Multiplicative Factor: 0%
	 Eff: 50397,310000000005
	 DR Bracket: 0
	 Base: 49%
	 Effective Percent: 76,36%
Vers
	 Rating: 6581
	 Multiplicative Factor: 0%
	 Eff: 8921
	 DR Bracket: 0
	 Base: 3%
	 Effective Percent: 11,44%
Leech
	 Rating: 4284
	 Multiplicative Factor: 0%
	 Eff: 6323,99025
	 DR Bracket: 0
	 Base: 2%
	 Effective Percent: 6,2%
Avoidance
	 Rating: 1884
	 Multiplicative Factor: 0%
	 Eff: 1884
	 DR Bracket: 0
	 Base: 0%
	 Effective Percent: 3,46%
Mastery
	 Rating: 28677
	 Multiplicative Factor: 0%
	 Eff: 35541,6
	 DR Bracket: 2
	 Base: 19,8%
	 Effective Percent: 91,39%
----------------------
05:26,370

Intellect
	 Rating: 146396
	 Multiplicative Factor: 13,56%
	 Eff: 146396,25000000006
Stamina
	 Rating: 868193
	 Multiplicative Factor: 11,3%
	 Eff: 868193
Crit
	 Rating: 16628
	 Multiplicative Factor: 0%
	 Eff: 20128
	 DR Bracket: 0
	 Base: 5%
	 Effective Percent: 28,75%
	 Crit Inc Heal: 2,6
	 Crit Inc Damage: 2
Haste
	 Rating: 12119
	 Multiplicative Factor: 0%
	 Eff: 49616,12
	 DR Bracket: 0
	 Base: 48%
	 Effective Percent: 75,18%
Vers
	 Rating: 6581
	 Multiplicative Factor: 0%
	 Eff: 8921
	 DR Bracket: 0
	 Base: 3%
	 Effective Percent: 11,44%
Leech
	 Rating: 4284
	 Multiplicative Factor: 0%
	 Eff: 6323,99025
	 DR Bracket: 0
	 Base: 2%
	 Effective Percent: 6,2%
Avoidance
	 Rating: 1884
	 Multiplicative Factor: 0%
	 Eff: 1884
	 DR Bracket: 0
	 Base: 0%
	 Effective Percent: 3,46%
Mastery
	 Rating: 28677
	 Multiplicative Factor: 0%
	 Eff: 35541,6
	 DR Bracket: 2
	 Base: 19,8%
	 Effective Percent: 91,39%
----------------------
05:27,371

Intellect
	 Rating: 146396
	 Multiplicative Factor: 13,56%
	 Eff: 146396,25000000006
Stamina
	 Rating: 868193
	 Multiplicative Factor: 11,3%
	 Eff: 868193
Crit
	 Rating: 16628
	 Multiplicative Factor: 0%
	 Eff: 20128
	 DR Bracket: 0
	 Base: 5%
	 Effective Percent: 28,75%
	 Crit Inc Heal: 2,6
	 Crit Inc Damage: 2
Haste
	 Rating: 12119
	 Multiplicative Factor: 0%
	 Eff: 48834,93
	 DR Bracket: 0
	 Base: 47%
	 Effective Percent: 73,99%
Vers
	 Rating: 6581
	 Multiplicative Factor: 0%
	 Eff: 8921
	 DR Bracket: 0
	 Base: 3%
	 Effective Percent: 11,44%
Leech
	 Rating: 4284
	 Multiplicative Factor: 0%
	 Eff: 6323,99025
	 DR Bracket: 0
	 Base: 2%
	 Effective Percent: 6,2%
Avoidance
	 Rating: 1884
	 Multiplicative Factor: 0%
	 Eff: 1884
	 DR Bracket: 0
	 Base: 0%
	 Effective Percent: 3,46%
Mastery
	 Rating: 28677
	 Multiplicative Factor: 0%
	 Eff: 35541,6
	 DR Bracket: 2
	 Base: 19,8%
	 Effective Percent: 91,39%
----------------------
05:28,397

Intellect
	 Rating: 146396
	 Multiplicative Factor: 13,56%
	 Eff: 146396,25000000006
Stamina
	 Rating: 868193
	 Multiplicative Factor: 11,3%
	 Eff: 868193
Crit
	 Rating: 16628
	 Multiplicative Factor: 0%
	 Eff: 20128
	 DR Bracket: 0
	 Base: 5%
	 Effective Percent: 28,75%
	 Crit Inc Heal: 2,6
	 Crit Inc Damage: 2
Haste
	 Rating: 12119
	 Multiplicative Factor: 0%
	 Eff: 48053,740000000005
	 DR Bracket: 0
	 Base: 46%
	 Effective Percent: 72,81%
Vers
	 Rating: 6581
	 Multiplicative Factor: 0%
	 Eff: 8921
	 DR Bracket: 0
	 Base: 3%
	 Effective Percent: 11,44%
Leech
	 Rating: 4284
	 Multiplicative Factor: 0%
	 Eff: 6323,99025
	 DR Bracket: 0
	 Base: 2%
	 Effective Percent: 6,2%
Avoidance
	 Rating: 1884
	 Multiplicative Factor: 0%
	 Eff: 1884
	 DR Bracket: 0
	 Base: 0%
	 Effective Percent: 3,46%
Mastery
	 Rating: 28677
	 Multiplicative Factor: 0%
	 Eff: 35541,6
	 DR Bracket: 2
	 Base: 19,8%
	 Effective Percent: 91,39%
----------------------
05:29,391

Intellect
	 Rating: 146396
	 Multiplicative Factor: 13,56%
	 Eff: 146396,25000000006
Stamina
	 Rating: 868193
	 Multiplicative Factor: 11,3%
	 Eff: 868193
Crit
	 Rating: 16628
	 Multiplicative Factor: 0%
	 Eff: 20128
	 DR Bracket: 0
	 Base: 5%
	 Effective Percent: 28,75%
	 Crit Inc Heal: 2,6
	 Crit Inc Damage: 2
Haste
	 Rating: 12119
	 Multiplicative Factor: 0%
	 Eff: 47272,55
	 DR Bracket: 0
	 Base: 45%
	 Effective Percent: 71,63%
Vers
	 Rating: 6581
	 Multiplicative Factor: 0%
	 Eff: 8921
	 DR Bracket: 0
	 Base: 3%
	 Effective Percent: 11,44%
Leech
	 Rating: 4284
	 Multiplicative Factor: 0%
	 Eff: 6323,99025
	 DR Bracket: 0
	 Base: 2%
	 Effective Percent: 6,2%
Avoidance
	 Rating: 1884
	 Multiplicative Factor: 0%
	 Eff: 1884
	 DR Bracket: 0
	 Base: 0%
	 Effective Percent: 3,46%
Mastery
	 Rating: 28677
	 Multiplicative Factor: 0%
	 Eff: 35541,6
	 DR Bracket: 2
	 Base: 19,8%
	 Effective Percent: 91,39%
----------------------
05:30,371

Intellect
	 Rating: 146396
	 Multiplicative Factor: 13,56%
	 Eff: 146396,25000000006
Stamina
	 Rating: 868193
	 Multiplicative Factor: 11,3%
	 Eff: 868193
Crit
	 Rating: 16628
	 Multiplicative Factor: 0%
	 Eff: 20128
	 DR Bracket: 0
	 Base: 5%
	 Effective Percent: 28,75%
	 Crit Inc Heal: 2,6
	 Crit Inc Damage: 2
Haste
	 Rating: 12119
	 Multiplicative Factor: 0%
	 Eff: 46491,36
	 DR Bracket: 0
	 Base: 44%
	 Effective Percent: 70,44%
Vers
	 Rating: 6581
	 Multiplicative Factor: 0%
	 Eff: 8921
	 DR Bracket: 0
	 Base: 3%
	 Effective Percent: 11,44%
Leech
	 Rating: 4284
	 Multiplicative Factor: 0%
	 Eff: 6323,99025
	 DR Bracket: 0
	 Base: 2%
	 Effective Percent: 6,2%
Avoidance
	 Rating: 1884
	 Multiplicative Factor: 0%
	 Eff: 1884
	 DR Bracket: 0
	 Base: 0%
	 Effective Percent: 3,46%
Mastery
	 Rating: 28677
	 Multiplicative Factor: 0%
	 Eff: 35541,6
	 DR Bracket: 2
	 Base: 19,8%
	 Effective Percent: 91,39%
----------------------
05:31,354

Intellect
	 Rating: 146396
	 Multiplicative Factor: 13,56%
	 Eff: 146396,25000000006
Stamina
	 Rating: 868193
	 Multiplicative Factor: 11,3%
	 Eff: 868193
Crit
	 Rating: 16628
	 Multiplicative Factor: 0%
	 Eff: 20128
	 DR Bracket: 0
	 Base: 5%
	 Effective Percent: 28,75%
	 Crit Inc Heal: 2,6
	 Crit Inc Damage: 2
Haste
	 Rating: 12119
	 Multiplicative Factor: 0%
	 Eff: 45710,17
	 DR Bracket: 0
	 Base: 43%
	 Effective Percent: 69,26%
Vers
	 Rating: 6581
	 Multiplicative Factor: 0%
	 Eff: 8921
	 DR Bracket: 0
	 Base: 3%
	 Effective Percent: 11,44%
Leech
	 Rating: 4284
	 Multiplicative Factor: 0%
	 Eff: 6323,99025
	 DR Bracket: 0
	 Base: 2%
	 Effective Percent: 6,2%
Avoidance
	 Rating: 1884
	 Multiplicative Factor: 0%
	 Eff: 1884
	 DR Bracket: 0
	 Base: 0%
	 Effective Percent: 3,46%
Mastery
	 Rating: 28677
	 Multiplicative Factor: 0%
	 Eff: 35541,6
	 DR Bracket: 2
	 Base: 19,8%
	 Effective Percent: 91,39%
----------------------
05:32,383

Intellect
	 Rating: 146396
	 Multiplicative Factor: 13,56%
	 Eff: 146396,25000000006
Stamina
	 Rating: 868193
	 Multiplicative Factor: 11,3%
	 Eff: 868193
Crit
	 Rating: 16628
	 Multiplicative Factor: 0%
	 Eff: 20128
	 DR Bracket: 0
	 Base: 5%
	 Effective Percent: 28,75%
	 Crit Inc Heal: 2,6
	 Crit Inc Damage: 2
Haste
	 Rating: 12119
	 Multiplicative Factor: 0%
	 Eff: 44928,98
	 DR Bracket: 0
	 Base: 42%
	 Effective Percent: 68,07%
Vers
	 Rating: 6581
	 Multiplicative Factor: 0%
	 Eff: 8921
	 DR Bracket: 0
	 Base: 3%
	 Effective Percent: 11,44%
Leech
	 Rating: 4284
	 Multiplicative Factor: 0%
	 Eff: 6323,99025
	 DR Bracket: 0
	 Base: 2%
	 Effective Percent: 6,2%
Avoidance
	 Rating: 1884
	 Multiplicative Factor: 0%
	 Eff: 1884
	 DR Bracket: 0
	 Base: 0%
	 Effective Percent: 3,46%
Mastery
	 Rating: 28677
	 Multiplicative Factor: 0%
	 Eff: 35541,6
	 DR Bracket: 2
	 Base: 19,8%
	 Effective Percent: 91,39%
----------------------
05:32,414

Intellect
	 Rating: 146396
	 Multiplicative Factor: 13,56%
	 Eff: 146396,25000000006
Stamina
	 Rating: 868193
	 Multiplicative Factor: 11,3%
	 Eff: 868193
Crit
	 Rating: 16628
	 Multiplicative Factor: 0%
	 Eff: 20128
	 DR Bracket: 0
	 Base: 5%
	 Effective Percent: 28,75%
	 Crit Inc Heal: 2,6
	 Crit Inc Damage: 2
Haste
	 Rating: 12119
	 Multiplicative Factor: 0%
	 Eff: 21493,28
	 DR Bracket: 0
	 Base: 12%
	 Effective Percent: 32,57%
Vers
	 Rating: 6581
	 Multiplicative Factor: 0%
	 Eff: 8921
	 DR Bracket: 0
	 Base: 3%
	 Effective Percent: 11,44%
Leech
	 Rating: 4284
	 Multiplicative Factor: 0%
	 Eff: 6323,99025
	 DR Bracket: 0
	 Base: 2%
	 Effective Percent: 6,2%
Avoidance
	 Rating: 1884
	 Multiplicative Factor: 0%
	 Eff: 1884
	 DR Bracket: 0
	 Base: 0%
	 Effective Percent: 3,46%
Mastery
	 Rating: 28677
	 Multiplicative Factor: 0%
	 Eff: 35541,6
	 DR Bracket: 2
	 Base: 19,8%
	 Effective Percent: 91,39%
----------------------
05:33,358

Intellect
	 Rating: 146396
	 Multiplicative Factor: 13,56%
	 Eff: 146396,25000000006
Stamina
	 Rating: 868193
	 Multiplicative Factor: 11,3%
	 Eff: 868193
Crit
	 Rating: 16628
	 Multiplicative Factor: 0%
	 Eff: 20128
	 DR Bracket: 0
	 Base: 5%
	 Effective Percent: 28,75%
	 Crit Inc Heal: 2,6
	 Crit Inc Damage: 2
Haste
	 Rating: 12119
	 Multiplicative Factor: 0%
	 Eff: 20712,09
	 DR Bracket: 0
	 Base: 11%
	 Effective Percent: 31,38%
Vers
	 Rating: 6581
	 Multiplicative Factor: 0%
	 Eff: 8921
	 DR Bracket: 0
	 Base: 3%
	 Effective Percent: 11,44%
Leech
	 Rating: 4284
	 Multiplicative Factor: 0%
	 Eff: 6323,99025
	 DR Bracket: 0
	 Base: 2%
	 Effective Percent: 6,2%
Avoidance
	 Rating: 1884
	 Multiplicative Factor: 0%
	 Eff: 1884
	 DR Bracket: 0
	 Base: 0%
	 Effective Percent: 3,46%
Mastery
	 Rating: 28677
	 Multiplicative Factor: 0%
	 Eff: 35541,6
	 DR Bracket: 2
	 Base: 19,8%
	 Effective Percent: 91,39%
----------------------
05:34,375

Intellect
	 Rating: 146396
	 Multiplicative Factor: 13,56%
	 Eff: 146396,25000000006
Stamina
	 Rating: 868193
	 Multiplicative Factor: 11,3%
	 Eff: 868193
Crit
	 Rating: 16628
	 Multiplicative Factor: 0%
	 Eff: 20128
	 DR Bracket: 0
	 Base: 5%
	 Effective Percent: 28,75%
	 Crit Inc Heal: 2,6
	 Crit Inc Damage: 2
Haste
	 Rating: 12119
	 Multiplicative Factor: 0%
	 Eff: 19930,9
	 DR Bracket: 0
	 Base: 10%
	 Effective Percent: 30,2%
Vers
	 Rating: 6581
	 Multiplicative Factor: 0%
	 Eff: 8921
	 DR Bracket: 0
	 Base: 3%
	 Effective Percent: 11,44%
Leech
	 Rating: 4284
	 Multiplicative Factor: 0%
	 Eff: 6323,99025
	 DR Bracket: 0
	 Base: 2%
	 Effective Percent: 6,2%
Avoidance
	 Rating: 1884
	 Multiplicative Factor: 0%
	 Eff: 1884
	 DR Bracket: 0
	 Base: 0%
	 Effective Percent: 3,46%
Mastery
	 Rating: 28677
	 Multiplicative Factor: 0%
	 Eff: 35541,6
	 DR Bracket: 2
	 Base: 19,8%
	 Effective Percent: 91,39%
----------------------
05:35,375

Intellect
	 Rating: 146396
	 Multiplicative Factor: 13,56%
	 Eff: 146396,25000000006
Stamina
	 Rating: 868193
	 Multiplicative Factor: 11,3%
	 Eff: 868193
Crit
	 Rating: 16628
	 Multiplicative Factor: 0%
	 Eff: 20128
	 DR Bracket: 0
	 Base: 5%
	 Effective Percent: 28,75%
	 Crit Inc Heal: 2,6
	 Crit Inc Damage: 2
Haste
	 Rating: 12119
	 Multiplicative Factor: 0%
	 Eff: 19149,71
	 DR Bracket: 0
	 Base: 9%
	 Effective Percent: 29,01%
Vers
	 Rating: 6581
	 Multiplicative Factor: 0%
	 Eff: 8921
	 DR Bracket: 0
	 Base: 3%
	 Effective Percent: 11,44%
Leech
	 Rating: 4284
	 Multiplicative Factor: 0%
	 Eff: 6323,99025
	 DR Bracket: 0
	 Base: 2%
	 Effective Percent: 6,2%
Avoidance
	 Rating: 1884
	 Multiplicative Factor: 0%
	 Eff: 1884
	 DR Bracket: 0
	 Base: 0%
	 Effective Percent: 3,46%
Mastery
	 Rating: 28677
	 Multiplicative Factor: 0%
	 Eff: 35541,6
	 DR Bracket: 2
	 Base: 19,8%
	 Effective Percent: 91,39%
----------------------
05:35,781

Intellect
	 Rating: 146396
	 Multiplicative Factor: 13,56%
	 Eff: 146396,25000000006
Stamina
	 Rating: 868193
	 Multiplicative Factor: 11,3%
	 Eff: 868193
Crit
	 Rating: 16628
	 Multiplicative Factor: 0%
	 Eff: 20128
	 DR Bracket: 0
	 Base: 5%
	 Effective Percent: 28,75%
	 Crit Inc Heal: 2,6
	 Crit Inc Damage: 2
Haste
	 Rating: 12119
	 Multiplicative Factor: 0%
	 Eff: 21493,28
	 DR Bracket: 0
	 Base: 12%
	 Effective Percent: 32,57%
Vers
	 Rating: 6581
	 Multiplicative Factor: 0%
	 Eff: 8921
	 DR Bracket: 0
	 Base: 3%
	 Effective Percent: 11,44%
Leech
	 Rating: 4284
	 Multiplicative Factor: 0%
	 Eff: 6323,99025
	 DR Bracket: 0
	 Base: 2%
	 Effective Percent: 6,2%
Avoidance
	 Rating: 1884
	 Multiplicative Factor: 0%
	 Eff: 1884
	 DR Bracket: 0
	 Base: 0%
	 Effective Percent: 3,46%
Mastery
	 Rating: 28677
	 Multiplicative Factor: 0%
	 Eff: 35541,6
	 DR Bracket: 2
	 Base: 19,8%
	 Effective Percent: 91,39%
----------------------
05:35,782

Intellect
	 Rating: 146396
	 Multiplicative Factor: 13,56%
	 Eff: 146396,25000000006
Stamina
	 Rating: 868193
	 Multiplicative Factor: 11,3%
	 Eff: 868193
Crit
	 Rating: 16628
	 Multiplicative Factor: 0%
	 Eff: 20128
	 DR Bracket: 0
	 Base: 5%
	 Effective Percent: 28,75%
	 Crit Inc Heal: 2,6
	 Crit Inc Damage: 2
Haste
	 Rating: 12119
	 Multiplicative Factor: 0%
	 Eff: 23836,85
	 DR Bracket: 0
	 Base: 15%
	 Effective Percent: 36,12%
Vers
	 Rating: 6581
	 Multiplicative Factor: 0%
	 Eff: 8921
	 DR Bracket: 0
	 Base: 3%
	 Effective Percent: 11,44%
Leech
	 Rating: 4284
	 Multiplicative Factor: 0%
	 Eff: 6323,99025
	 DR Bracket: 0
	 Base: 2%
	 Effective Percent: 6,2%
Avoidance
	 Rating: 1884
	 Multiplicative Factor: 0%
	 Eff: 1884
	 DR Bracket: 0
	 Base: 0%
	 Effective Percent: 3,46%
Mastery
	 Rating: 28677
	 Multiplicative Factor: 0%
	 Eff: 35541,6
	 DR Bracket: 2
	 Base: 19,8%
	 Effective Percent: 91,39%
----------------------
05:35,782

Intellect
	 Rating: 146396
	 Multiplicative Factor: 13,56%
	 Eff: 146396,25000000006
Stamina
	 Rating: 868193
	 Multiplicative Factor: 11,3%
	 Eff: 868193
Crit
	 Rating: 16628
	 Multiplicative Factor: 0%
	 Eff: 20128
	 DR Bracket: 0
	 Base: 5%
	 Effective Percent: 28,75%
	 Crit Inc Heal: 2,6
	 Crit Inc Damage: 2
Haste
	 Rating: 12119
	 Multiplicative Factor: 0%
	 Eff: 26180,42
	 DR Bracket: 0
	 Base: 18%
	 Effective Percent: 39,67%
Vers
	 Rating: 6581
	 Multiplicative Factor: 0%
	 Eff: 8921
	 DR Bracket: 0
	 Base: 3%
	 Effective Percent: 11,44%
Leech
	 Rating: 4284
	 Multiplicative Factor: 0%
	 Eff: 6323,99025
	 DR Bracket: 0
	 Base: 2%
	 Effective Percent: 6,2%
Avoidance
	 Rating: 1884
	 Multiplicative Factor: 0%
	 Eff: 1884
	 DR Bracket: 0
	 Base: 0%
	 Effective Percent: 3,46%
Mastery
	 Rating: 28677
	 Multiplicative Factor: 0%
	 Eff: 35541,6
	 DR Bracket: 2
	 Base: 19,8%
	 Effective Percent: 91,39%
----------------------
05:36,374

Intellect
	 Rating: 146396
	 Multiplicative Factor: 13,56%
	 Eff: 146396,25000000006
Stamina
	 Rating: 868193
	 Multiplicative Factor: 11,3%
	 Eff: 868193
Crit
	 Rating: 16628
	 Multiplicative Factor: 0%
	 Eff: 20128
	 DR Bracket: 0
	 Base: 5%
	 Effective Percent: 28,75%
	 Crit Inc Heal: 2,6
	 Crit Inc Damage: 2
Haste
	 Rating: 12119
	 Multiplicative Factor: 0%
	 Eff: 25399,230000000003
	 DR Bracket: 0
	 Base: 17%
	 Effective Percent: 38,48%
Vers
	 Rating: 6581
	 Multiplicative Factor: 0%
	 Eff: 8921
	 DR Bracket: 0
	 Base: 3%
	 Effective Percent: 11,44%
Leech
	 Rating: 4284
	 Multiplicative Factor: 0%
	 Eff: 6323,99025
	 DR Bracket: 0
	 Base: 2%
	 Effective Percent: 6,2%
Avoidance
	 Rating: 1884
	 Multiplicative Factor: 0%
	 Eff: 1884
	 DR Bracket: 0
	 Base: 0%
	 Effective Percent: 3,46%
Mastery
	 Rating: 28677
	 Multiplicative Factor: 0%
	 Eff: 35541,6
	 DR Bracket: 2
	 Base: 19,8%
	 Effective Percent: 91,39%
----------------------
05:37,380

Intellect
	 Rating: 146396
	 Multiplicative Factor: 13,56%
	 Eff: 146396,25000000006
Stamina
	 Rating: 868193
	 Multiplicative Factor: 11,3%
	 Eff: 868193
Crit
	 Rating: 16628
	 Multiplicative Factor: 0%
	 Eff: 20128
	 DR Bracket: 0
	 Base: 5%
	 Effective Percent: 28,75%
	 Crit Inc Heal: 2,6
	 Crit Inc Damage: 2
Haste
	 Rating: 12119
	 Multiplicative Factor: 0%
	 Eff: 24618,04
	 DR Bracket: 0
	 Base: 16%
	 Effective Percent: 37,3%
Vers
	 Rating: 6581
	 Multiplicative Factor: 0%
	 Eff: 8921
	 DR Bracket: 0
	 Base: 3%
	 Effective Percent: 11,44%
Leech
	 Rating: 4284
	 Multiplicative Factor: 0%
	 Eff: 6323,99025
	 DR Bracket: 0
	 Base: 2%
	 Effective Percent: 6,2%
Avoidance
	 Rating: 1884
	 Multiplicative Factor: 0%
	 Eff: 1884
	 DR Bracket: 0
	 Base: 0%
	 Effective Percent: 3,46%
Mastery
	 Rating: 28677
	 Multiplicative Factor: 0%
	 Eff: 35541,6
	 DR Bracket: 2
	 Base: 19,8%
	 Effective Percent: 91,39%
----------------------
05:38,375

Intellect
	 Rating: 146396
	 Multiplicative Factor: 13,56%
	 Eff: 146396,25000000006
Stamina
	 Rating: 868193
	 Multiplicative Factor: 11,3%
	 Eff: 868193
Crit
	 Rating: 16628
	 Multiplicative Factor: 0%
	 Eff: 20128
	 DR Bracket: 0
	 Base: 5%
	 Effective Percent: 28,75%
	 Crit Inc Heal: 2,6
	 Crit Inc Damage: 2
Haste
	 Rating: 12119
	 Multiplicative Factor: 0%
	 Eff: 23836,85
	 DR Bracket: 0
	 Base: 15%
	 Effective Percent: 36,12%
Vers
	 Rating: 6581
	 Multiplicative Factor: 0%
	 Eff: 8921
	 DR Bracket: 0
	 Base: 3%
	 Effective Percent: 11,44%
Leech
	 Rating: 4284
	 Multiplicative Factor: 0%
	 Eff: 6323,99025
	 DR Bracket: 0
	 Base: 2%
	 Effective Percent: 6,2%
Avoidance
	 Rating: 1884
	 Multiplicative Factor: 0%
	 Eff: 1884
	 DR Bracket: 0
	 Base: 0%
	 Effective Percent: 3,46%
Mastery
	 Rating: 28677
	 Multiplicative Factor: 0%
	 Eff: 35541,6
	 DR Bracket: 2
	 Base: 19,8%
	 Effective Percent: 91,39%
----------------------
05:38,939

Intellect
	 Rating: 139425
	 Multiplicative Factor: 8,15%
	 Eff: 139425,00000000006
Stamina
	 Rating: 868193
	 Multiplicative Factor: 11,3%
	 Eff: 868193
Crit
	 Rating: 16628
	 Multiplicative Factor: 0%
	 Eff: 20128
	 DR Bracket: 0
	 Base: 5%
	 Effective Percent: 28,75%
	 Crit Inc Heal: 2,6
	 Crit Inc Damage: 2
Haste
	 Rating: 12119
	 Multiplicative Factor: 0%
	 Eff: 23836,85
	 DR Bracket: 0
	 Base: 15%
	 Effective Percent: 36,12%
Vers
	 Rating: 6581
	 Multiplicative Factor: 0%
	 Eff: 8921
	 DR Bracket: 0
	 Base: 3%
	 Effective Percent: 11,44%
Leech
	 Rating: 4284
	 Multiplicative Factor: 0%
	 Eff: 6323,99025
	 DR Bracket: 0
	 Base: 2%
	 Effective Percent: 6,2%
Avoidance
	 Rating: 1884
	 Multiplicative Factor: 0%
	 Eff: 1884
	 DR Bracket: 0
	 Base: 0%
	 Effective Percent: 3,46%
Mastery
	 Rating: 28677
	 Multiplicative Factor: 0%
	 Eff: 35541,6
	 DR Bracket: 2
	 Base: 19,8%
	 Effective Percent: 91,39%
----------------------
05:39,369

Intellect
	 Rating: 139425
	 Multiplicative Factor: 8,15%
	 Eff: 139425,00000000006
Stamina
	 Rating: 868193
	 Multiplicative Factor: 11,3%
	 Eff: 868193
Crit
	 Rating: 16628
	 Multiplicative Factor: 0%
	 Eff: 20128
	 DR Bracket: 0
	 Base: 5%
	 Effective Percent: 28,75%
	 Crit Inc Heal: 2,6
	 Crit Inc Damage: 2
Haste
	 Rating: 12119
	 Multiplicative Factor: 0%
	 Eff: 23055,66
	 DR Bracket: 0
	 Base: 14%
	 Effective Percent: 34,93%
Vers
	 Rating: 6581
	 Multiplicative Factor: 0%
	 Eff: 8921
	 DR Bracket: 0
	 Base: 3%
	 Effective Percent: 11,44%
Leech
	 Rating: 4284
	 Multiplicative Factor: 0%
	 Eff: 6323,99025
	 DR Bracket: 0
	 Base: 2%
	 Effective Percent: 6,2%
Avoidance
	 Rating: 1884
	 Multiplicative Factor: 0%
	 Eff: 1884
	 DR Bracket: 0
	 Base: 0%
	 Effective Percent: 3,46%
Mastery
	 Rating: 28677
	 Multiplicative Factor: 0%
	 Eff: 35541,6
	 DR Bracket: 2
	 Base: 19,8%
	 Effective Percent: 91,39%
----------------------
05:40,388

Intellect
	 Rating: 139425
	 Multiplicative Factor: 8,15%
	 Eff: 139425,00000000006
Stamina
	 Rating: 868193
	 Multiplicative Factor: 11,3%
	 Eff: 868193
Crit
	 Rating: 16628
	 Multiplicative Factor: 0%
	 Eff: 20128
	 DR Bracket: 0
	 Base: 5%
	 Effective Percent: 28,75%
	 Crit Inc Heal: 2,6
	 Crit Inc Damage: 2
Haste
	 Rating: 12119
	 Multiplicative Factor: 0%
	 Eff: 22274,47
	 DR Bracket: 0
	 Base: 13%
	 Effective Percent: 33,75%
Vers
	 Rating: 6581
	 Multiplicative Factor: 0%
	 Eff: 8921
	 DR Bracket: 0
	 Base: 3%
	 Effective Percent: 11,44%
Leech
	 Rating: 4284
	 Multiplicative Factor: 0%
	 Eff: 6323,99025
	 DR Bracket: 0
	 Base: 2%
	 Effective Percent: 6,2%
Avoidance
	 Rating: 1884
	 Multiplicative Factor: 0%
	 Eff: 1884
	 DR Bracket: 0
	 Base: 0%
	 Effective Percent: 3,46%
Mastery
	 Rating: 28677
	 Multiplicative Factor: 0%
	 Eff: 35541,6
	 DR Bracket: 2
	 Base: 19,8%
	 Effective Percent: 91,39%
----------------------
05:41,371

Intellect
	 Rating: 139425
	 Multiplicative Factor: 8,15%
	 Eff: 139425,00000000006
Stamina
	 Rating: 868193
	 Multiplicative Factor: 11,3%
	 Eff: 868193
Crit
	 Rating: 16628
	 Multiplicative Factor: 0%
	 Eff: 20128
	 DR Bracket: 0
	 Base: 5%
	 Effective Percent: 28,75%
	 Crit Inc Heal: 2,6
	 Crit Inc Damage: 2
Haste
	 Rating: 12119
	 Multiplicative Factor: 0%
	 Eff: 21493,28
	 DR Bracket: 0
	 Base: 12%
	 Effective Percent: 32,57%
Vers
	 Rating: 6581
	 Multiplicative Factor: 0%
	 Eff: 8921
	 DR Bracket: 0
	 Base: 3%
	 Effective Percent: 11,44%
Leech
	 Rating: 4284
	 Multiplicative Factor: 0%
	 Eff: 6323,99025
	 DR Bracket: 0
	 Base: 2%
	 Effective Percent: 6,2%
Avoidance
	 Rating: 1884
	 Multiplicative Factor: 0%
	 Eff: 1884
	 DR Bracket: 0
	 Base: 0%
	 Effective Percent: 3,46%
Mastery
	 Rating: 28677
	 Multiplicative Factor: 0%
	 Eff: 35541,6
	 DR Bracket: 2
	 Base: 19,8%
	 Effective Percent: 91,39%
----------------------
05:42,360

Intellect
	 Rating: 139425
	 Multiplicative Factor: 8,15%
	 Eff: 139425,00000000006
Stamina
	 Rating: 868193
	 Multiplicative Factor: 11,3%
	 Eff: 868193
Crit
	 Rating: 16628
	 Multiplicative Factor: 0%
	 Eff: 20128
	 DR Bracket: 0
	 Base: 5%
	 Effective Percent: 28,75%
	 Crit Inc Heal: 2,6
	 Crit Inc Damage: 2
Haste
	 Rating: 12119
	 Multiplicative Factor: 0%
	 Eff: 20712,09
	 DR Bracket: 0
	 Base: 11%
	 Effective Percent: 31,38%
Vers
	 Rating: 6581
	 Multiplicative Factor: 0%
	 Eff: 8921
	 DR Bracket: 0
	 Base: 3%
	 Effective Percent: 11,44%
Leech
	 Rating: 4284
	 Multiplicative Factor: 0%
	 Eff: 6323,99025
	 DR Bracket: 0
	 Base: 2%
	 Effective Percent: 6,2%
Avoidance
	 Rating: 1884
	 Multiplicative Factor: 0%
	 Eff: 1884
	 DR Bracket: 0
	 Base: 0%
	 Effective Percent: 3,46%
Mastery
	 Rating: 28677
	 Multiplicative Factor: 0%
	 Eff: 35541,6
	 DR Bracket: 2
	 Base: 19,8%
	 Effective Percent: 91,39%
----------------------
05:43,378

Intellect
	 Rating: 139425
	 Multiplicative Factor: 8,15%
	 Eff: 139425,00000000006
Stamina
	 Rating: 868193
	 Multiplicative Factor: 11,3%
	 Eff: 868193
Crit
	 Rating: 16628
	 Multiplicative Factor: 0%
	 Eff: 20128
	 DR Bracket: 0
	 Base: 5%
	 Effective Percent: 28,75%
	 Crit Inc Heal: 2,6
	 Crit Inc Damage: 2
Haste
	 Rating: 12119
	 Multiplicative Factor: 0%
	 Eff: 19930,9
	 DR Bracket: 0
	 Base: 10%
	 Effective Percent: 30,2%
Vers
	 Rating: 6581
	 Multiplicative Factor: 0%
	 Eff: 8921
	 DR Bracket: 0
	 Base: 3%
	 Effective Percent: 11,44%
Leech
	 Rating: 4284
	 Multiplicative Factor: 0%
	 Eff: 6323,99025
	 DR Bracket: 0
	 Base: 2%
	 Effective Percent: 6,2%
Avoidance
	 Rating: 1884
	 Multiplicative Factor: 0%
	 Eff: 1884
	 DR Bracket: 0
	 Base: 0%
	 Effective Percent: 3,46%
Mastery
	 Rating: 28677
	 Multiplicative Factor: 0%
	 Eff: 35541,6
	 DR Bracket: 2
	 Base: 19,8%
	 Effective Percent: 91,39%
----------------------
05:43,789

Intellect
	 Rating: 139425
	 Multiplicative Factor: 8,15%
	 Eff: 139425,00000000006
Stamina
	 Rating: 868193
	 Multiplicative Factor: 11,3%
	 Eff: 868193
Crit
	 Rating: 16628
	 Multiplicative Factor: 0%
	 Eff: 20128
	 DR Bracket: 0
	 Base: 5%
	 Effective Percent: 28,75%
	 Crit Inc Heal: 2,6
	 Crit Inc Damage: 2
Haste
	 Rating: 12119
	 Multiplicative Factor: 0%
	 Eff: 12900,19
	 DR Bracket: 0
	 Base: 1%
	 Effective Percent: 19,55%
Vers
	 Rating: 6581
	 Multiplicative Factor: 0%
	 Eff: 8921
	 DR Bracket: 0
	 Base: 3%
	 Effective Percent: 11,44%
Leech
	 Rating: 4284
	 Multiplicative Factor: 0%
	 Eff: 6323,99025
	 DR Bracket: 0
	 Base: 2%
	 Effective Percent: 6,2%
Avoidance
	 Rating: 1884
	 Multiplicative Factor: 0%
	 Eff: 1884
	 DR Bracket: 0
	 Base: 0%
	 Effective Percent: 3,46%
Mastery
	 Rating: 28677
	 Multiplicative Factor: 0%
	 Eff: 35541,6
	 DR Bracket: 2
	 Base: 19,8%
	 Effective Percent: 91,39%
----------------------
05:44,379

Intellect
	 Rating: 139425
	 Multiplicative Factor: 8,15%
	 Eff: 139425,00000000006
Stamina
	 Rating: 868193
	 Multiplicative Factor: 11,3%
	 Eff: 868193
Crit
	 Rating: 16628
	 Multiplicative Factor: 0%
	 Eff: 20128
	 DR Bracket: 0
	 Base: 5%
	 Effective Percent: 28,75%
	 Crit Inc Heal: 2,6
	 Crit Inc Damage: 2
Haste
	 Rating: 12119
	 Multiplicative Factor: 0%
	 Eff: 12119
	 DR Bracket: 0
	 Base: 0%
	 Effective Percent: 18,36%
Vers
	 Rating: 6581
	 Multiplicative Factor: 0%
	 Eff: 8921
	 DR Bracket: 0
	 Base: 3%
	 Effective Percent: 11,44%
Leech
	 Rating: 4284
	 Multiplicative Factor: 0%
	 Eff: 6323,99025
	 DR Bracket: 0
	 Base: 2%
	 Effective Percent: 6,2%
Avoidance
	 Rating: 1884
	 Multiplicative Factor: 0%
	 Eff: 1884
	 DR Bracket: 0
	 Base: 0%
	 Effective Percent: 3,46%
Mastery
	 Rating: 28677
	 Multiplicative Factor: 0%
	 Eff: 35541,6
	 DR Bracket: 2
	 Base: 19,8%
	 Effective Percent: 91,39%
----------------------
05:48,057

Intellect
	 Rating: 146396
	 Multiplicative Factor: 13,56%
	 Eff: 146396,25000000006
Stamina
	 Rating: 868193
	 Multiplicative Factor: 11,3%
	 Eff: 868193
Crit
	 Rating: 16628
	 Multiplicative Factor: 0%
	 Eff: 20128
	 DR Bracket: 0
	 Base: 5%
	 Effective Percent: 28,75%
	 Crit Inc Heal: 2,6
	 Crit Inc Damage: 2
Haste
	 Rating: 12119
	 Multiplicative Factor: 0%
	 Eff: 12119
	 DR Bracket: 0
	 Base: 0%
	 Effective Percent: 18,36%
Vers
	 Rating: 6581
	 Multiplicative Factor: 0%
	 Eff: 8921
	 DR Bracket: 0
	 Base: 3%
	 Effective Percent: 11,44%
Leech
	 Rating: 4284
	 Multiplicative Factor: 0%
	 Eff: 6323,99025
	 DR Bracket: 0
	 Base: 2%
	 Effective Percent: 6,2%
Avoidance
	 Rating: 1884
	 Multiplicative Factor: 0%
	 Eff: 1884
	 DR Bracket: 0
	 Base: 0%
	 Effective Percent: 3,46%
Mastery
	 Rating: 28677
	 Multiplicative Factor: 0%
	 Eff: 35541,6
	 DR Bracket: 2
	 Base: 19,8%
	 Effective Percent: 91,39%
----------------------
05:52,796

Intellect
	 Rating: 146396
	 Multiplicative Factor: 13,56%
	 Eff: 146396,25000000006
Stamina
	 Rating: 868193
	 Multiplicative Factor: 11,3%
	 Eff: 868193
Crit
	 Rating: 16628
	 Multiplicative Factor: 0%
	 Eff: 20128
	 DR Bracket: 0
	 Base: 5%
	 Effective Percent: 28,75%
	 Crit Inc Heal: 2
	 Crit Inc Damage: 2
Haste
	 Rating: 12119
	 Multiplicative Factor: 0%
	 Eff: 12119
	 DR Bracket: 0
	 Base: 0%
	 Effective Percent: 18,36%
Vers
	 Rating: 6581
	 Multiplicative Factor: 0%
	 Eff: 8921
	 DR Bracket: 0
	 Base: 3%
	 Effective Percent: 11,44%
Leech
	 Rating: 4284
	 Multiplicative Factor: 0%
	 Eff: 6323,99025
	 DR Bracket: 0
	 Base: 2%
	 Effective Percent: 6,2%
Avoidance
	 Rating: 1884
	 Multiplicative Factor: 0%
	 Eff: 1884
	 DR Bracket: 0
	 Base: 0%
	 Effective Percent: 3,46%
Mastery
	 Rating: 28677
	 Multiplicative Factor: 0%
	 Eff: 35541,6
	 DR Bracket: 2
	 Base: 19,8%
	 Effective Percent: 91,39%
----------------------
05:53,008

Intellect
	 Rating: 146396
	 Multiplicative Factor: 13,56%
	 Eff: 146396,25000000006
Stamina
	 Rating: 868193
	 Multiplicative Factor: 11,3%
	 Eff: 868193
Crit
	 Rating: 16628
	 Multiplicative Factor: 0%
	 Eff: 20128
	 DR Bracket: 0
	 Base: 5%
	 Effective Percent: 28,75%
	 Crit Inc Heal: 2
	 Crit Inc Damage: 2
Haste
	 Rating: 12119
	 Multiplicative Factor: 0%
	 Eff: 14462,57
	 DR Bracket: 0
	 Base: 3%
	 Effective Percent: 21,91%
Vers
	 Rating: 6581
	 Multiplicative Factor: 0%
	 Eff: 8921
	 DR Bracket: 0
	 Base: 3%
	 Effective Percent: 11,44%
Leech
	 Rating: 4284
	 Multiplicative Factor: 0%
	 Eff: 6323,99025
	 DR Bracket: 0
	 Base: 2%
	 Effective Percent: 6,2%
Avoidance
	 Rating: 1884
	 Multiplicative Factor: 0%
	 Eff: 1884
	 DR Bracket: 0
	 Base: 0%
	 Effective Percent: 3,46%
Mastery
	 Rating: 28677
	 Multiplicative Factor: 0%
	 Eff: 35541,6
	 DR Bracket: 2
	 Base: 19,8%
	 Effective Percent: 91,39%
----------------------
05:53,026

Intellect
	 Rating: 146396
	 Multiplicative Factor: 13,56%
	 Eff: 146396,25000000006
Stamina
	 Rating: 868193
	 Multiplicative Factor: 11,3%
	 Eff: 868193
Crit
	 Rating: 16628
	 Multiplicative Factor: 0%
	 Eff: 20128
	 DR Bracket: 0
	 Base: 5%
	 Effective Percent: 28,75%
	 Crit Inc Heal: 2
	 Crit Inc Damage: 2
Haste
	 Rating: 12119
	 Multiplicative Factor: 0%
	 Eff: 16806,14
	 DR Bracket: 0
	 Base: 6%
	 Effective Percent: 25,46%
Vers
	 Rating: 6581
	 Multiplicative Factor: 0%
	 Eff: 8921
	 DR Bracket: 0
	 Base: 3%
	 Effective Percent: 11,44%
Leech
	 Rating: 4284
	 Multiplicative Factor: 0%
	 Eff: 6323,99025
	 DR Bracket: 0
	 Base: 2%
	 Effective Percent: 6,2%
Avoidance
	 Rating: 1884
	 Multiplicative Factor: 0%
	 Eff: 1884
	 DR Bracket: 0
	 Base: 0%
	 Effective Percent: 3,46%
Mastery
	 Rating: 28677
	 Multiplicative Factor: 0%
	 Eff: 35541,6
	 DR Bracket: 2
	 Base: 19,8%
	 Effective Percent: 91,39%
----------------------
05:53,026

Intellect
	 Rating: 146396
	 Multiplicative Factor: 13,56%
	 Eff: 146396,25000000006
Stamina
	 Rating: 868193
	 Multiplicative Factor: 11,3%
	 Eff: 868193
Crit
	 Rating: 16628
	 Multiplicative Factor: 0%
	 Eff: 20128
	 DR Bracket: 0
	 Base: 5%
	 Effective Percent: 28,75%
	 Crit Inc Heal: 2
	 Crit Inc Damage: 2
Haste
	 Rating: 12119
	 Multiplicative Factor: 0%
	 Eff: 19149,71
	 DR Bracket: 0
	 Base: 9%
	 Effective Percent: 29,01%
Vers
	 Rating: 6581
	 Multiplicative Factor: 0%
	 Eff: 8921
	 DR Bracket: 0
	 Base: 3%
	 Effective Percent: 11,44%
Leech
	 Rating: 4284
	 Multiplicative Factor: 0%
	 Eff: 6323,99025
	 DR Bracket: 0
	 Base: 2%
	 Effective Percent: 6,2%
Avoidance
	 Rating: 1884
	 Multiplicative Factor: 0%
	 Eff: 1884
	 DR Bracket: 0
	 Base: 0%
	 Effective Percent: 3,46%
Mastery
	 Rating: 28677
	 Multiplicative Factor: 0%
	 Eff: 35541,6
	 DR Bracket: 2
	 Base: 19,8%
	 Effective Percent: 91,39%
----------------------
05:56,438

Intellect
	 Rating: 146396
	 Multiplicative Factor: 13,56%
	 Eff: 146396,25000000006
Stamina
	 Rating: 868193
	 Multiplicative Factor: 11,3%
	 Eff: 868193
Crit
	 Rating: 16628
	 Multiplicative Factor: 0%
	 Eff: 20128
	 DR Bracket: 0
	 Base: 5%
	 Effective Percent: 28,75%
	 Crit Inc Heal: 2,6
	 Crit Inc Damage: 2
Haste
	 Rating: 12119
	 Multiplicative Factor: 0%
	 Eff: 19149,71
	 DR Bracket: 0
	 Base: 9%
	 Effective Percent: 29,01%
Vers
	 Rating: 6581
	 Multiplicative Factor: 0%
	 Eff: 8921
	 DR Bracket: 0
	 Base: 3%
	 Effective Percent: 11,44%
Leech
	 Rating: 4284
	 Multiplicative Factor: 0%
	 Eff: 6323,99025
	 DR Bracket: 0
	 Base: 2%
	 Effective Percent: 6,2%
Avoidance
	 Rating: 1884
	 Multiplicative Factor: 0%
	 Eff: 1884
	 DR Bracket: 0
	 Base: 0%
	 Effective Percent: 3,46%
Mastery
	 Rating: 28677
	 Multiplicative Factor: 0%
	 Eff: 35541,6
	 DR Bracket: 2
	 Base: 19,8%
	 Effective Percent: 91,39%
----------------------
06:01,387

Intellect
	 Rating: 146396
	 Multiplicative Factor: 13,56%
	 Eff: 146396,25000000006
Stamina
	 Rating: 868193
	 Multiplicative Factor: 11,3%
	 Eff: 868193
Crit
	 Rating: 22613
	 Multiplicative Factor: 0%
	 Eff: 25951,589014795045
	 DR Bracket: 1
	 Base: 5%
	 Effective Percent: 37,07%
	 Crit Inc Heal: 2,6
	 Crit Inc Damage: 2
Haste
	 Rating: 12119
	 Multiplicative Factor: 0%
	 Eff: 19149,71
	 DR Bracket: 0
	 Base: 9%
	 Effective Percent: 29,01%
Vers
	 Rating: 6581
	 Multiplicative Factor: 0%
	 Eff: 8921
	 DR Bracket: 0
	 Base: 3%
	 Effective Percent: 11,44%
Leech
	 Rating: 4284
	 Multiplicative Factor: 0%
	 Eff: 6323,99025
	 DR Bracket: 0
	 Base: 2%
	 Effective Percent: 6,2%
Avoidance
	 Rating: 1884
	 Multiplicative Factor: 0%
	 Eff: 1884
	 DR Bracket: 0
	 Base: 0%
	 Effective Percent: 3,46%
Mastery
	 Rating: 28677
	 Multiplicative Factor: 0%
	 Eff: 35541,6
	 DR Bracket: 2
	 Base: 19,8%
	 Effective Percent: 91,39%
----------------------
06:04,139

Intellect
	 Rating: 146396
	 Multiplicative Factor: 13,56%
	 Eff: 146396,25000000006
Stamina
	 Rating: 868193
	 Multiplicative Factor: 11,3%
	 Eff: 868193
Crit
	 Rating: 22613
	 Multiplicative Factor: 0%
	 Eff: 25951,589014795045
	 DR Bracket: 1
	 Base: 5%
	 Effective Percent: 37,07%
	 Crit Inc Heal: 2,6
	 Crit Inc Damage: 2
Haste
	 Rating: 12119
	 Multiplicative Factor: 0%
	 Eff: 12119
	 DR Bracket: 0
	 Base: 0%
	 Effective Percent: 18,36%
Vers
	 Rating: 6581
	 Multiplicative Factor: 0%
	 Eff: 8921
	 DR Bracket: 0
	 Base: 3%
	 Effective Percent: 11,44%
Leech
	 Rating: 4284
	 Multiplicative Factor: 0%
	 Eff: 6323,99025
	 DR Bracket: 0
	 Base: 2%
	 Effective Percent: 6,2%
Avoidance
	 Rating: 1884
	 Multiplicative Factor: 0%
	 Eff: 1884
	 DR Bracket: 0
	 Base: 0%
	 Effective Percent: 3,46%
Mastery
	 Rating: 28677
	 Multiplicative Factor: 0%
	 Eff: 35541,6
	 DR Bracket: 2
	 Base: 19,8%
	 Effective Percent: 91,39%
----------------------
06:06,437

Intellect
	 Rating: 146396
	 Multiplicative Factor: 13,56%
	 Eff: 146396,25000000006
Stamina
	 Rating: 868193
	 Multiplicative Factor: 11,3%
	 Eff: 868193
Crit
	 Rating: 22613
	 Multiplicative Factor: 0%
	 Eff: 25951,589014795045
	 DR Bracket: 1
	 Base: 5%
	 Effective Percent: 37,07%
	 Crit Inc Heal: 2
	 Crit Inc Damage: 2
Haste
	 Rating: 12119
	 Multiplicative Factor: 0%
	 Eff: 12119
	 DR Bracket: 0
	 Base: 0%
	 Effective Percent: 18,36%
Vers
	 Rating: 6581
	 Multiplicative Factor: 0%
	 Eff: 8921
	 DR Bracket: 0
	 Base: 3%
	 Effective Percent: 11,44%
Leech
	 Rating: 4284
	 Multiplicative Factor: 0%
	 Eff: 6323,99025
	 DR Bracket: 0
	 Base: 2%
	 Effective Percent: 6,2%
Avoidance
	 Rating: 1884
	 Multiplicative Factor: 0%
	 Eff: 1884
	 DR Bracket: 0
	 Base: 0%
	 Effective Percent: 3,46%
Mastery
	 Rating: 28677
	 Multiplicative Factor: 0%
	 Eff: 35541,6
	 DR Bracket: 2
	 Base: 19,8%
	 Effective Percent: 91,39%
----------------------
06:11,382

Intellect
	 Rating: 146396
	 Multiplicative Factor: 13,56%
	 Eff: 146396,25000000006
Stamina
	 Rating: 868193
	 Multiplicative Factor: 11,3%
	 Eff: 868193
Crit
	 Rating: 16628
	 Multiplicative Factor: 0%
	 Eff: 20128
	 DR Bracket: 0
	 Base: 5%
	 Effective Percent: 28,75%
	 Crit Inc Heal: 2
	 Crit Inc Damage: 2
Haste
	 Rating: 12119
	 Multiplicative Factor: 0%
	 Eff: 12119
	 DR Bracket: 0
	 Base: 0%
	 Effective Percent: 18,36%
Vers
	 Rating: 6581
	 Multiplicative Factor: 0%
	 Eff: 8921
	 DR Bracket: 0
	 Base: 3%
	 Effective Percent: 11,44%
Leech
	 Rating: 4284
	 Multiplicative Factor: 0%
	 Eff: 6323,99025
	 DR Bracket: 0
	 Base: 2%
	 Effective Percent: 6,2%
Avoidance
	 Rating: 1884
	 Multiplicative Factor: 0%
	 Eff: 1884
	 DR Bracket: 0
	 Base: 0%
	 Effective Percent: 3,46%
Mastery
	 Rating: 28677
	 Multiplicative Factor: 0%
	 Eff: 35541,6
	 DR Bracket: 2
	 Base: 19,8%
	 Effective Percent: 91,39%
----------------------
06:13,563

Intellect
	 Rating: 146396
	 Multiplicative Factor: 13,56%
	 Eff: 146396,25000000006
Stamina
	 Rating: 826850
	 Multiplicative Factor: 6%
	 Eff: 826850,4761904761
Crit
	 Rating: 16628
	 Multiplicative Factor: 0%
	 Eff: 20128
	 DR Bracket: 0
	 Base: 5%
	 Effective Percent: 28,75%
	 Crit Inc Heal: 2
	 Crit Inc Damage: 2
Haste
	 Rating: 12119
	 Multiplicative Factor: 0%
	 Eff: 12119
	 DR Bracket: 0
	 Base: 0%
	 Effective Percent: 18,36%
Vers
	 Rating: 6581
	 Multiplicative Factor: 0%
	 Eff: 8921
	 DR Bracket: 0
	 Base: 3%
	 Effective Percent: 11,44%
Leech
	 Rating: 4284
	 Multiplicative Factor: 0%
	 Eff: 6323,99025
	 DR Bracket: 0
	 Base: 2%
	 Effective Percent: 6,2%
Avoidance
	 Rating: 1884
	 Multiplicative Factor: 0%
	 Eff: 1884
	 DR Bracket: 0
	 Base: 0%
	 Effective Percent: 3,46%
Mastery
	 Rating: 28677
	 Multiplicative Factor: 0%
	 Eff: 35541,6
	 DR Bracket: 2
	 Base: 19,8%
	 Effective Percent: 91,39%
----------------------
06:13,563

Intellect
	 Rating: 146396
	 Multiplicative Factor: 13,56%
	 Eff: 146396,25000000006
Stamina
	 Rating: 868193
	 Multiplicative Factor: 11,3%
	 Eff: 868193
Crit
	 Rating: 16628
	 Multiplicative Factor: 0%
	 Eff: 20128
	 DR Bracket: 0
	 Base: 5%
	 Effective Percent: 28,75%
	 Crit Inc Heal: 2
	 Crit Inc Damage: 2
Haste
	 Rating: 12119
	 Multiplicative Factor: 0%
	 Eff: 12119
	 DR Bracket: 0
	 Base: 0%
	 Effective Percent: 18,36%
Vers
	 Rating: 6581
	 Multiplicative Factor: 0%
	 Eff: 8921
	 DR Bracket: 0
	 Base: 3%
	 Effective Percent: 11,44%
Leech
	 Rating: 4284
	 Multiplicative Factor: 0%
	 Eff: 6323,99025
	 DR Bracket: 0
	 Base: 2%
	 Effective Percent: 6,2%
Avoidance
	 Rating: 1884
	 Multiplicative Factor: 0%
	 Eff: 1884
	 DR Bracket: 0
	 Base: 0%
	 Effective Percent: 3,46%
Mastery
	 Rating: 28677
	 Multiplicative Factor: 0%
	 Eff: 35541,6
	 DR Bracket: 2
	 Base: 19,8%
	 Effective Percent: 91,39%
----------------------
06:16,049

Intellect
	 Rating: 146396
	 Multiplicative Factor: 13,56%
	 Eff: 146396,25000000006
Stamina
	 Rating: 868193
	 Multiplicative Factor: 11,3%
	 Eff: 868193
Crit
	 Rating: 16628
	 Multiplicative Factor: 0%
	 Eff: 20128
	 DR Bracket: 0
	 Base: 5%
	 Effective Percent: 28,75%
	 Crit Inc Heal: 2
	 Crit Inc Damage: 2
Haste
	 Rating: 12119
	 Multiplicative Factor: 0%
	 Eff: 12900,19
	 DR Bracket: 0
	 Base: 1%
	 Effective Percent: 19,55%
Vers
	 Rating: 6581
	 Multiplicative Factor: 0%
	 Eff: 8921
	 DR Bracket: 0
	 Base: 3%
	 Effective Percent: 11,44%
Leech
	 Rating: 4284
	 Multiplicative Factor: 0%
	 Eff: 6323,99025
	 DR Bracket: 0
	 Base: 2%
	 Effective Percent: 6,2%
Avoidance
	 Rating: 1884
	 Multiplicative Factor: 0%
	 Eff: 1884
	 DR Bracket: 0
	 Base: 0%
	 Effective Percent: 3,46%
Mastery
	 Rating: 28677
	 Multiplicative Factor: 0%
	 Eff: 35541,6
	 DR Bracket: 2
	 Base: 19,8%
	 Effective Percent: 91,39%
----------------------
06:16,531

Intellect
	 Rating: 146396
	 Multiplicative Factor: 13,56%
	 Eff: 146396,25000000006
Stamina
	 Rating: 868193
	 Multiplicative Factor: 11,3%
	 Eff: 868193
Crit
	 Rating: 16628
	 Multiplicative Factor: 0%
	 Eff: 20128
	 DR Bracket: 0
	 Base: 5%
	 Effective Percent: 28,75%
	 Crit Inc Heal: 2
	 Crit Inc Damage: 2
Haste
	 Rating: 12119
	 Multiplicative Factor: 0%
	 Eff: 15243,76
	 DR Bracket: 0
	 Base: 4%
	 Effective Percent: 23,1%
Vers
	 Rating: 6581
	 Multiplicative Factor: 0%
	 Eff: 8921
	 DR Bracket: 0
	 Base: 3%
	 Effective Percent: 11,44%
Leech
	 Rating: 4284
	 Multiplicative Factor: 0%
	 Eff: 6323,99025
	 DR Bracket: 0
	 Base: 2%
	 Effective Percent: 6,2%
Avoidance
	 Rating: 1884
	 Multiplicative Factor: 0%
	 Eff: 1884
	 DR Bracket: 0
	 Base: 0%
	 Effective Percent: 3,46%
Mastery
	 Rating: 28677
	 Multiplicative Factor: 0%
	 Eff: 35541,6
	 DR Bracket: 2
	 Base: 19,8%
	 Effective Percent: 91,39%
----------------------
06:16,531

Intellect
	 Rating: 146396
	 Multiplicative Factor: 13,56%
	 Eff: 146396,25000000006
Stamina
	 Rating: 868193
	 Multiplicative Factor: 11,3%
	 Eff: 868193
Crit
	 Rating: 16628
	 Multiplicative Factor: 0%
	 Eff: 20128
	 DR Bracket: 0
	 Base: 5%
	 Effective Percent: 28,75%
	 Crit Inc Heal: 2
	 Crit Inc Damage: 2
Haste
	 Rating: 12119
	 Multiplicative Factor: 0%
	 Eff: 19930,9
	 DR Bracket: 0
	 Base: 10%
	 Effective Percent: 30,2%
Vers
	 Rating: 6581
	 Multiplicative Factor: 0%
	 Eff: 8921
	 DR Bracket: 0
	 Base: 3%
	 Effective Percent: 11,44%
Leech
	 Rating: 4284
	 Multiplicative Factor: 0%
	 Eff: 6323,99025
	 DR Bracket: 0
	 Base: 2%
	 Effective Percent: 6,2%
Avoidance
	 Rating: 1884
	 Multiplicative Factor: 0%
	 Eff: 1884
	 DR Bracket: 0
	 Base: 0%
	 Effective Percent: 3,46%
Mastery
	 Rating: 28677
	 Multiplicative Factor: 0%
	 Eff: 35541,6
	 DR Bracket: 2
	 Base: 19,8%
	 Effective Percent: 91,39%
----------------------
06:16,531

Intellect
	 Rating: 146396
	 Multiplicative Factor: 13,56%
	 Eff: 146396,25000000006
Stamina
	 Rating: 868193
	 Multiplicative Factor: 11,3%
	 Eff: 868193
Crit
	 Rating: 16628
	 Multiplicative Factor: 0%
	 Eff: 20128
	 DR Bracket: 0
	 Base: 5%
	 Effective Percent: 28,75%
	 Crit Inc Heal: 2
	 Crit Inc Damage: 2
Haste
	 Rating: 12119
	 Multiplicative Factor: 0%
	 Eff: 17587,33
	 DR Bracket: 0
	 Base: 7%
	 Effective Percent: 26,65%
Vers
	 Rating: 6581
	 Multiplicative Factor: 0%
	 Eff: 8921
	 DR Bracket: 0
	 Base: 3%
	 Effective Percent: 11,44%
Leech
	 Rating: 4284
	 Multiplicative Factor: 0%
	 Eff: 6323,99025
	 DR Bracket: 0
	 Base: 2%
	 Effective Percent: 6,2%
Avoidance
	 Rating: 1884
	 Multiplicative Factor: 0%
	 Eff: 1884
	 DR Bracket: 0
	 Base: 0%
	 Effective Percent: 3,46%
Mastery
	 Rating: 28677
	 Multiplicative Factor: 0%
	 Eff: 35541,6
	 DR Bracket: 2
	 Base: 19,8%
	 Effective Percent: 91,39%
----------------------
06:16,830

Intellect
	 Rating: 146396
	 Multiplicative Factor: 13,56%
	 Eff: 146396,25000000006
Stamina
	 Rating: 868193
	 Multiplicative Factor: 11,3%
	 Eff: 868193
Crit
	 Rating: 16628
	 Multiplicative Factor: 0%
	 Eff: 20128
	 DR Bracket: 0
	 Base: 5%
	 Effective Percent: 28,75%
	 Crit Inc Heal: 2,6
	 Crit Inc Damage: 2
Haste
	 Rating: 12119
	 Multiplicative Factor: 0%
	 Eff: 17587,33
	 DR Bracket: 0
	 Base: 7%
	 Effective Percent: 26,65%
Vers
	 Rating: 6581
	 Multiplicative Factor: 0%
	 Eff: 8921
	 DR Bracket: 0
	 Base: 3%
	 Effective Percent: 11,44%
Leech
	 Rating: 4284
	 Multiplicative Factor: 0%
	 Eff: 6323,99025
	 DR Bracket: 0
	 Base: 2%
	 Effective Percent: 6,2%
Avoidance
	 Rating: 1884
	 Multiplicative Factor: 0%
	 Eff: 1884
	 DR Bracket: 0
	 Base: 0%
	 Effective Percent: 3,46%
Mastery
	 Rating: 28677
	 Multiplicative Factor: 0%
	 Eff: 35541,6
	 DR Bracket: 2
	 Base: 19,8%
	 Effective Percent: 91,39%
----------------------
06:17,062

Intellect
	 Rating: 146396
	 Multiplicative Factor: 13,56%
	 Eff: 146396,25000000006
Stamina
	 Rating: 868193
	 Multiplicative Factor: 11,3%
	 Eff: 868193
Crit
	 Rating: 16628
	 Multiplicative Factor: 0%
	 Eff: 20128
	 DR Bracket: 0
	 Base: 5%
	 Effective Percent: 28,75%
	 Crit Inc Heal: 2,6
	 Crit Inc Damage: 2
Haste
	 Rating: 12119
	 Multiplicative Factor: 0%
	 Eff: 39460,65
	 DR Bracket: 0
	 Base: 35%
	 Effective Percent: 59,79%
Vers
	 Rating: 6581
	 Multiplicative Factor: 0%
	 Eff: 8921
	 DR Bracket: 0
	 Base: 3%
	 Effective Percent: 11,44%
Leech
	 Rating: 4284
	 Multiplicative Factor: 0%
	 Eff: 6323,99025
	 DR Bracket: 0
	 Base: 2%
	 Effective Percent: 6,2%
Avoidance
	 Rating: 1884
	 Multiplicative Factor: 0%
	 Eff: 1884
	 DR Bracket: 0
	 Base: 0%
	 Effective Percent: 3,46%
Mastery
	 Rating: 28677
	 Multiplicative Factor: 0%
	 Eff: 35541,6
	 DR Bracket: 2
	 Base: 19,8%
	 Effective Percent: 91,39%
----------------------
06:18,043

Intellect
	 Rating: 146396
	 Multiplicative Factor: 13,56%
	 Eff: 146396,25000000006
Stamina
	 Rating: 868193
	 Multiplicative Factor: 11,3%
	 Eff: 868193
Crit
	 Rating: 16628
	 Multiplicative Factor: 0%
	 Eff: 20128
	 DR Bracket: 0
	 Base: 5%
	 Effective Percent: 28,75%
	 Crit Inc Heal: 2,6
	 Crit Inc Damage: 2
Haste
	 Rating: 12119
	 Multiplicative Factor: 0%
	 Eff: 38679,46000000001
	 DR Bracket: 0
	 Base: 34%
	 Effective Percent: 58,61%
Vers
	 Rating: 6581
	 Multiplicative Factor: 0%
	 Eff: 8921
	 DR Bracket: 0
	 Base: 3%
	 Effective Percent: 11,44%
Leech
	 Rating: 4284
	 Multiplicative Factor: 0%
	 Eff: 6323,99025
	 DR Bracket: 0
	 Base: 2%
	 Effective Percent: 6,2%
Avoidance
	 Rating: 1884
	 Multiplicative Factor: 0%
	 Eff: 1884
	 DR Bracket: 0
	 Base: 0%
	 Effective Percent: 3,46%
Mastery
	 Rating: 28677
	 Multiplicative Factor: 0%
	 Eff: 35541,6
	 DR Bracket: 2
	 Base: 19,8%
	 Effective Percent: 91,39%
----------------------
06:19,036

Intellect
	 Rating: 146396
	 Multiplicative Factor: 13,56%
	 Eff: 146396,25000000006
Stamina
	 Rating: 868193
	 Multiplicative Factor: 11,3%
	 Eff: 868193
Crit
	 Rating: 16628
	 Multiplicative Factor: 0%
	 Eff: 20128
	 DR Bracket: 0
	 Base: 5%
	 Effective Percent: 28,75%
	 Crit Inc Heal: 2,6
	 Crit Inc Damage: 2
Haste
	 Rating: 12119
	 Multiplicative Factor: 0%
	 Eff: 37898,270000000004
	 DR Bracket: 0
	 Base: 33%
	 Effective Percent: 57,42%
Vers
	 Rating: 6581
	 Multiplicative Factor: 0%
	 Eff: 8921
	 DR Bracket: 0
	 Base: 3%
	 Effective Percent: 11,44%
Leech
	 Rating: 4284
	 Multiplicative Factor: 0%
	 Eff: 6323,99025
	 DR Bracket: 0
	 Base: 2%
	 Effective Percent: 6,2%
Avoidance
	 Rating: 1884
	 Multiplicative Factor: 0%
	 Eff: 1884
	 DR Bracket: 0
	 Base: 0%
	 Effective Percent: 3,46%
Mastery
	 Rating: 28677
	 Multiplicative Factor: 0%
	 Eff: 35541,6
	 DR Bracket: 2
	 Base: 19,8%
	 Effective Percent: 91,39%
----------------------
06:20,047

Intellect
	 Rating: 146396
	 Multiplicative Factor: 13,56%
	 Eff: 146396,25000000006
Stamina
	 Rating: 868193
	 Multiplicative Factor: 11,3%
	 Eff: 868193
Crit
	 Rating: 16628
	 Multiplicative Factor: 0%
	 Eff: 20128
	 DR Bracket: 0
	 Base: 5%
	 Effective Percent: 28,75%
	 Crit Inc Heal: 2,6
	 Crit Inc Damage: 2
Haste
	 Rating: 12119
	 Multiplicative Factor: 0%
	 Eff: 37117,08
	 DR Bracket: 0
	 Base: 32%
	 Effective Percent: 56,24%
Vers
	 Rating: 6581
	 Multiplicative Factor: 0%
	 Eff: 8921
	 DR Bracket: 0
	 Base: 3%
	 Effective Percent: 11,44%
Leech
	 Rating: 4284
	 Multiplicative Factor: 0%
	 Eff: 6323,99025
	 DR Bracket: 0
	 Base: 2%
	 Effective Percent: 6,2%
Avoidance
	 Rating: 1884
	 Multiplicative Factor: 0%
	 Eff: 1884
	 DR Bracket: 0
	 Base: 0%
	 Effective Percent: 3,46%
Mastery
	 Rating: 28677
	 Multiplicative Factor: 0%
	 Eff: 35541,6
	 DR Bracket: 2
	 Base: 19,8%
	 Effective Percent: 91,39%
----------------------
06:21,033

Intellect
	 Rating: 146396
	 Multiplicative Factor: 13,56%
	 Eff: 146396,25000000006
Stamina
	 Rating: 868193
	 Multiplicative Factor: 11,3%
	 Eff: 868193
Crit
	 Rating: 16628
	 Multiplicative Factor: 0%
	 Eff: 20128
	 DR Bracket: 0
	 Base: 5%
	 Effective Percent: 28,75%
	 Crit Inc Heal: 2,6
	 Crit Inc Damage: 2
Haste
	 Rating: 12119
	 Multiplicative Factor: 0%
	 Eff: 36335,89
	 DR Bracket: 0
	 Base: 31%
	 Effective Percent: 55,05%
Vers
	 Rating: 6581
	 Multiplicative Factor: 0%
	 Eff: 8921
	 DR Bracket: 0
	 Base: 3%
	 Effective Percent: 11,44%
Leech
	 Rating: 4284
	 Multiplicative Factor: 0%
	 Eff: 6323,99025
	 DR Bracket: 0
	 Base: 2%
	 Effective Percent: 6,2%
Avoidance
	 Rating: 1884
	 Multiplicative Factor: 0%
	 Eff: 1884
	 DR Bracket: 0
	 Base: 0%
	 Effective Percent: 3,46%
Mastery
	 Rating: 28677
	 Multiplicative Factor: 0%
	 Eff: 35541,6
	 DR Bracket: 2
	 Base: 19,8%
	 Effective Percent: 91,39%
----------------------
06:22,045

Intellect
	 Rating: 146396
	 Multiplicative Factor: 13,56%
	 Eff: 146396,25000000006
Stamina
	 Rating: 868193
	 Multiplicative Factor: 11,3%
	 Eff: 868193
Crit
	 Rating: 16628
	 Multiplicative Factor: 0%
	 Eff: 20128
	 DR Bracket: 0
	 Base: 5%
	 Effective Percent: 28,75%
	 Crit Inc Heal: 2,6
	 Crit Inc Damage: 2
Haste
	 Rating: 12119
	 Multiplicative Factor: 0%
	 Eff: 35554,7
	 DR Bracket: 0
	 Base: 30%
	 Effective Percent: 53,87%
Vers
	 Rating: 6581
	 Multiplicative Factor: 0%
	 Eff: 8921
	 DR Bracket: 0
	 Base: 3%
	 Effective Percent: 11,44%
Leech
	 Rating: 4284
	 Multiplicative Factor: 0%
	 Eff: 6323,99025
	 DR Bracket: 0
	 Base: 2%
	 Effective Percent: 6,2%
Avoidance
	 Rating: 1884
	 Multiplicative Factor: 0%
	 Eff: 1884
	 DR Bracket: 0
	 Base: 0%
	 Effective Percent: 3,46%
Mastery
	 Rating: 28677
	 Multiplicative Factor: 0%
	 Eff: 35541,6
	 DR Bracket: 2
	 Base: 19,8%
	 Effective Percent: 91,39%
----------------------
06:23,048

Intellect
	 Rating: 146396
	 Multiplicative Factor: 13,56%
	 Eff: 146396,25000000006
Stamina
	 Rating: 868193
	 Multiplicative Factor: 11,3%
	 Eff: 868193
Crit
	 Rating: 16628
	 Multiplicative Factor: 0%
	 Eff: 20128
	 DR Bracket: 0
	 Base: 5%
	 Effective Percent: 28,75%
	 Crit Inc Heal: 2,6
	 Crit Inc Damage: 2
Haste
	 Rating: 12119
	 Multiplicative Factor: 0%
	 Eff: 34773,51
	 DR Bracket: 0
	 Base: 29%
	 Effective Percent: 52,69%
Vers
	 Rating: 6581
	 Multiplicative Factor: 0%
	 Eff: 8921
	 DR Bracket: 0
	 Base: 3%
	 Effective Percent: 11,44%
Leech
	 Rating: 4284
	 Multiplicative Factor: 0%
	 Eff: 6323,99025
	 DR Bracket: 0
	 Base: 2%
	 Effective Percent: 6,2%
Avoidance
	 Rating: 1884
	 Multiplicative Factor: 0%
	 Eff: 1884
	 DR Bracket: 0
	 Base: 0%
	 Effective Percent: 3,46%
Mastery
	 Rating: 28677
	 Multiplicative Factor: 0%
	 Eff: 35541,6
	 DR Bracket: 2
	 Base: 19,8%
	 Effective Percent: 91,39%
----------------------
06:24,045

Intellect
	 Rating: 146396
	 Multiplicative Factor: 13,56%
	 Eff: 146396,25000000006
Stamina
	 Rating: 868193
	 Multiplicative Factor: 11,3%
	 Eff: 868193
Crit
	 Rating: 16628
	 Multiplicative Factor: 0%
	 Eff: 20128
	 DR Bracket: 0
	 Base: 5%
	 Effective Percent: 28,75%
	 Crit Inc Heal: 2,6
	 Crit Inc Damage: 2
Haste
	 Rating: 12119
	 Multiplicative Factor: 0%
	 Eff: 33992,32
	 DR Bracket: 0
	 Base: 28%
	 Effective Percent: 51,5%
Vers
	 Rating: 6581
	 Multiplicative Factor: 0%
	 Eff: 8921
	 DR Bracket: 0
	 Base: 3%
	 Effective Percent: 11,44%
Leech
	 Rating: 4284
	 Multiplicative Factor: 0%
	 Eff: 6323,99025
	 DR Bracket: 0
	 Base: 2%
	 Effective Percent: 6,2%
Avoidance
	 Rating: 1884
	 Multiplicative Factor: 0%
	 Eff: 1884
	 DR Bracket: 0
	 Base: 0%
	 Effective Percent: 3,46%
Mastery
	 Rating: 28677
	 Multiplicative Factor: 0%
	 Eff: 35541,6
	 DR Bracket: 2
	 Base: 19,8%
	 Effective Percent: 91,39%
----------------------
06:24,526

Intellect
	 Rating: 146396
	 Multiplicative Factor: 13,56%
	 Eff: 146396,25000000006
Stamina
	 Rating: 868193
	 Multiplicative Factor: 11,3%
	 Eff: 868193
Crit
	 Rating: 16628
	 Multiplicative Factor: 0%
	 Eff: 20128
	 DR Bracket: 0
	 Base: 5%
	 Effective Percent: 28,75%
	 Crit Inc Heal: 2,6
	 Crit Inc Damage: 2
Haste
	 Rating: 12119
	 Multiplicative Factor: 0%
	 Eff: 29305,18
	 DR Bracket: 0
	 Base: 22%
	 Effective Percent: 44,4%
Vers
	 Rating: 6581
	 Multiplicative Factor: 0%
	 Eff: 8921
	 DR Bracket: 0
	 Base: 3%
	 Effective Percent: 11,44%
Leech
	 Rating: 4284
	 Multiplicative Factor: 0%
	 Eff: 6323,99025
	 DR Bracket: 0
	 Base: 2%
	 Effective Percent: 6,2%
Avoidance
	 Rating: 1884
	 Multiplicative Factor: 0%
	 Eff: 1884
	 DR Bracket: 0
	 Base: 0%
	 Effective Percent: 3,46%
Mastery
	 Rating: 28677
	 Multiplicative Factor: 0%
	 Eff: 35541,6
	 DR Bracket: 2
	 Base: 19,8%
	 Effective Percent: 91,39%
----------------------
06:25,040

Intellect
	 Rating: 146396
	 Multiplicative Factor: 13,56%
	 Eff: 146396,25000000006
Stamina
	 Rating: 868193
	 Multiplicative Factor: 11,3%
	 Eff: 868193
Crit
	 Rating: 16628
	 Multiplicative Factor: 0%
	 Eff: 20128
	 DR Bracket: 0
	 Base: 5%
	 Effective Percent: 28,75%
	 Crit Inc Heal: 2,6
	 Crit Inc Damage: 2
Haste
	 Rating: 12119
	 Multiplicative Factor: 0%
	 Eff: 28523,99
	 DR Bracket: 0
	 Base: 21%
	 Effective Percent: 43,22%
Vers
	 Rating: 6581
	 Multiplicative Factor: 0%
	 Eff: 8921
	 DR Bracket: 0
	 Base: 3%
	 Effective Percent: 11,44%
Leech
	 Rating: 4284
	 Multiplicative Factor: 0%
	 Eff: 6323,99025
	 DR Bracket: 0
	 Base: 2%
	 Effective Percent: 6,2%
Avoidance
	 Rating: 1884
	 Multiplicative Factor: 0%
	 Eff: 1884
	 DR Bracket: 0
	 Base: 0%
	 Effective Percent: 3,46%
Mastery
	 Rating: 28677
	 Multiplicative Factor: 0%
	 Eff: 35541,6
	 DR Bracket: 2
	 Base: 19,8%
	 Effective Percent: 91,39%
----------------------
06:26,033

Intellect
	 Rating: 146396
	 Multiplicative Factor: 13,56%
	 Eff: 146396,25000000006
Stamina
	 Rating: 868193
	 Multiplicative Factor: 11,3%
	 Eff: 868193
Crit
	 Rating: 16628
	 Multiplicative Factor: 0%
	 Eff: 20128
	 DR Bracket: 0
	 Base: 5%
	 Effective Percent: 28,75%
	 Crit Inc Heal: 2,6
	 Crit Inc Damage: 2
Haste
	 Rating: 12119
	 Multiplicative Factor: 0%
	 Eff: 27742,800000000003
	 DR Bracket: 0
	 Base: 20%
	 Effective Percent: 42,03%
Vers
	 Rating: 6581
	 Multiplicative Factor: 0%
	 Eff: 8921
	 DR Bracket: 0
	 Base: 3%
	 Effective Percent: 11,44%
Leech
	 Rating: 4284
	 Multiplicative Factor: 0%
	 Eff: 6323,99025
	 DR Bracket: 0
	 Base: 2%
	 Effective Percent: 6,2%
Avoidance
	 Rating: 1884
	 Multiplicative Factor: 0%
	 Eff: 1884
	 DR Bracket: 0
	 Base: 0%
	 Effective Percent: 3,46%
Mastery
	 Rating: 28677
	 Multiplicative Factor: 0%
	 Eff: 35541,6
	 DR Bracket: 2
	 Base: 19,8%
	 Effective Percent: 91,39%
----------------------
06:27,033

Intellect
	 Rating: 146396
	 Multiplicative Factor: 13,56%
	 Eff: 146396,25000000006
Stamina
	 Rating: 868193
	 Multiplicative Factor: 11,3%
	 Eff: 868193
Crit
	 Rating: 16628
	 Multiplicative Factor: 0%
	 Eff: 20128
	 DR Bracket: 0
	 Base: 5%
	 Effective Percent: 28,75%
	 Crit Inc Heal: 2,6
	 Crit Inc Damage: 2
Haste
	 Rating: 12119
	 Multiplicative Factor: 0%
	 Eff: 26961,61
	 DR Bracket: 0
	 Base: 19%
	 Effective Percent: 40,85%
Vers
	 Rating: 6581
	 Multiplicative Factor: 0%
	 Eff: 8921
	 DR Bracket: 0
	 Base: 3%
	 Effective Percent: 11,44%
Leech
	 Rating: 4284
	 Multiplicative Factor: 0%
	 Eff: 6323,99025
	 DR Bracket: 0
	 Base: 2%
	 Effective Percent: 6,2%
Avoidance
	 Rating: 1884
	 Multiplicative Factor: 0%
	 Eff: 1884
	 DR Bracket: 0
	 Base: 0%
	 Effective Percent: 3,46%
Mastery
	 Rating: 28677
	 Multiplicative Factor: 0%
	 Eff: 35541,6
	 DR Bracket: 2
	 Base: 19,8%
	 Effective Percent: 91,39%
----------------------
06:28,026

Intellect
	 Rating: 146396
	 Multiplicative Factor: 13,56%
	 Eff: 146396,25000000006
Stamina
	 Rating: 868193
	 Multiplicative Factor: 11,3%
	 Eff: 868193
Crit
	 Rating: 16628
	 Multiplicative Factor: 0%
	 Eff: 20128
	 DR Bracket: 0
	 Base: 5%
	 Effective Percent: 28,75%
	 Crit Inc Heal: 2,6
	 Crit Inc Damage: 2
Haste
	 Rating: 12119
	 Multiplicative Factor: 0%
	 Eff: 26180,42
	 DR Bracket: 0
	 Base: 18%
	 Effective Percent: 39,67%
Vers
	 Rating: 6581
	 Multiplicative Factor: 0%
	 Eff: 8921
	 DR Bracket: 0
	 Base: 3%
	 Effective Percent: 11,44%
Leech
	 Rating: 4284
	 Multiplicative Factor: 0%
	 Eff: 6323,99025
	 DR Bracket: 0
	 Base: 2%
	 Effective Percent: 6,2%
Avoidance
	 Rating: 1884
	 Multiplicative Factor: 0%
	 Eff: 1884
	 DR Bracket: 0
	 Base: 0%
	 Effective Percent: 3,46%
Mastery
	 Rating: 28677
	 Multiplicative Factor: 0%
	 Eff: 35541,6
	 DR Bracket: 2
	 Base: 19,8%
	 Effective Percent: 91,39%
----------------------
06:29,047

Intellect
	 Rating: 146396
	 Multiplicative Factor: 13,56%
	 Eff: 146396,25000000006
Stamina
	 Rating: 868193
	 Multiplicative Factor: 11,3%
	 Eff: 868193
Crit
	 Rating: 16628
	 Multiplicative Factor: 0%
	 Eff: 20128
	 DR Bracket: 0
	 Base: 5%
	 Effective Percent: 28,75%
	 Crit Inc Heal: 2,6
	 Crit Inc Damage: 2
Haste
	 Rating: 12119
	 Multiplicative Factor: 0%
	 Eff: 25399,230000000003
	 DR Bracket: 0
	 Base: 17%
	 Effective Percent: 38,48%
Vers
	 Rating: 6581
	 Multiplicative Factor: 0%
	 Eff: 8921
	 DR Bracket: 0
	 Base: 3%
	 Effective Percent: 11,44%
Leech
	 Rating: 4284
	 Multiplicative Factor: 0%
	 Eff: 6323,99025
	 DR Bracket: 0
	 Base: 2%
	 Effective Percent: 6,2%
Avoidance
	 Rating: 1884
	 Multiplicative Factor: 0%
	 Eff: 1884
	 DR Bracket: 0
	 Base: 0%
	 Effective Percent: 3,46%
Mastery
	 Rating: 28677
	 Multiplicative Factor: 0%
	 Eff: 35541,6
	 DR Bracket: 2
	 Base: 19,8%
	 Effective Percent: 91,39%
----------------------
06:30,036

Intellect
	 Rating: 146396
	 Multiplicative Factor: 13,56%
	 Eff: 146396,25000000006
Stamina
	 Rating: 868193
	 Multiplicative Factor: 11,3%
	 Eff: 868193
Crit
	 Rating: 16628
	 Multiplicative Factor: 0%
	 Eff: 20128
	 DR Bracket: 0
	 Base: 5%
	 Effective Percent: 28,75%
	 Crit Inc Heal: 2,6
	 Crit Inc Damage: 2
Haste
	 Rating: 12119
	 Multiplicative Factor: 0%
	 Eff: 24618,04
	 DR Bracket: 0
	 Base: 16%
	 Effective Percent: 37,3%
Vers
	 Rating: 6581
	 Multiplicative Factor: 0%
	 Eff: 8921
	 DR Bracket: 0
	 Base: 3%
	 Effective Percent: 11,44%
Leech
	 Rating: 4284
	 Multiplicative Factor: 0%
	 Eff: 6323,99025
	 DR Bracket: 0
	 Base: 2%
	 Effective Percent: 6,2%
Avoidance
	 Rating: 1884
	 Multiplicative Factor: 0%
	 Eff: 1884
	 DR Bracket: 0
	 Base: 0%
	 Effective Percent: 3,46%
Mastery
	 Rating: 28677
	 Multiplicative Factor: 0%
	 Eff: 35541,6
	 DR Bracket: 2
	 Base: 19,8%
	 Effective Percent: 91,39%
----------------------
06:31,040

Intellect
	 Rating: 146396
	 Multiplicative Factor: 13,56%
	 Eff: 146396,25000000006
Stamina
	 Rating: 868193
	 Multiplicative Factor: 11,3%
	 Eff: 868193
Crit
	 Rating: 16628
	 Multiplicative Factor: 0%
	 Eff: 20128
	 DR Bracket: 0
	 Base: 5%
	 Effective Percent: 28,75%
	 Crit Inc Heal: 2,6
	 Crit Inc Damage: 2
Haste
	 Rating: 12119
	 Multiplicative Factor: 0%
	 Eff: 23836,85
	 DR Bracket: 0
	 Base: 15%
	 Effective Percent: 36,12%
Vers
	 Rating: 6581
	 Multiplicative Factor: 0%
	 Eff: 8921
	 DR Bracket: 0
	 Base: 3%
	 Effective Percent: 11,44%
Leech
	 Rating: 4284
	 Multiplicative Factor: 0%
	 Eff: 6323,99025
	 DR Bracket: 0
	 Base: 2%
	 Effective Percent: 6,2%
Avoidance
	 Rating: 1884
	 Multiplicative Factor: 0%
	 Eff: 1884
	 DR Bracket: 0
	 Base: 0%
	 Effective Percent: 3,46%
Mastery
	 Rating: 28677
	 Multiplicative Factor: 0%
	 Eff: 35541,6
	 DR Bracket: 2
	 Base: 19,8%
	 Effective Percent: 91,39%
----------------------
06:32,035

Intellect
	 Rating: 146396
	 Multiplicative Factor: 13,56%
	 Eff: 146396,25000000006
Stamina
	 Rating: 868193
	 Multiplicative Factor: 11,3%
	 Eff: 868193
Crit
	 Rating: 16628
	 Multiplicative Factor: 0%
	 Eff: 20128
	 DR Bracket: 0
	 Base: 5%
	 Effective Percent: 28,75%
	 Crit Inc Heal: 2,6
	 Crit Inc Damage: 2
Haste
	 Rating: 12119
	 Multiplicative Factor: 0%
	 Eff: 23055,66
	 DR Bracket: 0
	 Base: 14%
	 Effective Percent: 34,93%
Vers
	 Rating: 6581
	 Multiplicative Factor: 0%
	 Eff: 8921
	 DR Bracket: 0
	 Base: 3%
	 Effective Percent: 11,44%
Leech
	 Rating: 4284
	 Multiplicative Factor: 0%
	 Eff: 6323,99025
	 DR Bracket: 0
	 Base: 2%
	 Effective Percent: 6,2%
Avoidance
	 Rating: 1884
	 Multiplicative Factor: 0%
	 Eff: 1884
	 DR Bracket: 0
	 Base: 0%
	 Effective Percent: 3,46%
Mastery
	 Rating: 28677
	 Multiplicative Factor: 0%
	 Eff: 35541,6
	 DR Bracket: 2
	 Base: 19,8%
	 Effective Percent: 91,39%
----------------------
06:33,051

Intellect
	 Rating: 146396
	 Multiplicative Factor: 13,56%
	 Eff: 146396,25000000006
Stamina
	 Rating: 868193
	 Multiplicative Factor: 11,3%
	 Eff: 868193
Crit
	 Rating: 16628
	 Multiplicative Factor: 0%
	 Eff: 20128
	 DR Bracket: 0
	 Base: 5%
	 Effective Percent: 28,75%
	 Crit Inc Heal: 2,6
	 Crit Inc Damage: 2
Haste
	 Rating: 12119
	 Multiplicative Factor: 0%
	 Eff: 22274,47
	 DR Bracket: 0
	 Base: 13%
	 Effective Percent: 33,75%
Vers
	 Rating: 6581
	 Multiplicative Factor: 0%
	 Eff: 8921
	 DR Bracket: 0
	 Base: 3%
	 Effective Percent: 11,44%
Leech
	 Rating: 4284
	 Multiplicative Factor: 0%
	 Eff: 6323,99025
	 DR Bracket: 0
	 Base: 2%
	 Effective Percent: 6,2%
Avoidance
	 Rating: 1884
	 Multiplicative Factor: 0%
	 Eff: 1884
	 DR Bracket: 0
	 Base: 0%
	 Effective Percent: 3,46%
Mastery
	 Rating: 28677
	 Multiplicative Factor: 0%
	 Eff: 35541,6
	 DR Bracket: 2
	 Base: 19,8%
	 Effective Percent: 91,39%
----------------------
06:34,041

Intellect
	 Rating: 146396
	 Multiplicative Factor: 13,56%
	 Eff: 146396,25000000006
Stamina
	 Rating: 868193
	 Multiplicative Factor: 11,3%
	 Eff: 868193
Crit
	 Rating: 16628
	 Multiplicative Factor: 0%
	 Eff: 20128
	 DR Bracket: 0
	 Base: 5%
	 Effective Percent: 28,75%
	 Crit Inc Heal: 2,6
	 Crit Inc Damage: 2
Haste
	 Rating: 12119
	 Multiplicative Factor: 0%
	 Eff: 21493,28
	 DR Bracket: 0
	 Base: 12%
	 Effective Percent: 32,57%
Vers
	 Rating: 6581
	 Multiplicative Factor: 0%
	 Eff: 8921
	 DR Bracket: 0
	 Base: 3%
	 Effective Percent: 11,44%
Leech
	 Rating: 4284
	 Multiplicative Factor: 0%
	 Eff: 6323,99025
	 DR Bracket: 0
	 Base: 2%
	 Effective Percent: 6,2%
Avoidance
	 Rating: 1884
	 Multiplicative Factor: 0%
	 Eff: 1884
	 DR Bracket: 0
	 Base: 0%
	 Effective Percent: 3,46%
Mastery
	 Rating: 28677
	 Multiplicative Factor: 0%
	 Eff: 35541,6
	 DR Bracket: 2
	 Base: 19,8%
	 Effective Percent: 91,39%
----------------------
06:35,039

Intellect
	 Rating: 146396
	 Multiplicative Factor: 13,56%
	 Eff: 146396,25000000006
Stamina
	 Rating: 868193
	 Multiplicative Factor: 11,3%
	 Eff: 868193
Crit
	 Rating: 16628
	 Multiplicative Factor: 0%
	 Eff: 20128
	 DR Bracket: 0
	 Base: 5%
	 Effective Percent: 28,75%
	 Crit Inc Heal: 2,6
	 Crit Inc Damage: 2
Haste
	 Rating: 12119
	 Multiplicative Factor: 0%
	 Eff: 20712,09
	 DR Bracket: 0
	 Base: 11%
	 Effective Percent: 31,38%
Vers
	 Rating: 6581
	 Multiplicative Factor: 0%
	 Eff: 8921
	 DR Bracket: 0
	 Base: 3%
	 Effective Percent: 11,44%
Leech
	 Rating: 4284
	 Multiplicative Factor: 0%
	 Eff: 6323,99025
	 DR Bracket: 0
	 Base: 2%
	 Effective Percent: 6,2%
Avoidance
	 Rating: 1884
	 Multiplicative Factor: 0%
	 Eff: 1884
	 DR Bracket: 0
	 Base: 0%
	 Effective Percent: 3,46%
Mastery
	 Rating: 28677
	 Multiplicative Factor: 0%
	 Eff: 35541,6
	 DR Bracket: 2
	 Base: 19,8%
	 Effective Percent: 91,39%
----------------------
06:36,033

Intellect
	 Rating: 146396
	 Multiplicative Factor: 13,56%
	 Eff: 146396,25000000006
Stamina
	 Rating: 868193
	 Multiplicative Factor: 11,3%
	 Eff: 868193
Crit
	 Rating: 16628
	 Multiplicative Factor: 0%
	 Eff: 20128
	 DR Bracket: 0
	 Base: 5%
	 Effective Percent: 28,75%
	 Crit Inc Heal: 2,6
	 Crit Inc Damage: 2
Haste
	 Rating: 12119
	 Multiplicative Factor: 0%
	 Eff: 19930,9
	 DR Bracket: 0
	 Base: 10%
	 Effective Percent: 30,2%
Vers
	 Rating: 6581
	 Multiplicative Factor: 0%
	 Eff: 8921
	 DR Bracket: 0
	 Base: 3%
	 Effective Percent: 11,44%
Leech
	 Rating: 4284
	 Multiplicative Factor: 0%
	 Eff: 6323,99025
	 DR Bracket: 0
	 Base: 2%
	 Effective Percent: 6,2%
Avoidance
	 Rating: 1884
	 Multiplicative Factor: 0%
	 Eff: 1884
	 DR Bracket: 0
	 Base: 0%
	 Effective Percent: 3,46%
Mastery
	 Rating: 28677
	 Multiplicative Factor: 0%
	 Eff: 35541,6
	 DR Bracket: 2
	 Base: 19,8%
	 Effective Percent: 91,39%
----------------------
06:36,388

Intellect
	 Rating: 146396
	 Multiplicative Factor: 13,56%
	 Eff: 146396,25000000006
Stamina
	 Rating: 868193
	 Multiplicative Factor: 11,3%
	 Eff: 868193
Crit
	 Rating: 22613
	 Multiplicative Factor: 0%
	 Eff: 25951,589014795045
	 DR Bracket: 1
	 Base: 5%
	 Effective Percent: 37,07%
	 Crit Inc Heal: 2,6
	 Crit Inc Damage: 2
Haste
	 Rating: 12119
	 Multiplicative Factor: 0%
	 Eff: 19930,9
	 DR Bracket: 0
	 Base: 10%
	 Effective Percent: 30,2%
Vers
	 Rating: 6581
	 Multiplicative Factor: 0%
	 Eff: 8921
	 DR Bracket: 0
	 Base: 3%
	 Effective Percent: 11,44%
Leech
	 Rating: 4284
	 Multiplicative Factor: 0%
	 Eff: 6323,99025
	 DR Bracket: 0
	 Base: 2%
	 Effective Percent: 6,2%
Avoidance
	 Rating: 1884
	 Multiplicative Factor: 0%
	 Eff: 1884
	 DR Bracket: 0
	 Base: 0%
	 Effective Percent: 3,46%
Mastery
	 Rating: 28677
	 Multiplicative Factor: 0%
	 Eff: 35541,6
	 DR Bracket: 2
	 Base: 19,8%
	 Effective Percent: 91,39%
----------------------
06:37,038

Intellect
	 Rating: 146396
	 Multiplicative Factor: 13,56%
	 Eff: 146396,25000000006
Stamina
	 Rating: 868193
	 Multiplicative Factor: 11,3%
	 Eff: 868193
Crit
	 Rating: 22613
	 Multiplicative Factor: 0%
	 Eff: 25951,589014795045
	 DR Bracket: 1
	 Base: 5%
	 Effective Percent: 37,07%
	 Crit Inc Heal: 2,6
	 Crit Inc Damage: 2
Haste
	 Rating: 12119
	 Multiplicative Factor: 0%
	 Eff: 19149,71
	 DR Bracket: 0
	 Base: 9%
	 Effective Percent: 29,01%
Vers
	 Rating: 6581
	 Multiplicative Factor: 0%
	 Eff: 8921
	 DR Bracket: 0
	 Base: 3%
	 Effective Percent: 11,44%
Leech
	 Rating: 4284
	 Multiplicative Factor: 0%
	 Eff: 6323,99025
	 DR Bracket: 0
	 Base: 2%
	 Effective Percent: 6,2%
Avoidance
	 Rating: 1884
	 Multiplicative Factor: 0%
	 Eff: 1884
	 DR Bracket: 0
	 Base: 0%
	 Effective Percent: 3,46%
Mastery
	 Rating: 28677
	 Multiplicative Factor: 0%
	 Eff: 35541,6
	 DR Bracket: 2
	 Base: 19,8%
	 Effective Percent: 91,39%
----------------------
06:38,043

Intellect
	 Rating: 146396
	 Multiplicative Factor: 13,56%
	 Eff: 146396,25000000006
Stamina
	 Rating: 868193
	 Multiplicative Factor: 11,3%
	 Eff: 868193
Crit
	 Rating: 22613
	 Multiplicative Factor: 0%
	 Eff: 25951,589014795045
	 DR Bracket: 1
	 Base: 5%
	 Effective Percent: 37,07%
	 Crit Inc Heal: 2,6
	 Crit Inc Damage: 2
Haste
	 Rating: 12119
	 Multiplicative Factor: 0%
	 Eff: 18368,52
	 DR Bracket: 0
	 Base: 8%
	 Effective Percent: 27,83%
Vers
	 Rating: 6581
	 Multiplicative Factor: 0%
	 Eff: 8921
	 DR Bracket: 0
	 Base: 3%
	 Effective Percent: 11,44%
Leech
	 Rating: 4284
	 Multiplicative Factor: 0%
	 Eff: 6323,99025
	 DR Bracket: 0
	 Base: 2%
	 Effective Percent: 6,2%
Avoidance
	 Rating: 1884
	 Multiplicative Factor: 0%
	 Eff: 1884
	 DR Bracket: 0
	 Base: 0%
	 Effective Percent: 3,46%
Mastery
	 Rating: 28677
	 Multiplicative Factor: 0%
	 Eff: 35541,6
	 DR Bracket: 2
	 Base: 19,8%
	 Effective Percent: 91,39%
----------------------
06:39,037

Intellect
	 Rating: 146396
	 Multiplicative Factor: 13,56%
	 Eff: 146396,25000000006
Stamina
	 Rating: 868193
	 Multiplicative Factor: 11,3%
	 Eff: 868193
Crit
	 Rating: 22613
	 Multiplicative Factor: 0%
	 Eff: 25951,589014795045
	 DR Bracket: 1
	 Base: 5%
	 Effective Percent: 37,07%
	 Crit Inc Heal: 2,6
	 Crit Inc Damage: 2
Haste
	 Rating: 12119
	 Multiplicative Factor: 0%
	 Eff: 17587,33
	 DR Bracket: 0
	 Base: 7%
	 Effective Percent: 26,65%
Vers
	 Rating: 6581
	 Multiplicative Factor: 0%
	 Eff: 8921
	 DR Bracket: 0
	 Base: 3%
	 Effective Percent: 11,44%
Leech
	 Rating: 4284
	 Multiplicative Factor: 0%
	 Eff: 6323,99025
	 DR Bracket: 0
	 Base: 2%
	 Effective Percent: 6,2%
Avoidance
	 Rating: 1884
	 Multiplicative Factor: 0%
	 Eff: 1884
	 DR Bracket: 0
	 Base: 0%
	 Effective Percent: 3,46%
Mastery
	 Rating: 28677
	 Multiplicative Factor: 0%
	 Eff: 35541,6
	 DR Bracket: 2
	 Base: 19,8%
	 Effective Percent: 91,39%
----------------------
06:39,563

Intellect
	 Rating: 139425
	 Multiplicative Factor: 8,15%
	 Eff: 139425,00000000006
Stamina
	 Rating: 868193
	 Multiplicative Factor: 11,3%
	 Eff: 868193
Crit
	 Rating: 22613
	 Multiplicative Factor: 0%
	 Eff: 25951,589014795045
	 DR Bracket: 1
	 Base: 5%
	 Effective Percent: 37,07%
	 Crit Inc Heal: 2,6
	 Crit Inc Damage: 2
Haste
	 Rating: 12119
	 Multiplicative Factor: 0%
	 Eff: 17587,33
	 DR Bracket: 0
	 Base: 7%
	 Effective Percent: 26,65%
Vers
	 Rating: 6581
	 Multiplicative Factor: 0%
	 Eff: 8921
	 DR Bracket: 0
	 Base: 3%
	 Effective Percent: 11,44%
Leech
	 Rating: 4284
	 Multiplicative Factor: 0%
	 Eff: 6323,99025
	 DR Bracket: 0
	 Base: 2%
	 Effective Percent: 6,2%
Avoidance
	 Rating: 1884
	 Multiplicative Factor: 0%
	 Eff: 1884
	 DR Bracket: 0
	 Base: 0%
	 Effective Percent: 3,46%
Mastery
	 Rating: 28677
	 Multiplicative Factor: 0%
	 Eff: 35541,6
	 DR Bracket: 2
	 Base: 19,8%
	 Effective Percent: 91,39%
----------------------
06:40,045

Intellect
	 Rating: 139425
	 Multiplicative Factor: 8,15%
	 Eff: 139425,00000000006
Stamina
	 Rating: 868193
	 Multiplicative Factor: 11,3%
	 Eff: 868193
Crit
	 Rating: 22613
	 Multiplicative Factor: 0%
	 Eff: 25951,589014795045
	 DR Bracket: 1
	 Base: 5%
	 Effective Percent: 37,07%
	 Crit Inc Heal: 2,6
	 Crit Inc Damage: 2
Haste
	 Rating: 12119
	 Multiplicative Factor: 0%
	 Eff: 16806,14
	 DR Bracket: 0
	 Base: 6%
	 Effective Percent: 25,46%
Vers
	 Rating: 6581
	 Multiplicative Factor: 0%
	 Eff: 8921
	 DR Bracket: 0
	 Base: 3%
	 Effective Percent: 11,44%
Leech
	 Rating: 4284
	 Multiplicative Factor: 0%
	 Eff: 6323,99025
	 DR Bracket: 0
	 Base: 2%
	 Effective Percent: 6,2%
Avoidance
	 Rating: 1884
	 Multiplicative Factor: 0%
	 Eff: 1884
	 DR Bracket: 0
	 Base: 0%
	 Effective Percent: 3,46%
Mastery
	 Rating: 28677
	 Multiplicative Factor: 0%
	 Eff: 35541,6
	 DR Bracket: 2
	 Base: 19,8%
	 Effective Percent: 91,39%
----------------------
06:41,039

Intellect
	 Rating: 139425
	 Multiplicative Factor: 8,15%
	 Eff: 139425,00000000006
Stamina
	 Rating: 868193
	 Multiplicative Factor: 11,3%
	 Eff: 868193
Crit
	 Rating: 22613
	 Multiplicative Factor: 0%
	 Eff: 25951,589014795045
	 DR Bracket: 1
	 Base: 5%
	 Effective Percent: 37,07%
	 Crit Inc Heal: 2,6
	 Crit Inc Damage: 2
Haste
	 Rating: 12119
	 Multiplicative Factor: 0%
	 Eff: 16024,95
	 DR Bracket: 0
	 Base: 5%
	 Effective Percent: 24,28%
Vers
	 Rating: 6581
	 Multiplicative Factor: 0%
	 Eff: 8921
	 DR Bracket: 0
	 Base: 3%
	 Effective Percent: 11,44%
Leech
	 Rating: 4284
	 Multiplicative Factor: 0%
	 Eff: 6323,99025
	 DR Bracket: 0
	 Base: 2%
	 Effective Percent: 6,2%
Avoidance
	 Rating: 1884
	 Multiplicative Factor: 0%
	 Eff: 1884
	 DR Bracket: 0
	 Base: 0%
	 Effective Percent: 3,46%
Mastery
	 Rating: 28677
	 Multiplicative Factor: 0%
	 Eff: 35541,6
	 DR Bracket: 2
	 Base: 19,8%
	 Effective Percent: 91,39%
----------------------
06:42,044

Intellect
	 Rating: 139425
	 Multiplicative Factor: 8,15%
	 Eff: 139425,00000000006
Stamina
	 Rating: 868193
	 Multiplicative Factor: 11,3%
	 Eff: 868193
Crit
	 Rating: 22613
	 Multiplicative Factor: 0%
	 Eff: 25951,589014795045
	 DR Bracket: 1
	 Base: 5%
	 Effective Percent: 37,07%
	 Crit Inc Heal: 2,6
	 Crit Inc Damage: 2
Haste
	 Rating: 12119
	 Multiplicative Factor: 0%
	 Eff: 15243,76
	 DR Bracket: 0
	 Base: 4%
	 Effective Percent: 23,1%
Vers
	 Rating: 6581
	 Multiplicative Factor: 0%
	 Eff: 8921
	 DR Bracket: 0
	 Base: 3%
	 Effective Percent: 11,44%
Leech
	 Rating: 4284
	 Multiplicative Factor: 0%
	 Eff: 6323,99025
	 DR Bracket: 0
	 Base: 2%
	 Effective Percent: 6,2%
Avoidance
	 Rating: 1884
	 Multiplicative Factor: 0%
	 Eff: 1884
	 DR Bracket: 0
	 Base: 0%
	 Effective Percent: 3,46%
Mastery
	 Rating: 28677
	 Multiplicative Factor: 0%
	 Eff: 35541,6
	 DR Bracket: 2
	 Base: 19,8%
	 Effective Percent: 91,39%
----------------------
06:43,060

Intellect
	 Rating: 139425
	 Multiplicative Factor: 8,15%
	 Eff: 139425,00000000006
Stamina
	 Rating: 868193
	 Multiplicative Factor: 11,3%
	 Eff: 868193
Crit
	 Rating: 22613
	 Multiplicative Factor: 0%
	 Eff: 25951,589014795045
	 DR Bracket: 1
	 Base: 5%
	 Effective Percent: 37,07%
	 Crit Inc Heal: 2,6
	 Crit Inc Damage: 2
Haste
	 Rating: 12119
	 Multiplicative Factor: 0%
	 Eff: 14462,57
	 DR Bracket: 0
	 Base: 3%
	 Effective Percent: 21,91%
Vers
	 Rating: 6581
	 Multiplicative Factor: 0%
	 Eff: 8921
	 DR Bracket: 0
	 Base: 3%
	 Effective Percent: 11,44%
Leech
	 Rating: 4284
	 Multiplicative Factor: 0%
	 Eff: 6323,99025
	 DR Bracket: 0
	 Base: 2%
	 Effective Percent: 6,2%
Avoidance
	 Rating: 1884
	 Multiplicative Factor: 0%
	 Eff: 1884
	 DR Bracket: 0
	 Base: 0%
	 Effective Percent: 3,46%
Mastery
	 Rating: 28677
	 Multiplicative Factor: 0%
	 Eff: 35541,6
	 DR Bracket: 2
	 Base: 19,8%
	 Effective Percent: 91,39%
----------------------
06:44,035

Intellect
	 Rating: 139425
	 Multiplicative Factor: 8,15%
	 Eff: 139425,00000000006
Stamina
	 Rating: 868193
	 Multiplicative Factor: 11,3%
	 Eff: 868193
Crit
	 Rating: 22613
	 Multiplicative Factor: 0%
	 Eff: 25951,589014795045
	 DR Bracket: 1
	 Base: 5%
	 Effective Percent: 37,07%
	 Crit Inc Heal: 2,6
	 Crit Inc Damage: 2
Haste
	 Rating: 12119
	 Multiplicative Factor: 0%
	 Eff: 13681,380000000001
	 DR Bracket: 0
	 Base: 2%
	 Effective Percent: 20,73%
Vers
	 Rating: 6581
	 Multiplicative Factor: 0%
	 Eff: 8921
	 DR Bracket: 0
	 Base: 3%
	 Effective Percent: 11,44%
Leech
	 Rating: 4284
	 Multiplicative Factor: 0%
	 Eff: 6323,99025
	 DR Bracket: 0
	 Base: 2%
	 Effective Percent: 6,2%
Avoidance
	 Rating: 1884
	 Multiplicative Factor: 0%
	 Eff: 1884
	 DR Bracket: 0
	 Base: 0%
	 Effective Percent: 3,46%
Mastery
	 Rating: 28677
	 Multiplicative Factor: 0%
	 Eff: 35541,6
	 DR Bracket: 2
	 Base: 19,8%
	 Effective Percent: 91,39%
----------------------
06:45,046

Intellect
	 Rating: 139425
	 Multiplicative Factor: 8,15%
	 Eff: 139425,00000000006
Stamina
	 Rating: 868193
	 Multiplicative Factor: 11,3%
	 Eff: 868193
Crit
	 Rating: 22613
	 Multiplicative Factor: 0%
	 Eff: 25951,589014795045
	 DR Bracket: 1
	 Base: 5%
	 Effective Percent: 37,07%
	 Crit Inc Heal: 2,6
	 Crit Inc Damage: 2
Haste
	 Rating: 12119
	 Multiplicative Factor: 0%
	 Eff: 12900,19
	 DR Bracket: 0
	 Base: 1%
	 Effective Percent: 19,55%
Vers
	 Rating: 6581
	 Multiplicative Factor: 0%
	 Eff: 8921
	 DR Bracket: 0
	 Base: 3%
	 Effective Percent: 11,44%
Leech
	 Rating: 4284
	 Multiplicative Factor: 0%
	 Eff: 6323,99025
	 DR Bracket: 0
	 Base: 2%
	 Effective Percent: 6,2%
Avoidance
	 Rating: 1884
	 Multiplicative Factor: 0%
	 Eff: 1884
	 DR Bracket: 0
	 Base: 0%
	 Effective Percent: 3,46%
Mastery
	 Rating: 28677
	 Multiplicative Factor: 0%
	 Eff: 35541,6
	 DR Bracket: 2
	 Base: 19,8%
	 Effective Percent: 91,39%
----------------------
06:46,036

Intellect
	 Rating: 139425
	 Multiplicative Factor: 8,15%
	 Eff: 139425,00000000006
Stamina
	 Rating: 868193
	 Multiplicative Factor: 11,3%
	 Eff: 868193
Crit
	 Rating: 22613
	 Multiplicative Factor: 0%
	 Eff: 25951,589014795045
	 DR Bracket: 1
	 Base: 5%
	 Effective Percent: 37,07%
	 Crit Inc Heal: 2,6
	 Crit Inc Damage: 2
Haste
	 Rating: 12119
	 Multiplicative Factor: 0%
	 Eff: 12119
	 DR Bracket: 0
	 Base: 0%
	 Effective Percent: 18,36%
Vers
	 Rating: 6581
	 Multiplicative Factor: 0%
	 Eff: 8921
	 DR Bracket: 0
	 Base: 3%
	 Effective Percent: 11,44%
Leech
	 Rating: 4284
	 Multiplicative Factor: 0%
	 Eff: 6323,99025
	 DR Bracket: 0
	 Base: 2%
	 Effective Percent: 6,2%
Avoidance
	 Rating: 1884
	 Multiplicative Factor: 0%
	 Eff: 1884
	 DR Bracket: 0
	 Base: 0%
	 Effective Percent: 3,46%
Mastery
	 Rating: 28677
	 Multiplicative Factor: 0%
	 Eff: 35541,6
	 DR Bracket: 2
	 Base: 19,8%
	 Effective Percent: 91,39%
----------------------
06:46,386

Intellect
	 Rating: 139425
	 Multiplicative Factor: 8,15%
	 Eff: 139425,00000000006
Stamina
	 Rating: 868193
	 Multiplicative Factor: 11,3%
	 Eff: 868193
Crit
	 Rating: 16628
	 Multiplicative Factor: 0%
	 Eff: 20128
	 DR Bracket: 0
	 Base: 5%
	 Effective Percent: 28,75%
	 Crit Inc Heal: 2,6
	 Crit Inc Damage: 2
Haste
	 Rating: 12119
	 Multiplicative Factor: 0%
	 Eff: 12119
	 DR Bracket: 0
	 Base: 0%
	 Effective Percent: 18,36%
Vers
	 Rating: 6581
	 Multiplicative Factor: 0%
	 Eff: 8921
	 DR Bracket: 0
	 Base: 3%
	 Effective Percent: 11,44%
Leech
	 Rating: 4284
	 Multiplicative Factor: 0%
	 Eff: 6323,99025
	 DR Bracket: 0
	 Base: 2%
	 Effective Percent: 6,2%
Avoidance
	 Rating: 1884
	 Multiplicative Factor: 0%
	 Eff: 1884
	 DR Bracket: 0
	 Base: 0%
	 Effective Percent: 3,46%
Mastery
	 Rating: 28677
	 Multiplicative Factor: 0%
	 Eff: 35541,6
	 DR Bracket: 2
	 Base: 19,8%
	 Effective Percent: 91,39%
----------------------
06:47,512

Intellect
	 Rating: 139425
	 Multiplicative Factor: 8,15%
	 Eff: 139425,00000000006
Stamina
	 Rating: 868193
	 Multiplicative Factor: 11,3%
	 Eff: 868193
Crit
	 Rating: 16628
	 Multiplicative Factor: 0%
	 Eff: 20128
	 DR Bracket: 0
	 Base: 5%
	 Effective Percent: 28,75%
	 Crit Inc Heal: 2
	 Crit Inc Damage: 2
Haste
	 Rating: 12119
	 Multiplicative Factor: 0%
	 Eff: 12119
	 DR Bracket: 0
	 Base: 0%
	 Effective Percent: 18,36%
Vers
	 Rating: 6581
	 Multiplicative Factor: 0%
	 Eff: 8921
	 DR Bracket: 0
	 Base: 3%
	 Effective Percent: 11,44%
Leech
	 Rating: 4284
	 Multiplicative Factor: 0%
	 Eff: 6323,99025
	 DR Bracket: 0
	 Base: 2%
	 Effective Percent: 6,2%
Avoidance
	 Rating: 1884
	 Multiplicative Factor: 0%
	 Eff: 1884
	 DR Bracket: 0
	 Base: 0%
	 Effective Percent: 3,46%
Mastery
	 Rating: 28677
	 Multiplicative Factor: 0%
	 Eff: 35541,6
	 DR Bracket: 2
	 Base: 19,8%
	 Effective Percent: 91,39%
----------------------
06:51,319

Intellect
	 Rating: 139425
	 Multiplicative Factor: 8,15%
	 Eff: 139425,00000000006
Stamina
	 Rating: 868193
	 Multiplicative Factor: 11,3%
	 Eff: 868193
Crit
	 Rating: 16628
	 Multiplicative Factor: 0%
	 Eff: 20128
	 DR Bracket: 0
	 Base: 5%
	 Effective Percent: 28,75%
	 Crit Inc Heal: 2,6
	 Crit Inc Damage: 2
Haste
	 Rating: 12119
	 Multiplicative Factor: 0%
	 Eff: 12119
	 DR Bracket: 0
	 Base: 0%
	 Effective Percent: 18,36%
Vers
	 Rating: 6581
	 Multiplicative Factor: 0%
	 Eff: 8921
	 DR Bracket: 0
	 Base: 3%
	 Effective Percent: 11,44%
Leech
	 Rating: 4284
	 Multiplicative Factor: 0%
	 Eff: 6323,99025
	 DR Bracket: 0
	 Base: 2%
	 Effective Percent: 6,2%
Avoidance
	 Rating: 1884
	 Multiplicative Factor: 0%
	 Eff: 1884
	 DR Bracket: 0
	 Base: 0%
	 Effective Percent: 3,46%
Mastery
	 Rating: 28677
	 Multiplicative Factor: 0%
	 Eff: 35541,6
	 DR Bracket: 2
	 Base: 19,8%
	 Effective Percent: 91,39%
----------------------
06:51,336

Intellect
	 Rating: 139425
	 Multiplicative Factor: 8,15%
	 Eff: 139425,00000000006
Stamina
	 Rating: 868193
	 Multiplicative Factor: 11,3%
	 Eff: 868193
Crit
	 Rating: 16628
	 Multiplicative Factor: 0%
	 Eff: 20128
	 DR Bracket: 0
	 Base: 5%
	 Effective Percent: 28,75%
	 Crit Inc Heal: 2,6
	 Crit Inc Damage: 2
Haste
	 Rating: 12119
	 Multiplicative Factor: 0%
	 Eff: 14462,57
	 DR Bracket: 0
	 Base: 3%
	 Effective Percent: 21,91%
Vers
	 Rating: 6581
	 Multiplicative Factor: 0%
	 Eff: 8921
	 DR Bracket: 0
	 Base: 3%
	 Effective Percent: 11,44%
Leech
	 Rating: 4284
	 Multiplicative Factor: 0%
	 Eff: 6323,99025
	 DR Bracket: 0
	 Base: 2%
	 Effective Percent: 6,2%
Avoidance
	 Rating: 1884
	 Multiplicative Factor: 0%
	 Eff: 1884
	 DR Bracket: 0
	 Base: 0%
	 Effective Percent: 3,46%
Mastery
	 Rating: 28677
	 Multiplicative Factor: 0%
	 Eff: 35541,6
	 DR Bracket: 2
	 Base: 19,8%
	 Effective Percent: 91,39%
----------------------
06:51,355

Intellect
	 Rating: 139425
	 Multiplicative Factor: 8,15%
	 Eff: 139425,00000000006
Stamina
	 Rating: 868193
	 Multiplicative Factor: 11,3%
	 Eff: 868193
Crit
	 Rating: 16628
	 Multiplicative Factor: 0%
	 Eff: 20128
	 DR Bracket: 0
	 Base: 5%
	 Effective Percent: 28,75%
	 Crit Inc Heal: 2,6
	 Crit Inc Damage: 2
Haste
	 Rating: 12119
	 Multiplicative Factor: 0%
	 Eff: 16806,14
	 DR Bracket: 0
	 Base: 6%
	 Effective Percent: 25,46%
Vers
	 Rating: 6581
	 Multiplicative Factor: 0%
	 Eff: 8921
	 DR Bracket: 0
	 Base: 3%
	 Effective Percent: 11,44%
Leech
	 Rating: 4284
	 Multiplicative Factor: 0%
	 Eff: 6323,99025
	 DR Bracket: 0
	 Base: 2%
	 Effective Percent: 6,2%
Avoidance
	 Rating: 1884
	 Multiplicative Factor: 0%
	 Eff: 1884
	 DR Bracket: 0
	 Base: 0%
	 Effective Percent: 3,46%
Mastery
	 Rating: 28677
	 Multiplicative Factor: 0%
	 Eff: 35541,6
	 DR Bracket: 2
	 Base: 19,8%
	 Effective Percent: 91,39%
----------------------
06:51,355

Intellect
	 Rating: 139425
	 Multiplicative Factor: 8,15%
	 Eff: 139425,00000000006
Stamina
	 Rating: 868193
	 Multiplicative Factor: 11,3%
	 Eff: 868193
Crit
	 Rating: 16628
	 Multiplicative Factor: 0%
	 Eff: 20128
	 DR Bracket: 0
	 Base: 5%
	 Effective Percent: 28,75%
	 Crit Inc Heal: 2,6
	 Crit Inc Damage: 2
Haste
	 Rating: 12119
	 Multiplicative Factor: 0%
	 Eff: 19149,71
	 DR Bracket: 0
	 Base: 9%
	 Effective Percent: 29,01%
Vers
	 Rating: 6581
	 Multiplicative Factor: 0%
	 Eff: 8921
	 DR Bracket: 0
	 Base: 3%
	 Effective Percent: 11,44%
Leech
	 Rating: 4284
	 Multiplicative Factor: 0%
	 Eff: 6323,99025
	 DR Bracket: 0
	 Base: 2%
	 Effective Percent: 6,2%
Avoidance
	 Rating: 1884
	 Multiplicative Factor: 0%
	 Eff: 1884
	 DR Bracket: 0
	 Base: 0%
	 Effective Percent: 3,46%
Mastery
	 Rating: 28677
	 Multiplicative Factor: 0%
	 Eff: 35541,6
	 DR Bracket: 2
	 Base: 19,8%
	 Effective Percent: 91,39%
----------------------
06:59,353

Intellect
	 Rating: 139425
	 Multiplicative Factor: 8,15%
	 Eff: 139425,00000000006
Stamina
	 Rating: 868193
	 Multiplicative Factor: 11,3%
	 Eff: 868193
Crit
	 Rating: 16628
	 Multiplicative Factor: 0%
	 Eff: 20128
	 DR Bracket: 0
	 Base: 5%
	 Effective Percent: 28,75%
	 Crit Inc Heal: 2,6
	 Crit Inc Damage: 2
Haste
	 Rating: 12119
	 Multiplicative Factor: 0%
	 Eff: 12119
	 DR Bracket: 0
	 Base: 0%
	 Effective Percent: 18,36%
Vers
	 Rating: 6581
	 Multiplicative Factor: 0%
	 Eff: 8921
	 DR Bracket: 0
	 Base: 3%
	 Effective Percent: 11,44%
Leech
	 Rating: 4284
	 Multiplicative Factor: 0%
	 Eff: 6323,99025
	 DR Bracket: 0
	 Base: 2%
	 Effective Percent: 6,2%
Avoidance
	 Rating: 1884
	 Multiplicative Factor: 0%
	 Eff: 1884
	 DR Bracket: 0
	 Base: 0%
	 Effective Percent: 3,46%
Mastery
	 Rating: 28677
	 Multiplicative Factor: 0%
	 Eff: 35541,6
	 DR Bracket: 2
	 Base: 19,8%
	 Effective Percent: 91,39%
----------------------
07:09,417

Intellect
	 Rating: 146396
	 Multiplicative Factor: 13,56%
	 Eff: 146396,25000000006
Stamina
	 Rating: 868193
	 Multiplicative Factor: 11,3%
	 Eff: 868193
Crit
	 Rating: 16628
	 Multiplicative Factor: 0%
	 Eff: 20128
	 DR Bracket: 0
	 Base: 5%
	 Effective Percent: 28,75%
	 Crit Inc Heal: 2,6
	 Crit Inc Damage: 2
Haste
	 Rating: 12119
	 Multiplicative Factor: 0%
	 Eff: 12119
	 DR Bracket: 0
	 Base: 0%
	 Effective Percent: 18,36%
Vers
	 Rating: 6581
	 Multiplicative Factor: 0%
	 Eff: 8921
	 DR Bracket: 0
	 Base: 3%
	 Effective Percent: 11,44%
Leech
	 Rating: 4284
	 Multiplicative Factor: 0%
	 Eff: 6323,99025
	 DR Bracket: 0
	 Base: 2%
	 Effective Percent: 6,2%
Avoidance
	 Rating: 1884
	 Multiplicative Factor: 0%
	 Eff: 1884
	 DR Bracket: 0
	 Base: 0%
	 Effective Percent: 3,46%
Mastery
	 Rating: 28677
	 Multiplicative Factor: 0%
	 Eff: 35541,6
	 DR Bracket: 2
	 Base: 19,8%
	 Effective Percent: 91,39%
----------------------
07:12,829

Intellect
	 Rating: 146396
	 Multiplicative Factor: 13,56%
	 Eff: 146396,25000000006
Stamina
	 Rating: 868193
	 Multiplicative Factor: 11,3%
	 Eff: 868193
Crit
	 Rating: 16628
	 Multiplicative Factor: 0%
	 Eff: 20128
	 DR Bracket: 0
	 Base: 5%
	 Effective Percent: 28,75%
	 Crit Inc Heal: 2
	 Crit Inc Damage: 2
Haste
	 Rating: 12119
	 Multiplicative Factor: 0%
	 Eff: 12119
	 DR Bracket: 0
	 Base: 0%
	 Effective Percent: 18,36%
Vers
	 Rating: 6581
	 Multiplicative Factor: 0%
	 Eff: 8921
	 DR Bracket: 0
	 Base: 3%
	 Effective Percent: 11,44%
Leech
	 Rating: 4284
	 Multiplicative Factor: 0%
	 Eff: 6323,99025
	 DR Bracket: 0
	 Base: 2%
	 Effective Percent: 6,2%
Avoidance
	 Rating: 1884
	 Multiplicative Factor: 0%
	 Eff: 1884
	 DR Bracket: 0
	 Base: 0%
	 Effective Percent: 3,46%
Mastery
	 Rating: 28677
	 Multiplicative Factor: 0%
	 Eff: 35541,6
	 DR Bracket: 2
	 Base: 19,8%
	 Effective Percent: 91,39%
----------------------
07:15,907

Intellect
	 Rating: 146396
	 Multiplicative Factor: 13,56%
	 Eff: 146396,25000000006
Stamina
	 Rating: 868193
	 Multiplicative Factor: 11,3%
	 Eff: 868193
Crit
	 Rating: 16628
	 Multiplicative Factor: 0%
	 Eff: 20128
	 DR Bracket: 0
	 Base: 5%
	 Effective Percent: 28,75%
	 Crit Inc Heal: 2
	 Crit Inc Damage: 2
Haste
	 Rating: 12119
	 Multiplicative Factor: 0%
	 Eff: 12900,19
	 DR Bracket: 0
	 Base: 1%
	 Effective Percent: 19,55%
Vers
	 Rating: 6581
	 Multiplicative Factor: 0%
	 Eff: 8921
	 DR Bracket: 0
	 Base: 3%
	 Effective Percent: 11,44%
Leech
	 Rating: 4284
	 Multiplicative Factor: 0%
	 Eff: 6323,99025
	 DR Bracket: 0
	 Base: 2%
	 Effective Percent: 6,2%
Avoidance
	 Rating: 1884
	 Multiplicative Factor: 0%
	 Eff: 1884
	 DR Bracket: 0
	 Base: 0%
	 Effective Percent: 3,46%
Mastery
	 Rating: 28677
	 Multiplicative Factor: 0%
	 Eff: 35541,6
	 DR Bracket: 2
	 Base: 19,8%
	 Effective Percent: 91,39%
----------------------
07:16,070

Intellect
	 Rating: 146396
	 Multiplicative Factor: 13,56%
	 Eff: 146396,25000000006
Stamina
	 Rating: 868193
	 Multiplicative Factor: 11,3%
	 Eff: 868193
Crit
	 Rating: 16628
	 Multiplicative Factor: 0%
	 Eff: 20128
	 DR Bracket: 0
	 Base: 5%
	 Effective Percent: 28,75%
	 Crit Inc Heal: 2
	 Crit Inc Damage: 2
Haste
	 Rating: 12119
	 Multiplicative Factor: 0%
	 Eff: 15243,76
	 DR Bracket: 0
	 Base: 4%
	 Effective Percent: 23,1%
Vers
	 Rating: 6581
	 Multiplicative Factor: 0%
	 Eff: 8921
	 DR Bracket: 0
	 Base: 3%
	 Effective Percent: 11,44%
Leech
	 Rating: 4284
	 Multiplicative Factor: 0%
	 Eff: 6323,99025
	 DR Bracket: 0
	 Base: 2%
	 Effective Percent: 6,2%
Avoidance
	 Rating: 1884
	 Multiplicative Factor: 0%
	 Eff: 1884
	 DR Bracket: 0
	 Base: 0%
	 Effective Percent: 3,46%
Mastery
	 Rating: 28677
	 Multiplicative Factor: 0%
	 Eff: 35541,6
	 DR Bracket: 2
	 Base: 19,8%
	 Effective Percent: 91,39%
----------------------
07:16,095

Intellect
	 Rating: 146396
	 Multiplicative Factor: 13,56%
	 Eff: 146396,25000000006
Stamina
	 Rating: 868193
	 Multiplicative Factor: 11,3%
	 Eff: 868193
Crit
	 Rating: 16628
	 Multiplicative Factor: 0%
	 Eff: 20128
	 DR Bracket: 0
	 Base: 5%
	 Effective Percent: 28,75%
	 Crit Inc Heal: 2
	 Crit Inc Damage: 2
Haste
	 Rating: 12119
	 Multiplicative Factor: 0%
	 Eff: 17587,33
	 DR Bracket: 0
	 Base: 7%
	 Effective Percent: 26,65%
Vers
	 Rating: 6581
	 Multiplicative Factor: 0%
	 Eff: 8921
	 DR Bracket: 0
	 Base: 3%
	 Effective Percent: 11,44%
Leech
	 Rating: 4284
	 Multiplicative Factor: 0%
	 Eff: 6323,99025
	 DR Bracket: 0
	 Base: 2%
	 Effective Percent: 6,2%
Avoidance
	 Rating: 1884
	 Multiplicative Factor: 0%
	 Eff: 1884
	 DR Bracket: 0
	 Base: 0%
	 Effective Percent: 3,46%
Mastery
	 Rating: 28677
	 Multiplicative Factor: 0%
	 Eff: 35541,6
	 DR Bracket: 2
	 Base: 19,8%
	 Effective Percent: 91,39%
----------------------
07:16,095

Intellect
	 Rating: 146396
	 Multiplicative Factor: 13,56%
	 Eff: 146396,25000000006
Stamina
	 Rating: 868193
	 Multiplicative Factor: 11,3%
	 Eff: 868193
Crit
	 Rating: 16628
	 Multiplicative Factor: 0%
	 Eff: 20128
	 DR Bracket: 0
	 Base: 5%
	 Effective Percent: 28,75%
	 Crit Inc Heal: 2
	 Crit Inc Damage: 2
Haste
	 Rating: 12119
	 Multiplicative Factor: 0%
	 Eff: 19930,9
	 DR Bracket: 0
	 Base: 10%
	 Effective Percent: 30,2%
Vers
	 Rating: 6581
	 Multiplicative Factor: 0%
	 Eff: 8921
	 DR Bracket: 0
	 Base: 3%
	 Effective Percent: 11,44%
Leech
	 Rating: 4284
	 Multiplicative Factor: 0%
	 Eff: 6323,99025
	 DR Bracket: 0
	 Base: 2%
	 Effective Percent: 6,2%
Avoidance
	 Rating: 1884
	 Multiplicative Factor: 0%
	 Eff: 1884
	 DR Bracket: 0
	 Base: 0%
	 Effective Percent: 3,46%
Mastery
	 Rating: 28677
	 Multiplicative Factor: 0%
	 Eff: 35541,6
	 DR Bracket: 2
	 Base: 19,8%
	 Effective Percent: 91,39%
----------------------
07:16,918

Intellect
	 Rating: 146396
	 Multiplicative Factor: 13,56%
	 Eff: 146396,25000000006
Stamina
	 Rating: 868193
	 Multiplicative Factor: 11,3%
	 Eff: 868193
Crit
	 Rating: 16628
	 Multiplicative Factor: 0%
	 Eff: 20128
	 DR Bracket: 0
	 Base: 5%
	 Effective Percent: 28,75%
	 Crit Inc Heal: 2
	 Crit Inc Damage: 2
Haste
	 Rating: 12119
	 Multiplicative Factor: 0%
	 Eff: 41804,22
	 DR Bracket: 0
	 Base: 38%
	 Effective Percent: 63,34%
Vers
	 Rating: 6581
	 Multiplicative Factor: 0%
	 Eff: 8921
	 DR Bracket: 0
	 Base: 3%
	 Effective Percent: 11,44%
Leech
	 Rating: 4284
	 Multiplicative Factor: 0%
	 Eff: 6323,99025
	 DR Bracket: 0
	 Base: 2%
	 Effective Percent: 6,2%
Avoidance
	 Rating: 1884
	 Multiplicative Factor: 0%
	 Eff: 1884
	 DR Bracket: 0
	 Base: 0%
	 Effective Percent: 3,46%
Mastery
	 Rating: 28677
	 Multiplicative Factor: 0%
	 Eff: 35541,6
	 DR Bracket: 2
	 Base: 19,8%
	 Effective Percent: 91,39%
----------------------
07:17,912

Intellect
	 Rating: 146396
	 Multiplicative Factor: 13,56%
	 Eff: 146396,25000000006
Stamina
	 Rating: 868193
	 Multiplicative Factor: 11,3%
	 Eff: 868193
Crit
	 Rating: 16628
	 Multiplicative Factor: 0%
	 Eff: 20128
	 DR Bracket: 0
	 Base: 5%
	 Effective Percent: 28,75%
	 Crit Inc Heal: 2
	 Crit Inc Damage: 2
Haste
	 Rating: 12119
	 Multiplicative Factor: 0%
	 Eff: 41023,03
	 DR Bracket: 0
	 Base: 37%
	 Effective Percent: 62,16%
Vers
	 Rating: 6581
	 Multiplicative Factor: 0%
	 Eff: 8921
	 DR Bracket: 0
	 Base: 3%
	 Effective Percent: 11,44%
Leech
	 Rating: 4284
	 Multiplicative Factor: 0%
	 Eff: 6323,99025
	 DR Bracket: 0
	 Base: 2%
	 Effective Percent: 6,2%
Avoidance
	 Rating: 1884
	 Multiplicative Factor: 0%
	 Eff: 1884
	 DR Bracket: 0
	 Base: 0%
	 Effective Percent: 3,46%
Mastery
	 Rating: 28677
	 Multiplicative Factor: 0%
	 Eff: 35541,6
	 DR Bracket: 2
	 Base: 19,8%
	 Effective Percent: 91,39%
----------------------
07:18,915

Intellect
	 Rating: 146396
	 Multiplicative Factor: 13,56%
	 Eff: 146396,25000000006
Stamina
	 Rating: 868193
	 Multiplicative Factor: 11,3%
	 Eff: 868193
Crit
	 Rating: 16628
	 Multiplicative Factor: 0%
	 Eff: 20128
	 DR Bracket: 0
	 Base: 5%
	 Effective Percent: 28,75%
	 Crit Inc Heal: 2
	 Crit Inc Damage: 2
Haste
	 Rating: 12119
	 Multiplicative Factor: 0%
	 Eff: 40241,84
	 DR Bracket: 0
	 Base: 36%
	 Effective Percent: 60,97%
Vers
	 Rating: 6581
	 Multiplicative Factor: 0%
	 Eff: 8921
	 DR Bracket: 0
	 Base: 3%
	 Effective Percent: 11,44%
Leech
	 Rating: 4284
	 Multiplicative Factor: 0%
	 Eff: 6323,99025
	 DR Bracket: 0
	 Base: 2%
	 Effective Percent: 6,2%
Avoidance
	 Rating: 1884
	 Multiplicative Factor: 0%
	 Eff: 1884
	 DR Bracket: 0
	 Base: 0%
	 Effective Percent: 3,46%
Mastery
	 Rating: 28677
	 Multiplicative Factor: 0%
	 Eff: 35541,6
	 DR Bracket: 2
	 Base: 19,8%
	 Effective Percent: 91,39%
----------------------
07:19,512

Intellect
	 Rating: 146396
	 Multiplicative Factor: 13,56%
	 Eff: 146396,25000000006
Stamina
	 Rating: 868193
	 Multiplicative Factor: 11,3%
	 Eff: 868193
Crit
	 Rating: 22613
	 Multiplicative Factor: 0%
	 Eff: 25951,589014795045
	 DR Bracket: 1
	 Base: 5%
	 Effective Percent: 37,07%
	 Crit Inc Heal: 2
	 Crit Inc Damage: 2
Haste
	 Rating: 12119
	 Multiplicative Factor: 0%
	 Eff: 40241,84
	 DR Bracket: 0
	 Base: 36%
	 Effective Percent: 60,97%
Vers
	 Rating: 6581
	 Multiplicative Factor: 0%
	 Eff: 8921
	 DR Bracket: 0
	 Base: 3%
	 Effective Percent: 11,44%
Leech
	 Rating: 4284
	 Multiplicative Factor: 0%
	 Eff: 6323,99025
	 DR Bracket: 0
	 Base: 2%
	 Effective Percent: 6,2%
Avoidance
	 Rating: 1884
	 Multiplicative Factor: 0%
	 Eff: 1884
	 DR Bracket: 0
	 Base: 0%
	 Effective Percent: 3,46%
Mastery
	 Rating: 28677
	 Multiplicative Factor: 0%
	 Eff: 35541,6
	 DR Bracket: 2
	 Base: 19,8%
	 Effective Percent: 91,39%
----------------------
07:19,918

Intellect
	 Rating: 146396
	 Multiplicative Factor: 13,56%
	 Eff: 146396,25000000006
Stamina
	 Rating: 868193
	 Multiplicative Factor: 11,3%
	 Eff: 868193
Crit
	 Rating: 22613
	 Multiplicative Factor: 0%
	 Eff: 25951,589014795045
	 DR Bracket: 1
	 Base: 5%
	 Effective Percent: 37,07%
	 Crit Inc Heal: 2
	 Crit Inc Damage: 2
Haste
	 Rating: 12119
	 Multiplicative Factor: 0%
	 Eff: 39460,65
	 DR Bracket: 0
	 Base: 35%
	 Effective Percent: 59,79%
Vers
	 Rating: 6581
	 Multiplicative Factor: 0%
	 Eff: 8921
	 DR Bracket: 0
	 Base: 3%
	 Effective Percent: 11,44%
Leech
	 Rating: 4284
	 Multiplicative Factor: 0%
	 Eff: 6323,99025
	 DR Bracket: 0
	 Base: 2%
	 Effective Percent: 6,2%
Avoidance
	 Rating: 1884
	 Multiplicative Factor: 0%
	 Eff: 1884
	 DR Bracket: 0
	 Base: 0%
	 Effective Percent: 3,46%
Mastery
	 Rating: 28677
	 Multiplicative Factor: 0%
	 Eff: 35541,6
	 DR Bracket: 2
	 Base: 19,8%
	 Effective Percent: 91,39%
----------------------
07:20,899

Intellect
	 Rating: 146396
	 Multiplicative Factor: 13,56%
	 Eff: 146396,25000000006
Stamina
	 Rating: 868193
	 Multiplicative Factor: 11,3%
	 Eff: 868193
Crit
	 Rating: 22613
	 Multiplicative Factor: 0%
	 Eff: 25951,589014795045
	 DR Bracket: 1
	 Base: 5%
	 Effective Percent: 37,07%
	 Crit Inc Heal: 2
	 Crit Inc Damage: 2
Haste
	 Rating: 12119
	 Multiplicative Factor: 0%
	 Eff: 38679,46000000001
	 DR Bracket: 0
	 Base: 34%
	 Effective Percent: 58,61%
Vers
	 Rating: 6581
	 Multiplicative Factor: 0%
	 Eff: 8921
	 DR Bracket: 0
	 Base: 3%
	 Effective Percent: 11,44%
Leech
	 Rating: 4284
	 Multiplicative Factor: 0%
	 Eff: 6323,99025
	 DR Bracket: 0
	 Base: 2%
	 Effective Percent: 6,2%
Avoidance
	 Rating: 1884
	 Multiplicative Factor: 0%
	 Eff: 1884
	 DR Bracket: 0
	 Base: 0%
	 Effective Percent: 3,46%
Mastery
	 Rating: 28677
	 Multiplicative Factor: 0%
	 Eff: 35541,6
	 DR Bracket: 2
	 Base: 19,8%
	 Effective Percent: 91,39%
----------------------
07:21,915

Intellect
	 Rating: 146396
	 Multiplicative Factor: 13,56%
	 Eff: 146396,25000000006
Stamina
	 Rating: 868193
	 Multiplicative Factor: 11,3%
	 Eff: 868193
Crit
	 Rating: 22613
	 Multiplicative Factor: 0%
	 Eff: 25951,589014795045
	 DR Bracket: 1
	 Base: 5%
	 Effective Percent: 37,07%
	 Crit Inc Heal: 2
	 Crit Inc Damage: 2
Haste
	 Rating: 12119
	 Multiplicative Factor: 0%
	 Eff: 37898,270000000004
	 DR Bracket: 0
	 Base: 33%
	 Effective Percent: 57,42%
Vers
	 Rating: 6581
	 Multiplicative Factor: 0%
	 Eff: 8921
	 DR Bracket: 0
	 Base: 3%
	 Effective Percent: 11,44%
Leech
	 Rating: 4284
	 Multiplicative Factor: 0%
	 Eff: 6323,99025
	 DR Bracket: 0
	 Base: 2%
	 Effective Percent: 6,2%
Avoidance
	 Rating: 1884
	 Multiplicative Factor: 0%
	 Eff: 1884
	 DR Bracket: 0
	 Base: 0%
	 Effective Percent: 3,46%
Mastery
	 Rating: 28677
	 Multiplicative Factor: 0%
	 Eff: 35541,6
	 DR Bracket: 2
	 Base: 19,8%
	 Effective Percent: 91,39%
----------------------
07:22,904

Intellect
	 Rating: 146396
	 Multiplicative Factor: 13,56%
	 Eff: 146396,25000000006
Stamina
	 Rating: 868193
	 Multiplicative Factor: 11,3%
	 Eff: 868193
Crit
	 Rating: 22613
	 Multiplicative Factor: 0%
	 Eff: 25951,589014795045
	 DR Bracket: 1
	 Base: 5%
	 Effective Percent: 37,07%
	 Crit Inc Heal: 2
	 Crit Inc Damage: 2
Haste
	 Rating: 12119
	 Multiplicative Factor: 0%
	 Eff: 37117,08
	 DR Bracket: 0
	 Base: 32%
	 Effective Percent: 56,24%
Vers
	 Rating: 6581
	 Multiplicative Factor: 0%
	 Eff: 8921
	 DR Bracket: 0
	 Base: 3%
	 Effective Percent: 11,44%
Leech
	 Rating: 4284
	 Multiplicative Factor: 0%
	 Eff: 6323,99025
	 DR Bracket: 0
	 Base: 2%
	 Effective Percent: 6,2%
Avoidance
	 Rating: 1884
	 Multiplicative Factor: 0%
	 Eff: 1884
	 DR Bracket: 0
	 Base: 0%
	 Effective Percent: 3,46%
Mastery
	 Rating: 28677
	 Multiplicative Factor: 0%
	 Eff: 35541,6
	 DR Bracket: 2
	 Base: 19,8%
	 Effective Percent: 91,39%
----------------------
07:23,911

Intellect
	 Rating: 146396
	 Multiplicative Factor: 13,56%
	 Eff: 146396,25000000006
Stamina
	 Rating: 868193
	 Multiplicative Factor: 11,3%
	 Eff: 868193
Crit
	 Rating: 22613
	 Multiplicative Factor: 0%
	 Eff: 25951,589014795045
	 DR Bracket: 1
	 Base: 5%
	 Effective Percent: 37,07%
	 Crit Inc Heal: 2
	 Crit Inc Damage: 2
Haste
	 Rating: 12119
	 Multiplicative Factor: 0%
	 Eff: 36335,89
	 DR Bracket: 0
	 Base: 31%
	 Effective Percent: 55,05%
Vers
	 Rating: 6581
	 Multiplicative Factor: 0%
	 Eff: 8921
	 DR Bracket: 0
	 Base: 3%
	 Effective Percent: 11,44%
Leech
	 Rating: 4284
	 Multiplicative Factor: 0%
	 Eff: 6323,99025
	 DR Bracket: 0
	 Base: 2%
	 Effective Percent: 6,2%
Avoidance
	 Rating: 1884
	 Multiplicative Factor: 0%
	 Eff: 1884
	 DR Bracket: 0
	 Base: 0%
	 Effective Percent: 3,46%
Mastery
	 Rating: 28677
	 Multiplicative Factor: 0%
	 Eff: 35541,6
	 DR Bracket: 2
	 Base: 19,8%
	 Effective Percent: 91,39%
----------------------
07:24,085

Intellect
	 Rating: 146396
	 Multiplicative Factor: 13,56%
	 Eff: 146396,25000000006
Stamina
	 Rating: 868193
	 Multiplicative Factor: 11,3%
	 Eff: 868193
Crit
	 Rating: 22613
	 Multiplicative Factor: 0%
	 Eff: 25951,589014795045
	 DR Bracket: 1
	 Base: 5%
	 Effective Percent: 37,07%
	 Crit Inc Heal: 2
	 Crit Inc Damage: 2
Haste
	 Rating: 12119
	 Multiplicative Factor: 0%
	 Eff: 29305,18
	 DR Bracket: 0
	 Base: 22%
	 Effective Percent: 44,4%
Vers
	 Rating: 6581
	 Multiplicative Factor: 0%
	 Eff: 8921
	 DR Bracket: 0
	 Base: 3%
	 Effective Percent: 11,44%
Leech
	 Rating: 4284
	 Multiplicative Factor: 0%
	 Eff: 6323,99025
	 DR Bracket: 0
	 Base: 2%
	 Effective Percent: 6,2%
Avoidance
	 Rating: 1884
	 Multiplicative Factor: 0%
	 Eff: 1884
	 DR Bracket: 0
	 Base: 0%
	 Effective Percent: 3,46%
Mastery
	 Rating: 28677
	 Multiplicative Factor: 0%
	 Eff: 35541,6
	 DR Bracket: 2
	 Base: 19,8%
	 Effective Percent: 91,39%
----------------------
07:24,896

Intellect
	 Rating: 146396
	 Multiplicative Factor: 13,56%
	 Eff: 146396,25000000006
Stamina
	 Rating: 868193
	 Multiplicative Factor: 11,3%
	 Eff: 868193
Crit
	 Rating: 22613
	 Multiplicative Factor: 0%
	 Eff: 25951,589014795045
	 DR Bracket: 1
	 Base: 5%
	 Effective Percent: 37,07%
	 Crit Inc Heal: 2
	 Crit Inc Damage: 2
Haste
	 Rating: 12119
	 Multiplicative Factor: 0%
	 Eff: 28523,99
	 DR Bracket: 0
	 Base: 21%
	 Effective Percent: 43,22%
Vers
	 Rating: 6581
	 Multiplicative Factor: 0%
	 Eff: 8921
	 DR Bracket: 0
	 Base: 3%
	 Effective Percent: 11,44%
Leech
	 Rating: 4284
	 Multiplicative Factor: 0%
	 Eff: 6323,99025
	 DR Bracket: 0
	 Base: 2%
	 Effective Percent: 6,2%
Avoidance
	 Rating: 1884
	 Multiplicative Factor: 0%
	 Eff: 1884
	 DR Bracket: 0
	 Base: 0%
	 Effective Percent: 3,46%
Mastery
	 Rating: 28677
	 Multiplicative Factor: 0%
	 Eff: 35541,6
	 DR Bracket: 2
	 Base: 19,8%
	 Effective Percent: 91,39%
----------------------
07:25,913

Intellect
	 Rating: 146396
	 Multiplicative Factor: 13,56%
	 Eff: 146396,25000000006
Stamina
	 Rating: 868193
	 Multiplicative Factor: 11,3%
	 Eff: 868193
Crit
	 Rating: 22613
	 Multiplicative Factor: 0%
	 Eff: 25951,589014795045
	 DR Bracket: 1
	 Base: 5%
	 Effective Percent: 37,07%
	 Crit Inc Heal: 2
	 Crit Inc Damage: 2
Haste
	 Rating: 12119
	 Multiplicative Factor: 0%
	 Eff: 27742,800000000003
	 DR Bracket: 0
	 Base: 20%
	 Effective Percent: 42,03%
Vers
	 Rating: 6581
	 Multiplicative Factor: 0%
	 Eff: 8921
	 DR Bracket: 0
	 Base: 3%
	 Effective Percent: 11,44%
Leech
	 Rating: 4284
	 Multiplicative Factor: 0%
	 Eff: 6323,99025
	 DR Bracket: 0
	 Base: 2%
	 Effective Percent: 6,2%
Avoidance
	 Rating: 1884
	 Multiplicative Factor: 0%
	 Eff: 1884
	 DR Bracket: 0
	 Base: 0%
	 Effective Percent: 3,46%
Mastery
	 Rating: 28677
	 Multiplicative Factor: 0%
	 Eff: 35541,6
	 DR Bracket: 2
	 Base: 19,8%
	 Effective Percent: 91,39%
----------------------
07:26,892

Intellect
	 Rating: 146396
	 Multiplicative Factor: 13,56%
	 Eff: 146396,25000000006
Stamina
	 Rating: 868193
	 Multiplicative Factor: 11,3%
	 Eff: 868193
Crit
	 Rating: 22613
	 Multiplicative Factor: 0%
	 Eff: 25951,589014795045
	 DR Bracket: 1
	 Base: 5%
	 Effective Percent: 37,07%
	 Crit Inc Heal: 2
	 Crit Inc Damage: 2
Haste
	 Rating: 12119
	 Multiplicative Factor: 0%
	 Eff: 26961,61
	 DR Bracket: 0
	 Base: 19%
	 Effective Percent: 40,85%
Vers
	 Rating: 6581
	 Multiplicative Factor: 0%
	 Eff: 8921
	 DR Bracket: 0
	 Base: 3%
	 Effective Percent: 11,44%
Leech
	 Rating: 4284
	 Multiplicative Factor: 0%
	 Eff: 6323,99025
	 DR Bracket: 0
	 Base: 2%
	 Effective Percent: 6,2%
Avoidance
	 Rating: 1884
	 Multiplicative Factor: 0%
	 Eff: 1884
	 DR Bracket: 0
	 Base: 0%
	 Effective Percent: 3,46%
Mastery
	 Rating: 28677
	 Multiplicative Factor: 0%
	 Eff: 35541,6
	 DR Bracket: 2
	 Base: 19,8%
	 Effective Percent: 91,39%
----------------------
07:27,319

Intellect
	 Rating: 146396
	 Multiplicative Factor: 13,56%
	 Eff: 146396,25000000006
Stamina
	 Rating: 868193
	 Multiplicative Factor: 11,3%
	 Eff: 868193
Crit
	 Rating: 22613
	 Multiplicative Factor: 0%
	 Eff: 25951,589014795045
	 DR Bracket: 1
	 Base: 5%
	 Effective Percent: 37,07%
	 Crit Inc Heal: 2,6
	 Crit Inc Damage: 2
Haste
	 Rating: 12119
	 Multiplicative Factor: 0%
	 Eff: 26961,61
	 DR Bracket: 0
	 Base: 19%
	 Effective Percent: 40,85%
Vers
	 Rating: 6581
	 Multiplicative Factor: 0%
	 Eff: 8921
	 DR Bracket: 0
	 Base: 3%
	 Effective Percent: 11,44%
Leech
	 Rating: 4284
	 Multiplicative Factor: 0%
	 Eff: 6323,99025
	 DR Bracket: 0
	 Base: 2%
	 Effective Percent: 6,2%
Avoidance
	 Rating: 1884
	 Multiplicative Factor: 0%
	 Eff: 1884
	 DR Bracket: 0
	 Base: 0%
	 Effective Percent: 3,46%
Mastery
	 Rating: 28677
	 Multiplicative Factor: 0%
	 Eff: 35541,6
	 DR Bracket: 2
	 Base: 19,8%
	 Effective Percent: 91,39%
----------------------
07:27,924

Intellect
	 Rating: 146396
	 Multiplicative Factor: 13,56%
	 Eff: 146396,25000000006
Stamina
	 Rating: 868193
	 Multiplicative Factor: 11,3%
	 Eff: 868193
Crit
	 Rating: 22613
	 Multiplicative Factor: 0%
	 Eff: 25951,589014795045
	 DR Bracket: 1
	 Base: 5%
	 Effective Percent: 37,07%
	 Crit Inc Heal: 2,6
	 Crit Inc Damage: 2
Haste
	 Rating: 12119
	 Multiplicative Factor: 0%
	 Eff: 26180,42
	 DR Bracket: 0
	 Base: 18%
	 Effective Percent: 39,67%
Vers
	 Rating: 6581
	 Multiplicative Factor: 0%
	 Eff: 8921
	 DR Bracket: 0
	 Base: 3%
	 Effective Percent: 11,44%
Leech
	 Rating: 4284
	 Multiplicative Factor: 0%
	 Eff: 6323,99025
	 DR Bracket: 0
	 Base: 2%
	 Effective Percent: 6,2%
Avoidance
	 Rating: 1884
	 Multiplicative Factor: 0%
	 Eff: 1884
	 DR Bracket: 0
	 Base: 0%
	 Effective Percent: 3,46%
Mastery
	 Rating: 28677
	 Multiplicative Factor: 0%
	 Eff: 35541,6
	 DR Bracket: 2
	 Base: 19,8%
	 Effective Percent: 91,39%
----------------------
07:28,907

Intellect
	 Rating: 146396
	 Multiplicative Factor: 13,56%
	 Eff: 146396,25000000006
Stamina
	 Rating: 868193
	 Multiplicative Factor: 11,3%
	 Eff: 868193
Crit
	 Rating: 22613
	 Multiplicative Factor: 0%
	 Eff: 25951,589014795045
	 DR Bracket: 1
	 Base: 5%
	 Effective Percent: 37,07%
	 Crit Inc Heal: 2,6
	 Crit Inc Damage: 2
Haste
	 Rating: 12119
	 Multiplicative Factor: 0%
	 Eff: 25399,230000000003
	 DR Bracket: 0
	 Base: 17%
	 Effective Percent: 38,48%
Vers
	 Rating: 6581
	 Multiplicative Factor: 0%
	 Eff: 8921
	 DR Bracket: 0
	 Base: 3%
	 Effective Percent: 11,44%
Leech
	 Rating: 4284
	 Multiplicative Factor: 0%
	 Eff: 6323,99025
	 DR Bracket: 0
	 Base: 2%
	 Effective Percent: 6,2%
Avoidance
	 Rating: 1884
	 Multiplicative Factor: 0%
	 Eff: 1884
	 DR Bracket: 0
	 Base: 0%
	 Effective Percent: 3,46%
Mastery
	 Rating: 28677
	 Multiplicative Factor: 0%
	 Eff: 35541,6
	 DR Bracket: 2
	 Base: 19,8%
	 Effective Percent: 91,39%
----------------------
07:29,511

Intellect
	 Rating: 146396
	 Multiplicative Factor: 13,56%
	 Eff: 146396,25000000006
Stamina
	 Rating: 868193
	 Multiplicative Factor: 11,3%
	 Eff: 868193
Crit
	 Rating: 16628
	 Multiplicative Factor: 0%
	 Eff: 20128
	 DR Bracket: 0
	 Base: 5%
	 Effective Percent: 28,75%
	 Crit Inc Heal: 2,6
	 Crit Inc Damage: 2
Haste
	 Rating: 12119
	 Multiplicative Factor: 0%
	 Eff: 25399,230000000003
	 DR Bracket: 0
	 Base: 17%
	 Effective Percent: 38,48%
Vers
	 Rating: 6581
	 Multiplicative Factor: 0%
	 Eff: 8921
	 DR Bracket: 0
	 Base: 3%
	 Effective Percent: 11,44%
Leech
	 Rating: 4284
	 Multiplicative Factor: 0%
	 Eff: 6323,99025
	 DR Bracket: 0
	 Base: 2%
	 Effective Percent: 6,2%
Avoidance
	 Rating: 1884
	 Multiplicative Factor: 0%
	 Eff: 1884
	 DR Bracket: 0
	 Base: 0%
	 Effective Percent: 3,46%
Mastery
	 Rating: 28677
	 Multiplicative Factor: 0%
	 Eff: 35541,6
	 DR Bracket: 2
	 Base: 19,8%
	 Effective Percent: 91,39%
----------------------
07:29,907

Intellect
	 Rating: 146396
	 Multiplicative Factor: 13,56%
	 Eff: 146396,25000000006
Stamina
	 Rating: 868193
	 Multiplicative Factor: 11,3%
	 Eff: 868193
Crit
	 Rating: 16628
	 Multiplicative Factor: 0%
	 Eff: 20128
	 DR Bracket: 0
	 Base: 5%
	 Effective Percent: 28,75%
	 Crit Inc Heal: 2,6
	 Crit Inc Damage: 2
Haste
	 Rating: 12119
	 Multiplicative Factor: 0%
	 Eff: 24618,04
	 DR Bracket: 0
	 Base: 16%
	 Effective Percent: 37,3%
Vers
	 Rating: 6581
	 Multiplicative Factor: 0%
	 Eff: 8921
	 DR Bracket: 0
	 Base: 3%
	 Effective Percent: 11,44%
Leech
	 Rating: 4284
	 Multiplicative Factor: 0%
	 Eff: 6323,99025
	 DR Bracket: 0
	 Base: 2%
	 Effective Percent: 6,2%
Avoidance
	 Rating: 1884
	 Multiplicative Factor: 0%
	 Eff: 1884
	 DR Bracket: 0
	 Base: 0%
	 Effective Percent: 3,46%
Mastery
	 Rating: 28677
	 Multiplicative Factor: 0%
	 Eff: 35541,6
	 DR Bracket: 2
	 Base: 19,8%
	 Effective Percent: 91,39%
----------------------
07:30,908

Intellect
	 Rating: 146396
	 Multiplicative Factor: 13,56%
	 Eff: 146396,25000000006
Stamina
	 Rating: 868193
	 Multiplicative Factor: 11,3%
	 Eff: 868193
Crit
	 Rating: 16628
	 Multiplicative Factor: 0%
	 Eff: 20128
	 DR Bracket: 0
	 Base: 5%
	 Effective Percent: 28,75%
	 Crit Inc Heal: 2,6
	 Crit Inc Damage: 2
Haste
	 Rating: 12119
	 Multiplicative Factor: 0%
	 Eff: 23836,85
	 DR Bracket: 0
	 Base: 15%
	 Effective Percent: 36,12%
Vers
	 Rating: 6581
	 Multiplicative Factor: 0%
	 Eff: 8921
	 DR Bracket: 0
	 Base: 3%
	 Effective Percent: 11,44%
Leech
	 Rating: 4284
	 Multiplicative Factor: 0%
	 Eff: 6323,99025
	 DR Bracket: 0
	 Base: 2%
	 Effective Percent: 6,2%
Avoidance
	 Rating: 1884
	 Multiplicative Factor: 0%
	 Eff: 1884
	 DR Bracket: 0
	 Base: 0%
	 Effective Percent: 3,46%
Mastery
	 Rating: 28677
	 Multiplicative Factor: 0%
	 Eff: 35541,6
	 DR Bracket: 2
	 Base: 19,8%
	 Effective Percent: 91,39%
----------------------
07:31,904

Intellect
	 Rating: 146396
	 Multiplicative Factor: 13,56%
	 Eff: 146396,25000000006
Stamina
	 Rating: 868193
	 Multiplicative Factor: 11,3%
	 Eff: 868193
Crit
	 Rating: 16628
	 Multiplicative Factor: 0%
	 Eff: 20128
	 DR Bracket: 0
	 Base: 5%
	 Effective Percent: 28,75%
	 Crit Inc Heal: 2,6
	 Crit Inc Damage: 2
Haste
	 Rating: 12119
	 Multiplicative Factor: 0%
	 Eff: 23055,66
	 DR Bracket: 0
	 Base: 14%
	 Effective Percent: 34,93%
Vers
	 Rating: 6581
	 Multiplicative Factor: 0%
	 Eff: 8921
	 DR Bracket: 0
	 Base: 3%
	 Effective Percent: 11,44%
Leech
	 Rating: 4284
	 Multiplicative Factor: 0%
	 Eff: 6323,99025
	 DR Bracket: 0
	 Base: 2%
	 Effective Percent: 6,2%
Avoidance
	 Rating: 1884
	 Multiplicative Factor: 0%
	 Eff: 1884
	 DR Bracket: 0
	 Base: 0%
	 Effective Percent: 3,46%
Mastery
	 Rating: 28677
	 Multiplicative Factor: 0%
	 Eff: 35541,6
	 DR Bracket: 2
	 Base: 19,8%
	 Effective Percent: 91,39%
----------------------
07:32,899

Intellect
	 Rating: 146396
	 Multiplicative Factor: 13,56%
	 Eff: 146396,25000000006
Stamina
	 Rating: 868193
	 Multiplicative Factor: 11,3%
	 Eff: 868193
Crit
	 Rating: 16628
	 Multiplicative Factor: 0%
	 Eff: 20128
	 DR Bracket: 0
	 Base: 5%
	 Effective Percent: 28,75%
	 Crit Inc Heal: 2,6
	 Crit Inc Damage: 2
Haste
	 Rating: 12119
	 Multiplicative Factor: 0%
	 Eff: 22274,47
	 DR Bracket: 0
	 Base: 13%
	 Effective Percent: 33,75%
Vers
	 Rating: 6581
	 Multiplicative Factor: 0%
	 Eff: 8921
	 DR Bracket: 0
	 Base: 3%
	 Effective Percent: 11,44%
Leech
	 Rating: 4284
	 Multiplicative Factor: 0%
	 Eff: 6323,99025
	 DR Bracket: 0
	 Base: 2%
	 Effective Percent: 6,2%
Avoidance
	 Rating: 1884
	 Multiplicative Factor: 0%
	 Eff: 1884
	 DR Bracket: 0
	 Base: 0%
	 Effective Percent: 3,46%
Mastery
	 Rating: 28677
	 Multiplicative Factor: 0%
	 Eff: 35541,6
	 DR Bracket: 2
	 Base: 19,8%
	 Effective Percent: 91,39%
----------------------
07:33,908

Intellect
	 Rating: 146396
	 Multiplicative Factor: 13,56%
	 Eff: 146396,25000000006
Stamina
	 Rating: 868193
	 Multiplicative Factor: 11,3%
	 Eff: 868193
Crit
	 Rating: 16628
	 Multiplicative Factor: 0%
	 Eff: 20128
	 DR Bracket: 0
	 Base: 5%
	 Effective Percent: 28,75%
	 Crit Inc Heal: 2,6
	 Crit Inc Damage: 2
Haste
	 Rating: 12119
	 Multiplicative Factor: 0%
	 Eff: 21493,28
	 DR Bracket: 0
	 Base: 12%
	 Effective Percent: 32,57%
Vers
	 Rating: 6581
	 Multiplicative Factor: 0%
	 Eff: 8921
	 DR Bracket: 0
	 Base: 3%
	 Effective Percent: 11,44%
Leech
	 Rating: 4284
	 Multiplicative Factor: 0%
	 Eff: 6323,99025
	 DR Bracket: 0
	 Base: 2%
	 Effective Percent: 6,2%
Avoidance
	 Rating: 1884
	 Multiplicative Factor: 0%
	 Eff: 1884
	 DR Bracket: 0
	 Base: 0%
	 Effective Percent: 3,46%
Mastery
	 Rating: 28677
	 Multiplicative Factor: 0%
	 Eff: 35541,6
	 DR Bracket: 2
	 Base: 19,8%
	 Effective Percent: 91,39%
----------------------
07:34,513

Intellect
	 Rating: 139425
	 Multiplicative Factor: 8,15%
	 Eff: 139425,00000000006
Stamina
	 Rating: 868193
	 Multiplicative Factor: 11,3%
	 Eff: 868193
Crit
	 Rating: 16628
	 Multiplicative Factor: 0%
	 Eff: 20128
	 DR Bracket: 0
	 Base: 5%
	 Effective Percent: 28,75%
	 Crit Inc Heal: 2,6
	 Crit Inc Damage: 2
Haste
	 Rating: 12119
	 Multiplicative Factor: 0%
	 Eff: 21493,28
	 DR Bracket: 0
	 Base: 12%
	 Effective Percent: 32,57%
Vers
	 Rating: 6581
	 Multiplicative Factor: 0%
	 Eff: 8921
	 DR Bracket: 0
	 Base: 3%
	 Effective Percent: 11,44%
Leech
	 Rating: 4284
	 Multiplicative Factor: 0%
	 Eff: 6323,99025
	 DR Bracket: 0
	 Base: 2%
	 Effective Percent: 6,2%
Avoidance
	 Rating: 1884
	 Multiplicative Factor: 0%
	 Eff: 1884
	 DR Bracket: 0
	 Base: 0%
	 Effective Percent: 3,46%
Mastery
	 Rating: 28677
	 Multiplicative Factor: 0%
	 Eff: 35541,6
	 DR Bracket: 2
	 Base: 19,8%
	 Effective Percent: 91,39%
----------------------
07:34,901

Intellect
	 Rating: 139425
	 Multiplicative Factor: 8,15%
	 Eff: 139425,00000000006
Stamina
	 Rating: 868193
	 Multiplicative Factor: 11,3%
	 Eff: 868193
Crit
	 Rating: 16628
	 Multiplicative Factor: 0%
	 Eff: 20128
	 DR Bracket: 0
	 Base: 5%
	 Effective Percent: 28,75%
	 Crit Inc Heal: 2,6
	 Crit Inc Damage: 2
Haste
	 Rating: 12119
	 Multiplicative Factor: 0%
	 Eff: 20712,09
	 DR Bracket: 0
	 Base: 11%
	 Effective Percent: 31,38%
Vers
	 Rating: 6581
	 Multiplicative Factor: 0%
	 Eff: 8921
	 DR Bracket: 0
	 Base: 3%
	 Effective Percent: 11,44%
Leech
	 Rating: 4284
	 Multiplicative Factor: 0%
	 Eff: 6323,99025
	 DR Bracket: 0
	 Base: 2%
	 Effective Percent: 6,2%
Avoidance
	 Rating: 1884
	 Multiplicative Factor: 0%
	 Eff: 1884
	 DR Bracket: 0
	 Base: 0%
	 Effective Percent: 3,46%
Mastery
	 Rating: 28677
	 Multiplicative Factor: 0%
	 Eff: 35541,6
	 DR Bracket: 2
	 Base: 19,8%
	 Effective Percent: 91,39%
----------------------
07:35,086

Intellect
	 Rating: 139425
	 Multiplicative Factor: 8,15%
	 Eff: 139425,00000000006
Stamina
	 Rating: 868193
	 Multiplicative Factor: 11,3%
	 Eff: 868193
Crit
	 Rating: 16628
	 Multiplicative Factor: 0%
	 Eff: 20128
	 DR Bracket: 0
	 Base: 5%
	 Effective Percent: 28,75%
	 Crit Inc Heal: 2,6
	 Crit Inc Damage: 2
Haste
	 Rating: 12119
	 Multiplicative Factor: 0%
	 Eff: 23055,66
	 DR Bracket: 0
	 Base: 14%
	 Effective Percent: 34,93%
Vers
	 Rating: 6581
	 Multiplicative Factor: 0%
	 Eff: 8921
	 DR Bracket: 0
	 Base: 3%
	 Effective Percent: 11,44%
Leech
	 Rating: 4284
	 Multiplicative Factor: 0%
	 Eff: 6323,99025
	 DR Bracket: 0
	 Base: 2%
	 Effective Percent: 6,2%
Avoidance
	 Rating: 1884
	 Multiplicative Factor: 0%
	 Eff: 1884
	 DR Bracket: 0
	 Base: 0%
	 Effective Percent: 3,46%
Mastery
	 Rating: 28677
	 Multiplicative Factor: 0%
	 Eff: 35541,6
	 DR Bracket: 2
	 Base: 19,8%
	 Effective Percent: 91,39%
----------------------
07:35,128

Intellect
	 Rating: 139425
	 Multiplicative Factor: 8,15%
	 Eff: 139425,00000000006
Stamina
	 Rating: 868193
	 Multiplicative Factor: 11,3%
	 Eff: 868193
Crit
	 Rating: 16628
	 Multiplicative Factor: 0%
	 Eff: 20128
	 DR Bracket: 0
	 Base: 5%
	 Effective Percent: 28,75%
	 Crit Inc Heal: 2,6
	 Crit Inc Damage: 2
Haste
	 Rating: 12119
	 Multiplicative Factor: 0%
	 Eff: 25399,230000000003
	 DR Bracket: 0
	 Base: 17%
	 Effective Percent: 38,48%
Vers
	 Rating: 6581
	 Multiplicative Factor: 0%
	 Eff: 8921
	 DR Bracket: 0
	 Base: 3%
	 Effective Percent: 11,44%
Leech
	 Rating: 4284
	 Multiplicative Factor: 0%
	 Eff: 6323,99025
	 DR Bracket: 0
	 Base: 2%
	 Effective Percent: 6,2%
Avoidance
	 Rating: 1884
	 Multiplicative Factor: 0%
	 Eff: 1884
	 DR Bracket: 0
	 Base: 0%
	 Effective Percent: 3,46%
Mastery
	 Rating: 28677
	 Multiplicative Factor: 0%
	 Eff: 35541,6
	 DR Bracket: 2
	 Base: 19,8%
	 Effective Percent: 91,39%
----------------------
07:35,129

Intellect
	 Rating: 139425
	 Multiplicative Factor: 8,15%
	 Eff: 139425,00000000006
Stamina
	 Rating: 868193
	 Multiplicative Factor: 11,3%
	 Eff: 868193
Crit
	 Rating: 16628
	 Multiplicative Factor: 0%
	 Eff: 20128
	 DR Bracket: 0
	 Base: 5%
	 Effective Percent: 28,75%
	 Crit Inc Heal: 2,6
	 Crit Inc Damage: 2
Haste
	 Rating: 12119
	 Multiplicative Factor: 0%
	 Eff: 27742,800000000003
	 DR Bracket: 0
	 Base: 20%
	 Effective Percent: 42,03%
Vers
	 Rating: 6581
	 Multiplicative Factor: 0%
	 Eff: 8921
	 DR Bracket: 0
	 Base: 3%
	 Effective Percent: 11,44%
Leech
	 Rating: 4284
	 Multiplicative Factor: 0%
	 Eff: 6323,99025
	 DR Bracket: 0
	 Base: 2%
	 Effective Percent: 6,2%
Avoidance
	 Rating: 1884
	 Multiplicative Factor: 0%
	 Eff: 1884
	 DR Bracket: 0
	 Base: 0%
	 Effective Percent: 3,46%
Mastery
	 Rating: 28677
	 Multiplicative Factor: 0%
	 Eff: 35541,6
	 DR Bracket: 2
	 Base: 19,8%
	 Effective Percent: 91,39%
----------------------
07:35,910

Intellect
	 Rating: 139425
	 Multiplicative Factor: 8,15%
	 Eff: 139425,00000000006
Stamina
	 Rating: 868193
	 Multiplicative Factor: 11,3%
	 Eff: 868193
Crit
	 Rating: 16628
	 Multiplicative Factor: 0%
	 Eff: 20128
	 DR Bracket: 0
	 Base: 5%
	 Effective Percent: 28,75%
	 Crit Inc Heal: 2,6
	 Crit Inc Damage: 2
Haste
	 Rating: 12119
	 Multiplicative Factor: 0%
	 Eff: 26961,61
	 DR Bracket: 0
	 Base: 19%
	 Effective Percent: 40,85%
Vers
	 Rating: 6581
	 Multiplicative Factor: 0%
	 Eff: 8921
	 DR Bracket: 0
	 Base: 3%
	 Effective Percent: 11,44%
Leech
	 Rating: 4284
	 Multiplicative Factor: 0%
	 Eff: 6323,99025
	 DR Bracket: 0
	 Base: 2%
	 Effective Percent: 6,2%
Avoidance
	 Rating: 1884
	 Multiplicative Factor: 0%
	 Eff: 1884
	 DR Bracket: 0
	 Base: 0%
	 Effective Percent: 3,46%
Mastery
	 Rating: 28677
	 Multiplicative Factor: 0%
	 Eff: 35541,6
	 DR Bracket: 2
	 Base: 19,8%
	 Effective Percent: 91,39%
----------------------
07:36,902

Intellect
	 Rating: 139425
	 Multiplicative Factor: 8,15%
	 Eff: 139425,00000000006
Stamina
	 Rating: 868193
	 Multiplicative Factor: 11,3%
	 Eff: 868193
Crit
	 Rating: 16628
	 Multiplicative Factor: 0%
	 Eff: 20128
	 DR Bracket: 0
	 Base: 5%
	 Effective Percent: 28,75%
	 Crit Inc Heal: 2,6
	 Crit Inc Damage: 2
Haste
	 Rating: 12119
	 Multiplicative Factor: 0%
	 Eff: 26180,42
	 DR Bracket: 0
	 Base: 18%
	 Effective Percent: 39,67%
Vers
	 Rating: 6581
	 Multiplicative Factor: 0%
	 Eff: 8921
	 DR Bracket: 0
	 Base: 3%
	 Effective Percent: 11,44%
Leech
	 Rating: 4284
	 Multiplicative Factor: 0%
	 Eff: 6323,99025
	 DR Bracket: 0
	 Base: 2%
	 Effective Percent: 6,2%
Avoidance
	 Rating: 1884
	 Multiplicative Factor: 0%
	 Eff: 1884
	 DR Bracket: 0
	 Base: 0%
	 Effective Percent: 3,46%
Mastery
	 Rating: 28677
	 Multiplicative Factor: 0%
	 Eff: 35541,6
	 DR Bracket: 2
	 Base: 19,8%
	 Effective Percent: 91,39%
----------------------
07:37,900

Intellect
	 Rating: 139425
	 Multiplicative Factor: 8,15%
	 Eff: 139425,00000000006
Stamina
	 Rating: 868193
	 Multiplicative Factor: 11,3%
	 Eff: 868193
Crit
	 Rating: 16628
	 Multiplicative Factor: 0%
	 Eff: 20128
	 DR Bracket: 0
	 Base: 5%
	 Effective Percent: 28,75%
	 Crit Inc Heal: 2,6
	 Crit Inc Damage: 2
Haste
	 Rating: 12119
	 Multiplicative Factor: 0%
	 Eff: 25399,230000000003
	 DR Bracket: 0
	 Base: 17%
	 Effective Percent: 38,48%
Vers
	 Rating: 6581
	 Multiplicative Factor: 0%
	 Eff: 8921
	 DR Bracket: 0
	 Base: 3%
	 Effective Percent: 11,44%
Leech
	 Rating: 4284
	 Multiplicative Factor: 0%
	 Eff: 6323,99025
	 DR Bracket: 0
	 Base: 2%
	 Effective Percent: 6,2%
Avoidance
	 Rating: 1884
	 Multiplicative Factor: 0%
	 Eff: 1884
	 DR Bracket: 0
	 Base: 0%
	 Effective Percent: 3,46%
Mastery
	 Rating: 28677
	 Multiplicative Factor: 0%
	 Eff: 35541,6
	 DR Bracket: 2
	 Base: 19,8%
	 Effective Percent: 91,39%
----------------------
07:38,911

Intellect
	 Rating: 139425
	 Multiplicative Factor: 8,15%
	 Eff: 139425,00000000006
Stamina
	 Rating: 868193
	 Multiplicative Factor: 11,3%
	 Eff: 868193
Crit
	 Rating: 16628
	 Multiplicative Factor: 0%
	 Eff: 20128
	 DR Bracket: 0
	 Base: 5%
	 Effective Percent: 28,75%
	 Crit Inc Heal: 2,6
	 Crit Inc Damage: 2
Haste
	 Rating: 12119
	 Multiplicative Factor: 0%
	 Eff: 24618,04
	 DR Bracket: 0
	 Base: 16%
	 Effective Percent: 37,3%
Vers
	 Rating: 6581
	 Multiplicative Factor: 0%
	 Eff: 8921
	 DR Bracket: 0
	 Base: 3%
	 Effective Percent: 11,44%
Leech
	 Rating: 4284
	 Multiplicative Factor: 0%
	 Eff: 6323,99025
	 DR Bracket: 0
	 Base: 2%
	 Effective Percent: 6,2%
Avoidance
	 Rating: 1884
	 Multiplicative Factor: 0%
	 Eff: 1884
	 DR Bracket: 0
	 Base: 0%
	 Effective Percent: 3,46%
Mastery
	 Rating: 28677
	 Multiplicative Factor: 0%
	 Eff: 35541,6
	 DR Bracket: 2
	 Base: 19,8%
	 Effective Percent: 91,39%
----------------------
07:39,914

Intellect
	 Rating: 139425
	 Multiplicative Factor: 8,15%
	 Eff: 139425,00000000006
Stamina
	 Rating: 868193
	 Multiplicative Factor: 11,3%
	 Eff: 868193
Crit
	 Rating: 16628
	 Multiplicative Factor: 0%
	 Eff: 20128
	 DR Bracket: 0
	 Base: 5%
	 Effective Percent: 28,75%
	 Crit Inc Heal: 2,6
	 Crit Inc Damage: 2
Haste
	 Rating: 12119
	 Multiplicative Factor: 0%
	 Eff: 23836,85
	 DR Bracket: 0
	 Base: 15%
	 Effective Percent: 36,12%
Vers
	 Rating: 6581
	 Multiplicative Factor: 0%
	 Eff: 8921
	 DR Bracket: 0
	 Base: 3%
	 Effective Percent: 11,44%
Leech
	 Rating: 4284
	 Multiplicative Factor: 0%
	 Eff: 6323,99025
	 DR Bracket: 0
	 Base: 2%
	 Effective Percent: 6,2%
Avoidance
	 Rating: 1884
	 Multiplicative Factor: 0%
	 Eff: 1884
	 DR Bracket: 0
	 Base: 0%
	 Effective Percent: 3,46%
Mastery
	 Rating: 28677
	 Multiplicative Factor: 0%
	 Eff: 35541,6
	 DR Bracket: 2
	 Base: 19,8%
	 Effective Percent: 91,39%
----------------------
07:40,903

Intellect
	 Rating: 139425
	 Multiplicative Factor: 8,15%
	 Eff: 139425,00000000006
Stamina
	 Rating: 868193
	 Multiplicative Factor: 11,3%
	 Eff: 868193
Crit
	 Rating: 16628
	 Multiplicative Factor: 0%
	 Eff: 20128
	 DR Bracket: 0
	 Base: 5%
	 Effective Percent: 28,75%
	 Crit Inc Heal: 2,6
	 Crit Inc Damage: 2
Haste
	 Rating: 12119
	 Multiplicative Factor: 0%
	 Eff: 23055,66
	 DR Bracket: 0
	 Base: 14%
	 Effective Percent: 34,93%
Vers
	 Rating: 6581
	 Multiplicative Factor: 0%
	 Eff: 8921
	 DR Bracket: 0
	 Base: 3%
	 Effective Percent: 11,44%
Leech
	 Rating: 4284
	 Multiplicative Factor: 0%
	 Eff: 6323,99025
	 DR Bracket: 0
	 Base: 2%
	 Effective Percent: 6,2%
Avoidance
	 Rating: 1884
	 Multiplicative Factor: 0%
	 Eff: 1884
	 DR Bracket: 0
	 Base: 0%
	 Effective Percent: 3,46%
Mastery
	 Rating: 28677
	 Multiplicative Factor: 0%
	 Eff: 35541,6
	 DR Bracket: 2
	 Base: 19,8%
	 Effective Percent: 91,39%
----------------------
07:41,908

Intellect
	 Rating: 139425
	 Multiplicative Factor: 8,15%
	 Eff: 139425,00000000006
Stamina
	 Rating: 868193
	 Multiplicative Factor: 11,3%
	 Eff: 868193
Crit
	 Rating: 16628
	 Multiplicative Factor: 0%
	 Eff: 20128
	 DR Bracket: 0
	 Base: 5%
	 Effective Percent: 28,75%
	 Crit Inc Heal: 2,6
	 Crit Inc Damage: 2
Haste
	 Rating: 12119
	 Multiplicative Factor: 0%
	 Eff: 22274,47
	 DR Bracket: 0
	 Base: 13%
	 Effective Percent: 33,75%
Vers
	 Rating: 6581
	 Multiplicative Factor: 0%
	 Eff: 8921
	 DR Bracket: 0
	 Base: 3%
	 Effective Percent: 11,44%
Leech
	 Rating: 4284
	 Multiplicative Factor: 0%
	 Eff: 6323,99025
	 DR Bracket: 0
	 Base: 2%
	 Effective Percent: 6,2%
Avoidance
	 Rating: 1884
	 Multiplicative Factor: 0%
	 Eff: 1884
	 DR Bracket: 0
	 Base: 0%
	 Effective Percent: 3,46%
Mastery
	 Rating: 28677
	 Multiplicative Factor: 0%
	 Eff: 35541,6
	 DR Bracket: 2
	 Base: 19,8%
	 Effective Percent: 91,39%
----------------------
07:42,904

Intellect
	 Rating: 139425
	 Multiplicative Factor: 8,15%
	 Eff: 139425,00000000006
Stamina
	 Rating: 868193
	 Multiplicative Factor: 11,3%
	 Eff: 868193
Crit
	 Rating: 16628
	 Multiplicative Factor: 0%
	 Eff: 20128
	 DR Bracket: 0
	 Base: 5%
	 Effective Percent: 28,75%
	 Crit Inc Heal: 2,6
	 Crit Inc Damage: 2
Haste
	 Rating: 12119
	 Multiplicative Factor: 0%
	 Eff: 21493,28
	 DR Bracket: 0
	 Base: 12%
	 Effective Percent: 32,57%
Vers
	 Rating: 6581
	 Multiplicative Factor: 0%
	 Eff: 8921
	 DR Bracket: 0
	 Base: 3%
	 Effective Percent: 11,44%
Leech
	 Rating: 4284
	 Multiplicative Factor: 0%
	 Eff: 6323,99025
	 DR Bracket: 0
	 Base: 2%
	 Effective Percent: 6,2%
Avoidance
	 Rating: 1884
	 Multiplicative Factor: 0%
	 Eff: 1884
	 DR Bracket: 0
	 Base: 0%
	 Effective Percent: 3,46%
Mastery
	 Rating: 28677
	 Multiplicative Factor: 0%
	 Eff: 35541,6
	 DR Bracket: 2
	 Base: 19,8%
	 Effective Percent: 91,39%
----------------------
07:43,700

Intellect
	 Rating: 139425
	 Multiplicative Factor: 8,15%
	 Eff: 139425,00000000006
Stamina
	 Rating: 868193
	 Multiplicative Factor: 11,3%
	 Eff: 868193
Crit
	 Rating: 22613
	 Multiplicative Factor: 0%
	 Eff: 25951,589014795045
	 DR Bracket: 1
	 Base: 5%
	 Effective Percent: 37,07%
	 Crit Inc Heal: 2,6
	 Crit Inc Damage: 2
Haste
	 Rating: 12119
	 Multiplicative Factor: 0%
	 Eff: 21493,28
	 DR Bracket: 0
	 Base: 12%
	 Effective Percent: 32,57%
Vers
	 Rating: 6581
	 Multiplicative Factor: 0%
	 Eff: 8921
	 DR Bracket: 0
	 Base: 3%
	 Effective Percent: 11,44%
Leech
	 Rating: 4284
	 Multiplicative Factor: 0%
	 Eff: 6323,99025
	 DR Bracket: 0
	 Base: 2%
	 Effective Percent: 6,2%
Avoidance
	 Rating: 1884
	 Multiplicative Factor: 0%
	 Eff: 1884
	 DR Bracket: 0
	 Base: 0%
	 Effective Percent: 3,46%
Mastery
	 Rating: 28677
	 Multiplicative Factor: 0%
	 Eff: 35541,6
	 DR Bracket: 2
	 Base: 19,8%
	 Effective Percent: 91,39%
----------------------
07:43,898

Intellect
	 Rating: 139425
	 Multiplicative Factor: 8,15%
	 Eff: 139425,00000000006
Stamina
	 Rating: 868193
	 Multiplicative Factor: 11,3%
	 Eff: 868193
Crit
	 Rating: 22613
	 Multiplicative Factor: 0%
	 Eff: 25951,589014795045
	 DR Bracket: 1
	 Base: 5%
	 Effective Percent: 37,07%
	 Crit Inc Heal: 2,6
	 Crit Inc Damage: 2
Haste
	 Rating: 12119
	 Multiplicative Factor: 0%
	 Eff: 20712,09
	 DR Bracket: 0
	 Base: 11%
	 Effective Percent: 31,38%
Vers
	 Rating: 6581
	 Multiplicative Factor: 0%
	 Eff: 8921
	 DR Bracket: 0
	 Base: 3%
	 Effective Percent: 11,44%
Leech
	 Rating: 4284
	 Multiplicative Factor: 0%
	 Eff: 6323,99025
	 DR Bracket: 0
	 Base: 2%
	 Effective Percent: 6,2%
Avoidance
	 Rating: 1884
	 Multiplicative Factor: 0%
	 Eff: 1884
	 DR Bracket: 0
	 Base: 0%
	 Effective Percent: 3,46%
Mastery
	 Rating: 28677
	 Multiplicative Factor: 0%
	 Eff: 35541,6
	 DR Bracket: 2
	 Base: 19,8%
	 Effective Percent: 91,39%
----------------------
07:43,922

Intellect
	 Rating: 139425
	 Multiplicative Factor: 8,15%
	 Eff: 139425,00000000006
Stamina
	 Rating: 868193
	 Multiplicative Factor: 11,3%
	 Eff: 868193
Crit
	 Rating: 22613
	 Multiplicative Factor: 0%
	 Eff: 25951,589014795045
	 DR Bracket: 1
	 Base: 5%
	 Effective Percent: 37,07%
	 Crit Inc Heal: 2,6
	 Crit Inc Damage: 2
Haste
	 Rating: 12119
	 Multiplicative Factor: 0%
	 Eff: 13681,380000000001
	 DR Bracket: 0
	 Base: 2%
	 Effective Percent: 20,73%
Vers
	 Rating: 6581
	 Multiplicative Factor: 0%
	 Eff: 8921
	 DR Bracket: 0
	 Base: 3%
	 Effective Percent: 11,44%
Leech
	 Rating: 4284
	 Multiplicative Factor: 0%
	 Eff: 6323,99025
	 DR Bracket: 0
	 Base: 2%
	 Effective Percent: 6,2%
Avoidance
	 Rating: 1884
	 Multiplicative Factor: 0%
	 Eff: 1884
	 DR Bracket: 0
	 Base: 0%
	 Effective Percent: 3,46%
Mastery
	 Rating: 28677
	 Multiplicative Factor: 0%
	 Eff: 35541,6
	 DR Bracket: 2
	 Base: 19,8%
	 Effective Percent: 91,39%
----------------------
07:44,898

Intellect
	 Rating: 139425
	 Multiplicative Factor: 8,15%
	 Eff: 139425,00000000006
Stamina
	 Rating: 868193
	 Multiplicative Factor: 11,3%
	 Eff: 868193
Crit
	 Rating: 22613
	 Multiplicative Factor: 0%
	 Eff: 25951,589014795045
	 DR Bracket: 1
	 Base: 5%
	 Effective Percent: 37,07%
	 Crit Inc Heal: 2,6
	 Crit Inc Damage: 2
Haste
	 Rating: 12119
	 Multiplicative Factor: 0%
	 Eff: 12900,19
	 DR Bracket: 0
	 Base: 1%
	 Effective Percent: 19,55%
Vers
	 Rating: 6581
	 Multiplicative Factor: 0%
	 Eff: 8921
	 DR Bracket: 0
	 Base: 3%
	 Effective Percent: 11,44%
Leech
	 Rating: 4284
	 Multiplicative Factor: 0%
	 Eff: 6323,99025
	 DR Bracket: 0
	 Base: 2%
	 Effective Percent: 6,2%
Avoidance
	 Rating: 1884
	 Multiplicative Factor: 0%
	 Eff: 1884
	 DR Bracket: 0
	 Base: 0%
	 Effective Percent: 3,46%
Mastery
	 Rating: 28677
	 Multiplicative Factor: 0%
	 Eff: 35541,6
	 DR Bracket: 2
	 Base: 19,8%
	 Effective Percent: 91,39%
----------------------
07:45,911

Intellect
	 Rating: 139425
	 Multiplicative Factor: 8,15%
	 Eff: 139425,00000000006
Stamina
	 Rating: 868193
	 Multiplicative Factor: 11,3%
	 Eff: 868193
Crit
	 Rating: 22613
	 Multiplicative Factor: 0%
	 Eff: 25951,589014795045
	 DR Bracket: 1
	 Base: 5%
	 Effective Percent: 37,07%
	 Crit Inc Heal: 2,6
	 Crit Inc Damage: 2
Haste
	 Rating: 12119
	 Multiplicative Factor: 0%
	 Eff: 12119
	 DR Bracket: 0
	 Base: 0%
	 Effective Percent: 18,36%
Vers
	 Rating: 6581
	 Multiplicative Factor: 0%
	 Eff: 8921
	 DR Bracket: 0
	 Base: 3%
	 Effective Percent: 11,44%
Leech
	 Rating: 4284
	 Multiplicative Factor: 0%
	 Eff: 6323,99025
	 DR Bracket: 0
	 Base: 2%
	 Effective Percent: 6,2%
Avoidance
	 Rating: 1884
	 Multiplicative Factor: 0%
	 Eff: 1884
	 DR Bracket: 0
	 Base: 0%
	 Effective Percent: 3,46%
Mastery
	 Rating: 28677
	 Multiplicative Factor: 0%
	 Eff: 35541,6
	 DR Bracket: 2
	 Base: 19,8%
	 Effective Percent: 91,39%
----------------------
07:46,222

Intellect
	 Rating: 139425
	 Multiplicative Factor: 8,15%
	 Eff: 139425,00000000006
Stamina
	 Rating: 868193
	 Multiplicative Factor: 11,3%
	 Eff: 868193
Crit
	 Rating: 22613
	 Multiplicative Factor: 0%
	 Eff: 25951,589014795045
	 DR Bracket: 1
	 Base: 5%
	 Effective Percent: 37,07%
	 Crit Inc Heal: 2
	 Crit Inc Damage: 2
Haste
	 Rating: 12119
	 Multiplicative Factor: 0%
	 Eff: 12119
	 DR Bracket: 0
	 Base: 0%
	 Effective Percent: 18,36%
Vers
	 Rating: 6581
	 Multiplicative Factor: 0%
	 Eff: 8921
	 DR Bracket: 0
	 Base: 3%
	 Effective Percent: 11,44%
Leech
	 Rating: 4284
	 Multiplicative Factor: 0%
	 Eff: 6323,99025
	 DR Bracket: 0
	 Base: 2%
	 Effective Percent: 6,2%
Avoidance
	 Rating: 1884
	 Multiplicative Factor: 0%
	 Eff: 1884
	 DR Bracket: 0
	 Base: 0%
	 Effective Percent: 3,46%
Mastery
	 Rating: 28677
	 Multiplicative Factor: 0%
	 Eff: 35541,6
	 DR Bracket: 2
	 Base: 19,8%
	 Effective Percent: 91,39%
----------------------
07:49,870

Intellect
	 Rating: 139425
	 Multiplicative Factor: 8,15%
	 Eff: 139425,00000000006
Stamina
	 Rating: 868193
	 Multiplicative Factor: 11,3%
	 Eff: 868193
Crit
	 Rating: 28598
	 Multiplicative Factor: 0%
	 Eff: 31278,202692968967
	 DR Bracket: 2
	 Base: 5%
	 Effective Percent: 44,68%
	 Crit Inc Heal: 2
	 Crit Inc Damage: 2
Haste
	 Rating: 12119
	 Multiplicative Factor: 0%
	 Eff: 12119
	 DR Bracket: 0
	 Base: 0%
	 Effective Percent: 18,36%
Vers
	 Rating: 6581
	 Multiplicative Factor: 0%
	 Eff: 8921
	 DR Bracket: 0
	 Base: 3%
	 Effective Percent: 11,44%
Leech
	 Rating: 4284
	 Multiplicative Factor: 0%
	 Eff: 6323,99025
	 DR Bracket: 0
	 Base: 2%
	 Effective Percent: 6,2%
Avoidance
	 Rating: 1884
	 Multiplicative Factor: 0%
	 Eff: 1884
	 DR Bracket: 0
	 Base: 0%
	 Effective Percent: 3,46%
Mastery
	 Rating: 28677
	 Multiplicative Factor: 0%
	 Eff: 35541,6
	 DR Bracket: 2
	 Base: 19,8%
	 Effective Percent: 91,39%
