----------------------
00:00,354

Intellect
	 Rating: 141249
	 Multiplicative Factor: 8,15%
Stamina
	 Rating: 876212
	 Multiplicative Factor: 11,3%
Crit
	 Rating: 24423
	 Multiplicative Factor: 0%
	 DR Bracket: 1
	 Base: 5%
	 Effective Percent: 39,4%
	 Crit Inc Heal: 2
	 Crit Inc Damage: 2
Haste
	 Rating: 26862
	 Multiplicative Factor: 0%
	 DR Bracket: 2
	 Base: 1%
	 Effective Percent: 40,96%
Vers
	 Rating: 1693
	 Multiplicative Factor: 0%
	 DR Bracket: 0
	 Base: 3%
	 Effective Percent: 5,17%
Leech
	 Rating: 0
	 Multiplicative Factor: 0%
	 DR Bracket: 0
	 Base: 0%
	 Effective Percent: 0%
Avoidance
	 Rating: 2859
	 Multiplicative Factor: 0%
	 DR Bracket: 0
	 Base: 0%
	 Effective Percent: 5,26%
Mastery
	 Rating: 9325
	 Multiplicative Factor: 0%
	 DR Bracket: 0
	 Base: 19,8%
	 Effective Percent: 43,78%
----------------------
00:00,371

Intellect
	 Rating: 148311
	 Multiplicative Factor: 13,56%
Stamina
	 Rating: 876212
	 Multiplicative Factor: 11,3%
Crit
	 Rating: 24423
	 Multiplicative Factor: 0%
	 DR Bracket: 1
	 Base: 5%
	 Effective Percent: 39,4%
	 Crit Inc Heal: 2
	 Crit Inc Damage: 2
Haste
	 Rating: 26862
	 Multiplicative Factor: 0%
	 DR Bracket: 2
	 Base: 1%
	 Effective Percent: 40,96%
Vers
	 Rating: 1693
	 Multiplicative Factor: 0%
	 DR Bracket: 0
	 Base: 3%
	 Effective Percent: 5,17%
Leech
	 Rating: 0
	 Multiplicative Factor: 0%
	 DR Bracket: 0
	 Base: 0%
	 Effective Percent: 0%
Avoidance
	 Rating: 2859
	 Multiplicative Factor: 0%
	 DR Bracket: 0
	 Base: 0%
	 Effective Percent: 5,26%
Mastery
	 Rating: 9325
	 Multiplicative Factor: 0%
	 DR Bracket: 0
	 Base: 19,8%
	 Effective Percent: 43,78%
----------------------
00:00,557

Intellect
	 Rating: 148311
	 Multiplicative Factor: 13,56%
Stamina
	 Rating: 876212
	 Multiplicative Factor: 11,3%
Crit
	 Rating: 24423
	 Multiplicative Factor: 0%
	 DR Bracket: 1
	 Base: 5%
	 Effective Percent: 39,4%
	 Crit Inc Heal: 2
	 Crit Inc Damage: 2
Haste
	 Rating: 26862
	 Multiplicative Factor: 0%
	 DR Bracket: 2
	 Base: 31%
	 Effective Percent: 82,82%
Vers
	 Rating: 1693
	 Multiplicative Factor: 0%
	 DR Bracket: 0
	 Base: 3%
	 Effective Percent: 5,17%
Leech
	 Rating: 0
	 Multiplicative Factor: 0%
	 DR Bracket: 0
	 Base: 0%
	 Effective Percent: 0%
Avoidance
	 Rating: 2859
	 Multiplicative Factor: 0%
	 DR Bracket: 0
	 Base: 0%
	 Effective Percent: 5,26%
Mastery
	 Rating: 9325
	 Multiplicative Factor: 0%
	 DR Bracket: 0
	 Base: 19,8%
	 Effective Percent: 43,78%
----------------------
00:01,353

Intellect
	 Rating: 148311
	 Multiplicative Factor: 13,56%
Stamina
	 Rating: 876212
	 Multiplicative Factor: 11,3%
Crit
	 Rating: 24423
	 Multiplicative Factor: 0%
	 DR Bracket: 1
	 Base: 5%
	 Effective Percent: 39,4%
	 Crit Inc Heal: 2
	 Crit Inc Damage: 2
Haste
	 Rating: 26862
	 Multiplicative Factor: 0%
	 DR Bracket: 2
	 Base: 59%
	 Effective Percent: 121,9%
Vers
	 Rating: 1693
	 Multiplicative Factor: 0%
	 DR Bracket: 0
	 Base: 3%
	 Effective Percent: 5,17%
Leech
	 Rating: 0
	 Multiplicative Factor: 0%
	 DR Bracket: 0
	 Base: 0%
	 Effective Percent: 0%
Avoidance
	 Rating: 2859
	 Multiplicative Factor: 0%
	 DR Bracket: 0
	 Base: 0%
	 Effective Percent: 5,26%
Mastery
	 Rating: 9325
	 Multiplicative Factor: 0%
	 DR Bracket: 0
	 Base: 19,8%
	 Effective Percent: 43,78%
----------------------
00:02,357

Intellect
	 Rating: 148311
	 Multiplicative Factor: 13,56%
Stamina
	 Rating: 876212
	 Multiplicative Factor: 11,3%
Crit
	 Rating: 24423
	 Multiplicative Factor: 0%
	 DR Bracket: 1
	 Base: 5%
	 Effective Percent: 39,4%
	 Crit Inc Heal: 2
	 Crit Inc Damage: 2
Haste
	 Rating: 26862
	 Multiplicative Factor: 0%
	 DR Bracket: 2
	 Base: 58%
	 Effective Percent: 120,5%
Vers
	 Rating: 1693
	 Multiplicative Factor: 0%
	 DR Bracket: 0
	 Base: 3%
	 Effective Percent: 5,17%
Leech
	 Rating: 0
	 Multiplicative Factor: 0%
	 DR Bracket: 0
	 Base: 0%
	 Effective Percent: 0%
Avoidance
	 Rating: 2859
	 Multiplicative Factor: 0%
	 DR Bracket: 0
	 Base: 0%
	 Effective Percent: 5,26%
Mastery
	 Rating: 9325
	 Multiplicative Factor: 0%
	 DR Bracket: 0
	 Base: 19,8%
	 Effective Percent: 43,78%
----------------------
00:03,364

Intellect
	 Rating: 148311
	 Multiplicative Factor: 13,56%
Stamina
	 Rating: 876212
	 Multiplicative Factor: 11,3%
Crit
	 Rating: 24423
	 Multiplicative Factor: 0%
	 DR Bracket: 1
	 Base: 5%
	 Effective Percent: 39,4%
	 Crit Inc Heal: 2
	 Crit Inc Damage: 2
Haste
	 Rating: 26862
	 Multiplicative Factor: 0%
	 DR Bracket: 2
	 Base: 57%
	 Effective Percent: 119,11%
Vers
	 Rating: 1693
	 Multiplicative Factor: 0%
	 DR Bracket: 0
	 Base: 3%
	 Effective Percent: 5,17%
Leech
	 Rating: 0
	 Multiplicative Factor: 0%
	 DR Bracket: 0
	 Base: 0%
	 Effective Percent: 0%
Avoidance
	 Rating: 2859
	 Multiplicative Factor: 0%
	 DR Bracket: 0
	 Base: 0%
	 Effective Percent: 5,26%
Mastery
	 Rating: 9325
	 Multiplicative Factor: 0%
	 DR Bracket: 0
	 Base: 19,8%
	 Effective Percent: 43,78%
----------------------
00:04,359

Intellect
	 Rating: 148311
	 Multiplicative Factor: 13,56%
Stamina
	 Rating: 876212
	 Multiplicative Factor: 11,3%
Crit
	 Rating: 24423
	 Multiplicative Factor: 0%
	 DR Bracket: 1
	 Base: 5%
	 Effective Percent: 39,4%
	 Crit Inc Heal: 2
	 Crit Inc Damage: 2
Haste
	 Rating: 26862
	 Multiplicative Factor: 0%
	 DR Bracket: 2
	 Base: 56%
	 Effective Percent: 117,71%
Vers
	 Rating: 1693
	 Multiplicative Factor: 0%
	 DR Bracket: 0
	 Base: 3%
	 Effective Percent: 5,17%
Leech
	 Rating: 0
	 Multiplicative Factor: 0%
	 DR Bracket: 0
	 Base: 0%
	 Effective Percent: 0%
Avoidance
	 Rating: 2859
	 Multiplicative Factor: 0%
	 DR Bracket: 0
	 Base: 0%
	 Effective Percent: 5,26%
Mastery
	 Rating: 9325
	 Multiplicative Factor: 0%
	 DR Bracket: 0
	 Base: 19,8%
	 Effective Percent: 43,78%
----------------------
00:05,367

Intellect
	 Rating: 148311
	 Multiplicative Factor: 13,56%
Stamina
	 Rating: 876212
	 Multiplicative Factor: 11,3%
Crit
	 Rating: 24423
	 Multiplicative Factor: 0%
	 DR Bracket: 1
	 Base: 5%
	 Effective Percent: 39,4%
	 Crit Inc Heal: 2
	 Crit Inc Damage: 2
Haste
	 Rating: 26862
	 Multiplicative Factor: 0%
	 DR Bracket: 2
	 Base: 55%
	 Effective Percent: 116,32%
Vers
	 Rating: 1693
	 Multiplicative Factor: 0%
	 DR Bracket: 0
	 Base: 3%
	 Effective Percent: 5,17%
Leech
	 Rating: 0
	 Multiplicative Factor: 0%
	 DR Bracket: 0
	 Base: 0%
	 Effective Percent: 0%
Avoidance
	 Rating: 2859
	 Multiplicative Factor: 0%
	 DR Bracket: 0
	 Base: 0%
	 Effective Percent: 5,26%
Mastery
	 Rating: 9325
	 Multiplicative Factor: 0%
	 DR Bracket: 0
	 Base: 19,8%
	 Effective Percent: 43,78%
----------------------
00:06,361

Intellect
	 Rating: 148311
	 Multiplicative Factor: 13,56%
Stamina
	 Rating: 876212
	 Multiplicative Factor: 11,3%
Crit
	 Rating: 24423
	 Multiplicative Factor: 0%
	 DR Bracket: 1
	 Base: 5%
	 Effective Percent: 39,4%
	 Crit Inc Heal: 2
	 Crit Inc Damage: 2
Haste
	 Rating: 26862
	 Multiplicative Factor: 0%
	 DR Bracket: 2
	 Base: 54%
	 Effective Percent: 114,92%
Vers
	 Rating: 1693
	 Multiplicative Factor: 0%
	 DR Bracket: 0
	 Base: 3%
	 Effective Percent: 5,17%
Leech
	 Rating: 0
	 Multiplicative Factor: 0%
	 DR Bracket: 0
	 Base: 0%
	 Effective Percent: 0%
Avoidance
	 Rating: 2859
	 Multiplicative Factor: 0%
	 DR Bracket: 0
	 Base: 0%
	 Effective Percent: 5,26%
Mastery
	 Rating: 9325
	 Multiplicative Factor: 0%
	 DR Bracket: 0
	 Base: 19,8%
	 Effective Percent: 43,78%
----------------------
00:06,444

Intellect
	 Rating: 148311
	 Multiplicative Factor: 13,56%
Stamina
	 Rating: 876212
	 Multiplicative Factor: 11,3%
Crit
	 Rating: 24423
	 Multiplicative Factor: 0%
	 DR Bracket: 1
	 Base: 5%
	 Effective Percent: 39,4%
	 Crit Inc Heal: 2
	 Crit Inc Damage: 2
Haste
	 Rating: 26862
	 Multiplicative Factor: 0%
	 DR Bracket: 2
	 Base: 74%
	 Effective Percent: 142,83%
Vers
	 Rating: 1693
	 Multiplicative Factor: 0%
	 DR Bracket: 0
	 Base: 3%
	 Effective Percent: 5,17%
Leech
	 Rating: 0
	 Multiplicative Factor: 0%
	 DR Bracket: 0
	 Base: 0%
	 Effective Percent: 0%
Avoidance
	 Rating: 2859
	 Multiplicative Factor: 0%
	 DR Bracket: 0
	 Base: 0%
	 Effective Percent: 5,26%
Mastery
	 Rating: 9325
	 Multiplicative Factor: 0%
	 DR Bracket: 0
	 Base: 19,8%
	 Effective Percent: 43,78%
----------------------
00:07,353

Intellect
	 Rating: 148311
	 Multiplicative Factor: 13,56%
Stamina
	 Rating: 876212
	 Multiplicative Factor: 11,3%
Crit
	 Rating: 24423
	 Multiplicative Factor: 0%
	 DR Bracket: 1
	 Base: 5%
	 Effective Percent: 39,4%
	 Crit Inc Heal: 2
	 Crit Inc Damage: 2
Haste
	 Rating: 26862
	 Multiplicative Factor: 0%
	 DR Bracket: 2
	 Base: 73%
	 Effective Percent: 141,44%
Vers
	 Rating: 1693
	 Multiplicative Factor: 0%
	 DR Bracket: 0
	 Base: 3%
	 Effective Percent: 5,17%
Leech
	 Rating: 0
	 Multiplicative Factor: 0%
	 DR Bracket: 0
	 Base: 0%
	 Effective Percent: 0%
Avoidance
	 Rating: 2859
	 Multiplicative Factor: 0%
	 DR Bracket: 0
	 Base: 0%
	 Effective Percent: 5,26%
Mastery
	 Rating: 9325
	 Multiplicative Factor: 0%
	 DR Bracket: 0
	 Base: 19,8%
	 Effective Percent: 43,78%
----------------------
00:08,359

Intellect
	 Rating: 148311
	 Multiplicative Factor: 13,56%
Stamina
	 Rating: 876212
	 Multiplicative Factor: 11,3%
Crit
	 Rating: 24423
	 Multiplicative Factor: 0%
	 DR Bracket: 1
	 Base: 5%
	 Effective Percent: 39,4%
	 Crit Inc Heal: 2
	 Crit Inc Damage: 2
Haste
	 Rating: 26862
	 Multiplicative Factor: 0%
	 DR Bracket: 2
	 Base: 72%
	 Effective Percent: 140,04%
Vers
	 Rating: 1693
	 Multiplicative Factor: 0%
	 DR Bracket: 0
	 Base: 3%
	 Effective Percent: 5,17%
Leech
	 Rating: 0
	 Multiplicative Factor: 0%
	 DR Bracket: 0
	 Base: 0%
	 Effective Percent: 0%
Avoidance
	 Rating: 2859
	 Multiplicative Factor: 0%
	 DR Bracket: 0
	 Base: 0%
	 Effective Percent: 5,26%
Mastery
	 Rating: 9325
	 Multiplicative Factor: 0%
	 DR Bracket: 0
	 Base: 19,8%
	 Effective Percent: 43,78%
----------------------
00:09,355

Intellect
	 Rating: 148311
	 Multiplicative Factor: 13,56%
Stamina
	 Rating: 876212
	 Multiplicative Factor: 11,3%
Crit
	 Rating: 24423
	 Multiplicative Factor: 0%
	 DR Bracket: 1
	 Base: 5%
	 Effective Percent: 39,4%
	 Crit Inc Heal: 2
	 Crit Inc Damage: 2
Haste
	 Rating: 26862
	 Multiplicative Factor: 0%
	 DR Bracket: 2
	 Base: 71%
	 Effective Percent: 138,65%
Vers
	 Rating: 1693
	 Multiplicative Factor: 0%
	 DR Bracket: 0
	 Base: 3%
	 Effective Percent: 5,17%
Leech
	 Rating: 0
	 Multiplicative Factor: 0%
	 DR Bracket: 0
	 Base: 0%
	 Effective Percent: 0%
Avoidance
	 Rating: 2859
	 Multiplicative Factor: 0%
	 DR Bracket: 0
	 Base: 0%
	 Effective Percent: 5,26%
Mastery
	 Rating: 9325
	 Multiplicative Factor: 0%
	 DR Bracket: 0
	 Base: 19,8%
	 Effective Percent: 43,78%
----------------------
00:10,356

Intellect
	 Rating: 148311
	 Multiplicative Factor: 13,56%
Stamina
	 Rating: 876212
	 Multiplicative Factor: 11,3%
Crit
	 Rating: 24423
	 Multiplicative Factor: 0%
	 DR Bracket: 1
	 Base: 5%
	 Effective Percent: 39,4%
	 Crit Inc Heal: 2
	 Crit Inc Damage: 2
Haste
	 Rating: 26862
	 Multiplicative Factor: 0%
	 DR Bracket: 2
	 Base: 70%
	 Effective Percent: 137,25%
Vers
	 Rating: 1693
	 Multiplicative Factor: 0%
	 DR Bracket: 0
	 Base: 3%
	 Effective Percent: 5,17%
Leech
	 Rating: 0
	 Multiplicative Factor: 0%
	 DR Bracket: 0
	 Base: 0%
	 Effective Percent: 0%
Avoidance
	 Rating: 2859
	 Multiplicative Factor: 0%
	 DR Bracket: 0
	 Base: 0%
	 Effective Percent: 5,26%
Mastery
	 Rating: 9325
	 Multiplicative Factor: 0%
	 DR Bracket: 0
	 Base: 19,8%
	 Effective Percent: 43,78%
----------------------
00:11,357

Intellect
	 Rating: 148311
	 Multiplicative Factor: 13,56%
Stamina
	 Rating: 876212
	 Multiplicative Factor: 11,3%
Crit
	 Rating: 24423
	 Multiplicative Factor: 0%
	 DR Bracket: 1
	 Base: 5%
	 Effective Percent: 39,4%
	 Crit Inc Heal: 2
	 Crit Inc Damage: 2
Haste
	 Rating: 26862
	 Multiplicative Factor: 0%
	 DR Bracket: 2
	 Base: 69%
	 Effective Percent: 135,86%
Vers
	 Rating: 1693
	 Multiplicative Factor: 0%
	 DR Bracket: 0
	 Base: 3%
	 Effective Percent: 5,17%
Leech
	 Rating: 0
	 Multiplicative Factor: 0%
	 DR Bracket: 0
	 Base: 0%
	 Effective Percent: 0%
Avoidance
	 Rating: 2859
	 Multiplicative Factor: 0%
	 DR Bracket: 0
	 Base: 0%
	 Effective Percent: 5,26%
Mastery
	 Rating: 9325
	 Multiplicative Factor: 0%
	 DR Bracket: 0
	 Base: 19,8%
	 Effective Percent: 43,78%
----------------------
00:12,354

Intellect
	 Rating: 148311
	 Multiplicative Factor: 13,56%
Stamina
	 Rating: 876212
	 Multiplicative Factor: 11,3%
Crit
	 Rating: 24423
	 Multiplicative Factor: 0%
	 DR Bracket: 1
	 Base: 5%
	 Effective Percent: 39,4%
	 Crit Inc Heal: 2
	 Crit Inc Damage: 2
Haste
	 Rating: 26862
	 Multiplicative Factor: 0%
	 DR Bracket: 2
	 Base: 68%
	 Effective Percent: 134,46%
Vers
	 Rating: 1693
	 Multiplicative Factor: 0%
	 DR Bracket: 0
	 Base: 3%
	 Effective Percent: 5,17%
Leech
	 Rating: 0
	 Multiplicative Factor: 0%
	 DR Bracket: 0
	 Base: 0%
	 Effective Percent: 0%
Avoidance
	 Rating: 2859
	 Multiplicative Factor: 0%
	 DR Bracket: 0
	 Base: 0%
	 Effective Percent: 5,26%
Mastery
	 Rating: 9325
	 Multiplicative Factor: 0%
	 DR Bracket: 0
	 Base: 19,8%
	 Effective Percent: 43,78%
----------------------
00:13,357

Intellect
	 Rating: 148311
	 Multiplicative Factor: 13,56%
Stamina
	 Rating: 876212
	 Multiplicative Factor: 11,3%
Crit
	 Rating: 24423
	 Multiplicative Factor: 0%
	 DR Bracket: 1
	 Base: 5%
	 Effective Percent: 39,4%
	 Crit Inc Heal: 2
	 Crit Inc Damage: 2
Haste
	 Rating: 26862
	 Multiplicative Factor: 0%
	 DR Bracket: 2
	 Base: 67%
	 Effective Percent: 133,07%
Vers
	 Rating: 1693
	 Multiplicative Factor: 0%
	 DR Bracket: 0
	 Base: 3%
	 Effective Percent: 5,17%
Leech
	 Rating: 0
	 Multiplicative Factor: 0%
	 DR Bracket: 0
	 Base: 0%
	 Effective Percent: 0%
Avoidance
	 Rating: 2859
	 Multiplicative Factor: 0%
	 DR Bracket: 0
	 Base: 0%
	 Effective Percent: 5,26%
Mastery
	 Rating: 9325
	 Multiplicative Factor: 0%
	 DR Bracket: 0
	 Base: 19,8%
	 Effective Percent: 43,78%
----------------------
00:14,361

Intellect
	 Rating: 148311
	 Multiplicative Factor: 13,56%
Stamina
	 Rating: 876212
	 Multiplicative Factor: 11,3%
Crit
	 Rating: 24423
	 Multiplicative Factor: 0%
	 DR Bracket: 1
	 Base: 5%
	 Effective Percent: 39,4%
	 Crit Inc Heal: 2
	 Crit Inc Damage: 2
Haste
	 Rating: 26862
	 Multiplicative Factor: 0%
	 DR Bracket: 2
	 Base: 66%
	 Effective Percent: 131,67%
Vers
	 Rating: 1693
	 Multiplicative Factor: 0%
	 DR Bracket: 0
	 Base: 3%
	 Effective Percent: 5,17%
Leech
	 Rating: 0
	 Multiplicative Factor: 0%
	 DR Bracket: 0
	 Base: 0%
	 Effective Percent: 0%
Avoidance
	 Rating: 2859
	 Multiplicative Factor: 0%
	 DR Bracket: 0
	 Base: 0%
	 Effective Percent: 5,26%
Mastery
	 Rating: 9325
	 Multiplicative Factor: 0%
	 DR Bracket: 0
	 Base: 19,8%
	 Effective Percent: 43,78%
----------------------
00:15,367

Intellect
	 Rating: 148311
	 Multiplicative Factor: 13,56%
Stamina
	 Rating: 876212
	 Multiplicative Factor: 11,3%
Crit
	 Rating: 24423
	 Multiplicative Factor: 0%
	 DR Bracket: 1
	 Base: 5%
	 Effective Percent: 39,4%
	 Crit Inc Heal: 2
	 Crit Inc Damage: 2
Haste
	 Rating: 26862
	 Multiplicative Factor: 0%
	 DR Bracket: 2
	 Base: 65%
	 Effective Percent: 130,27%
Vers
	 Rating: 1693
	 Multiplicative Factor: 0%
	 DR Bracket: 0
	 Base: 3%
	 Effective Percent: 5,17%
Leech
	 Rating: 0
	 Multiplicative Factor: 0%
	 DR Bracket: 0
	 Base: 0%
	 Effective Percent: 0%
Avoidance
	 Rating: 2859
	 Multiplicative Factor: 0%
	 DR Bracket: 0
	 Base: 0%
	 Effective Percent: 5,26%
Mastery
	 Rating: 9325
	 Multiplicative Factor: 0%
	 DR Bracket: 0
	 Base: 19,8%
	 Effective Percent: 43,78%
----------------------
00:15,368

Intellect
	 Rating: 141249
	 Multiplicative Factor: 8,15%
Stamina
	 Rating: 876212
	 Multiplicative Factor: 11,3%
Crit
	 Rating: 24423
	 Multiplicative Factor: 0%
	 DR Bracket: 1
	 Base: 5%
	 Effective Percent: 39,4%
	 Crit Inc Heal: 2
	 Crit Inc Damage: 2
Haste
	 Rating: 26862
	 Multiplicative Factor: 0%
	 DR Bracket: 2
	 Base: 65%
	 Effective Percent: 130,27%
Vers
	 Rating: 1693
	 Multiplicative Factor: 0%
	 DR Bracket: 0
	 Base: 3%
	 Effective Percent: 5,17%
Leech
	 Rating: 0
	 Multiplicative Factor: 0%
	 DR Bracket: 0
	 Base: 0%
	 Effective Percent: 0%
Avoidance
	 Rating: 2859
	 Multiplicative Factor: 0%
	 DR Bracket: 0
	 Base: 0%
	 Effective Percent: 5,26%
Mastery
	 Rating: 9325
	 Multiplicative Factor: 0%
	 DR Bracket: 0
	 Base: 19,8%
	 Effective Percent: 43,78%
----------------------
00:16,362

Intellect
	 Rating: 141249
	 Multiplicative Factor: 8,15%
Stamina
	 Rating: 876212
	 Multiplicative Factor: 11,3%
Crit
	 Rating: 24423
	 Multiplicative Factor: 0%
	 DR Bracket: 1
	 Base: 5%
	 Effective Percent: 39,4%
	 Crit Inc Heal: 2
	 Crit Inc Damage: 2
Haste
	 Rating: 26862
	 Multiplicative Factor: 0%
	 DR Bracket: 2
	 Base: 64%
	 Effective Percent: 128,88%
Vers
	 Rating: 1693
	 Multiplicative Factor: 0%
	 DR Bracket: 0
	 Base: 3%
	 Effective Percent: 5,17%
Leech
	 Rating: 0
	 Multiplicative Factor: 0%
	 DR Bracket: 0
	 Base: 0%
	 Effective Percent: 0%
Avoidance
	 Rating: 2859
	 Multiplicative Factor: 0%
	 DR Bracket: 0
	 Base: 0%
	 Effective Percent: 5,26%
Mastery
	 Rating: 9325
	 Multiplicative Factor: 0%
	 DR Bracket: 0
	 Base: 19,8%
	 Effective Percent: 43,78%
----------------------
00:17,356

Intellect
	 Rating: 141249
	 Multiplicative Factor: 8,15%
Stamina
	 Rating: 876212
	 Multiplicative Factor: 11,3%
Crit
	 Rating: 24423
	 Multiplicative Factor: 0%
	 DR Bracket: 1
	 Base: 5%
	 Effective Percent: 39,4%
	 Crit Inc Heal: 2
	 Crit Inc Damage: 2
Haste
	 Rating: 26862
	 Multiplicative Factor: 0%
	 DR Bracket: 2
	 Base: 63%
	 Effective Percent: 127,48%
Vers
	 Rating: 1693
	 Multiplicative Factor: 0%
	 DR Bracket: 0
	 Base: 3%
	 Effective Percent: 5,17%
Leech
	 Rating: 0
	 Multiplicative Factor: 0%
	 DR Bracket: 0
	 Base: 0%
	 Effective Percent: 0%
Avoidance
	 Rating: 2859
	 Multiplicative Factor: 0%
	 DR Bracket: 0
	 Base: 0%
	 Effective Percent: 5,26%
Mastery
	 Rating: 9325
	 Multiplicative Factor: 0%
	 DR Bracket: 0
	 Base: 19,8%
	 Effective Percent: 43,78%
----------------------
00:18,357

Intellect
	 Rating: 141249
	 Multiplicative Factor: 8,15%
Stamina
	 Rating: 876212
	 Multiplicative Factor: 11,3%
Crit
	 Rating: 24423
	 Multiplicative Factor: 0%
	 DR Bracket: 1
	 Base: 5%
	 Effective Percent: 39,4%
	 Crit Inc Heal: 2
	 Crit Inc Damage: 2
Haste
	 Rating: 26862
	 Multiplicative Factor: 0%
	 DR Bracket: 2
	 Base: 62%
	 Effective Percent: 126,09%
Vers
	 Rating: 1693
	 Multiplicative Factor: 0%
	 DR Bracket: 0
	 Base: 3%
	 Effective Percent: 5,17%
Leech
	 Rating: 0
	 Multiplicative Factor: 0%
	 DR Bracket: 0
	 Base: 0%
	 Effective Percent: 0%
Avoidance
	 Rating: 2859
	 Multiplicative Factor: 0%
	 DR Bracket: 0
	 Base: 0%
	 Effective Percent: 5,26%
Mastery
	 Rating: 9325
	 Multiplicative Factor: 0%
	 DR Bracket: 0
	 Base: 19,8%
	 Effective Percent: 43,78%
----------------------
00:19,351

Intellect
	 Rating: 141249
	 Multiplicative Factor: 8,15%
Stamina
	 Rating: 876212
	 Multiplicative Factor: 11,3%
Crit
	 Rating: 24423
	 Multiplicative Factor: 0%
	 DR Bracket: 1
	 Base: 5%
	 Effective Percent: 39,4%
	 Crit Inc Heal: 2
	 Crit Inc Damage: 2
Haste
	 Rating: 26862
	 Multiplicative Factor: 0%
	 DR Bracket: 2
	 Base: 61%
	 Effective Percent: 124,69%
Vers
	 Rating: 1693
	 Multiplicative Factor: 0%
	 DR Bracket: 0
	 Base: 3%
	 Effective Percent: 5,17%
Leech
	 Rating: 0
	 Multiplicative Factor: 0%
	 DR Bracket: 0
	 Base: 0%
	 Effective Percent: 0%
Avoidance
	 Rating: 2859
	 Multiplicative Factor: 0%
	 DR Bracket: 0
	 Base: 0%
	 Effective Percent: 5,26%
Mastery
	 Rating: 9325
	 Multiplicative Factor: 0%
	 DR Bracket: 0
	 Base: 19,8%
	 Effective Percent: 43,78%
----------------------
00:20,362

Intellect
	 Rating: 141249
	 Multiplicative Factor: 8,15%
Stamina
	 Rating: 876212
	 Multiplicative Factor: 11,3%
Crit
	 Rating: 24423
	 Multiplicative Factor: 0%
	 DR Bracket: 1
	 Base: 5%
	 Effective Percent: 39,4%
	 Crit Inc Heal: 2
	 Crit Inc Damage: 2
Haste
	 Rating: 26862
	 Multiplicative Factor: 0%
	 DR Bracket: 2
	 Base: 60%
	 Effective Percent: 123,3%
Vers
	 Rating: 1693
	 Multiplicative Factor: 0%
	 DR Bracket: 0
	 Base: 3%
	 Effective Percent: 5,17%
Leech
	 Rating: 0
	 Multiplicative Factor: 0%
	 DR Bracket: 0
	 Base: 0%
	 Effective Percent: 0%
Avoidance
	 Rating: 2859
	 Multiplicative Factor: 0%
	 DR Bracket: 0
	 Base: 0%
	 Effective Percent: 5,26%
Mastery
	 Rating: 9325
	 Multiplicative Factor: 0%
	 DR Bracket: 0
	 Base: 19,8%
	 Effective Percent: 43,78%
----------------------
00:21,346

Intellect
	 Rating: 141249
	 Multiplicative Factor: 8,15%
Stamina
	 Rating: 876212
	 Multiplicative Factor: 11,3%
Crit
	 Rating: 24423
	 Multiplicative Factor: 0%
	 DR Bracket: 1
	 Base: 5%
	 Effective Percent: 39,4%
	 Crit Inc Heal: 2
	 Crit Inc Damage: 2
Haste
	 Rating: 26862
	 Multiplicative Factor: 0%
	 DR Bracket: 2
	 Base: 59%
	 Effective Percent: 121,9%
Vers
	 Rating: 1693
	 Multiplicative Factor: 0%
	 DR Bracket: 0
	 Base: 3%
	 Effective Percent: 5,17%
Leech
	 Rating: 0
	 Multiplicative Factor: 0%
	 DR Bracket: 0
	 Base: 0%
	 Effective Percent: 0%
Avoidance
	 Rating: 2859
	 Multiplicative Factor: 0%
	 DR Bracket: 0
	 Base: 0%
	 Effective Percent: 5,26%
Mastery
	 Rating: 9325
	 Multiplicative Factor: 0%
	 DR Bracket: 0
	 Base: 19,8%
	 Effective Percent: 43,78%
----------------------
00:21,449

Intellect
	 Rating: 141249
	 Multiplicative Factor: 8,15%
Stamina
	 Rating: 876212
	 Multiplicative Factor: 11,3%
Crit
	 Rating: 24423
	 Multiplicative Factor: 0%
	 DR Bracket: 1
	 Base: 5%
	 Effective Percent: 39,4%
	 Crit Inc Heal: 2
	 Crit Inc Damage: 2
Haste
	 Rating: 26862
	 Multiplicative Factor: 0%
	 DR Bracket: 2
	 Base: 39%
	 Effective Percent: 93,99%
Vers
	 Rating: 1693
	 Multiplicative Factor: 0%
	 DR Bracket: 0
	 Base: 3%
	 Effective Percent: 5,17%
Leech
	 Rating: 0
	 Multiplicative Factor: 0%
	 DR Bracket: 0
	 Base: 0%
	 Effective Percent: 0%
Avoidance
	 Rating: 2859
	 Multiplicative Factor: 0%
	 DR Bracket: 0
	 Base: 0%
	 Effective Percent: 5,26%
Mastery
	 Rating: 9325
	 Multiplicative Factor: 0%
	 DR Bracket: 0
	 Base: 19,8%
	 Effective Percent: 43,78%
----------------------
00:22,362

Intellect
	 Rating: 141249
	 Multiplicative Factor: 8,15%
Stamina
	 Rating: 876212
	 Multiplicative Factor: 11,3%
Crit
	 Rating: 24423
	 Multiplicative Factor: 0%
	 DR Bracket: 1
	 Base: 5%
	 Effective Percent: 39,4%
	 Crit Inc Heal: 2
	 Crit Inc Damage: 2
Haste
	 Rating: 26862
	 Multiplicative Factor: 0%
	 DR Bracket: 2
	 Base: 38%
	 Effective Percent: 92,59%
Vers
	 Rating: 1693
	 Multiplicative Factor: 0%
	 DR Bracket: 0
	 Base: 3%
	 Effective Percent: 5,17%
Leech
	 Rating: 0
	 Multiplicative Factor: 0%
	 DR Bracket: 0
	 Base: 0%
	 Effective Percent: 0%
Avoidance
	 Rating: 2859
	 Multiplicative Factor: 0%
	 DR Bracket: 0
	 Base: 0%
	 Effective Percent: 5,26%
Mastery
	 Rating: 9325
	 Multiplicative Factor: 0%
	 DR Bracket: 0
	 Base: 19,8%
	 Effective Percent: 43,78%
----------------------
00:23,368

Intellect
	 Rating: 141249
	 Multiplicative Factor: 8,15%
Stamina
	 Rating: 876212
	 Multiplicative Factor: 11,3%
Crit
	 Rating: 24423
	 Multiplicative Factor: 0%
	 DR Bracket: 1
	 Base: 5%
	 Effective Percent: 39,4%
	 Crit Inc Heal: 2
	 Crit Inc Damage: 2
Haste
	 Rating: 26862
	 Multiplicative Factor: 0%
	 DR Bracket: 2
	 Base: 37%
	 Effective Percent: 91,2%
Vers
	 Rating: 1693
	 Multiplicative Factor: 0%
	 DR Bracket: 0
	 Base: 3%
	 Effective Percent: 5,17%
Leech
	 Rating: 0
	 Multiplicative Factor: 0%
	 DR Bracket: 0
	 Base: 0%
	 Effective Percent: 0%
Avoidance
	 Rating: 2859
	 Multiplicative Factor: 0%
	 DR Bracket: 0
	 Base: 0%
	 Effective Percent: 5,26%
Mastery
	 Rating: 9325
	 Multiplicative Factor: 0%
	 DR Bracket: 0
	 Base: 19,8%
	 Effective Percent: 43,78%
----------------------
00:24,359

Intellect
	 Rating: 141249
	 Multiplicative Factor: 8,15%
Stamina
	 Rating: 876212
	 Multiplicative Factor: 11,3%
Crit
	 Rating: 24423
	 Multiplicative Factor: 0%
	 DR Bracket: 1
	 Base: 5%
	 Effective Percent: 39,4%
	 Crit Inc Heal: 2
	 Crit Inc Damage: 2
Haste
	 Rating: 26862
	 Multiplicative Factor: 0%
	 DR Bracket: 2
	 Base: 36%
	 Effective Percent: 89,8%
Vers
	 Rating: 1693
	 Multiplicative Factor: 0%
	 DR Bracket: 0
	 Base: 3%
	 Effective Percent: 5,17%
Leech
	 Rating: 0
	 Multiplicative Factor: 0%
	 DR Bracket: 0
	 Base: 0%
	 Effective Percent: 0%
Avoidance
	 Rating: 2859
	 Multiplicative Factor: 0%
	 DR Bracket: 0
	 Base: 0%
	 Effective Percent: 5,26%
Mastery
	 Rating: 9325
	 Multiplicative Factor: 0%
	 DR Bracket: 0
	 Base: 19,8%
	 Effective Percent: 43,78%
----------------------
00:25,358

Intellect
	 Rating: 141249
	 Multiplicative Factor: 8,15%
Stamina
	 Rating: 876212
	 Multiplicative Factor: 11,3%
Crit
	 Rating: 24423
	 Multiplicative Factor: 0%
	 DR Bracket: 1
	 Base: 5%
	 Effective Percent: 39,4%
	 Crit Inc Heal: 2
	 Crit Inc Damage: 2
Haste
	 Rating: 26862
	 Multiplicative Factor: 0%
	 DR Bracket: 2
	 Base: 35%
	 Effective Percent: 88,41%
Vers
	 Rating: 1693
	 Multiplicative Factor: 0%
	 DR Bracket: 0
	 Base: 3%
	 Effective Percent: 5,17%
Leech
	 Rating: 0
	 Multiplicative Factor: 0%
	 DR Bracket: 0
	 Base: 0%
	 Effective Percent: 0%
Avoidance
	 Rating: 2859
	 Multiplicative Factor: 0%
	 DR Bracket: 0
	 Base: 0%
	 Effective Percent: 5,26%
Mastery
	 Rating: 9325
	 Multiplicative Factor: 0%
	 DR Bracket: 0
	 Base: 19,8%
	 Effective Percent: 43,78%
----------------------
00:26,355

Intellect
	 Rating: 141249
	 Multiplicative Factor: 8,15%
Stamina
	 Rating: 876212
	 Multiplicative Factor: 11,3%
Crit
	 Rating: 24423
	 Multiplicative Factor: 0%
	 DR Bracket: 1
	 Base: 5%
	 Effective Percent: 39,4%
	 Crit Inc Heal: 2
	 Crit Inc Damage: 2
Haste
	 Rating: 26862
	 Multiplicative Factor: 0%
	 DR Bracket: 2
	 Base: 34%
	 Effective Percent: 87,01%
Vers
	 Rating: 1693
	 Multiplicative Factor: 0%
	 DR Bracket: 0
	 Base: 3%
	 Effective Percent: 5,17%
Leech
	 Rating: 0
	 Multiplicative Factor: 0%
	 DR Bracket: 0
	 Base: 0%
	 Effective Percent: 0%
Avoidance
	 Rating: 2859
	 Multiplicative Factor: 0%
	 DR Bracket: 0
	 Base: 0%
	 Effective Percent: 5,26%
Mastery
	 Rating: 9325
	 Multiplicative Factor: 0%
	 DR Bracket: 0
	 Base: 19,8%
	 Effective Percent: 43,78%
----------------------
00:27,360

Intellect
	 Rating: 141249
	 Multiplicative Factor: 8,15%
Stamina
	 Rating: 876212
	 Multiplicative Factor: 11,3%
Crit
	 Rating: 24423
	 Multiplicative Factor: 0%
	 DR Bracket: 1
	 Base: 5%
	 Effective Percent: 39,4%
	 Crit Inc Heal: 2
	 Crit Inc Damage: 2
Haste
	 Rating: 26862
	 Multiplicative Factor: 0%
	 DR Bracket: 2
	 Base: 33%
	 Effective Percent: 85,61%
Vers
	 Rating: 1693
	 Multiplicative Factor: 0%
	 DR Bracket: 0
	 Base: 3%
	 Effective Percent: 5,17%
Leech
	 Rating: 0
	 Multiplicative Factor: 0%
	 DR Bracket: 0
	 Base: 0%
	 Effective Percent: 0%
Avoidance
	 Rating: 2859
	 Multiplicative Factor: 0%
	 DR Bracket: 0
	 Base: 0%
	 Effective Percent: 5,26%
Mastery
	 Rating: 9325
	 Multiplicative Factor: 0%
	 DR Bracket: 0
	 Base: 19,8%
	 Effective Percent: 43,78%
----------------------
00:28,364

Intellect
	 Rating: 141249
	 Multiplicative Factor: 8,15%
Stamina
	 Rating: 876212
	 Multiplicative Factor: 11,3%
Crit
	 Rating: 24423
	 Multiplicative Factor: 0%
	 DR Bracket: 1
	 Base: 5%
	 Effective Percent: 39,4%
	 Crit Inc Heal: 2
	 Crit Inc Damage: 2
Haste
	 Rating: 26862
	 Multiplicative Factor: 0%
	 DR Bracket: 2
	 Base: 32%
	 Effective Percent: 84,22%
Vers
	 Rating: 1693
	 Multiplicative Factor: 0%
	 DR Bracket: 0
	 Base: 3%
	 Effective Percent: 5,17%
Leech
	 Rating: 0
	 Multiplicative Factor: 0%
	 DR Bracket: 0
	 Base: 0%
	 Effective Percent: 0%
Avoidance
	 Rating: 2859
	 Multiplicative Factor: 0%
	 DR Bracket: 0
	 Base: 0%
	 Effective Percent: 5,26%
Mastery
	 Rating: 9325
	 Multiplicative Factor: 0%
	 DR Bracket: 0
	 Base: 19,8%
	 Effective Percent: 43,78%
----------------------
00:29,347

Intellect
	 Rating: 141249
	 Multiplicative Factor: 8,15%
Stamina
	 Rating: 876212
	 Multiplicative Factor: 11,3%
Crit
	 Rating: 24423
	 Multiplicative Factor: 0%
	 DR Bracket: 1
	 Base: 5%
	 Effective Percent: 39,4%
	 Crit Inc Heal: 2
	 Crit Inc Damage: 2
Haste
	 Rating: 26862
	 Multiplicative Factor: 0%
	 DR Bracket: 2
	 Base: 31%
	 Effective Percent: 82,82%
Vers
	 Rating: 1693
	 Multiplicative Factor: 0%
	 DR Bracket: 0
	 Base: 3%
	 Effective Percent: 5,17%
Leech
	 Rating: 0
	 Multiplicative Factor: 0%
	 DR Bracket: 0
	 Base: 0%
	 Effective Percent: 0%
Avoidance
	 Rating: 2859
	 Multiplicative Factor: 0%
	 DR Bracket: 0
	 Base: 0%
	 Effective Percent: 5,26%
Mastery
	 Rating: 9325
	 Multiplicative Factor: 0%
	 DR Bracket: 0
	 Base: 19,8%
	 Effective Percent: 43,78%
----------------------
00:30,354

Intellect
	 Rating: 141249
	 Multiplicative Factor: 8,15%
Stamina
	 Rating: 876212
	 Multiplicative Factor: 11,3%
Crit
	 Rating: 24423
	 Multiplicative Factor: 0%
	 DR Bracket: 1
	 Base: 5%
	 Effective Percent: 39,4%
	 Crit Inc Heal: 2
	 Crit Inc Damage: 2
Haste
	 Rating: 26862
	 Multiplicative Factor: 0%
	 DR Bracket: 2
	 Base: 30%
	 Effective Percent: 81,43%
Vers
	 Rating: 1693
	 Multiplicative Factor: 0%
	 DR Bracket: 0
	 Base: 3%
	 Effective Percent: 5,17%
Leech
	 Rating: 0
	 Multiplicative Factor: 0%
	 DR Bracket: 0
	 Base: 0%
	 Effective Percent: 0%
Avoidance
	 Rating: 2859
	 Multiplicative Factor: 0%
	 DR Bracket: 0
	 Base: 0%
	 Effective Percent: 5,26%
Mastery
	 Rating: 9325
	 Multiplicative Factor: 0%
	 DR Bracket: 0
	 Base: 19,8%
	 Effective Percent: 43,78%
----------------------
00:36,729

Intellect
	 Rating: 141249
	 Multiplicative Factor: 8,15%
Stamina
	 Rating: 876212
	 Multiplicative Factor: 11,3%
Crit
	 Rating: 30408
	 Multiplicative Factor: 0%
	 DR Bracket: 2
	 Base: 5%
	 Effective Percent: 46,75%
	 Crit Inc Heal: 2
	 Crit Inc Damage: 2
Haste
	 Rating: 26862
	 Multiplicative Factor: 0%
	 DR Bracket: 2
	 Base: 30%
	 Effective Percent: 81,43%
Vers
	 Rating: 1693
	 Multiplicative Factor: 0%
	 DR Bracket: 0
	 Base: 3%
	 Effective Percent: 5,17%
Leech
	 Rating: 0
	 Multiplicative Factor: 0%
	 DR Bracket: 0
	 Base: 0%
	 Effective Percent: 0%
Avoidance
	 Rating: 2859
	 Multiplicative Factor: 0%
	 DR Bracket: 0
	 Base: 0%
	 Effective Percent: 5,26%
Mastery
	 Rating: 9325
	 Multiplicative Factor: 0%
	 DR Bracket: 0
	 Base: 19,8%
	 Effective Percent: 43,78%
----------------------
00:40,539

Intellect
	 Rating: 141249
	 Multiplicative Factor: 8,15%
Stamina
	 Rating: 876212
	 Multiplicative Factor: 11,3%
Crit
	 Rating: 30408
	 Multiplicative Factor: 0%
	 DR Bracket: 2
	 Base: 5%
	 Effective Percent: 46,75%
	 Crit Inc Heal: 2
	 Crit Inc Damage: 2
Haste
	 Rating: 26862
	 Multiplicative Factor: 0%
	 DR Bracket: 2
	 Base: 0%
	 Effective Percent: 39,56%
Vers
	 Rating: 1693
	 Multiplicative Factor: 0%
	 DR Bracket: 0
	 Base: 3%
	 Effective Percent: 5,17%
Leech
	 Rating: 0
	 Multiplicative Factor: 0%
	 DR Bracket: 0
	 Base: 0%
	 Effective Percent: 0%
Avoidance
	 Rating: 2859
	 Multiplicative Factor: 0%
	 DR Bracket: 0
	 Base: 0%
	 Effective Percent: 5,26%
Mastery
	 Rating: 9325
	 Multiplicative Factor: 0%
	 DR Bracket: 0
	 Base: 19,8%
	 Effective Percent: 43,78%
----------------------
00:46,739

Intellect
	 Rating: 141249
	 Multiplicative Factor: 8,15%
Stamina
	 Rating: 876212
	 Multiplicative Factor: 11,3%
Crit
	 Rating: 24423
	 Multiplicative Factor: 0%
	 DR Bracket: 1
	 Base: 5%
	 Effective Percent: 39,4%
	 Crit Inc Heal: 2
	 Crit Inc Damage: 2
Haste
	 Rating: 26862
	 Multiplicative Factor: 0%
	 DR Bracket: 2
	 Base: 0%
	 Effective Percent: 39,56%
Vers
	 Rating: 1693
	 Multiplicative Factor: 0%
	 DR Bracket: 0
	 Base: 3%
	 Effective Percent: 5,17%
Leech
	 Rating: 0
	 Multiplicative Factor: 0%
	 DR Bracket: 0
	 Base: 0%
	 Effective Percent: 0%
Avoidance
	 Rating: 2859
	 Multiplicative Factor: 0%
	 DR Bracket: 0
	 Base: 0%
	 Effective Percent: 5,26%
Mastery
	 Rating: 9325
	 Multiplicative Factor: 0%
	 DR Bracket: 0
	 Base: 19,8%
	 Effective Percent: 43,78%
----------------------
00:54,710

Intellect
	 Rating: 141249
	 Multiplicative Factor: 8,15%
Stamina
	 Rating: 876212
	 Multiplicative Factor: 11,3%
Crit
	 Rating: 24423
	 Multiplicative Factor: 0%
	 DR Bracket: 1
	 Base: 5%
	 Effective Percent: 39,4%
	 Crit Inc Heal: 2
	 Crit Inc Damage: 2
Haste
	 Rating: 26862
	 Multiplicative Factor: 0%
	 DR Bracket: 2
	 Base: 1%
	 Effective Percent: 40,96%
Vers
	 Rating: 1693
	 Multiplicative Factor: 0%
	 DR Bracket: 0
	 Base: 3%
	 Effective Percent: 5,17%
Leech
	 Rating: 0
	 Multiplicative Factor: 0%
	 DR Bracket: 0
	 Base: 0%
	 Effective Percent: 0%
Avoidance
	 Rating: 2859
	 Multiplicative Factor: 0%
	 DR Bracket: 0
	 Base: 0%
	 Effective Percent: 5,26%
Mastery
	 Rating: 9325
	 Multiplicative Factor: 0%
	 DR Bracket: 0
	 Base: 19,8%
	 Effective Percent: 43,78%
----------------------
00:54,711

Intellect
	 Rating: 148311
	 Multiplicative Factor: 13,56%
Stamina
	 Rating: 876212
	 Multiplicative Factor: 11,3%
Crit
	 Rating: 24423
	 Multiplicative Factor: 0%
	 DR Bracket: 1
	 Base: 5%
	 Effective Percent: 39,4%
	 Crit Inc Heal: 2
	 Crit Inc Damage: 2
Haste
	 Rating: 26862
	 Multiplicative Factor: 0%
	 DR Bracket: 2
	 Base: 1%
	 Effective Percent: 40,96%
Vers
	 Rating: 1693
	 Multiplicative Factor: 0%
	 DR Bracket: 0
	 Base: 3%
	 Effective Percent: 5,17%
Leech
	 Rating: 0
	 Multiplicative Factor: 0%
	 DR Bracket: 0
	 Base: 0%
	 Effective Percent: 0%
Avoidance
	 Rating: 2859
	 Multiplicative Factor: 0%
	 DR Bracket: 0
	 Base: 0%
	 Effective Percent: 5,26%
Mastery
	 Rating: 9325
	 Multiplicative Factor: 0%
	 DR Bracket: 0
	 Base: 19,8%
	 Effective Percent: 43,78%
----------------------
00:55,708

Intellect
	 Rating: 148311
	 Multiplicative Factor: 13,56%
Stamina
	 Rating: 876212
	 Multiplicative Factor: 11,3%
Crit
	 Rating: 24423
	 Multiplicative Factor: 0%
	 DR Bracket: 1
	 Base: 5%
	 Effective Percent: 39,4%
	 Crit Inc Heal: 2
	 Crit Inc Damage: 2
Haste
	 Rating: 26862
	 Multiplicative Factor: 0%
	 DR Bracket: 2
	 Base: 29%
	 Effective Percent: 80,03%
Vers
	 Rating: 1693
	 Multiplicative Factor: 0%
	 DR Bracket: 0
	 Base: 3%
	 Effective Percent: 5,17%
Leech
	 Rating: 0
	 Multiplicative Factor: 0%
	 DR Bracket: 0
	 Base: 0%
	 Effective Percent: 0%
Avoidance
	 Rating: 2859
	 Multiplicative Factor: 0%
	 DR Bracket: 0
	 Base: 0%
	 Effective Percent: 5,26%
Mastery
	 Rating: 9325
	 Multiplicative Factor: 0%
	 DR Bracket: 0
	 Base: 19,8%
	 Effective Percent: 43,78%
----------------------
00:56,717

Intellect
	 Rating: 148311
	 Multiplicative Factor: 13,56%
Stamina
	 Rating: 876212
	 Multiplicative Factor: 11,3%
Crit
	 Rating: 24423
	 Multiplicative Factor: 0%
	 DR Bracket: 1
	 Base: 5%
	 Effective Percent: 39,4%
	 Crit Inc Heal: 2
	 Crit Inc Damage: 2
Haste
	 Rating: 26862
	 Multiplicative Factor: 0%
	 DR Bracket: 2
	 Base: 28%
	 Effective Percent: 78,64%
Vers
	 Rating: 1693
	 Multiplicative Factor: 0%
	 DR Bracket: 0
	 Base: 3%
	 Effective Percent: 5,17%
Leech
	 Rating: 0
	 Multiplicative Factor: 0%
	 DR Bracket: 0
	 Base: 0%
	 Effective Percent: 0%
Avoidance
	 Rating: 2859
	 Multiplicative Factor: 0%
	 DR Bracket: 0
	 Base: 0%
	 Effective Percent: 5,26%
Mastery
	 Rating: 9325
	 Multiplicative Factor: 0%
	 DR Bracket: 0
	 Base: 19,8%
	 Effective Percent: 43,78%
----------------------
00:57,710

Intellect
	 Rating: 148311
	 Multiplicative Factor: 13,56%
Stamina
	 Rating: 876212
	 Multiplicative Factor: 11,3%
Crit
	 Rating: 24423
	 Multiplicative Factor: 0%
	 DR Bracket: 1
	 Base: 5%
	 Effective Percent: 39,4%
	 Crit Inc Heal: 2
	 Crit Inc Damage: 2
Haste
	 Rating: 26862
	 Multiplicative Factor: 0%
	 DR Bracket: 2
	 Base: 27%
	 Effective Percent: 77,24%
Vers
	 Rating: 1693
	 Multiplicative Factor: 0%
	 DR Bracket: 0
	 Base: 3%
	 Effective Percent: 5,17%
Leech
	 Rating: 0
	 Multiplicative Factor: 0%
	 DR Bracket: 0
	 Base: 0%
	 Effective Percent: 0%
Avoidance
	 Rating: 2859
	 Multiplicative Factor: 0%
	 DR Bracket: 0
	 Base: 0%
	 Effective Percent: 5,26%
Mastery
	 Rating: 9325
	 Multiplicative Factor: 0%
	 DR Bracket: 0
	 Base: 19,8%
	 Effective Percent: 43,78%
----------------------
00:58,717

Intellect
	 Rating: 148311
	 Multiplicative Factor: 13,56%
Stamina
	 Rating: 876212
	 Multiplicative Factor: 11,3%
Crit
	 Rating: 24423
	 Multiplicative Factor: 0%
	 DR Bracket: 1
	 Base: 5%
	 Effective Percent: 39,4%
	 Crit Inc Heal: 2
	 Crit Inc Damage: 2
Haste
	 Rating: 26862
	 Multiplicative Factor: 0%
	 DR Bracket: 2
	 Base: 26%
	 Effective Percent: 75,85%
Vers
	 Rating: 1693
	 Multiplicative Factor: 0%
	 DR Bracket: 0
	 Base: 3%
	 Effective Percent: 5,17%
Leech
	 Rating: 0
	 Multiplicative Factor: 0%
	 DR Bracket: 0
	 Base: 0%
	 Effective Percent: 0%
Avoidance
	 Rating: 2859
	 Multiplicative Factor: 0%
	 DR Bracket: 0
	 Base: 0%
	 Effective Percent: 5,26%
Mastery
	 Rating: 9325
	 Multiplicative Factor: 0%
	 DR Bracket: 0
	 Base: 19,8%
	 Effective Percent: 43,78%
----------------------
00:59,719

Intellect
	 Rating: 148311
	 Multiplicative Factor: 13,56%
Stamina
	 Rating: 876212
	 Multiplicative Factor: 11,3%
Crit
	 Rating: 24423
	 Multiplicative Factor: 0%
	 DR Bracket: 1
	 Base: 5%
	 Effective Percent: 39,4%
	 Crit Inc Heal: 2
	 Crit Inc Damage: 2
Haste
	 Rating: 26862
	 Multiplicative Factor: 0%
	 DR Bracket: 2
	 Base: 25%
	 Effective Percent: 74,45%
Vers
	 Rating: 1693
	 Multiplicative Factor: 0%
	 DR Bracket: 0
	 Base: 3%
	 Effective Percent: 5,17%
Leech
	 Rating: 0
	 Multiplicative Factor: 0%
	 DR Bracket: 0
	 Base: 0%
	 Effective Percent: 0%
Avoidance
	 Rating: 2859
	 Multiplicative Factor: 0%
	 DR Bracket: 0
	 Base: 0%
	 Effective Percent: 5,26%
Mastery
	 Rating: 9325
	 Multiplicative Factor: 0%
	 DR Bracket: 0
	 Base: 19,8%
	 Effective Percent: 43,78%
----------------------
01:00,713

Intellect
	 Rating: 148311
	 Multiplicative Factor: 13,56%
Stamina
	 Rating: 876212
	 Multiplicative Factor: 11,3%
Crit
	 Rating: 24423
	 Multiplicative Factor: 0%
	 DR Bracket: 1
	 Base: 5%
	 Effective Percent: 39,4%
	 Crit Inc Heal: 2
	 Crit Inc Damage: 2
Haste
	 Rating: 26862
	 Multiplicative Factor: 0%
	 DR Bracket: 2
	 Base: 24%
	 Effective Percent: 73,05%
Vers
	 Rating: 1693
	 Multiplicative Factor: 0%
	 DR Bracket: 0
	 Base: 3%
	 Effective Percent: 5,17%
Leech
	 Rating: 0
	 Multiplicative Factor: 0%
	 DR Bracket: 0
	 Base: 0%
	 Effective Percent: 0%
Avoidance
	 Rating: 2859
	 Multiplicative Factor: 0%
	 DR Bracket: 0
	 Base: 0%
	 Effective Percent: 5,26%
Mastery
	 Rating: 9325
	 Multiplicative Factor: 0%
	 DR Bracket: 0
	 Base: 19,8%
	 Effective Percent: 43,78%
----------------------
01:01,719

Intellect
	 Rating: 148311
	 Multiplicative Factor: 13,56%
Stamina
	 Rating: 876212
	 Multiplicative Factor: 11,3%
Crit
	 Rating: 24423
	 Multiplicative Factor: 0%
	 DR Bracket: 1
	 Base: 5%
	 Effective Percent: 39,4%
	 Crit Inc Heal: 2
	 Crit Inc Damage: 2
Haste
	 Rating: 26862
	 Multiplicative Factor: 0%
	 DR Bracket: 2
	 Base: 23%
	 Effective Percent: 71,66%
Vers
	 Rating: 1693
	 Multiplicative Factor: 0%
	 DR Bracket: 0
	 Base: 3%
	 Effective Percent: 5,17%
Leech
	 Rating: 0
	 Multiplicative Factor: 0%
	 DR Bracket: 0
	 Base: 0%
	 Effective Percent: 0%
Avoidance
	 Rating: 2859
	 Multiplicative Factor: 0%
	 DR Bracket: 0
	 Base: 0%
	 Effective Percent: 5,26%
Mastery
	 Rating: 9325
	 Multiplicative Factor: 0%
	 DR Bracket: 0
	 Base: 19,8%
	 Effective Percent: 43,78%
----------------------
01:02,719

Intellect
	 Rating: 148311
	 Multiplicative Factor: 13,56%
Stamina
	 Rating: 876212
	 Multiplicative Factor: 11,3%
Crit
	 Rating: 24423
	 Multiplicative Factor: 0%
	 DR Bracket: 1
	 Base: 5%
	 Effective Percent: 39,4%
	 Crit Inc Heal: 2
	 Crit Inc Damage: 2
Haste
	 Rating: 26862
	 Multiplicative Factor: 0%
	 DR Bracket: 2
	 Base: 22%
	 Effective Percent: 70,26%
Vers
	 Rating: 1693
	 Multiplicative Factor: 0%
	 DR Bracket: 0
	 Base: 3%
	 Effective Percent: 5,17%
Leech
	 Rating: 0
	 Multiplicative Factor: 0%
	 DR Bracket: 0
	 Base: 0%
	 Effective Percent: 0%
Avoidance
	 Rating: 2859
	 Multiplicative Factor: 0%
	 DR Bracket: 0
	 Base: 0%
	 Effective Percent: 5,26%
Mastery
	 Rating: 9325
	 Multiplicative Factor: 0%
	 DR Bracket: 0
	 Base: 19,8%
	 Effective Percent: 43,78%
----------------------
01:03,702

Intellect
	 Rating: 148311
	 Multiplicative Factor: 13,56%
Stamina
	 Rating: 876212
	 Multiplicative Factor: 11,3%
Crit
	 Rating: 24423
	 Multiplicative Factor: 0%
	 DR Bracket: 1
	 Base: 5%
	 Effective Percent: 39,4%
	 Crit Inc Heal: 2
	 Crit Inc Damage: 2
Haste
	 Rating: 26862
	 Multiplicative Factor: 0%
	 DR Bracket: 2
	 Base: 21%
	 Effective Percent: 68,87%
Vers
	 Rating: 1693
	 Multiplicative Factor: 0%
	 DR Bracket: 0
	 Base: 3%
	 Effective Percent: 5,17%
Leech
	 Rating: 0
	 Multiplicative Factor: 0%
	 DR Bracket: 0
	 Base: 0%
	 Effective Percent: 0%
Avoidance
	 Rating: 2859
	 Multiplicative Factor: 0%
	 DR Bracket: 0
	 Base: 0%
	 Effective Percent: 5,26%
Mastery
	 Rating: 9325
	 Multiplicative Factor: 0%
	 DR Bracket: 0
	 Base: 19,8%
	 Effective Percent: 43,78%
----------------------
01:04,741

Intellect
	 Rating: 148311
	 Multiplicative Factor: 13,56%
Stamina
	 Rating: 876212
	 Multiplicative Factor: 11,3%
Crit
	 Rating: 24423
	 Multiplicative Factor: 0%
	 DR Bracket: 1
	 Base: 5%
	 Effective Percent: 39,4%
	 Crit Inc Heal: 2
	 Crit Inc Damage: 2
Haste
	 Rating: 26862
	 Multiplicative Factor: 0%
	 DR Bracket: 2
	 Base: 20%
	 Effective Percent: 67,47%
Vers
	 Rating: 1693
	 Multiplicative Factor: 0%
	 DR Bracket: 0
	 Base: 3%
	 Effective Percent: 5,17%
Leech
	 Rating: 0
	 Multiplicative Factor: 0%
	 DR Bracket: 0
	 Base: 0%
	 Effective Percent: 0%
Avoidance
	 Rating: 2859
	 Multiplicative Factor: 0%
	 DR Bracket: 0
	 Base: 0%
	 Effective Percent: 5,26%
Mastery
	 Rating: 9325
	 Multiplicative Factor: 0%
	 DR Bracket: 0
	 Base: 19,8%
	 Effective Percent: 43,78%
----------------------
01:05,719

Intellect
	 Rating: 148311
	 Multiplicative Factor: 13,56%
Stamina
	 Rating: 876212
	 Multiplicative Factor: 11,3%
Crit
	 Rating: 24423
	 Multiplicative Factor: 0%
	 DR Bracket: 1
	 Base: 5%
	 Effective Percent: 39,4%
	 Crit Inc Heal: 2
	 Crit Inc Damage: 2
Haste
	 Rating: 26862
	 Multiplicative Factor: 0%
	 DR Bracket: 2
	 Base: 19%
	 Effective Percent: 66,08%
Vers
	 Rating: 1693
	 Multiplicative Factor: 0%
	 DR Bracket: 0
	 Base: 3%
	 Effective Percent: 5,17%
Leech
	 Rating: 0
	 Multiplicative Factor: 0%
	 DR Bracket: 0
	 Base: 0%
	 Effective Percent: 0%
Avoidance
	 Rating: 2859
	 Multiplicative Factor: 0%
	 DR Bracket: 0
	 Base: 0%
	 Effective Percent: 5,26%
Mastery
	 Rating: 9325
	 Multiplicative Factor: 0%
	 DR Bracket: 0
	 Base: 19,8%
	 Effective Percent: 43,78%
----------------------
01:06,722

Intellect
	 Rating: 148311
	 Multiplicative Factor: 13,56%
Stamina
	 Rating: 876212
	 Multiplicative Factor: 11,3%
Crit
	 Rating: 24423
	 Multiplicative Factor: 0%
	 DR Bracket: 1
	 Base: 5%
	 Effective Percent: 39,4%
	 Crit Inc Heal: 2
	 Crit Inc Damage: 2
Haste
	 Rating: 26862
	 Multiplicative Factor: 0%
	 DR Bracket: 2
	 Base: 18%
	 Effective Percent: 64,68%
Vers
	 Rating: 1693
	 Multiplicative Factor: 0%
	 DR Bracket: 0
	 Base: 3%
	 Effective Percent: 5,17%
Leech
	 Rating: 0
	 Multiplicative Factor: 0%
	 DR Bracket: 0
	 Base: 0%
	 Effective Percent: 0%
Avoidance
	 Rating: 2859
	 Multiplicative Factor: 0%
	 DR Bracket: 0
	 Base: 0%
	 Effective Percent: 5,26%
Mastery
	 Rating: 9325
	 Multiplicative Factor: 0%
	 DR Bracket: 0
	 Base: 19,8%
	 Effective Percent: 43,78%
----------------------
01:07,711

Intellect
	 Rating: 148311
	 Multiplicative Factor: 13,56%
Stamina
	 Rating: 876212
	 Multiplicative Factor: 11,3%
Crit
	 Rating: 24423
	 Multiplicative Factor: 0%
	 DR Bracket: 1
	 Base: 5%
	 Effective Percent: 39,4%
	 Crit Inc Heal: 2
	 Crit Inc Damage: 2
Haste
	 Rating: 26862
	 Multiplicative Factor: 0%
	 DR Bracket: 2
	 Base: 17%
	 Effective Percent: 63,29%
Vers
	 Rating: 1693
	 Multiplicative Factor: 0%
	 DR Bracket: 0
	 Base: 3%
	 Effective Percent: 5,17%
Leech
	 Rating: 0
	 Multiplicative Factor: 0%
	 DR Bracket: 0
	 Base: 0%
	 Effective Percent: 0%
Avoidance
	 Rating: 2859
	 Multiplicative Factor: 0%
	 DR Bracket: 0
	 Base: 0%
	 Effective Percent: 5,26%
Mastery
	 Rating: 9325
	 Multiplicative Factor: 0%
	 DR Bracket: 0
	 Base: 19,8%
	 Effective Percent: 43,78%
----------------------
01:08,710

Intellect
	 Rating: 148311
	 Multiplicative Factor: 13,56%
Stamina
	 Rating: 876212
	 Multiplicative Factor: 11,3%
Crit
	 Rating: 24423
	 Multiplicative Factor: 0%
	 DR Bracket: 1
	 Base: 5%
	 Effective Percent: 39,4%
	 Crit Inc Heal: 2
	 Crit Inc Damage: 2
Haste
	 Rating: 26862
	 Multiplicative Factor: 0%
	 DR Bracket: 2
	 Base: 16%
	 Effective Percent: 61,89%
Vers
	 Rating: 1693
	 Multiplicative Factor: 0%
	 DR Bracket: 0
	 Base: 3%
	 Effective Percent: 5,17%
Leech
	 Rating: 0
	 Multiplicative Factor: 0%
	 DR Bracket: 0
	 Base: 0%
	 Effective Percent: 0%
Avoidance
	 Rating: 2859
	 Multiplicative Factor: 0%
	 DR Bracket: 0
	 Base: 0%
	 Effective Percent: 5,26%
Mastery
	 Rating: 9325
	 Multiplicative Factor: 0%
	 DR Bracket: 0
	 Base: 19,8%
	 Effective Percent: 43,78%
----------------------
01:09,712

Intellect
	 Rating: 148311
	 Multiplicative Factor: 13,56%
Stamina
	 Rating: 876212
	 Multiplicative Factor: 11,3%
Crit
	 Rating: 24423
	 Multiplicative Factor: 0%
	 DR Bracket: 1
	 Base: 5%
	 Effective Percent: 39,4%
	 Crit Inc Heal: 2
	 Crit Inc Damage: 2
Haste
	 Rating: 26862
	 Multiplicative Factor: 0%
	 DR Bracket: 2
	 Base: 15%
	 Effective Percent: 60,49%
Vers
	 Rating: 1693
	 Multiplicative Factor: 0%
	 DR Bracket: 0
	 Base: 3%
	 Effective Percent: 5,17%
Leech
	 Rating: 0
	 Multiplicative Factor: 0%
	 DR Bracket: 0
	 Base: 0%
	 Effective Percent: 0%
Avoidance
	 Rating: 2859
	 Multiplicative Factor: 0%
	 DR Bracket: 0
	 Base: 0%
	 Effective Percent: 5,26%
Mastery
	 Rating: 9325
	 Multiplicative Factor: 0%
	 DR Bracket: 0
	 Base: 19,8%
	 Effective Percent: 43,78%
----------------------
01:09,730

Intellect
	 Rating: 141249
	 Multiplicative Factor: 8,15%
Stamina
	 Rating: 876212
	 Multiplicative Factor: 11,3%
Crit
	 Rating: 24423
	 Multiplicative Factor: 0%
	 DR Bracket: 1
	 Base: 5%
	 Effective Percent: 39,4%
	 Crit Inc Heal: 2
	 Crit Inc Damage: 2
Haste
	 Rating: 26862
	 Multiplicative Factor: 0%
	 DR Bracket: 2
	 Base: 15%
	 Effective Percent: 60,49%
Vers
	 Rating: 1693
	 Multiplicative Factor: 0%
	 DR Bracket: 0
	 Base: 3%
	 Effective Percent: 5,17%
Leech
	 Rating: 0
	 Multiplicative Factor: 0%
	 DR Bracket: 0
	 Base: 0%
	 Effective Percent: 0%
Avoidance
	 Rating: 2859
	 Multiplicative Factor: 0%
	 DR Bracket: 0
	 Base: 0%
	 Effective Percent: 5,26%
Mastery
	 Rating: 9325
	 Multiplicative Factor: 0%
	 DR Bracket: 0
	 Base: 19,8%
	 Effective Percent: 43,78%
----------------------
01:10,724

Intellect
	 Rating: 141249
	 Multiplicative Factor: 8,15%
Stamina
	 Rating: 876212
	 Multiplicative Factor: 11,3%
Crit
	 Rating: 24423
	 Multiplicative Factor: 0%
	 DR Bracket: 1
	 Base: 5%
	 Effective Percent: 39,4%
	 Crit Inc Heal: 2
	 Crit Inc Damage: 2
Haste
	 Rating: 26862
	 Multiplicative Factor: 0%
	 DR Bracket: 2
	 Base: 14%
	 Effective Percent: 59,1%
Vers
	 Rating: 1693
	 Multiplicative Factor: 0%
	 DR Bracket: 0
	 Base: 3%
	 Effective Percent: 5,17%
Leech
	 Rating: 0
	 Multiplicative Factor: 0%
	 DR Bracket: 0
	 Base: 0%
	 Effective Percent: 0%
Avoidance
	 Rating: 2859
	 Multiplicative Factor: 0%
	 DR Bracket: 0
	 Base: 0%
	 Effective Percent: 5,26%
Mastery
	 Rating: 9325
	 Multiplicative Factor: 0%
	 DR Bracket: 0
	 Base: 19,8%
	 Effective Percent: 43,78%
----------------------
01:11,717

Intellect
	 Rating: 141249
	 Multiplicative Factor: 8,15%
Stamina
	 Rating: 876212
	 Multiplicative Factor: 11,3%
Crit
	 Rating: 24423
	 Multiplicative Factor: 0%
	 DR Bracket: 1
	 Base: 5%
	 Effective Percent: 39,4%
	 Crit Inc Heal: 2
	 Crit Inc Damage: 2
Haste
	 Rating: 26862
	 Multiplicative Factor: 0%
	 DR Bracket: 2
	 Base: 13%
	 Effective Percent: 57,7%
Vers
	 Rating: 1693
	 Multiplicative Factor: 0%
	 DR Bracket: 0
	 Base: 3%
	 Effective Percent: 5,17%
Leech
	 Rating: 0
	 Multiplicative Factor: 0%
	 DR Bracket: 0
	 Base: 0%
	 Effective Percent: 0%
Avoidance
	 Rating: 2859
	 Multiplicative Factor: 0%
	 DR Bracket: 0
	 Base: 0%
	 Effective Percent: 5,26%
Mastery
	 Rating: 9325
	 Multiplicative Factor: 0%
	 DR Bracket: 0
	 Base: 19,8%
	 Effective Percent: 43,78%
----------------------
01:12,717

Intellect
	 Rating: 141249
	 Multiplicative Factor: 8,15%
Stamina
	 Rating: 876212
	 Multiplicative Factor: 11,3%
Crit
	 Rating: 24423
	 Multiplicative Factor: 0%
	 DR Bracket: 1
	 Base: 5%
	 Effective Percent: 39,4%
	 Crit Inc Heal: 2
	 Crit Inc Damage: 2
Haste
	 Rating: 26862
	 Multiplicative Factor: 0%
	 DR Bracket: 2
	 Base: 12%
	 Effective Percent: 56,31%
Vers
	 Rating: 1693
	 Multiplicative Factor: 0%
	 DR Bracket: 0
	 Base: 3%
	 Effective Percent: 5,17%
Leech
	 Rating: 0
	 Multiplicative Factor: 0%
	 DR Bracket: 0
	 Base: 0%
	 Effective Percent: 0%
Avoidance
	 Rating: 2859
	 Multiplicative Factor: 0%
	 DR Bracket: 0
	 Base: 0%
	 Effective Percent: 5,26%
Mastery
	 Rating: 9325
	 Multiplicative Factor: 0%
	 DR Bracket: 0
	 Base: 19,8%
	 Effective Percent: 43,78%
----------------------
01:13,734

Intellect
	 Rating: 141249
	 Multiplicative Factor: 8,15%
Stamina
	 Rating: 876212
	 Multiplicative Factor: 11,3%
Crit
	 Rating: 24423
	 Multiplicative Factor: 0%
	 DR Bracket: 1
	 Base: 5%
	 Effective Percent: 39,4%
	 Crit Inc Heal: 2
	 Crit Inc Damage: 2
Haste
	 Rating: 26862
	 Multiplicative Factor: 0%
	 DR Bracket: 2
	 Base: 11%
	 Effective Percent: 54,91%
Vers
	 Rating: 1693
	 Multiplicative Factor: 0%
	 DR Bracket: 0
	 Base: 3%
	 Effective Percent: 5,17%
Leech
	 Rating: 0
	 Multiplicative Factor: 0%
	 DR Bracket: 0
	 Base: 0%
	 Effective Percent: 0%
Avoidance
	 Rating: 2859
	 Multiplicative Factor: 0%
	 DR Bracket: 0
	 Base: 0%
	 Effective Percent: 5,26%
Mastery
	 Rating: 9325
	 Multiplicative Factor: 0%
	 DR Bracket: 0
	 Base: 19,8%
	 Effective Percent: 43,78%
----------------------
01:14,724

Intellect
	 Rating: 141249
	 Multiplicative Factor: 8,15%
Stamina
	 Rating: 876212
	 Multiplicative Factor: 11,3%
Crit
	 Rating: 24423
	 Multiplicative Factor: 0%
	 DR Bracket: 1
	 Base: 5%
	 Effective Percent: 39,4%
	 Crit Inc Heal: 2
	 Crit Inc Damage: 2
Haste
	 Rating: 26862
	 Multiplicative Factor: 0%
	 DR Bracket: 2
	 Base: 10%
	 Effective Percent: 53,52%
Vers
	 Rating: 1693
	 Multiplicative Factor: 0%
	 DR Bracket: 0
	 Base: 3%
	 Effective Percent: 5,17%
Leech
	 Rating: 0
	 Multiplicative Factor: 0%
	 DR Bracket: 0
	 Base: 0%
	 Effective Percent: 0%
Avoidance
	 Rating: 2859
	 Multiplicative Factor: 0%
	 DR Bracket: 0
	 Base: 0%
	 Effective Percent: 5,26%
Mastery
	 Rating: 9325
	 Multiplicative Factor: 0%
	 DR Bracket: 0
	 Base: 19,8%
	 Effective Percent: 43,78%
----------------------
01:15,721

Intellect
	 Rating: 141249
	 Multiplicative Factor: 8,15%
Stamina
	 Rating: 876212
	 Multiplicative Factor: 11,3%
Crit
	 Rating: 24423
	 Multiplicative Factor: 0%
	 DR Bracket: 1
	 Base: 5%
	 Effective Percent: 39,4%
	 Crit Inc Heal: 2
	 Crit Inc Damage: 2
Haste
	 Rating: 26862
	 Multiplicative Factor: 0%
	 DR Bracket: 2
	 Base: 9%
	 Effective Percent: 52,12%
Vers
	 Rating: 1693
	 Multiplicative Factor: 0%
	 DR Bracket: 0
	 Base: 3%
	 Effective Percent: 5,17%
Leech
	 Rating: 0
	 Multiplicative Factor: 0%
	 DR Bracket: 0
	 Base: 0%
	 Effective Percent: 0%
Avoidance
	 Rating: 2859
	 Multiplicative Factor: 0%
	 DR Bracket: 0
	 Base: 0%
	 Effective Percent: 5,26%
Mastery
	 Rating: 9325
	 Multiplicative Factor: 0%
	 DR Bracket: 0
	 Base: 19,8%
	 Effective Percent: 43,78%
----------------------
01:16,715

Intellect
	 Rating: 141249
	 Multiplicative Factor: 8,15%
Stamina
	 Rating: 876212
	 Multiplicative Factor: 11,3%
Crit
	 Rating: 24423
	 Multiplicative Factor: 0%
	 DR Bracket: 1
	 Base: 5%
	 Effective Percent: 39,4%
	 Crit Inc Heal: 2
	 Crit Inc Damage: 2
Haste
	 Rating: 26862
	 Multiplicative Factor: 0%
	 DR Bracket: 2
	 Base: 8%
	 Effective Percent: 50,72%
Vers
	 Rating: 1693
	 Multiplicative Factor: 0%
	 DR Bracket: 0
	 Base: 3%
	 Effective Percent: 5,17%
Leech
	 Rating: 0
	 Multiplicative Factor: 0%
	 DR Bracket: 0
	 Base: 0%
	 Effective Percent: 0%
Avoidance
	 Rating: 2859
	 Multiplicative Factor: 0%
	 DR Bracket: 0
	 Base: 0%
	 Effective Percent: 5,26%
Mastery
	 Rating: 9325
	 Multiplicative Factor: 0%
	 DR Bracket: 0
	 Base: 19,8%
	 Effective Percent: 43,78%
----------------------
01:17,718

Intellect
	 Rating: 141249
	 Multiplicative Factor: 8,15%
Stamina
	 Rating: 876212
	 Multiplicative Factor: 11,3%
Crit
	 Rating: 24423
	 Multiplicative Factor: 0%
	 DR Bracket: 1
	 Base: 5%
	 Effective Percent: 39,4%
	 Crit Inc Heal: 2
	 Crit Inc Damage: 2
Haste
	 Rating: 26862
	 Multiplicative Factor: 0%
	 DR Bracket: 2
	 Base: 7%
	 Effective Percent: 49,33%
Vers
	 Rating: 1693
	 Multiplicative Factor: 0%
	 DR Bracket: 0
	 Base: 3%
	 Effective Percent: 5,17%
Leech
	 Rating: 0
	 Multiplicative Factor: 0%
	 DR Bracket: 0
	 Base: 0%
	 Effective Percent: 0%
Avoidance
	 Rating: 2859
	 Multiplicative Factor: 0%
	 DR Bracket: 0
	 Base: 0%
	 Effective Percent: 5,26%
Mastery
	 Rating: 9325
	 Multiplicative Factor: 0%
	 DR Bracket: 0
	 Base: 19,8%
	 Effective Percent: 43,78%
----------------------
01:18,701

Intellect
	 Rating: 141249
	 Multiplicative Factor: 8,15%
Stamina
	 Rating: 876212
	 Multiplicative Factor: 11,3%
Crit
	 Rating: 24423
	 Multiplicative Factor: 0%
	 DR Bracket: 1
	 Base: 5%
	 Effective Percent: 39,4%
	 Crit Inc Heal: 2
	 Crit Inc Damage: 2
Haste
	 Rating: 26862
	 Multiplicative Factor: 0%
	 DR Bracket: 2
	 Base: 6%
	 Effective Percent: 47,93%
Vers
	 Rating: 1693
	 Multiplicative Factor: 0%
	 DR Bracket: 0
	 Base: 3%
	 Effective Percent: 5,17%
Leech
	 Rating: 0
	 Multiplicative Factor: 0%
	 DR Bracket: 0
	 Base: 0%
	 Effective Percent: 0%
Avoidance
	 Rating: 2859
	 Multiplicative Factor: 0%
	 DR Bracket: 0
	 Base: 0%
	 Effective Percent: 5,26%
Mastery
	 Rating: 9325
	 Multiplicative Factor: 0%
	 DR Bracket: 0
	 Base: 19,8%
	 Effective Percent: 43,78%
----------------------
01:19,712

Intellect
	 Rating: 141249
	 Multiplicative Factor: 8,15%
Stamina
	 Rating: 876212
	 Multiplicative Factor: 11,3%
Crit
	 Rating: 24423
	 Multiplicative Factor: 0%
	 DR Bracket: 1
	 Base: 5%
	 Effective Percent: 39,4%
	 Crit Inc Heal: 2
	 Crit Inc Damage: 2
Haste
	 Rating: 26862
	 Multiplicative Factor: 0%
	 DR Bracket: 2
	 Base: 5%
	 Effective Percent: 46,54%
Vers
	 Rating: 1693
	 Multiplicative Factor: 0%
	 DR Bracket: 0
	 Base: 3%
	 Effective Percent: 5,17%
Leech
	 Rating: 0
	 Multiplicative Factor: 0%
	 DR Bracket: 0
	 Base: 0%
	 Effective Percent: 0%
Avoidance
	 Rating: 2859
	 Multiplicative Factor: 0%
	 DR Bracket: 0
	 Base: 0%
	 Effective Percent: 5,26%
Mastery
	 Rating: 9325
	 Multiplicative Factor: 0%
	 DR Bracket: 0
	 Base: 19,8%
	 Effective Percent: 43,78%
----------------------
01:20,702

Intellect
	 Rating: 141249
	 Multiplicative Factor: 8,15%
Stamina
	 Rating: 876212
	 Multiplicative Factor: 11,3%
Crit
	 Rating: 24423
	 Multiplicative Factor: 0%
	 DR Bracket: 1
	 Base: 5%
	 Effective Percent: 39,4%
	 Crit Inc Heal: 2
	 Crit Inc Damage: 2
Haste
	 Rating: 26862
	 Multiplicative Factor: 0%
	 DR Bracket: 2
	 Base: 4%
	 Effective Percent: 45,14%
Vers
	 Rating: 1693
	 Multiplicative Factor: 0%
	 DR Bracket: 0
	 Base: 3%
	 Effective Percent: 5,17%
Leech
	 Rating: 0
	 Multiplicative Factor: 0%
	 DR Bracket: 0
	 Base: 0%
	 Effective Percent: 0%
Avoidance
	 Rating: 2859
	 Multiplicative Factor: 0%
	 DR Bracket: 0
	 Base: 0%
	 Effective Percent: 5,26%
Mastery
	 Rating: 9325
	 Multiplicative Factor: 0%
	 DR Bracket: 0
	 Base: 19,8%
	 Effective Percent: 43,78%
----------------------
01:21,700

Intellect
	 Rating: 141249
	 Multiplicative Factor: 8,15%
Stamina
	 Rating: 876212
	 Multiplicative Factor: 11,3%
Crit
	 Rating: 24423
	 Multiplicative Factor: 0%
	 DR Bracket: 1
	 Base: 5%
	 Effective Percent: 39,4%
	 Crit Inc Heal: 2
	 Crit Inc Damage: 2
Haste
	 Rating: 26862
	 Multiplicative Factor: 0%
	 DR Bracket: 2
	 Base: 3%
	 Effective Percent: 43,75%
Vers
	 Rating: 1693
	 Multiplicative Factor: 0%
	 DR Bracket: 0
	 Base: 3%
	 Effective Percent: 5,17%
Leech
	 Rating: 0
	 Multiplicative Factor: 0%
	 DR Bracket: 0
	 Base: 0%
	 Effective Percent: 0%
Avoidance
	 Rating: 2859
	 Multiplicative Factor: 0%
	 DR Bracket: 0
	 Base: 0%
	 Effective Percent: 5,26%
Mastery
	 Rating: 9325
	 Multiplicative Factor: 0%
	 DR Bracket: 0
	 Base: 19,8%
	 Effective Percent: 43,78%
----------------------
01:22,718

Intellect
	 Rating: 141249
	 Multiplicative Factor: 8,15%
Stamina
	 Rating: 876212
	 Multiplicative Factor: 11,3%
Crit
	 Rating: 24423
	 Multiplicative Factor: 0%
	 DR Bracket: 1
	 Base: 5%
	 Effective Percent: 39,4%
	 Crit Inc Heal: 2
	 Crit Inc Damage: 2
Haste
	 Rating: 26862
	 Multiplicative Factor: 0%
	 DR Bracket: 2
	 Base: 2%
	 Effective Percent: 42,35%
Vers
	 Rating: 1693
	 Multiplicative Factor: 0%
	 DR Bracket: 0
	 Base: 3%
	 Effective Percent: 5,17%
Leech
	 Rating: 0
	 Multiplicative Factor: 0%
	 DR Bracket: 0
	 Base: 0%
	 Effective Percent: 0%
Avoidance
	 Rating: 2859
	 Multiplicative Factor: 0%
	 DR Bracket: 0
	 Base: 0%
	 Effective Percent: 5,26%
Mastery
	 Rating: 9325
	 Multiplicative Factor: 0%
	 DR Bracket: 0
	 Base: 19,8%
	 Effective Percent: 43,78%
----------------------
01:23,711

Intellect
	 Rating: 141249
	 Multiplicative Factor: 8,15%
Stamina
	 Rating: 876212
	 Multiplicative Factor: 11,3%
Crit
	 Rating: 24423
	 Multiplicative Factor: 0%
	 DR Bracket: 1
	 Base: 5%
	 Effective Percent: 39,4%
	 Crit Inc Heal: 2
	 Crit Inc Damage: 2
Haste
	 Rating: 26862
	 Multiplicative Factor: 0%
	 DR Bracket: 2
	 Base: 1%
	 Effective Percent: 40,96%
Vers
	 Rating: 1693
	 Multiplicative Factor: 0%
	 DR Bracket: 0
	 Base: 3%
	 Effective Percent: 5,17%
Leech
	 Rating: 0
	 Multiplicative Factor: 0%
	 DR Bracket: 0
	 Base: 0%
	 Effective Percent: 0%
Avoidance
	 Rating: 2859
	 Multiplicative Factor: 0%
	 DR Bracket: 0
	 Base: 0%
	 Effective Percent: 5,26%
Mastery
	 Rating: 9325
	 Multiplicative Factor: 0%
	 DR Bracket: 0
	 Base: 19,8%
	 Effective Percent: 43,78%
----------------------
01:24,719

Intellect
	 Rating: 141249
	 Multiplicative Factor: 8,15%
Stamina
	 Rating: 876212
	 Multiplicative Factor: 11,3%
Crit
	 Rating: 24423
	 Multiplicative Factor: 0%
	 DR Bracket: 1
	 Base: 5%
	 Effective Percent: 39,4%
	 Crit Inc Heal: 2
	 Crit Inc Damage: 2
Haste
	 Rating: 26862
	 Multiplicative Factor: 0%
	 DR Bracket: 2
	 Base: 0%
	 Effective Percent: 39,56%
Vers
	 Rating: 1693
	 Multiplicative Factor: 0%
	 DR Bracket: 0
	 Base: 3%
	 Effective Percent: 5,17%
Leech
	 Rating: 0
	 Multiplicative Factor: 0%
	 DR Bracket: 0
	 Base: 0%
	 Effective Percent: 0%
Avoidance
	 Rating: 2859
	 Multiplicative Factor: 0%
	 DR Bracket: 0
	 Base: 0%
	 Effective Percent: 5,26%
Mastery
	 Rating: 9325
	 Multiplicative Factor: 0%
	 DR Bracket: 0
	 Base: 19,8%
	 Effective Percent: 43,78%
----------------------
01:25,197

Intellect
	 Rating: 141249
	 Multiplicative Factor: 8,15%
Stamina
	 Rating: 876212
	 Multiplicative Factor: 11,3%
Crit
	 Rating: 30408
	 Multiplicative Factor: 0%
	 DR Bracket: 2
	 Base: 5%
	 Effective Percent: 46,75%
	 Crit Inc Heal: 2
	 Crit Inc Damage: 2
Haste
	 Rating: 26862
	 Multiplicative Factor: 0%
	 DR Bracket: 2
	 Base: 0%
	 Effective Percent: 39,56%
Vers
	 Rating: 1693
	 Multiplicative Factor: 0%
	 DR Bracket: 0
	 Base: 3%
	 Effective Percent: 5,17%
Leech
	 Rating: 0
	 Multiplicative Factor: 0%
	 DR Bracket: 0
	 Base: 0%
	 Effective Percent: 0%
Avoidance
	 Rating: 2859
	 Multiplicative Factor: 0%
	 DR Bracket: 0
	 Base: 0%
	 Effective Percent: 5,26%
Mastery
	 Rating: 9325
	 Multiplicative Factor: 0%
	 DR Bracket: 0
	 Base: 19,8%
	 Effective Percent: 43,78%
----------------------
01:26,171

Intellect
	 Rating: 148311
	 Multiplicative Factor: 13,56%
Stamina
	 Rating: 876212
	 Multiplicative Factor: 11,3%
Crit
	 Rating: 30408
	 Multiplicative Factor: 0%
	 DR Bracket: 2
	 Base: 5%
	 Effective Percent: 46,75%
	 Crit Inc Heal: 2
	 Crit Inc Damage: 2
Haste
	 Rating: 26862
	 Multiplicative Factor: 0%
	 DR Bracket: 2
	 Base: 0%
	 Effective Percent: 39,56%
Vers
	 Rating: 1693
	 Multiplicative Factor: 0%
	 DR Bracket: 0
	 Base: 3%
	 Effective Percent: 5,17%
Leech
	 Rating: 0
	 Multiplicative Factor: 0%
	 DR Bracket: 0
	 Base: 0%
	 Effective Percent: 0%
Avoidance
	 Rating: 2859
	 Multiplicative Factor: 0%
	 DR Bracket: 0
	 Base: 0%
	 Effective Percent: 5,26%
Mastery
	 Rating: 9325
	 Multiplicative Factor: 0%
	 DR Bracket: 0
	 Base: 19,8%
	 Effective Percent: 43,78%
----------------------
01:26,777

Intellect
	 Rating: 148311
	 Multiplicative Factor: 13,56%
Stamina
	 Rating: 876212
	 Multiplicative Factor: 11,3%
Crit
	 Rating: 30408
	 Multiplicative Factor: 0%
	 DR Bracket: 2
	 Base: 5%
	 Effective Percent: 46,75%
	 Crit Inc Heal: 2
	 Crit Inc Damage: 2
Haste
	 Rating: 26862
	 Multiplicative Factor: 0%
	 DR Bracket: 2
	 Base: 3%
	 Effective Percent: 43,75%
Vers
	 Rating: 1693
	 Multiplicative Factor: 0%
	 DR Bracket: 0
	 Base: 3%
	 Effective Percent: 5,17%
Leech
	 Rating: 0
	 Multiplicative Factor: 0%
	 DR Bracket: 0
	 Base: 0%
	 Effective Percent: 0%
Avoidance
	 Rating: 2859
	 Multiplicative Factor: 0%
	 DR Bracket: 0
	 Base: 0%
	 Effective Percent: 5,26%
Mastery
	 Rating: 9325
	 Multiplicative Factor: 0%
	 DR Bracket: 0
	 Base: 19,8%
	 Effective Percent: 43,78%
----------------------
01:34,774

Intellect
	 Rating: 148311
	 Multiplicative Factor: 13,56%
Stamina
	 Rating: 876212
	 Multiplicative Factor: 11,3%
Crit
	 Rating: 30408
	 Multiplicative Factor: 0%
	 DR Bracket: 2
	 Base: 5%
	 Effective Percent: 46,75%
	 Crit Inc Heal: 2
	 Crit Inc Damage: 2
Haste
	 Rating: 26862
	 Multiplicative Factor: 0%
	 DR Bracket: 2
	 Base: 0%
	 Effective Percent: 39,56%
Vers
	 Rating: 1693
	 Multiplicative Factor: 0%
	 DR Bracket: 0
	 Base: 3%
	 Effective Percent: 5,17%
Leech
	 Rating: 0
	 Multiplicative Factor: 0%
	 DR Bracket: 0
	 Base: 0%
	 Effective Percent: 0%
Avoidance
	 Rating: 2859
	 Multiplicative Factor: 0%
	 DR Bracket: 0
	 Base: 0%
	 Effective Percent: 5,26%
Mastery
	 Rating: 9325
	 Multiplicative Factor: 0%
	 DR Bracket: 0
	 Base: 19,8%
	 Effective Percent: 43,78%
----------------------
01:35,194

Intellect
	 Rating: 148311
	 Multiplicative Factor: 13,56%
Stamina
	 Rating: 876212
	 Multiplicative Factor: 11,3%
Crit
	 Rating: 24423
	 Multiplicative Factor: 0%
	 DR Bracket: 1
	 Base: 5%
	 Effective Percent: 39,4%
	 Crit Inc Heal: 2
	 Crit Inc Damage: 2
Haste
	 Rating: 26862
	 Multiplicative Factor: 0%
	 DR Bracket: 2
	 Base: 0%
	 Effective Percent: 39,56%
Vers
	 Rating: 1693
	 Multiplicative Factor: 0%
	 DR Bracket: 0
	 Base: 3%
	 Effective Percent: 5,17%
Leech
	 Rating: 0
	 Multiplicative Factor: 0%
	 DR Bracket: 0
	 Base: 0%
	 Effective Percent: 0%
Avoidance
	 Rating: 2859
	 Multiplicative Factor: 0%
	 DR Bracket: 0
	 Base: 0%
	 Effective Percent: 5,26%
Mastery
	 Rating: 9325
	 Multiplicative Factor: 0%
	 DR Bracket: 0
	 Base: 19,8%
	 Effective Percent: 43,78%
----------------------
01:35,848

Intellect
	 Rating: 148311
	 Multiplicative Factor: 13,56%
Stamina
	 Rating: 876212
	 Multiplicative Factor: 11,3%
Crit
	 Rating: 30408
	 Multiplicative Factor: 0%
	 DR Bracket: 2
	 Base: 5%
	 Effective Percent: 46,75%
	 Crit Inc Heal: 2
	 Crit Inc Damage: 2
Haste
	 Rating: 26862
	 Multiplicative Factor: 0%
	 DR Bracket: 2
	 Base: 0%
	 Effective Percent: 39,56%
Vers
	 Rating: 1693
	 Multiplicative Factor: 0%
	 DR Bracket: 0
	 Base: 3%
	 Effective Percent: 5,17%
Leech
	 Rating: 0
	 Multiplicative Factor: 0%
	 DR Bracket: 0
	 Base: 0%
	 Effective Percent: 0%
Avoidance
	 Rating: 2859
	 Multiplicative Factor: 0%
	 DR Bracket: 0
	 Base: 0%
	 Effective Percent: 5,26%
Mastery
	 Rating: 9325
	 Multiplicative Factor: 0%
	 DR Bracket: 0
	 Base: 19,8%
	 Effective Percent: 43,78%
----------------------
01:41,177

Intellect
	 Rating: 141249
	 Multiplicative Factor: 8,15%
Stamina
	 Rating: 876212
	 Multiplicative Factor: 11,3%
Crit
	 Rating: 30408
	 Multiplicative Factor: 0%
	 DR Bracket: 2
	 Base: 5%
	 Effective Percent: 46,75%
	 Crit Inc Heal: 2
	 Crit Inc Damage: 2
Haste
	 Rating: 26862
	 Multiplicative Factor: 0%
	 DR Bracket: 2
	 Base: 0%
	 Effective Percent: 39,56%
Vers
	 Rating: 1693
	 Multiplicative Factor: 0%
	 DR Bracket: 0
	 Base: 3%
	 Effective Percent: 5,17%
Leech
	 Rating: 0
	 Multiplicative Factor: 0%
	 DR Bracket: 0
	 Base: 0%
	 Effective Percent: 0%
Avoidance
	 Rating: 2859
	 Multiplicative Factor: 0%
	 DR Bracket: 0
	 Base: 0%
	 Effective Percent: 5,26%
Mastery
	 Rating: 9325
	 Multiplicative Factor: 0%
	 DR Bracket: 0
	 Base: 19,8%
	 Effective Percent: 43,78%
----------------------
01:45,861

Intellect
	 Rating: 141249
	 Multiplicative Factor: 8,15%
Stamina
	 Rating: 876212
	 Multiplicative Factor: 11,3%
Crit
	 Rating: 24423
	 Multiplicative Factor: 0%
	 DR Bracket: 1
	 Base: 5%
	 Effective Percent: 39,4%
	 Crit Inc Heal: 2
	 Crit Inc Damage: 2
Haste
	 Rating: 26862
	 Multiplicative Factor: 0%
	 DR Bracket: 2
	 Base: 0%
	 Effective Percent: 39,56%
Vers
	 Rating: 1693
	 Multiplicative Factor: 0%
	 DR Bracket: 0
	 Base: 3%
	 Effective Percent: 5,17%
Leech
	 Rating: 0
	 Multiplicative Factor: 0%
	 DR Bracket: 0
	 Base: 0%
	 Effective Percent: 0%
Avoidance
	 Rating: 2859
	 Multiplicative Factor: 0%
	 DR Bracket: 0
	 Base: 0%
	 Effective Percent: 5,26%
Mastery
	 Rating: 9325
	 Multiplicative Factor: 0%
	 DR Bracket: 0
	 Base: 19,8%
	 Effective Percent: 43,78%
----------------------
01:57,024

Intellect
	 Rating: 141249
	 Multiplicative Factor: 8,15%
Stamina
	 Rating: 876212
	 Multiplicative Factor: 11,3%
Crit
	 Rating: 24423
	 Multiplicative Factor: 0%
	 DR Bracket: 1
	 Base: 5%
	 Effective Percent: 39,4%
	 Crit Inc Heal: 2
	 Crit Inc Damage: 2
Haste
	 Rating: 26862
	 Multiplicative Factor: 0%
	 DR Bracket: 2
	 Base: 3%
	 Effective Percent: 43,75%
Vers
	 Rating: 1693
	 Multiplicative Factor: 0%
	 DR Bracket: 0
	 Base: 3%
	 Effective Percent: 5,17%
Leech
	 Rating: 0
	 Multiplicative Factor: 0%
	 DR Bracket: 0
	 Base: 0%
	 Effective Percent: 0%
Avoidance
	 Rating: 2859
	 Multiplicative Factor: 0%
	 DR Bracket: 0
	 Base: 0%
	 Effective Percent: 5,26%
Mastery
	 Rating: 9325
	 Multiplicative Factor: 0%
	 DR Bracket: 0
	 Base: 19,8%
	 Effective Percent: 43,78%
----------------------
02:05,054

Intellect
	 Rating: 141249
	 Multiplicative Factor: 8,15%
Stamina
	 Rating: 876212
	 Multiplicative Factor: 11,3%
Crit
	 Rating: 24423
	 Multiplicative Factor: 0%
	 DR Bracket: 1
	 Base: 5%
	 Effective Percent: 39,4%
	 Crit Inc Heal: 2
	 Crit Inc Damage: 2
Haste
	 Rating: 26862
	 Multiplicative Factor: 0%
	 DR Bracket: 2
	 Base: 0%
	 Effective Percent: 39,56%
Vers
	 Rating: 1693
	 Multiplicative Factor: 0%
	 DR Bracket: 0
	 Base: 3%
	 Effective Percent: 5,17%
Leech
	 Rating: 0
	 Multiplicative Factor: 0%
	 DR Bracket: 0
	 Base: 0%
	 Effective Percent: 0%
Avoidance
	 Rating: 2859
	 Multiplicative Factor: 0%
	 DR Bracket: 0
	 Base: 0%
	 Effective Percent: 5,26%
Mastery
	 Rating: 9325
	 Multiplicative Factor: 0%
	 DR Bracket: 0
	 Base: 19,8%
	 Effective Percent: 43,78%
----------------------
02:10,548

Intellect
	 Rating: 148311
	 Multiplicative Factor: 13,56%
Stamina
	 Rating: 876212
	 Multiplicative Factor: 11,3%
Crit
	 Rating: 24423
	 Multiplicative Factor: 0%
	 DR Bracket: 1
	 Base: 5%
	 Effective Percent: 39,4%
	 Crit Inc Heal: 2
	 Crit Inc Damage: 2
Haste
	 Rating: 26862
	 Multiplicative Factor: 0%
	 DR Bracket: 2
	 Base: 0%
	 Effective Percent: 39,56%
Vers
	 Rating: 1693
	 Multiplicative Factor: 0%
	 DR Bracket: 0
	 Base: 3%
	 Effective Percent: 5,17%
Leech
	 Rating: 0
	 Multiplicative Factor: 0%
	 DR Bracket: 0
	 Base: 0%
	 Effective Percent: 0%
Avoidance
	 Rating: 2859
	 Multiplicative Factor: 0%
	 DR Bracket: 0
	 Base: 0%
	 Effective Percent: 5,26%
Mastery
	 Rating: 9325
	 Multiplicative Factor: 0%
	 DR Bracket: 0
	 Base: 19,8%
	 Effective Percent: 43,78%
----------------------
02:13,465

Intellect
	 Rating: 148311
	 Multiplicative Factor: 13,56%
Stamina
	 Rating: 876212
	 Multiplicative Factor: 11,3%
Crit
	 Rating: 24423
	 Multiplicative Factor: 0%
	 DR Bracket: 1
	 Base: 5%
	 Effective Percent: 39,4%
	 Crit Inc Heal: 2
	 Crit Inc Damage: 2
Haste
	 Rating: 26862
	 Multiplicative Factor: 0%
	 DR Bracket: 2
	 Base: 1%
	 Effective Percent: 40,96%
Vers
	 Rating: 1693
	 Multiplicative Factor: 0%
	 DR Bracket: 0
	 Base: 3%
	 Effective Percent: 5,17%
Leech
	 Rating: 0
	 Multiplicative Factor: 0%
	 DR Bracket: 0
	 Base: 0%
	 Effective Percent: 0%
Avoidance
	 Rating: 2859
	 Multiplicative Factor: 0%
	 DR Bracket: 0
	 Base: 0%
	 Effective Percent: 5,26%
Mastery
	 Rating: 9325
	 Multiplicative Factor: 0%
	 DR Bracket: 0
	 Base: 19,8%
	 Effective Percent: 43,78%
----------------------
02:13,766

Intellect
	 Rating: 148311
	 Multiplicative Factor: 13,56%
Stamina
	 Rating: 876212
	 Multiplicative Factor: 11,3%
Crit
	 Rating: 24423
	 Multiplicative Factor: 0%
	 DR Bracket: 1
	 Base: 5%
	 Effective Percent: 39,4%
	 Crit Inc Heal: 2
	 Crit Inc Damage: 2
Haste
	 Rating: 26862
	 Multiplicative Factor: 0%
	 DR Bracket: 2
	 Base: 21%
	 Effective Percent: 68,87%
Vers
	 Rating: 1693
	 Multiplicative Factor: 0%
	 DR Bracket: 0
	 Base: 3%
	 Effective Percent: 5,17%
Leech
	 Rating: 0
	 Multiplicative Factor: 0%
	 DR Bracket: 0
	 Base: 0%
	 Effective Percent: 0%
Avoidance
	 Rating: 2859
	 Multiplicative Factor: 0%
	 DR Bracket: 0
	 Base: 0%
	 Effective Percent: 5,26%
Mastery
	 Rating: 9325
	 Multiplicative Factor: 0%
	 DR Bracket: 0
	 Base: 19,8%
	 Effective Percent: 43,78%
----------------------
02:14,476

Intellect
	 Rating: 148311
	 Multiplicative Factor: 13,56%
Stamina
	 Rating: 876212
	 Multiplicative Factor: 11,3%
Crit
	 Rating: 24423
	 Multiplicative Factor: 0%
	 DR Bracket: 1
	 Base: 5%
	 Effective Percent: 39,4%
	 Crit Inc Heal: 2
	 Crit Inc Damage: 2
Haste
	 Rating: 26862
	 Multiplicative Factor: 0%
	 DR Bracket: 2
	 Base: 49%
	 Effective Percent: 107,94%
Vers
	 Rating: 1693
	 Multiplicative Factor: 0%
	 DR Bracket: 0
	 Base: 3%
	 Effective Percent: 5,17%
Leech
	 Rating: 0
	 Multiplicative Factor: 0%
	 DR Bracket: 0
	 Base: 0%
	 Effective Percent: 0%
Avoidance
	 Rating: 2859
	 Multiplicative Factor: 0%
	 DR Bracket: 0
	 Base: 0%
	 Effective Percent: 5,26%
Mastery
	 Rating: 9325
	 Multiplicative Factor: 0%
	 DR Bracket: 0
	 Base: 19,8%
	 Effective Percent: 43,78%
----------------------
02:15,464

Intellect
	 Rating: 148311
	 Multiplicative Factor: 13,56%
Stamina
	 Rating: 876212
	 Multiplicative Factor: 11,3%
Crit
	 Rating: 24423
	 Multiplicative Factor: 0%
	 DR Bracket: 1
	 Base: 5%
	 Effective Percent: 39,4%
	 Crit Inc Heal: 2
	 Crit Inc Damage: 2
Haste
	 Rating: 26862
	 Multiplicative Factor: 0%
	 DR Bracket: 2
	 Base: 48%
	 Effective Percent: 106,55%
Vers
	 Rating: 1693
	 Multiplicative Factor: 0%
	 DR Bracket: 0
	 Base: 3%
	 Effective Percent: 5,17%
Leech
	 Rating: 0
	 Multiplicative Factor: 0%
	 DR Bracket: 0
	 Base: 0%
	 Effective Percent: 0%
Avoidance
	 Rating: 2859
	 Multiplicative Factor: 0%
	 DR Bracket: 0
	 Base: 0%
	 Effective Percent: 5,26%
Mastery
	 Rating: 9325
	 Multiplicative Factor: 0%
	 DR Bracket: 0
	 Base: 19,8%
	 Effective Percent: 43,78%
----------------------
02:16,474

Intellect
	 Rating: 148311
	 Multiplicative Factor: 13,56%
Stamina
	 Rating: 876212
	 Multiplicative Factor: 11,3%
Crit
	 Rating: 24423
	 Multiplicative Factor: 0%
	 DR Bracket: 1
	 Base: 5%
	 Effective Percent: 39,4%
	 Crit Inc Heal: 2
	 Crit Inc Damage: 2
Haste
	 Rating: 26862
	 Multiplicative Factor: 0%
	 DR Bracket: 2
	 Base: 47%
	 Effective Percent: 105,15%
Vers
	 Rating: 1693
	 Multiplicative Factor: 0%
	 DR Bracket: 0
	 Base: 3%
	 Effective Percent: 5,17%
Leech
	 Rating: 0
	 Multiplicative Factor: 0%
	 DR Bracket: 0
	 Base: 0%
	 Effective Percent: 0%
Avoidance
	 Rating: 2859
	 Multiplicative Factor: 0%
	 DR Bracket: 0
	 Base: 0%
	 Effective Percent: 5,26%
Mastery
	 Rating: 9325
	 Multiplicative Factor: 0%
	 DR Bracket: 0
	 Base: 19,8%
	 Effective Percent: 43,78%
----------------------
02:17,476

Intellect
	 Rating: 148311
	 Multiplicative Factor: 13,56%
Stamina
	 Rating: 876212
	 Multiplicative Factor: 11,3%
Crit
	 Rating: 24423
	 Multiplicative Factor: 0%
	 DR Bracket: 1
	 Base: 5%
	 Effective Percent: 39,4%
	 Crit Inc Heal: 2
	 Crit Inc Damage: 2
Haste
	 Rating: 26862
	 Multiplicative Factor: 0%
	 DR Bracket: 2
	 Base: 46%
	 Effective Percent: 103,76%
Vers
	 Rating: 1693
	 Multiplicative Factor: 0%
	 DR Bracket: 0
	 Base: 3%
	 Effective Percent: 5,17%
Leech
	 Rating: 0
	 Multiplicative Factor: 0%
	 DR Bracket: 0
	 Base: 0%
	 Effective Percent: 0%
Avoidance
	 Rating: 2859
	 Multiplicative Factor: 0%
	 DR Bracket: 0
	 Base: 0%
	 Effective Percent: 5,26%
Mastery
	 Rating: 9325
	 Multiplicative Factor: 0%
	 DR Bracket: 0
	 Base: 19,8%
	 Effective Percent: 43,78%
----------------------
02:18,473

Intellect
	 Rating: 148311
	 Multiplicative Factor: 13,56%
Stamina
	 Rating: 876212
	 Multiplicative Factor: 11,3%
Crit
	 Rating: 24423
	 Multiplicative Factor: 0%
	 DR Bracket: 1
	 Base: 5%
	 Effective Percent: 39,4%
	 Crit Inc Heal: 2
	 Crit Inc Damage: 2
Haste
	 Rating: 26862
	 Multiplicative Factor: 0%
	 DR Bracket: 2
	 Base: 45%
	 Effective Percent: 102,36%
Vers
	 Rating: 1693
	 Multiplicative Factor: 0%
	 DR Bracket: 0
	 Base: 3%
	 Effective Percent: 5,17%
Leech
	 Rating: 0
	 Multiplicative Factor: 0%
	 DR Bracket: 0
	 Base: 0%
	 Effective Percent: 0%
Avoidance
	 Rating: 2859
	 Multiplicative Factor: 0%
	 DR Bracket: 0
	 Base: 0%
	 Effective Percent: 5,26%
Mastery
	 Rating: 9325
	 Multiplicative Factor: 0%
	 DR Bracket: 0
	 Base: 19,8%
	 Effective Percent: 43,78%
----------------------
02:19,467

Intellect
	 Rating: 148311
	 Multiplicative Factor: 13,56%
Stamina
	 Rating: 876212
	 Multiplicative Factor: 11,3%
Crit
	 Rating: 24423
	 Multiplicative Factor: 0%
	 DR Bracket: 1
	 Base: 5%
	 Effective Percent: 39,4%
	 Crit Inc Heal: 2
	 Crit Inc Damage: 2
Haste
	 Rating: 26862
	 Multiplicative Factor: 0%
	 DR Bracket: 2
	 Base: 44%
	 Effective Percent: 100,97%
Vers
	 Rating: 1693
	 Multiplicative Factor: 0%
	 DR Bracket: 0
	 Base: 3%
	 Effective Percent: 5,17%
Leech
	 Rating: 0
	 Multiplicative Factor: 0%
	 DR Bracket: 0
	 Base: 0%
	 Effective Percent: 0%
Avoidance
	 Rating: 2859
	 Multiplicative Factor: 0%
	 DR Bracket: 0
	 Base: 0%
	 Effective Percent: 5,26%
Mastery
	 Rating: 9325
	 Multiplicative Factor: 0%
	 DR Bracket: 0
	 Base: 19,8%
	 Effective Percent: 43,78%
----------------------
02:20,465

Intellect
	 Rating: 148311
	 Multiplicative Factor: 13,56%
Stamina
	 Rating: 876212
	 Multiplicative Factor: 11,3%
Crit
	 Rating: 24423
	 Multiplicative Factor: 0%
	 DR Bracket: 1
	 Base: 5%
	 Effective Percent: 39,4%
	 Crit Inc Heal: 2
	 Crit Inc Damage: 2
Haste
	 Rating: 26862
	 Multiplicative Factor: 0%
	 DR Bracket: 2
	 Base: 43%
	 Effective Percent: 99,57%
Vers
	 Rating: 1693
	 Multiplicative Factor: 0%
	 DR Bracket: 0
	 Base: 3%
	 Effective Percent: 5,17%
Leech
	 Rating: 0
	 Multiplicative Factor: 0%
	 DR Bracket: 0
	 Base: 0%
	 Effective Percent: 0%
Avoidance
	 Rating: 2859
	 Multiplicative Factor: 0%
	 DR Bracket: 0
	 Base: 0%
	 Effective Percent: 5,26%
Mastery
	 Rating: 9325
	 Multiplicative Factor: 0%
	 DR Bracket: 0
	 Base: 19,8%
	 Effective Percent: 43,78%
----------------------
02:21,472

Intellect
	 Rating: 148311
	 Multiplicative Factor: 13,56%
Stamina
	 Rating: 876212
	 Multiplicative Factor: 11,3%
Crit
	 Rating: 24423
	 Multiplicative Factor: 0%
	 DR Bracket: 1
	 Base: 5%
	 Effective Percent: 39,4%
	 Crit Inc Heal: 2
	 Crit Inc Damage: 2
Haste
	 Rating: 26862
	 Multiplicative Factor: 0%
	 DR Bracket: 2
	 Base: 42%
	 Effective Percent: 98,18%
Vers
	 Rating: 1693
	 Multiplicative Factor: 0%
	 DR Bracket: 0
	 Base: 3%
	 Effective Percent: 5,17%
Leech
	 Rating: 0
	 Multiplicative Factor: 0%
	 DR Bracket: 0
	 Base: 0%
	 Effective Percent: 0%
Avoidance
	 Rating: 2859
	 Multiplicative Factor: 0%
	 DR Bracket: 0
	 Base: 0%
	 Effective Percent: 5,26%
Mastery
	 Rating: 9325
	 Multiplicative Factor: 0%
	 DR Bracket: 0
	 Base: 19,8%
	 Effective Percent: 43,78%
----------------------
02:21,961

Intellect
	 Rating: 148311
	 Multiplicative Factor: 13,56%
Stamina
	 Rating: 876212
	 Multiplicative Factor: 11,3%
Crit
	 Rating: 24423
	 Multiplicative Factor: 0%
	 DR Bracket: 1
	 Base: 5%
	 Effective Percent: 39,4%
	 Crit Inc Heal: 2
	 Crit Inc Damage: 2
Haste
	 Rating: 26862
	 Multiplicative Factor: 0%
	 DR Bracket: 2
	 Base: 42%
	 Effective Percent: 98,18%
Vers
	 Rating: 1693
	 Multiplicative Factor: 0%
	 DR Bracket: 0
	 Base: 0%
	 Effective Percent: 2,17%
Leech
	 Rating: 0
	 Multiplicative Factor: 0%
	 DR Bracket: 0
	 Base: 0%
	 Effective Percent: 0%
Avoidance
	 Rating: 2859
	 Multiplicative Factor: 0%
	 DR Bracket: 0
	 Base: 0%
	 Effective Percent: 5,26%
Mastery
	 Rating: 9325
	 Multiplicative Factor: 0%
	 DR Bracket: 0
	 Base: 19,8%
	 Effective Percent: 43,78%
----------------------
02:21,961

Intellect
	 Rating: 148311
	 Multiplicative Factor: 13,56%
Stamina
	 Rating: 876212
	 Multiplicative Factor: 11,3%
Crit
	 Rating: 24423
	 Multiplicative Factor: 0%
	 DR Bracket: 1
	 Base: 5%
	 Effective Percent: 39,4%
	 Crit Inc Heal: 2
	 Crit Inc Damage: 2
Haste
	 Rating: 26862
	 Multiplicative Factor: 0%
	 DR Bracket: 2
	 Base: 42%
	 Effective Percent: 98,18%
Vers
	 Rating: 1693
	 Multiplicative Factor: 0%
	 DR Bracket: 0
	 Base: 3%
	 Effective Percent: 5,17%
Leech
	 Rating: 0
	 Multiplicative Factor: 0%
	 DR Bracket: 0
	 Base: 0%
	 Effective Percent: 0%
Avoidance
	 Rating: 2859
	 Multiplicative Factor: 0%
	 DR Bracket: 0
	 Base: 0%
	 Effective Percent: 5,26%
Mastery
	 Rating: 9325
	 Multiplicative Factor: 0%
	 DR Bracket: 0
	 Base: 19,8%
	 Effective Percent: 43,78%
----------------------
02:22,460

Intellect
	 Rating: 148311
	 Multiplicative Factor: 13,56%
Stamina
	 Rating: 876212
	 Multiplicative Factor: 11,3%
Crit
	 Rating: 24423
	 Multiplicative Factor: 0%
	 DR Bracket: 1
	 Base: 5%
	 Effective Percent: 39,4%
	 Crit Inc Heal: 2
	 Crit Inc Damage: 2
Haste
	 Rating: 26862
	 Multiplicative Factor: 0%
	 DR Bracket: 2
	 Base: 41%
	 Effective Percent: 96,78%
Vers
	 Rating: 1693
	 Multiplicative Factor: 0%
	 DR Bracket: 0
	 Base: 3%
	 Effective Percent: 5,17%
Leech
	 Rating: 0
	 Multiplicative Factor: 0%
	 DR Bracket: 0
	 Base: 0%
	 Effective Percent: 0%
Avoidance
	 Rating: 2859
	 Multiplicative Factor: 0%
	 DR Bracket: 0
	 Base: 0%
	 Effective Percent: 5,26%
Mastery
	 Rating: 9325
	 Multiplicative Factor: 0%
	 DR Bracket: 0
	 Base: 19,8%
	 Effective Percent: 43,78%
----------------------
02:23,470

Intellect
	 Rating: 148311
	 Multiplicative Factor: 13,56%
Stamina
	 Rating: 876212
	 Multiplicative Factor: 11,3%
Crit
	 Rating: 24423
	 Multiplicative Factor: 0%
	 DR Bracket: 1
	 Base: 5%
	 Effective Percent: 39,4%
	 Crit Inc Heal: 2
	 Crit Inc Damage: 2
Haste
	 Rating: 26862
	 Multiplicative Factor: 0%
	 DR Bracket: 2
	 Base: 40%
	 Effective Percent: 95,38%
Vers
	 Rating: 1693
	 Multiplicative Factor: 0%
	 DR Bracket: 0
	 Base: 3%
	 Effective Percent: 5,17%
Leech
	 Rating: 0
	 Multiplicative Factor: 0%
	 DR Bracket: 0
	 Base: 0%
	 Effective Percent: 0%
Avoidance
	 Rating: 2859
	 Multiplicative Factor: 0%
	 DR Bracket: 0
	 Base: 0%
	 Effective Percent: 5,26%
Mastery
	 Rating: 9325
	 Multiplicative Factor: 0%
	 DR Bracket: 0
	 Base: 19,8%
	 Effective Percent: 43,78%
----------------------
02:24,463

Intellect
	 Rating: 148311
	 Multiplicative Factor: 13,56%
Stamina
	 Rating: 876212
	 Multiplicative Factor: 11,3%
Crit
	 Rating: 24423
	 Multiplicative Factor: 0%
	 DR Bracket: 1
	 Base: 5%
	 Effective Percent: 39,4%
	 Crit Inc Heal: 2
	 Crit Inc Damage: 2
Haste
	 Rating: 26862
	 Multiplicative Factor: 0%
	 DR Bracket: 2
	 Base: 39%
	 Effective Percent: 93,99%
Vers
	 Rating: 1693
	 Multiplicative Factor: 0%
	 DR Bracket: 0
	 Base: 3%
	 Effective Percent: 5,17%
Leech
	 Rating: 0
	 Multiplicative Factor: 0%
	 DR Bracket: 0
	 Base: 0%
	 Effective Percent: 0%
Avoidance
	 Rating: 2859
	 Multiplicative Factor: 0%
	 DR Bracket: 0
	 Base: 0%
	 Effective Percent: 5,26%
Mastery
	 Rating: 9325
	 Multiplicative Factor: 0%
	 DR Bracket: 0
	 Base: 19,8%
	 Effective Percent: 43,78%
----------------------
02:24,616

Intellect
	 Rating: 148311
	 Multiplicative Factor: 13,56%
Stamina
	 Rating: 876212
	 Multiplicative Factor: 11,3%
Crit
	 Rating: 24423
	 Multiplicative Factor: 0%
	 DR Bracket: 1
	 Base: 5%
	 Effective Percent: 39,4%
	 Crit Inc Heal: 2
	 Crit Inc Damage: 2
Haste
	 Rating: 26862
	 Multiplicative Factor: 0%
	 DR Bracket: 2
	 Base: 42%
	 Effective Percent: 98,18%
Vers
	 Rating: 1693
	 Multiplicative Factor: 0%
	 DR Bracket: 0
	 Base: 3%
	 Effective Percent: 5,17%
Leech
	 Rating: 0
	 Multiplicative Factor: 0%
	 DR Bracket: 0
	 Base: 0%
	 Effective Percent: 0%
Avoidance
	 Rating: 2859
	 Multiplicative Factor: 0%
	 DR Bracket: 0
	 Base: 0%
	 Effective Percent: 5,26%
Mastery
	 Rating: 9325
	 Multiplicative Factor: 0%
	 DR Bracket: 0
	 Base: 19,8%
	 Effective Percent: 43,78%
----------------------
02:25,109

Intellect
	 Rating: 148311
	 Multiplicative Factor: 13,56%
Stamina
	 Rating: 876212
	 Multiplicative Factor: 11,3%
Crit
	 Rating: 24423
	 Multiplicative Factor: 0%
	 DR Bracket: 1
	 Base: 5%
	 Effective Percent: 39,4%
	 Crit Inc Heal: 2
	 Crit Inc Damage: 2
Haste
	 Rating: 26862
	 Multiplicative Factor: 0%
	 DR Bracket: 2
	 Base: 45%
	 Effective Percent: 102,36%
Vers
	 Rating: 1693
	 Multiplicative Factor: 0%
	 DR Bracket: 0
	 Base: 3%
	 Effective Percent: 5,17%
Leech
	 Rating: 0
	 Multiplicative Factor: 0%
	 DR Bracket: 0
	 Base: 0%
	 Effective Percent: 0%
Avoidance
	 Rating: 2859
	 Multiplicative Factor: 0%
	 DR Bracket: 0
	 Base: 0%
	 Effective Percent: 5,26%
Mastery
	 Rating: 9325
	 Multiplicative Factor: 0%
	 DR Bracket: 0
	 Base: 19,8%
	 Effective Percent: 43,78%
----------------------
02:25,462

Intellect
	 Rating: 148311
	 Multiplicative Factor: 13,56%
Stamina
	 Rating: 876212
	 Multiplicative Factor: 11,3%
Crit
	 Rating: 24423
	 Multiplicative Factor: 0%
	 DR Bracket: 1
	 Base: 5%
	 Effective Percent: 39,4%
	 Crit Inc Heal: 2
	 Crit Inc Damage: 2
Haste
	 Rating: 26862
	 Multiplicative Factor: 0%
	 DR Bracket: 2
	 Base: 44%
	 Effective Percent: 100,97%
Vers
	 Rating: 1693
	 Multiplicative Factor: 0%
	 DR Bracket: 0
	 Base: 3%
	 Effective Percent: 5,17%
Leech
	 Rating: 0
	 Multiplicative Factor: 0%
	 DR Bracket: 0
	 Base: 0%
	 Effective Percent: 0%
Avoidance
	 Rating: 2859
	 Multiplicative Factor: 0%
	 DR Bracket: 0
	 Base: 0%
	 Effective Percent: 5,26%
Mastery
	 Rating: 9325
	 Multiplicative Factor: 0%
	 DR Bracket: 0
	 Base: 19,8%
	 Effective Percent: 43,78%
----------------------
02:26,471

Intellect
	 Rating: 148311
	 Multiplicative Factor: 13,56%
Stamina
	 Rating: 876212
	 Multiplicative Factor: 11,3%
Crit
	 Rating: 24423
	 Multiplicative Factor: 0%
	 DR Bracket: 1
	 Base: 5%
	 Effective Percent: 39,4%
	 Crit Inc Heal: 2
	 Crit Inc Damage: 2
Haste
	 Rating: 26862
	 Multiplicative Factor: 0%
	 DR Bracket: 2
	 Base: 43%
	 Effective Percent: 99,57%
Vers
	 Rating: 1693
	 Multiplicative Factor: 0%
	 DR Bracket: 0
	 Base: 3%
	 Effective Percent: 5,17%
Leech
	 Rating: 0
	 Multiplicative Factor: 0%
	 DR Bracket: 0
	 Base: 0%
	 Effective Percent: 0%
Avoidance
	 Rating: 2859
	 Multiplicative Factor: 0%
	 DR Bracket: 0
	 Base: 0%
	 Effective Percent: 5,26%
Mastery
	 Rating: 9325
	 Multiplicative Factor: 0%
	 DR Bracket: 0
	 Base: 19,8%
	 Effective Percent: 43,78%
----------------------
02:27,455

Intellect
	 Rating: 148311
	 Multiplicative Factor: 13,56%
Stamina
	 Rating: 876212
	 Multiplicative Factor: 11,3%
Crit
	 Rating: 24423
	 Multiplicative Factor: 0%
	 DR Bracket: 1
	 Base: 5%
	 Effective Percent: 39,4%
	 Crit Inc Heal: 2
	 Crit Inc Damage: 2
Haste
	 Rating: 26862
	 Multiplicative Factor: 0%
	 DR Bracket: 2
	 Base: 42%
	 Effective Percent: 98,18%
Vers
	 Rating: 1693
	 Multiplicative Factor: 0%
	 DR Bracket: 0
	 Base: 3%
	 Effective Percent: 5,17%
Leech
	 Rating: 0
	 Multiplicative Factor: 0%
	 DR Bracket: 0
	 Base: 0%
	 Effective Percent: 0%
Avoidance
	 Rating: 2859
	 Multiplicative Factor: 0%
	 DR Bracket: 0
	 Base: 0%
	 Effective Percent: 5,26%
Mastery
	 Rating: 9325
	 Multiplicative Factor: 0%
	 DR Bracket: 0
	 Base: 19,8%
	 Effective Percent: 43,78%
----------------------
02:28,343

Intellect
	 Rating: 148311
	 Multiplicative Factor: 13,56%
Stamina
	 Rating: 876212
	 Multiplicative Factor: 11,3%
Crit
	 Rating: 30408
	 Multiplicative Factor: 0%
	 DR Bracket: 2
	 Base: 5%
	 Effective Percent: 46,75%
	 Crit Inc Heal: 2
	 Crit Inc Damage: 2
Haste
	 Rating: 26862
	 Multiplicative Factor: 0%
	 DR Bracket: 2
	 Base: 42%
	 Effective Percent: 98,18%
Vers
	 Rating: 1693
	 Multiplicative Factor: 0%
	 DR Bracket: 0
	 Base: 3%
	 Effective Percent: 5,17%
Leech
	 Rating: 0
	 Multiplicative Factor: 0%
	 DR Bracket: 0
	 Base: 0%
	 Effective Percent: 0%
Avoidance
	 Rating: 2859
	 Multiplicative Factor: 0%
	 DR Bracket: 0
	 Base: 0%
	 Effective Percent: 5,26%
Mastery
	 Rating: 9325
	 Multiplicative Factor: 0%
	 DR Bracket: 0
	 Base: 19,8%
	 Effective Percent: 43,78%
----------------------
02:28,472

Intellect
	 Rating: 148311
	 Multiplicative Factor: 13,56%
Stamina
	 Rating: 876212
	 Multiplicative Factor: 11,3%
Crit
	 Rating: 30408
	 Multiplicative Factor: 0%
	 DR Bracket: 2
	 Base: 5%
	 Effective Percent: 46,75%
	 Crit Inc Heal: 2
	 Crit Inc Damage: 2
Haste
	 Rating: 26862
	 Multiplicative Factor: 0%
	 DR Bracket: 2
	 Base: 41%
	 Effective Percent: 96,78%
Vers
	 Rating: 1693
	 Multiplicative Factor: 0%
	 DR Bracket: 0
	 Base: 3%
	 Effective Percent: 5,17%
Leech
	 Rating: 0
	 Multiplicative Factor: 0%
	 DR Bracket: 0
	 Base: 0%
	 Effective Percent: 0%
Avoidance
	 Rating: 2859
	 Multiplicative Factor: 0%
	 DR Bracket: 0
	 Base: 0%
	 Effective Percent: 5,26%
Mastery
	 Rating: 9325
	 Multiplicative Factor: 0%
	 DR Bracket: 0
	 Base: 19,8%
	 Effective Percent: 43,78%
----------------------
02:28,473

Intellect
	 Rating: 141249
	 Multiplicative Factor: 8,15%
Stamina
	 Rating: 876212
	 Multiplicative Factor: 11,3%
Crit
	 Rating: 30408
	 Multiplicative Factor: 0%
	 DR Bracket: 2
	 Base: 5%
	 Effective Percent: 46,75%
	 Crit Inc Heal: 2
	 Crit Inc Damage: 2
Haste
	 Rating: 26862
	 Multiplicative Factor: 0%
	 DR Bracket: 2
	 Base: 41%
	 Effective Percent: 96,78%
Vers
	 Rating: 1693
	 Multiplicative Factor: 0%
	 DR Bracket: 0
	 Base: 3%
	 Effective Percent: 5,17%
Leech
	 Rating: 0
	 Multiplicative Factor: 0%
	 DR Bracket: 0
	 Base: 0%
	 Effective Percent: 0%
Avoidance
	 Rating: 2859
	 Multiplicative Factor: 0%
	 DR Bracket: 0
	 Base: 0%
	 Effective Percent: 5,26%
Mastery
	 Rating: 9325
	 Multiplicative Factor: 0%
	 DR Bracket: 0
	 Base: 19,8%
	 Effective Percent: 43,78%
----------------------
02:28,780

Intellect
	 Rating: 141249
	 Multiplicative Factor: 8,15%
Stamina
	 Rating: 876212
	 Multiplicative Factor: 11,3%
Crit
	 Rating: 30408
	 Multiplicative Factor: 0%
	 DR Bracket: 2
	 Base: 5%
	 Effective Percent: 46,75%
	 Crit Inc Heal: 2
	 Crit Inc Damage: 2
Haste
	 Rating: 26862
	 Multiplicative Factor: 0%
	 DR Bracket: 2
	 Base: 21%
	 Effective Percent: 68,87%
Vers
	 Rating: 1693
	 Multiplicative Factor: 0%
	 DR Bracket: 0
	 Base: 3%
	 Effective Percent: 5,17%
Leech
	 Rating: 0
	 Multiplicative Factor: 0%
	 DR Bracket: 0
	 Base: 0%
	 Effective Percent: 0%
Avoidance
	 Rating: 2859
	 Multiplicative Factor: 0%
	 DR Bracket: 0
	 Base: 0%
	 Effective Percent: 5,26%
Mastery
	 Rating: 9325
	 Multiplicative Factor: 0%
	 DR Bracket: 0
	 Base: 19,8%
	 Effective Percent: 43,78%
----------------------
02:29,465

Intellect
	 Rating: 141249
	 Multiplicative Factor: 8,15%
Stamina
	 Rating: 876212
	 Multiplicative Factor: 11,3%
Crit
	 Rating: 30408
	 Multiplicative Factor: 0%
	 DR Bracket: 2
	 Base: 5%
	 Effective Percent: 46,75%
	 Crit Inc Heal: 2
	 Crit Inc Damage: 2
Haste
	 Rating: 26862
	 Multiplicative Factor: 0%
	 DR Bracket: 2
	 Base: 20%
	 Effective Percent: 67,47%
Vers
	 Rating: 1693
	 Multiplicative Factor: 0%
	 DR Bracket: 0
	 Base: 3%
	 Effective Percent: 5,17%
Leech
	 Rating: 0
	 Multiplicative Factor: 0%
	 DR Bracket: 0
	 Base: 0%
	 Effective Percent: 0%
Avoidance
	 Rating: 2859
	 Multiplicative Factor: 0%
	 DR Bracket: 0
	 Base: 0%
	 Effective Percent: 5,26%
Mastery
	 Rating: 9325
	 Multiplicative Factor: 0%
	 DR Bracket: 0
	 Base: 19,8%
	 Effective Percent: 43,78%
----------------------
02:30,475

Intellect
	 Rating: 141249
	 Multiplicative Factor: 8,15%
Stamina
	 Rating: 876212
	 Multiplicative Factor: 11,3%
Crit
	 Rating: 30408
	 Multiplicative Factor: 0%
	 DR Bracket: 2
	 Base: 5%
	 Effective Percent: 46,75%
	 Crit Inc Heal: 2
	 Crit Inc Damage: 2
Haste
	 Rating: 26862
	 Multiplicative Factor: 0%
	 DR Bracket: 2
	 Base: 19%
	 Effective Percent: 66,08%
Vers
	 Rating: 1693
	 Multiplicative Factor: 0%
	 DR Bracket: 0
	 Base: 3%
	 Effective Percent: 5,17%
Leech
	 Rating: 0
	 Multiplicative Factor: 0%
	 DR Bracket: 0
	 Base: 0%
	 Effective Percent: 0%
Avoidance
	 Rating: 2859
	 Multiplicative Factor: 0%
	 DR Bracket: 0
	 Base: 0%
	 Effective Percent: 5,26%
Mastery
	 Rating: 9325
	 Multiplicative Factor: 0%
	 DR Bracket: 0
	 Base: 19,8%
	 Effective Percent: 43,78%
----------------------
02:31,473

Intellect
	 Rating: 141249
	 Multiplicative Factor: 8,15%
Stamina
	 Rating: 876212
	 Multiplicative Factor: 11,3%
Crit
	 Rating: 30408
	 Multiplicative Factor: 0%
	 DR Bracket: 2
	 Base: 5%
	 Effective Percent: 46,75%
	 Crit Inc Heal: 2
	 Crit Inc Damage: 2
Haste
	 Rating: 26862
	 Multiplicative Factor: 0%
	 DR Bracket: 2
	 Base: 18%
	 Effective Percent: 64,68%
Vers
	 Rating: 1693
	 Multiplicative Factor: 0%
	 DR Bracket: 0
	 Base: 3%
	 Effective Percent: 5,17%
Leech
	 Rating: 0
	 Multiplicative Factor: 0%
	 DR Bracket: 0
	 Base: 0%
	 Effective Percent: 0%
Avoidance
	 Rating: 2859
	 Multiplicative Factor: 0%
	 DR Bracket: 0
	 Base: 0%
	 Effective Percent: 5,26%
Mastery
	 Rating: 9325
	 Multiplicative Factor: 0%
	 DR Bracket: 0
	 Base: 19,8%
	 Effective Percent: 43,78%
----------------------
02:32,464

Intellect
	 Rating: 141249
	 Multiplicative Factor: 8,15%
Stamina
	 Rating: 876212
	 Multiplicative Factor: 11,3%
Crit
	 Rating: 30408
	 Multiplicative Factor: 0%
	 DR Bracket: 2
	 Base: 5%
	 Effective Percent: 46,75%
	 Crit Inc Heal: 2
	 Crit Inc Damage: 2
Haste
	 Rating: 26862
	 Multiplicative Factor: 0%
	 DR Bracket: 2
	 Base: 17%
	 Effective Percent: 63,29%
Vers
	 Rating: 1693
	 Multiplicative Factor: 0%
	 DR Bracket: 0
	 Base: 3%
	 Effective Percent: 5,17%
Leech
	 Rating: 0
	 Multiplicative Factor: 0%
	 DR Bracket: 0
	 Base: 0%
	 Effective Percent: 0%
Avoidance
	 Rating: 2859
	 Multiplicative Factor: 0%
	 DR Bracket: 0
	 Base: 0%
	 Effective Percent: 5,26%
Mastery
	 Rating: 9325
	 Multiplicative Factor: 0%
	 DR Bracket: 0
	 Base: 19,8%
	 Effective Percent: 43,78%
----------------------
02:33,112

Intellect
	 Rating: 141249
	 Multiplicative Factor: 8,15%
Stamina
	 Rating: 876212
	 Multiplicative Factor: 11,3%
Crit
	 Rating: 30408
	 Multiplicative Factor: 0%
	 DR Bracket: 2
	 Base: 5%
	 Effective Percent: 46,75%
	 Crit Inc Heal: 2
	 Crit Inc Damage: 2
Haste
	 Rating: 26862
	 Multiplicative Factor: 0%
	 DR Bracket: 2
	 Base: 11%
	 Effective Percent: 54,91%
Vers
	 Rating: 1693
	 Multiplicative Factor: 0%
	 DR Bracket: 0
	 Base: 3%
	 Effective Percent: 5,17%
Leech
	 Rating: 0
	 Multiplicative Factor: 0%
	 DR Bracket: 0
	 Base: 0%
	 Effective Percent: 0%
Avoidance
	 Rating: 2859
	 Multiplicative Factor: 0%
	 DR Bracket: 0
	 Base: 0%
	 Effective Percent: 5,26%
Mastery
	 Rating: 9325
	 Multiplicative Factor: 0%
	 DR Bracket: 0
	 Base: 19,8%
	 Effective Percent: 43,78%
----------------------
02:33,449

Intellect
	 Rating: 141249
	 Multiplicative Factor: 8,15%
Stamina
	 Rating: 876212
	 Multiplicative Factor: 11,3%
Crit
	 Rating: 30408
	 Multiplicative Factor: 0%
	 DR Bracket: 2
	 Base: 5%
	 Effective Percent: 46,75%
	 Crit Inc Heal: 2
	 Crit Inc Damage: 2
Haste
	 Rating: 26862
	 Multiplicative Factor: 0%
	 DR Bracket: 2
	 Base: 10%
	 Effective Percent: 53,52%
Vers
	 Rating: 1693
	 Multiplicative Factor: 0%
	 DR Bracket: 0
	 Base: 3%
	 Effective Percent: 5,17%
Leech
	 Rating: 0
	 Multiplicative Factor: 0%
	 DR Bracket: 0
	 Base: 0%
	 Effective Percent: 0%
Avoidance
	 Rating: 2859
	 Multiplicative Factor: 0%
	 DR Bracket: 0
	 Base: 0%
	 Effective Percent: 5,26%
Mastery
	 Rating: 9325
	 Multiplicative Factor: 0%
	 DR Bracket: 0
	 Base: 19,8%
	 Effective Percent: 43,78%
----------------------
02:34,458

Intellect
	 Rating: 141249
	 Multiplicative Factor: 8,15%
Stamina
	 Rating: 876212
	 Multiplicative Factor: 11,3%
Crit
	 Rating: 30408
	 Multiplicative Factor: 0%
	 DR Bracket: 2
	 Base: 5%
	 Effective Percent: 46,75%
	 Crit Inc Heal: 2
	 Crit Inc Damage: 2
Haste
	 Rating: 26862
	 Multiplicative Factor: 0%
	 DR Bracket: 2
	 Base: 9%
	 Effective Percent: 52,12%
Vers
	 Rating: 1693
	 Multiplicative Factor: 0%
	 DR Bracket: 0
	 Base: 3%
	 Effective Percent: 5,17%
Leech
	 Rating: 0
	 Multiplicative Factor: 0%
	 DR Bracket: 0
	 Base: 0%
	 Effective Percent: 0%
Avoidance
	 Rating: 2859
	 Multiplicative Factor: 0%
	 DR Bracket: 0
	 Base: 0%
	 Effective Percent: 5,26%
Mastery
	 Rating: 9325
	 Multiplicative Factor: 0%
	 DR Bracket: 0
	 Base: 19,8%
	 Effective Percent: 43,78%
----------------------
02:35,476

Intellect
	 Rating: 141249
	 Multiplicative Factor: 8,15%
Stamina
	 Rating: 876212
	 Multiplicative Factor: 11,3%
Crit
	 Rating: 30408
	 Multiplicative Factor: 0%
	 DR Bracket: 2
	 Base: 5%
	 Effective Percent: 46,75%
	 Crit Inc Heal: 2
	 Crit Inc Damage: 2
Haste
	 Rating: 26862
	 Multiplicative Factor: 0%
	 DR Bracket: 2
	 Base: 8%
	 Effective Percent: 50,72%
Vers
	 Rating: 1693
	 Multiplicative Factor: 0%
	 DR Bracket: 0
	 Base: 3%
	 Effective Percent: 5,17%
Leech
	 Rating: 0
	 Multiplicative Factor: 0%
	 DR Bracket: 0
	 Base: 0%
	 Effective Percent: 0%
Avoidance
	 Rating: 2859
	 Multiplicative Factor: 0%
	 DR Bracket: 0
	 Base: 0%
	 Effective Percent: 5,26%
Mastery
	 Rating: 9325
	 Multiplicative Factor: 0%
	 DR Bracket: 0
	 Base: 19,8%
	 Effective Percent: 43,78%
----------------------
02:36,466

Intellect
	 Rating: 141249
	 Multiplicative Factor: 8,15%
Stamina
	 Rating: 876212
	 Multiplicative Factor: 11,3%
Crit
	 Rating: 30408
	 Multiplicative Factor: 0%
	 DR Bracket: 2
	 Base: 5%
	 Effective Percent: 46,75%
	 Crit Inc Heal: 2
	 Crit Inc Damage: 2
Haste
	 Rating: 26862
	 Multiplicative Factor: 0%
	 DR Bracket: 2
	 Base: 7%
	 Effective Percent: 49,33%
Vers
	 Rating: 1693
	 Multiplicative Factor: 0%
	 DR Bracket: 0
	 Base: 3%
	 Effective Percent: 5,17%
Leech
	 Rating: 0
	 Multiplicative Factor: 0%
	 DR Bracket: 0
	 Base: 0%
	 Effective Percent: 0%
Avoidance
	 Rating: 2859
	 Multiplicative Factor: 0%
	 DR Bracket: 0
	 Base: 0%
	 Effective Percent: 5,26%
Mastery
	 Rating: 9325
	 Multiplicative Factor: 0%
	 DR Bracket: 0
	 Base: 19,8%
	 Effective Percent: 43,78%
----------------------
02:37,458

Intellect
	 Rating: 141249
	 Multiplicative Factor: 8,15%
Stamina
	 Rating: 876212
	 Multiplicative Factor: 11,3%
Crit
	 Rating: 30408
	 Multiplicative Factor: 0%
	 DR Bracket: 2
	 Base: 5%
	 Effective Percent: 46,75%
	 Crit Inc Heal: 2
	 Crit Inc Damage: 2
Haste
	 Rating: 26862
	 Multiplicative Factor: 0%
	 DR Bracket: 2
	 Base: 6%
	 Effective Percent: 47,93%
Vers
	 Rating: 1693
	 Multiplicative Factor: 0%
	 DR Bracket: 0
	 Base: 3%
	 Effective Percent: 5,17%
Leech
	 Rating: 0
	 Multiplicative Factor: 0%
	 DR Bracket: 0
	 Base: 0%
	 Effective Percent: 0%
Avoidance
	 Rating: 2859
	 Multiplicative Factor: 0%
	 DR Bracket: 0
	 Base: 0%
	 Effective Percent: 5,26%
Mastery
	 Rating: 9325
	 Multiplicative Factor: 0%
	 DR Bracket: 0
	 Base: 19,8%
	 Effective Percent: 43,78%
----------------------
02:38,359

Intellect
	 Rating: 141249
	 Multiplicative Factor: 8,15%
Stamina
	 Rating: 876212
	 Multiplicative Factor: 11,3%
Crit
	 Rating: 24423
	 Multiplicative Factor: 0%
	 DR Bracket: 1
	 Base: 5%
	 Effective Percent: 39,4%
	 Crit Inc Heal: 2
	 Crit Inc Damage: 2
Haste
	 Rating: 26862
	 Multiplicative Factor: 0%
	 DR Bracket: 2
	 Base: 6%
	 Effective Percent: 47,93%
Vers
	 Rating: 1693
	 Multiplicative Factor: 0%
	 DR Bracket: 0
	 Base: 3%
	 Effective Percent: 5,17%
Leech
	 Rating: 0
	 Multiplicative Factor: 0%
	 DR Bracket: 0
	 Base: 0%
	 Effective Percent: 0%
Avoidance
	 Rating: 2859
	 Multiplicative Factor: 0%
	 DR Bracket: 0
	 Base: 0%
	 Effective Percent: 5,26%
Mastery
	 Rating: 9325
	 Multiplicative Factor: 0%
	 DR Bracket: 0
	 Base: 19,8%
	 Effective Percent: 43,78%
----------------------
02:38,480

Intellect
	 Rating: 141249
	 Multiplicative Factor: 8,15%
Stamina
	 Rating: 876212
	 Multiplicative Factor: 11,3%
Crit
	 Rating: 24423
	 Multiplicative Factor: 0%
	 DR Bracket: 1
	 Base: 5%
	 Effective Percent: 39,4%
	 Crit Inc Heal: 2
	 Crit Inc Damage: 2
Haste
	 Rating: 26862
	 Multiplicative Factor: 0%
	 DR Bracket: 2
	 Base: 5%
	 Effective Percent: 46,54%
Vers
	 Rating: 1693
	 Multiplicative Factor: 0%
	 DR Bracket: 0
	 Base: 3%
	 Effective Percent: 5,17%
Leech
	 Rating: 0
	 Multiplicative Factor: 0%
	 DR Bracket: 0
	 Base: 0%
	 Effective Percent: 0%
Avoidance
	 Rating: 2859
	 Multiplicative Factor: 0%
	 DR Bracket: 0
	 Base: 0%
	 Effective Percent: 5,26%
Mastery
	 Rating: 9325
	 Multiplicative Factor: 0%
	 DR Bracket: 0
	 Base: 19,8%
	 Effective Percent: 43,78%
----------------------
02:39,451

Intellect
	 Rating: 141249
	 Multiplicative Factor: 8,15%
Stamina
	 Rating: 876212
	 Multiplicative Factor: 11,3%
Crit
	 Rating: 24423
	 Multiplicative Factor: 0%
	 DR Bracket: 1
	 Base: 5%
	 Effective Percent: 39,4%
	 Crit Inc Heal: 2
	 Crit Inc Damage: 2
Haste
	 Rating: 26862
	 Multiplicative Factor: 0%
	 DR Bracket: 2
	 Base: 4%
	 Effective Percent: 45,14%
Vers
	 Rating: 1693
	 Multiplicative Factor: 0%
	 DR Bracket: 0
	 Base: 3%
	 Effective Percent: 5,17%
Leech
	 Rating: 0
	 Multiplicative Factor: 0%
	 DR Bracket: 0
	 Base: 0%
	 Effective Percent: 0%
Avoidance
	 Rating: 2859
	 Multiplicative Factor: 0%
	 DR Bracket: 0
	 Base: 0%
	 Effective Percent: 5,26%
Mastery
	 Rating: 9325
	 Multiplicative Factor: 0%
	 DR Bracket: 0
	 Base: 19,8%
	 Effective Percent: 43,78%
----------------------
02:40,452

Intellect
	 Rating: 141249
	 Multiplicative Factor: 8,15%
Stamina
	 Rating: 876212
	 Multiplicative Factor: 11,3%
Crit
	 Rating: 24423
	 Multiplicative Factor: 0%
	 DR Bracket: 1
	 Base: 5%
	 Effective Percent: 39,4%
	 Crit Inc Heal: 2
	 Crit Inc Damage: 2
Haste
	 Rating: 26862
	 Multiplicative Factor: 0%
	 DR Bracket: 2
	 Base: 3%
	 Effective Percent: 43,75%
Vers
	 Rating: 1693
	 Multiplicative Factor: 0%
	 DR Bracket: 0
	 Base: 3%
	 Effective Percent: 5,17%
Leech
	 Rating: 0
	 Multiplicative Factor: 0%
	 DR Bracket: 0
	 Base: 0%
	 Effective Percent: 0%
Avoidance
	 Rating: 2859
	 Multiplicative Factor: 0%
	 DR Bracket: 0
	 Base: 0%
	 Effective Percent: 5,26%
Mastery
	 Rating: 9325
	 Multiplicative Factor: 0%
	 DR Bracket: 0
	 Base: 19,8%
	 Effective Percent: 43,78%
----------------------
02:41,451

Intellect
	 Rating: 141249
	 Multiplicative Factor: 8,15%
Stamina
	 Rating: 876212
	 Multiplicative Factor: 11,3%
Crit
	 Rating: 24423
	 Multiplicative Factor: 0%
	 DR Bracket: 1
	 Base: 5%
	 Effective Percent: 39,4%
	 Crit Inc Heal: 2
	 Crit Inc Damage: 2
Haste
	 Rating: 26862
	 Multiplicative Factor: 0%
	 DR Bracket: 2
	 Base: 2%
	 Effective Percent: 42,35%
Vers
	 Rating: 1693
	 Multiplicative Factor: 0%
	 DR Bracket: 0
	 Base: 3%
	 Effective Percent: 5,17%
Leech
	 Rating: 0
	 Multiplicative Factor: 0%
	 DR Bracket: 0
	 Base: 0%
	 Effective Percent: 0%
Avoidance
	 Rating: 2859
	 Multiplicative Factor: 0%
	 DR Bracket: 0
	 Base: 0%
	 Effective Percent: 5,26%
Mastery
	 Rating: 9325
	 Multiplicative Factor: 0%
	 DR Bracket: 0
	 Base: 19,8%
	 Effective Percent: 43,78%
----------------------
02:41,810

Intellect
	 Rating: 141249
	 Multiplicative Factor: 8,15%
Stamina
	 Rating: 876212
	 Multiplicative Factor: 11,3%
Crit
	 Rating: 30408
	 Multiplicative Factor: 0%
	 DR Bracket: 2
	 Base: 5%
	 Effective Percent: 46,75%
	 Crit Inc Heal: 2
	 Crit Inc Damage: 2
Haste
	 Rating: 26862
	 Multiplicative Factor: 0%
	 DR Bracket: 2
	 Base: 2%
	 Effective Percent: 42,35%
Vers
	 Rating: 1693
	 Multiplicative Factor: 0%
	 DR Bracket: 0
	 Base: 3%
	 Effective Percent: 5,17%
Leech
	 Rating: 0
	 Multiplicative Factor: 0%
	 DR Bracket: 0
	 Base: 0%
	 Effective Percent: 0%
Avoidance
	 Rating: 2859
	 Multiplicative Factor: 0%
	 DR Bracket: 0
	 Base: 0%
	 Effective Percent: 5,26%
Mastery
	 Rating: 9325
	 Multiplicative Factor: 0%
	 DR Bracket: 0
	 Base: 19,8%
	 Effective Percent: 43,78%
----------------------
02:42,456

Intellect
	 Rating: 141249
	 Multiplicative Factor: 8,15%
Stamina
	 Rating: 876212
	 Multiplicative Factor: 11,3%
Crit
	 Rating: 30408
	 Multiplicative Factor: 0%
	 DR Bracket: 2
	 Base: 5%
	 Effective Percent: 46,75%
	 Crit Inc Heal: 2
	 Crit Inc Damage: 2
Haste
	 Rating: 26862
	 Multiplicative Factor: 0%
	 DR Bracket: 2
	 Base: 1%
	 Effective Percent: 40,96%
Vers
	 Rating: 1693
	 Multiplicative Factor: 0%
	 DR Bracket: 0
	 Base: 3%
	 Effective Percent: 5,17%
Leech
	 Rating: 0
	 Multiplicative Factor: 0%
	 DR Bracket: 0
	 Base: 0%
	 Effective Percent: 0%
Avoidance
	 Rating: 2859
	 Multiplicative Factor: 0%
	 DR Bracket: 0
	 Base: 0%
	 Effective Percent: 5,26%
Mastery
	 Rating: 9325
	 Multiplicative Factor: 0%
	 DR Bracket: 0
	 Base: 19,8%
	 Effective Percent: 43,78%
----------------------
02:43,470

Intellect
	 Rating: 141249
	 Multiplicative Factor: 8,15%
Stamina
	 Rating: 876212
	 Multiplicative Factor: 11,3%
Crit
	 Rating: 30408
	 Multiplicative Factor: 0%
	 DR Bracket: 2
	 Base: 5%
	 Effective Percent: 46,75%
	 Crit Inc Heal: 2
	 Crit Inc Damage: 2
Haste
	 Rating: 26862
	 Multiplicative Factor: 0%
	 DR Bracket: 2
	 Base: 0%
	 Effective Percent: 39,56%
Vers
	 Rating: 1693
	 Multiplicative Factor: 0%
	 DR Bracket: 0
	 Base: 3%
	 Effective Percent: 5,17%
Leech
	 Rating: 0
	 Multiplicative Factor: 0%
	 DR Bracket: 0
	 Base: 0%
	 Effective Percent: 0%
Avoidance
	 Rating: 2859
	 Multiplicative Factor: 0%
	 DR Bracket: 0
	 Base: 0%
	 Effective Percent: 5,26%
Mastery
	 Rating: 9325
	 Multiplicative Factor: 0%
	 DR Bracket: 0
	 Base: 19,8%
	 Effective Percent: 43,78%
----------------------
02:47,262

Intellect
	 Rating: 141249
	 Multiplicative Factor: 8,15%
Stamina
	 Rating: 876212
	 Multiplicative Factor: 11,3%
Crit
	 Rating: 36393
	 Multiplicative Factor: 0%
	 DR Bracket: 3
	 Base: 5%
	 Effective Percent: 53,39%
	 Crit Inc Heal: 2
	 Crit Inc Damage: 2
Haste
	 Rating: 26862
	 Multiplicative Factor: 0%
	 DR Bracket: 2
	 Base: 0%
	 Effective Percent: 39,56%
Vers
	 Rating: 1693
	 Multiplicative Factor: 0%
	 DR Bracket: 0
	 Base: 3%
	 Effective Percent: 5,17%
Leech
	 Rating: 0
	 Multiplicative Factor: 0%
	 DR Bracket: 0
	 Base: 0%
	 Effective Percent: 0%
Avoidance
	 Rating: 2859
	 Multiplicative Factor: 0%
	 DR Bracket: 0
	 Base: 0%
	 Effective Percent: 5,26%
Mastery
	 Rating: 9325
	 Multiplicative Factor: 0%
	 DR Bracket: 0
	 Base: 19,8%
	 Effective Percent: 43,78%
----------------------
02:51,347

Intellect
	 Rating: 141249
	 Multiplicative Factor: 8,15%
Stamina
	 Rating: 876212
	 Multiplicative Factor: 11,3%
Crit
	 Rating: 42378
	 Multiplicative Factor: 0%
	 DR Bracket: 4
	 Base: 5%
	 Effective Percent: 59,32%
	 Crit Inc Heal: 2
	 Crit Inc Damage: 2
Haste
	 Rating: 26862
	 Multiplicative Factor: 0%
	 DR Bracket: 2
	 Base: 0%
	 Effective Percent: 39,56%
Vers
	 Rating: 1693
	 Multiplicative Factor: 0%
	 DR Bracket: 0
	 Base: 3%
	 Effective Percent: 5,17%
Leech
	 Rating: 0
	 Multiplicative Factor: 0%
	 DR Bracket: 0
	 Base: 0%
	 Effective Percent: 0%
Avoidance
	 Rating: 2859
	 Multiplicative Factor: 0%
	 DR Bracket: 0
	 Base: 0%
	 Effective Percent: 5,26%
Mastery
	 Rating: 9325
	 Multiplicative Factor: 0%
	 DR Bracket: 0
	 Base: 19,8%
	 Effective Percent: 43,78%
----------------------
02:51,803

Intellect
	 Rating: 141249
	 Multiplicative Factor: 8,15%
Stamina
	 Rating: 876212
	 Multiplicative Factor: 11,3%
Crit
	 Rating: 36393
	 Multiplicative Factor: 0%
	 DR Bracket: 3
	 Base: 5%
	 Effective Percent: 53,39%
	 Crit Inc Heal: 2
	 Crit Inc Damage: 2
Haste
	 Rating: 26862
	 Multiplicative Factor: 0%
	 DR Bracket: 2
	 Base: 0%
	 Effective Percent: 39,56%
Vers
	 Rating: 1693
	 Multiplicative Factor: 0%
	 DR Bracket: 0
	 Base: 3%
	 Effective Percent: 5,17%
Leech
	 Rating: 0
	 Multiplicative Factor: 0%
	 DR Bracket: 0
	 Base: 0%
	 Effective Percent: 0%
Avoidance
	 Rating: 2859
	 Multiplicative Factor: 0%
	 DR Bracket: 0
	 Base: 0%
	 Effective Percent: 5,26%
Mastery
	 Rating: 9325
	 Multiplicative Factor: 0%
	 DR Bracket: 0
	 Base: 19,8%
	 Effective Percent: 43,78%
----------------------
02:57,261

Intellect
	 Rating: 141249
	 Multiplicative Factor: 8,15%
Stamina
	 Rating: 876212
	 Multiplicative Factor: 11,3%
Crit
	 Rating: 30408
	 Multiplicative Factor: 0%
	 DR Bracket: 2
	 Base: 5%
	 Effective Percent: 46,75%
	 Crit Inc Heal: 2
	 Crit Inc Damage: 2
Haste
	 Rating: 26862
	 Multiplicative Factor: 0%
	 DR Bracket: 2
	 Base: 0%
	 Effective Percent: 39,56%
Vers
	 Rating: 1693
	 Multiplicative Factor: 0%
	 DR Bracket: 0
	 Base: 3%
	 Effective Percent: 5,17%
Leech
	 Rating: 0
	 Multiplicative Factor: 0%
	 DR Bracket: 0
	 Base: 0%
	 Effective Percent: 0%
Avoidance
	 Rating: 2859
	 Multiplicative Factor: 0%
	 DR Bracket: 0
	 Base: 0%
	 Effective Percent: 5,26%
Mastery
	 Rating: 9325
	 Multiplicative Factor: 0%
	 DR Bracket: 0
	 Base: 19,8%
	 Effective Percent: 43,78%
----------------------
02:58,786

Intellect
	 Rating: 141249
	 Multiplicative Factor: 8,15%
Stamina
	 Rating: 876212
	 Multiplicative Factor: 11,3%
Crit
	 Rating: 30408
	 Multiplicative Factor: 0%
	 DR Bracket: 2
	 Base: 5%
	 Effective Percent: 46,75%
	 Crit Inc Heal: 2
	 Crit Inc Damage: 2
Haste
	 Rating: 26862
	 Multiplicative Factor: 0%
	 DR Bracket: 2
	 Base: 3%
	 Effective Percent: 43,75%
Vers
	 Rating: 1693
	 Multiplicative Factor: 0%
	 DR Bracket: 0
	 Base: 3%
	 Effective Percent: 5,17%
Leech
	 Rating: 0
	 Multiplicative Factor: 0%
	 DR Bracket: 0
	 Base: 0%
	 Effective Percent: 0%
Avoidance
	 Rating: 2859
	 Multiplicative Factor: 0%
	 DR Bracket: 0
	 Base: 0%
	 Effective Percent: 5,26%
Mastery
	 Rating: 9325
	 Multiplicative Factor: 0%
	 DR Bracket: 0
	 Base: 19,8%
	 Effective Percent: 43,78%
----------------------
03:01,353

Intellect
	 Rating: 141249
	 Multiplicative Factor: 8,15%
Stamina
	 Rating: 876212
	 Multiplicative Factor: 11,3%
Crit
	 Rating: 24423
	 Multiplicative Factor: 0%
	 DR Bracket: 1
	 Base: 5%
	 Effective Percent: 39,4%
	 Crit Inc Heal: 2
	 Crit Inc Damage: 2
Haste
	 Rating: 26862
	 Multiplicative Factor: 0%
	 DR Bracket: 2
	 Base: 3%
	 Effective Percent: 43,75%
Vers
	 Rating: 1693
	 Multiplicative Factor: 0%
	 DR Bracket: 0
	 Base: 3%
	 Effective Percent: 5,17%
Leech
	 Rating: 0
	 Multiplicative Factor: 0%
	 DR Bracket: 0
	 Base: 0%
	 Effective Percent: 0%
Avoidance
	 Rating: 2859
	 Multiplicative Factor: 0%
	 DR Bracket: 0
	 Base: 0%
	 Effective Percent: 5,26%
Mastery
	 Rating: 9325
	 Multiplicative Factor: 0%
	 DR Bracket: 0
	 Base: 19,8%
	 Effective Percent: 43,78%
----------------------
03:04,656

Intellect
	 Rating: 141249
	 Multiplicative Factor: 8,15%
Stamina
	 Rating: 876212
	 Multiplicative Factor: 11,3%
Crit
	 Rating: 24423
	 Multiplicative Factor: 0%
	 DR Bracket: 1
	 Base: 5%
	 Effective Percent: 39,4%
	 Crit Inc Heal: 2
	 Crit Inc Damage: 2
Haste
	 Rating: 26862
	 Multiplicative Factor: 0%
	 DR Bracket: 2
	 Base: 4%
	 Effective Percent: 45,14%
Vers
	 Rating: 1693
	 Multiplicative Factor: 0%
	 DR Bracket: 0
	 Base: 3%
	 Effective Percent: 5,17%
Leech
	 Rating: 0
	 Multiplicative Factor: 0%
	 DR Bracket: 0
	 Base: 0%
	 Effective Percent: 0%
Avoidance
	 Rating: 2859
	 Multiplicative Factor: 0%
	 DR Bracket: 0
	 Base: 0%
	 Effective Percent: 5,26%
Mastery
	 Rating: 9325
	 Multiplicative Factor: 0%
	 DR Bracket: 0
	 Base: 19,8%
	 Effective Percent: 43,78%
----------------------
03:04,657

Intellect
	 Rating: 148311
	 Multiplicative Factor: 13,56%
Stamina
	 Rating: 876212
	 Multiplicative Factor: 11,3%
Crit
	 Rating: 24423
	 Multiplicative Factor: 0%
	 DR Bracket: 1
	 Base: 5%
	 Effective Percent: 39,4%
	 Crit Inc Heal: 2
	 Crit Inc Damage: 2
Haste
	 Rating: 26862
	 Multiplicative Factor: 0%
	 DR Bracket: 2
	 Base: 4%
	 Effective Percent: 45,14%
Vers
	 Rating: 1693
	 Multiplicative Factor: 0%
	 DR Bracket: 0
	 Base: 3%
	 Effective Percent: 5,17%
Leech
	 Rating: 0
	 Multiplicative Factor: 0%
	 DR Bracket: 0
	 Base: 0%
	 Effective Percent: 0%
Avoidance
	 Rating: 2859
	 Multiplicative Factor: 0%
	 DR Bracket: 0
	 Base: 0%
	 Effective Percent: 5,26%
Mastery
	 Rating: 9325
	 Multiplicative Factor: 0%
	 DR Bracket: 0
	 Base: 19,8%
	 Effective Percent: 43,78%
----------------------
03:05,661

Intellect
	 Rating: 148311
	 Multiplicative Factor: 13,56%
Stamina
	 Rating: 876212
	 Multiplicative Factor: 11,3%
Crit
	 Rating: 24423
	 Multiplicative Factor: 0%
	 DR Bracket: 1
	 Base: 5%
	 Effective Percent: 39,4%
	 Crit Inc Heal: 2
	 Crit Inc Damage: 2
Haste
	 Rating: 26862
	 Multiplicative Factor: 0%
	 DR Bracket: 2
	 Base: 32%
	 Effective Percent: 84,22%
Vers
	 Rating: 1693
	 Multiplicative Factor: 0%
	 DR Bracket: 0
	 Base: 3%
	 Effective Percent: 5,17%
Leech
	 Rating: 0
	 Multiplicative Factor: 0%
	 DR Bracket: 0
	 Base: 0%
	 Effective Percent: 0%
Avoidance
	 Rating: 2859
	 Multiplicative Factor: 0%
	 DR Bracket: 0
	 Base: 0%
	 Effective Percent: 5,26%
Mastery
	 Rating: 9325
	 Multiplicative Factor: 0%
	 DR Bracket: 0
	 Base: 19,8%
	 Effective Percent: 43,78%
----------------------
03:06,670

Intellect
	 Rating: 148311
	 Multiplicative Factor: 13,56%
Stamina
	 Rating: 876212
	 Multiplicative Factor: 11,3%
Crit
	 Rating: 24423
	 Multiplicative Factor: 0%
	 DR Bracket: 1
	 Base: 5%
	 Effective Percent: 39,4%
	 Crit Inc Heal: 2
	 Crit Inc Damage: 2
Haste
	 Rating: 26862
	 Multiplicative Factor: 0%
	 DR Bracket: 2
	 Base: 31%
	 Effective Percent: 82,82%
Vers
	 Rating: 1693
	 Multiplicative Factor: 0%
	 DR Bracket: 0
	 Base: 3%
	 Effective Percent: 5,17%
Leech
	 Rating: 0
	 Multiplicative Factor: 0%
	 DR Bracket: 0
	 Base: 0%
	 Effective Percent: 0%
Avoidance
	 Rating: 2859
	 Multiplicative Factor: 0%
	 DR Bracket: 0
	 Base: 0%
	 Effective Percent: 5,26%
Mastery
	 Rating: 9325
	 Multiplicative Factor: 0%
	 DR Bracket: 0
	 Base: 19,8%
	 Effective Percent: 43,78%
----------------------
03:06,807

Intellect
	 Rating: 148311
	 Multiplicative Factor: 13,56%
Stamina
	 Rating: 876212
	 Multiplicative Factor: 11,3%
Crit
	 Rating: 24423
	 Multiplicative Factor: 0%
	 DR Bracket: 1
	 Base: 5%
	 Effective Percent: 39,4%
	 Crit Inc Heal: 2
	 Crit Inc Damage: 2
Haste
	 Rating: 26862
	 Multiplicative Factor: 0%
	 DR Bracket: 2
	 Base: 28%
	 Effective Percent: 78,64%
Vers
	 Rating: 1693
	 Multiplicative Factor: 0%
	 DR Bracket: 0
	 Base: 3%
	 Effective Percent: 5,17%
Leech
	 Rating: 0
	 Multiplicative Factor: 0%
	 DR Bracket: 0
	 Base: 0%
	 Effective Percent: 0%
Avoidance
	 Rating: 2859
	 Multiplicative Factor: 0%
	 DR Bracket: 0
	 Base: 0%
	 Effective Percent: 5,26%
Mastery
	 Rating: 9325
	 Multiplicative Factor: 0%
	 DR Bracket: 0
	 Base: 19,8%
	 Effective Percent: 43,78%
----------------------
03:07,660

Intellect
	 Rating: 148311
	 Multiplicative Factor: 13,56%
Stamina
	 Rating: 876212
	 Multiplicative Factor: 11,3%
Crit
	 Rating: 24423
	 Multiplicative Factor: 0%
	 DR Bracket: 1
	 Base: 5%
	 Effective Percent: 39,4%
	 Crit Inc Heal: 2
	 Crit Inc Damage: 2
Haste
	 Rating: 26862
	 Multiplicative Factor: 0%
	 DR Bracket: 2
	 Base: 27%
	 Effective Percent: 77,24%
Vers
	 Rating: 1693
	 Multiplicative Factor: 0%
	 DR Bracket: 0
	 Base: 3%
	 Effective Percent: 5,17%
Leech
	 Rating: 0
	 Multiplicative Factor: 0%
	 DR Bracket: 0
	 Base: 0%
	 Effective Percent: 0%
Avoidance
	 Rating: 2859
	 Multiplicative Factor: 0%
	 DR Bracket: 0
	 Base: 0%
	 Effective Percent: 5,26%
Mastery
	 Rating: 9325
	 Multiplicative Factor: 0%
	 DR Bracket: 0
	 Base: 19,8%
	 Effective Percent: 43,78%
----------------------
03:08,652

Intellect
	 Rating: 148311
	 Multiplicative Factor: 13,56%
Stamina
	 Rating: 876212
	 Multiplicative Factor: 11,3%
Crit
	 Rating: 24423
	 Multiplicative Factor: 0%
	 DR Bracket: 1
	 Base: 5%
	 Effective Percent: 39,4%
	 Crit Inc Heal: 2
	 Crit Inc Damage: 2
Haste
	 Rating: 26862
	 Multiplicative Factor: 0%
	 DR Bracket: 2
	 Base: 26%
	 Effective Percent: 75,85%
Vers
	 Rating: 1693
	 Multiplicative Factor: 0%
	 DR Bracket: 0
	 Base: 3%
	 Effective Percent: 5,17%
Leech
	 Rating: 0
	 Multiplicative Factor: 0%
	 DR Bracket: 0
	 Base: 0%
	 Effective Percent: 0%
Avoidance
	 Rating: 2859
	 Multiplicative Factor: 0%
	 DR Bracket: 0
	 Base: 0%
	 Effective Percent: 5,26%
Mastery
	 Rating: 9325
	 Multiplicative Factor: 0%
	 DR Bracket: 0
	 Base: 19,8%
	 Effective Percent: 43,78%
----------------------
03:09,665

Intellect
	 Rating: 148311
	 Multiplicative Factor: 13,56%
Stamina
	 Rating: 876212
	 Multiplicative Factor: 11,3%
Crit
	 Rating: 24423
	 Multiplicative Factor: 0%
	 DR Bracket: 1
	 Base: 5%
	 Effective Percent: 39,4%
	 Crit Inc Heal: 2
	 Crit Inc Damage: 2
Haste
	 Rating: 26862
	 Multiplicative Factor: 0%
	 DR Bracket: 2
	 Base: 25%
	 Effective Percent: 74,45%
Vers
	 Rating: 1693
	 Multiplicative Factor: 0%
	 DR Bracket: 0
	 Base: 3%
	 Effective Percent: 5,17%
Leech
	 Rating: 0
	 Multiplicative Factor: 0%
	 DR Bracket: 0
	 Base: 0%
	 Effective Percent: 0%
Avoidance
	 Rating: 2859
	 Multiplicative Factor: 0%
	 DR Bracket: 0
	 Base: 0%
	 Effective Percent: 5,26%
Mastery
	 Rating: 9325
	 Multiplicative Factor: 0%
	 DR Bracket: 0
	 Base: 19,8%
	 Effective Percent: 43,78%
----------------------
03:10,657

Intellect
	 Rating: 148311
	 Multiplicative Factor: 13,56%
Stamina
	 Rating: 876212
	 Multiplicative Factor: 11,3%
Crit
	 Rating: 24423
	 Multiplicative Factor: 0%
	 DR Bracket: 1
	 Base: 5%
	 Effective Percent: 39,4%
	 Crit Inc Heal: 2
	 Crit Inc Damage: 2
Haste
	 Rating: 26862
	 Multiplicative Factor: 0%
	 DR Bracket: 2
	 Base: 24%
	 Effective Percent: 73,05%
Vers
	 Rating: 1693
	 Multiplicative Factor: 0%
	 DR Bracket: 0
	 Base: 3%
	 Effective Percent: 5,17%
Leech
	 Rating: 0
	 Multiplicative Factor: 0%
	 DR Bracket: 0
	 Base: 0%
	 Effective Percent: 0%
Avoidance
	 Rating: 2859
	 Multiplicative Factor: 0%
	 DR Bracket: 0
	 Base: 0%
	 Effective Percent: 5,26%
Mastery
	 Rating: 9325
	 Multiplicative Factor: 0%
	 DR Bracket: 0
	 Base: 19,8%
	 Effective Percent: 43,78%
----------------------
03:11,651

Intellect
	 Rating: 148311
	 Multiplicative Factor: 13,56%
Stamina
	 Rating: 876212
	 Multiplicative Factor: 11,3%
Crit
	 Rating: 24423
	 Multiplicative Factor: 0%
	 DR Bracket: 1
	 Base: 5%
	 Effective Percent: 39,4%
	 Crit Inc Heal: 2
	 Crit Inc Damage: 2
Haste
	 Rating: 26862
	 Multiplicative Factor: 0%
	 DR Bracket: 2
	 Base: 23%
	 Effective Percent: 71,66%
Vers
	 Rating: 1693
	 Multiplicative Factor: 0%
	 DR Bracket: 0
	 Base: 3%
	 Effective Percent: 5,17%
Leech
	 Rating: 0
	 Multiplicative Factor: 0%
	 DR Bracket: 0
	 Base: 0%
	 Effective Percent: 0%
Avoidance
	 Rating: 2859
	 Multiplicative Factor: 0%
	 DR Bracket: 0
	 Base: 0%
	 Effective Percent: 5,26%
Mastery
	 Rating: 9325
	 Multiplicative Factor: 0%
	 DR Bracket: 0
	 Base: 19,8%
	 Effective Percent: 43,78%
----------------------
03:12,667

Intellect
	 Rating: 148311
	 Multiplicative Factor: 13,56%
Stamina
	 Rating: 876212
	 Multiplicative Factor: 11,3%
Crit
	 Rating: 24423
	 Multiplicative Factor: 0%
	 DR Bracket: 1
	 Base: 5%
	 Effective Percent: 39,4%
	 Crit Inc Heal: 2
	 Crit Inc Damage: 2
Haste
	 Rating: 26862
	 Multiplicative Factor: 0%
	 DR Bracket: 2
	 Base: 22%
	 Effective Percent: 70,26%
Vers
	 Rating: 1693
	 Multiplicative Factor: 0%
	 DR Bracket: 0
	 Base: 3%
	 Effective Percent: 5,17%
Leech
	 Rating: 0
	 Multiplicative Factor: 0%
	 DR Bracket: 0
	 Base: 0%
	 Effective Percent: 0%
Avoidance
	 Rating: 2859
	 Multiplicative Factor: 0%
	 DR Bracket: 0
	 Base: 0%
	 Effective Percent: 5,26%
Mastery
	 Rating: 9325
	 Multiplicative Factor: 0%
	 DR Bracket: 0
	 Base: 19,8%
	 Effective Percent: 43,78%
----------------------
03:13,657

Intellect
	 Rating: 148311
	 Multiplicative Factor: 13,56%
Stamina
	 Rating: 876212
	 Multiplicative Factor: 11,3%
Crit
	 Rating: 24423
	 Multiplicative Factor: 0%
	 DR Bracket: 1
	 Base: 5%
	 Effective Percent: 39,4%
	 Crit Inc Heal: 2
	 Crit Inc Damage: 2
Haste
	 Rating: 26862
	 Multiplicative Factor: 0%
	 DR Bracket: 2
	 Base: 21%
	 Effective Percent: 68,87%
Vers
	 Rating: 1693
	 Multiplicative Factor: 0%
	 DR Bracket: 0
	 Base: 3%
	 Effective Percent: 5,17%
Leech
	 Rating: 0
	 Multiplicative Factor: 0%
	 DR Bracket: 0
	 Base: 0%
	 Effective Percent: 0%
Avoidance
	 Rating: 2859
	 Multiplicative Factor: 0%
	 DR Bracket: 0
	 Base: 0%
	 Effective Percent: 5,26%
Mastery
	 Rating: 9325
	 Multiplicative Factor: 0%
	 DR Bracket: 0
	 Base: 19,8%
	 Effective Percent: 43,78%
----------------------
03:14,653

Intellect
	 Rating: 148311
	 Multiplicative Factor: 13,56%
Stamina
	 Rating: 876212
	 Multiplicative Factor: 11,3%
Crit
	 Rating: 24423
	 Multiplicative Factor: 0%
	 DR Bracket: 1
	 Base: 5%
	 Effective Percent: 39,4%
	 Crit Inc Heal: 2
	 Crit Inc Damage: 2
Haste
	 Rating: 26862
	 Multiplicative Factor: 0%
	 DR Bracket: 2
	 Base: 20%
	 Effective Percent: 67,47%
Vers
	 Rating: 1693
	 Multiplicative Factor: 0%
	 DR Bracket: 0
	 Base: 3%
	 Effective Percent: 5,17%
Leech
	 Rating: 0
	 Multiplicative Factor: 0%
	 DR Bracket: 0
	 Base: 0%
	 Effective Percent: 0%
Avoidance
	 Rating: 2859
	 Multiplicative Factor: 0%
	 DR Bracket: 0
	 Base: 0%
	 Effective Percent: 5,26%
Mastery
	 Rating: 9325
	 Multiplicative Factor: 0%
	 DR Bracket: 0
	 Base: 19,8%
	 Effective Percent: 43,78%
----------------------
03:15,654

Intellect
	 Rating: 148311
	 Multiplicative Factor: 13,56%
Stamina
	 Rating: 876212
	 Multiplicative Factor: 11,3%
Crit
	 Rating: 24423
	 Multiplicative Factor: 0%
	 DR Bracket: 1
	 Base: 5%
	 Effective Percent: 39,4%
	 Crit Inc Heal: 2
	 Crit Inc Damage: 2
Haste
	 Rating: 26862
	 Multiplicative Factor: 0%
	 DR Bracket: 2
	 Base: 19%
	 Effective Percent: 66,08%
Vers
	 Rating: 1693
	 Multiplicative Factor: 0%
	 DR Bracket: 0
	 Base: 3%
	 Effective Percent: 5,17%
Leech
	 Rating: 0
	 Multiplicative Factor: 0%
	 DR Bracket: 0
	 Base: 0%
	 Effective Percent: 0%
Avoidance
	 Rating: 2859
	 Multiplicative Factor: 0%
	 DR Bracket: 0
	 Base: 0%
	 Effective Percent: 5,26%
Mastery
	 Rating: 9325
	 Multiplicative Factor: 0%
	 DR Bracket: 0
	 Base: 19,8%
	 Effective Percent: 43,78%
----------------------
03:16,667

Intellect
	 Rating: 148311
	 Multiplicative Factor: 13,56%
Stamina
	 Rating: 876212
	 Multiplicative Factor: 11,3%
Crit
	 Rating: 24423
	 Multiplicative Factor: 0%
	 DR Bracket: 1
	 Base: 5%
	 Effective Percent: 39,4%
	 Crit Inc Heal: 2
	 Crit Inc Damage: 2
Haste
	 Rating: 26862
	 Multiplicative Factor: 0%
	 DR Bracket: 2
	 Base: 18%
	 Effective Percent: 64,68%
Vers
	 Rating: 1693
	 Multiplicative Factor: 0%
	 DR Bracket: 0
	 Base: 3%
	 Effective Percent: 5,17%
Leech
	 Rating: 0
	 Multiplicative Factor: 0%
	 DR Bracket: 0
	 Base: 0%
	 Effective Percent: 0%
Avoidance
	 Rating: 2859
	 Multiplicative Factor: 0%
	 DR Bracket: 0
	 Base: 0%
	 Effective Percent: 5,26%
Mastery
	 Rating: 9325
	 Multiplicative Factor: 0%
	 DR Bracket: 0
	 Base: 19,8%
	 Effective Percent: 43,78%
----------------------
03:17,661

Intellect
	 Rating: 148311
	 Multiplicative Factor: 13,56%
Stamina
	 Rating: 876212
	 Multiplicative Factor: 11,3%
Crit
	 Rating: 24423
	 Multiplicative Factor: 0%
	 DR Bracket: 1
	 Base: 5%
	 Effective Percent: 39,4%
	 Crit Inc Heal: 2
	 Crit Inc Damage: 2
Haste
	 Rating: 26862
	 Multiplicative Factor: 0%
	 DR Bracket: 2
	 Base: 17%
	 Effective Percent: 63,29%
Vers
	 Rating: 1693
	 Multiplicative Factor: 0%
	 DR Bracket: 0
	 Base: 3%
	 Effective Percent: 5,17%
Leech
	 Rating: 0
	 Multiplicative Factor: 0%
	 DR Bracket: 0
	 Base: 0%
	 Effective Percent: 0%
Avoidance
	 Rating: 2859
	 Multiplicative Factor: 0%
	 DR Bracket: 0
	 Base: 0%
	 Effective Percent: 5,26%
Mastery
	 Rating: 9325
	 Multiplicative Factor: 0%
	 DR Bracket: 0
	 Base: 19,8%
	 Effective Percent: 43,78%
----------------------
03:18,670

Intellect
	 Rating: 148311
	 Multiplicative Factor: 13,56%
Stamina
	 Rating: 876212
	 Multiplicative Factor: 11,3%
Crit
	 Rating: 24423
	 Multiplicative Factor: 0%
	 DR Bracket: 1
	 Base: 5%
	 Effective Percent: 39,4%
	 Crit Inc Heal: 2
	 Crit Inc Damage: 2
Haste
	 Rating: 26862
	 Multiplicative Factor: 0%
	 DR Bracket: 2
	 Base: 16%
	 Effective Percent: 61,89%
Vers
	 Rating: 1693
	 Multiplicative Factor: 0%
	 DR Bracket: 0
	 Base: 3%
	 Effective Percent: 5,17%
Leech
	 Rating: 0
	 Multiplicative Factor: 0%
	 DR Bracket: 0
	 Base: 0%
	 Effective Percent: 0%
Avoidance
	 Rating: 2859
	 Multiplicative Factor: 0%
	 DR Bracket: 0
	 Base: 0%
	 Effective Percent: 5,26%
Mastery
	 Rating: 9325
	 Multiplicative Factor: 0%
	 DR Bracket: 0
	 Base: 19,8%
	 Effective Percent: 43,78%
----------------------
03:19,657

Intellect
	 Rating: 148311
	 Multiplicative Factor: 13,56%
Stamina
	 Rating: 876212
	 Multiplicative Factor: 11,3%
Crit
	 Rating: 24423
	 Multiplicative Factor: 0%
	 DR Bracket: 1
	 Base: 5%
	 Effective Percent: 39,4%
	 Crit Inc Heal: 2
	 Crit Inc Damage: 2
Haste
	 Rating: 26862
	 Multiplicative Factor: 0%
	 DR Bracket: 2
	 Base: 15%
	 Effective Percent: 60,49%
Vers
	 Rating: 1693
	 Multiplicative Factor: 0%
	 DR Bracket: 0
	 Base: 3%
	 Effective Percent: 5,17%
Leech
	 Rating: 0
	 Multiplicative Factor: 0%
	 DR Bracket: 0
	 Base: 0%
	 Effective Percent: 0%
Avoidance
	 Rating: 2859
	 Multiplicative Factor: 0%
	 DR Bracket: 0
	 Base: 0%
	 Effective Percent: 5,26%
Mastery
	 Rating: 9325
	 Multiplicative Factor: 0%
	 DR Bracket: 0
	 Base: 19,8%
	 Effective Percent: 43,78%
----------------------
03:19,677

Intellect
	 Rating: 141249
	 Multiplicative Factor: 8,15%
Stamina
	 Rating: 876212
	 Multiplicative Factor: 11,3%
Crit
	 Rating: 24423
	 Multiplicative Factor: 0%
	 DR Bracket: 1
	 Base: 5%
	 Effective Percent: 39,4%
	 Crit Inc Heal: 2
	 Crit Inc Damage: 2
Haste
	 Rating: 26862
	 Multiplicative Factor: 0%
	 DR Bracket: 2
	 Base: 15%
	 Effective Percent: 60,49%
Vers
	 Rating: 1693
	 Multiplicative Factor: 0%
	 DR Bracket: 0
	 Base: 3%
	 Effective Percent: 5,17%
Leech
	 Rating: 0
	 Multiplicative Factor: 0%
	 DR Bracket: 0
	 Base: 0%
	 Effective Percent: 0%
Avoidance
	 Rating: 2859
	 Multiplicative Factor: 0%
	 DR Bracket: 0
	 Base: 0%
	 Effective Percent: 5,26%
Mastery
	 Rating: 9325
	 Multiplicative Factor: 0%
	 DR Bracket: 0
	 Base: 19,8%
	 Effective Percent: 43,78%
----------------------
03:20,656

Intellect
	 Rating: 141249
	 Multiplicative Factor: 8,15%
Stamina
	 Rating: 876212
	 Multiplicative Factor: 11,3%
Crit
	 Rating: 24423
	 Multiplicative Factor: 0%
	 DR Bracket: 1
	 Base: 5%
	 Effective Percent: 39,4%
	 Crit Inc Heal: 2
	 Crit Inc Damage: 2
Haste
	 Rating: 26862
	 Multiplicative Factor: 0%
	 DR Bracket: 2
	 Base: 14%
	 Effective Percent: 59,1%
Vers
	 Rating: 1693
	 Multiplicative Factor: 0%
	 DR Bracket: 0
	 Base: 3%
	 Effective Percent: 5,17%
Leech
	 Rating: 0
	 Multiplicative Factor: 0%
	 DR Bracket: 0
	 Base: 0%
	 Effective Percent: 0%
Avoidance
	 Rating: 2859
	 Multiplicative Factor: 0%
	 DR Bracket: 0
	 Base: 0%
	 Effective Percent: 5,26%
Mastery
	 Rating: 9325
	 Multiplicative Factor: 0%
	 DR Bracket: 0
	 Base: 19,8%
	 Effective Percent: 43,78%
----------------------
03:21,660

Intellect
	 Rating: 141249
	 Multiplicative Factor: 8,15%
Stamina
	 Rating: 876212
	 Multiplicative Factor: 11,3%
Crit
	 Rating: 24423
	 Multiplicative Factor: 0%
	 DR Bracket: 1
	 Base: 5%
	 Effective Percent: 39,4%
	 Crit Inc Heal: 2
	 Crit Inc Damage: 2
Haste
	 Rating: 26862
	 Multiplicative Factor: 0%
	 DR Bracket: 2
	 Base: 13%
	 Effective Percent: 57,7%
Vers
	 Rating: 1693
	 Multiplicative Factor: 0%
	 DR Bracket: 0
	 Base: 3%
	 Effective Percent: 5,17%
Leech
	 Rating: 0
	 Multiplicative Factor: 0%
	 DR Bracket: 0
	 Base: 0%
	 Effective Percent: 0%
Avoidance
	 Rating: 2859
	 Multiplicative Factor: 0%
	 DR Bracket: 0
	 Base: 0%
	 Effective Percent: 5,26%
Mastery
	 Rating: 9325
	 Multiplicative Factor: 0%
	 DR Bracket: 0
	 Base: 19,8%
	 Effective Percent: 43,78%
----------------------
03:22,655

Intellect
	 Rating: 141249
	 Multiplicative Factor: 8,15%
Stamina
	 Rating: 876212
	 Multiplicative Factor: 11,3%
Crit
	 Rating: 24423
	 Multiplicative Factor: 0%
	 DR Bracket: 1
	 Base: 5%
	 Effective Percent: 39,4%
	 Crit Inc Heal: 2
	 Crit Inc Damage: 2
Haste
	 Rating: 26862
	 Multiplicative Factor: 0%
	 DR Bracket: 2
	 Base: 12%
	 Effective Percent: 56,31%
Vers
	 Rating: 1693
	 Multiplicative Factor: 0%
	 DR Bracket: 0
	 Base: 3%
	 Effective Percent: 5,17%
Leech
	 Rating: 0
	 Multiplicative Factor: 0%
	 DR Bracket: 0
	 Base: 0%
	 Effective Percent: 0%
Avoidance
	 Rating: 2859
	 Multiplicative Factor: 0%
	 DR Bracket: 0
	 Base: 0%
	 Effective Percent: 5,26%
Mastery
	 Rating: 9325
	 Multiplicative Factor: 0%
	 DR Bracket: 0
	 Base: 19,8%
	 Effective Percent: 43,78%
----------------------
03:23,677

Intellect
	 Rating: 141249
	 Multiplicative Factor: 8,15%
Stamina
	 Rating: 876212
	 Multiplicative Factor: 11,3%
Crit
	 Rating: 24423
	 Multiplicative Factor: 0%
	 DR Bracket: 1
	 Base: 5%
	 Effective Percent: 39,4%
	 Crit Inc Heal: 2
	 Crit Inc Damage: 2
Haste
	 Rating: 26862
	 Multiplicative Factor: 0%
	 DR Bracket: 2
	 Base: 11%
	 Effective Percent: 54,91%
Vers
	 Rating: 1693
	 Multiplicative Factor: 0%
	 DR Bracket: 0
	 Base: 3%
	 Effective Percent: 5,17%
Leech
	 Rating: 0
	 Multiplicative Factor: 0%
	 DR Bracket: 0
	 Base: 0%
	 Effective Percent: 0%
Avoidance
	 Rating: 2859
	 Multiplicative Factor: 0%
	 DR Bracket: 0
	 Base: 0%
	 Effective Percent: 5,26%
Mastery
	 Rating: 9325
	 Multiplicative Factor: 0%
	 DR Bracket: 0
	 Base: 19,8%
	 Effective Percent: 43,78%
----------------------
03:24,659

Intellect
	 Rating: 141249
	 Multiplicative Factor: 8,15%
Stamina
	 Rating: 876212
	 Multiplicative Factor: 11,3%
Crit
	 Rating: 24423
	 Multiplicative Factor: 0%
	 DR Bracket: 1
	 Base: 5%
	 Effective Percent: 39,4%
	 Crit Inc Heal: 2
	 Crit Inc Damage: 2
Haste
	 Rating: 26862
	 Multiplicative Factor: 0%
	 DR Bracket: 2
	 Base: 10%
	 Effective Percent: 53,52%
Vers
	 Rating: 1693
	 Multiplicative Factor: 0%
	 DR Bracket: 0
	 Base: 3%
	 Effective Percent: 5,17%
Leech
	 Rating: 0
	 Multiplicative Factor: 0%
	 DR Bracket: 0
	 Base: 0%
	 Effective Percent: 0%
Avoidance
	 Rating: 2859
	 Multiplicative Factor: 0%
	 DR Bracket: 0
	 Base: 0%
	 Effective Percent: 5,26%
Mastery
	 Rating: 9325
	 Multiplicative Factor: 0%
	 DR Bracket: 0
	 Base: 19,8%
	 Effective Percent: 43,78%
----------------------
03:25,648

Intellect
	 Rating: 141249
	 Multiplicative Factor: 8,15%
Stamina
	 Rating: 876212
	 Multiplicative Factor: 11,3%
Crit
	 Rating: 24423
	 Multiplicative Factor: 0%
	 DR Bracket: 1
	 Base: 5%
	 Effective Percent: 39,4%
	 Crit Inc Heal: 2
	 Crit Inc Damage: 2
Haste
	 Rating: 26862
	 Multiplicative Factor: 0%
	 DR Bracket: 2
	 Base: 9%
	 Effective Percent: 52,12%
Vers
	 Rating: 1693
	 Multiplicative Factor: 0%
	 DR Bracket: 0
	 Base: 3%
	 Effective Percent: 5,17%
Leech
	 Rating: 0
	 Multiplicative Factor: 0%
	 DR Bracket: 0
	 Base: 0%
	 Effective Percent: 0%
Avoidance
	 Rating: 2859
	 Multiplicative Factor: 0%
	 DR Bracket: 0
	 Base: 0%
	 Effective Percent: 5,26%
Mastery
	 Rating: 9325
	 Multiplicative Factor: 0%
	 DR Bracket: 0
	 Base: 19,8%
	 Effective Percent: 43,78%
----------------------
03:26,656

Intellect
	 Rating: 141249
	 Multiplicative Factor: 8,15%
Stamina
	 Rating: 876212
	 Multiplicative Factor: 11,3%
Crit
	 Rating: 24423
	 Multiplicative Factor: 0%
	 DR Bracket: 1
	 Base: 5%
	 Effective Percent: 39,4%
	 Crit Inc Heal: 2
	 Crit Inc Damage: 2
Haste
	 Rating: 26862
	 Multiplicative Factor: 0%
	 DR Bracket: 2
	 Base: 8%
	 Effective Percent: 50,72%
Vers
	 Rating: 1693
	 Multiplicative Factor: 0%
	 DR Bracket: 0
	 Base: 3%
	 Effective Percent: 5,17%
Leech
	 Rating: 0
	 Multiplicative Factor: 0%
	 DR Bracket: 0
	 Base: 0%
	 Effective Percent: 0%
Avoidance
	 Rating: 2859
	 Multiplicative Factor: 0%
	 DR Bracket: 0
	 Base: 0%
	 Effective Percent: 5,26%
Mastery
	 Rating: 9325
	 Multiplicative Factor: 0%
	 DR Bracket: 0
	 Base: 19,8%
	 Effective Percent: 43,78%
----------------------
03:27,652

Intellect
	 Rating: 141249
	 Multiplicative Factor: 8,15%
Stamina
	 Rating: 876212
	 Multiplicative Factor: 11,3%
Crit
	 Rating: 24423
	 Multiplicative Factor: 0%
	 DR Bracket: 1
	 Base: 5%
	 Effective Percent: 39,4%
	 Crit Inc Heal: 2
	 Crit Inc Damage: 2
Haste
	 Rating: 26862
	 Multiplicative Factor: 0%
	 DR Bracket: 2
	 Base: 7%
	 Effective Percent: 49,33%
Vers
	 Rating: 1693
	 Multiplicative Factor: 0%
	 DR Bracket: 0
	 Base: 3%
	 Effective Percent: 5,17%
Leech
	 Rating: 0
	 Multiplicative Factor: 0%
	 DR Bracket: 0
	 Base: 0%
	 Effective Percent: 0%
Avoidance
	 Rating: 2859
	 Multiplicative Factor: 0%
	 DR Bracket: 0
	 Base: 0%
	 Effective Percent: 5,26%
Mastery
	 Rating: 9325
	 Multiplicative Factor: 0%
	 DR Bracket: 0
	 Base: 19,8%
	 Effective Percent: 43,78%
----------------------
03:28,657

Intellect
	 Rating: 141249
	 Multiplicative Factor: 8,15%
Stamina
	 Rating: 876212
	 Multiplicative Factor: 11,3%
Crit
	 Rating: 24423
	 Multiplicative Factor: 0%
	 DR Bracket: 1
	 Base: 5%
	 Effective Percent: 39,4%
	 Crit Inc Heal: 2
	 Crit Inc Damage: 2
Haste
	 Rating: 26862
	 Multiplicative Factor: 0%
	 DR Bracket: 2
	 Base: 6%
	 Effective Percent: 47,93%
Vers
	 Rating: 1693
	 Multiplicative Factor: 0%
	 DR Bracket: 0
	 Base: 3%
	 Effective Percent: 5,17%
Leech
	 Rating: 0
	 Multiplicative Factor: 0%
	 DR Bracket: 0
	 Base: 0%
	 Effective Percent: 0%
Avoidance
	 Rating: 2859
	 Multiplicative Factor: 0%
	 DR Bracket: 0
	 Base: 0%
	 Effective Percent: 5,26%
Mastery
	 Rating: 9325
	 Multiplicative Factor: 0%
	 DR Bracket: 0
	 Base: 19,8%
	 Effective Percent: 43,78%
----------------------
03:29,654

Intellect
	 Rating: 141249
	 Multiplicative Factor: 8,15%
Stamina
	 Rating: 876212
	 Multiplicative Factor: 11,3%
Crit
	 Rating: 24423
	 Multiplicative Factor: 0%
	 DR Bracket: 1
	 Base: 5%
	 Effective Percent: 39,4%
	 Crit Inc Heal: 2
	 Crit Inc Damage: 2
Haste
	 Rating: 26862
	 Multiplicative Factor: 0%
	 DR Bracket: 2
	 Base: 5%
	 Effective Percent: 46,54%
Vers
	 Rating: 1693
	 Multiplicative Factor: 0%
	 DR Bracket: 0
	 Base: 3%
	 Effective Percent: 5,17%
Leech
	 Rating: 0
	 Multiplicative Factor: 0%
	 DR Bracket: 0
	 Base: 0%
	 Effective Percent: 0%
Avoidance
	 Rating: 2859
	 Multiplicative Factor: 0%
	 DR Bracket: 0
	 Base: 0%
	 Effective Percent: 5,26%
Mastery
	 Rating: 9325
	 Multiplicative Factor: 0%
	 DR Bracket: 0
	 Base: 19,8%
	 Effective Percent: 43,78%
----------------------
03:30,674

Intellect
	 Rating: 141249
	 Multiplicative Factor: 8,15%
Stamina
	 Rating: 876212
	 Multiplicative Factor: 11,3%
Crit
	 Rating: 24423
	 Multiplicative Factor: 0%
	 DR Bracket: 1
	 Base: 5%
	 Effective Percent: 39,4%
	 Crit Inc Heal: 2
	 Crit Inc Damage: 2
Haste
	 Rating: 26862
	 Multiplicative Factor: 0%
	 DR Bracket: 2
	 Base: 4%
	 Effective Percent: 45,14%
Vers
	 Rating: 1693
	 Multiplicative Factor: 0%
	 DR Bracket: 0
	 Base: 3%
	 Effective Percent: 5,17%
Leech
	 Rating: 0
	 Multiplicative Factor: 0%
	 DR Bracket: 0
	 Base: 0%
	 Effective Percent: 0%
Avoidance
	 Rating: 2859
	 Multiplicative Factor: 0%
	 DR Bracket: 0
	 Base: 0%
	 Effective Percent: 5,26%
Mastery
	 Rating: 9325
	 Multiplicative Factor: 0%
	 DR Bracket: 0
	 Base: 19,8%
	 Effective Percent: 43,78%
----------------------
03:31,452

Intellect
	 Rating: 141249
	 Multiplicative Factor: 8,15%
Stamina
	 Rating: 876212
	 Multiplicative Factor: 11,3%
Crit
	 Rating: 30408
	 Multiplicative Factor: 0%
	 DR Bracket: 2
	 Base: 5%
	 Effective Percent: 46,75%
	 Crit Inc Heal: 2
	 Crit Inc Damage: 2
Haste
	 Rating: 26862
	 Multiplicative Factor: 0%
	 DR Bracket: 2
	 Base: 4%
	 Effective Percent: 45,14%
Vers
	 Rating: 1693
	 Multiplicative Factor: 0%
	 DR Bracket: 0
	 Base: 3%
	 Effective Percent: 5,17%
Leech
	 Rating: 0
	 Multiplicative Factor: 0%
	 DR Bracket: 0
	 Base: 0%
	 Effective Percent: 0%
Avoidance
	 Rating: 2859
	 Multiplicative Factor: 0%
	 DR Bracket: 0
	 Base: 0%
	 Effective Percent: 5,26%
Mastery
	 Rating: 9325
	 Multiplicative Factor: 0%
	 DR Bracket: 0
	 Base: 19,8%
	 Effective Percent: 43,78%
----------------------
03:31,653

Intellect
	 Rating: 141249
	 Multiplicative Factor: 8,15%
Stamina
	 Rating: 876212
	 Multiplicative Factor: 11,3%
Crit
	 Rating: 30408
	 Multiplicative Factor: 0%
	 DR Bracket: 2
	 Base: 5%
	 Effective Percent: 46,75%
	 Crit Inc Heal: 2
	 Crit Inc Damage: 2
Haste
	 Rating: 26862
	 Multiplicative Factor: 0%
	 DR Bracket: 2
	 Base: 3%
	 Effective Percent: 43,75%
Vers
	 Rating: 1693
	 Multiplicative Factor: 0%
	 DR Bracket: 0
	 Base: 3%
	 Effective Percent: 5,17%
Leech
	 Rating: 0
	 Multiplicative Factor: 0%
	 DR Bracket: 0
	 Base: 0%
	 Effective Percent: 0%
Avoidance
	 Rating: 2859
	 Multiplicative Factor: 0%
	 DR Bracket: 0
	 Base: 0%
	 Effective Percent: 5,26%
Mastery
	 Rating: 9325
	 Multiplicative Factor: 0%
	 DR Bracket: 0
	 Base: 19,8%
	 Effective Percent: 43,78%
----------------------
03:32,656

Intellect
	 Rating: 141249
	 Multiplicative Factor: 8,15%
Stamina
	 Rating: 876212
	 Multiplicative Factor: 11,3%
Crit
	 Rating: 30408
	 Multiplicative Factor: 0%
	 DR Bracket: 2
	 Base: 5%
	 Effective Percent: 46,75%
	 Crit Inc Heal: 2
	 Crit Inc Damage: 2
Haste
	 Rating: 26862
	 Multiplicative Factor: 0%
	 DR Bracket: 2
	 Base: 2%
	 Effective Percent: 42,35%
Vers
	 Rating: 1693
	 Multiplicative Factor: 0%
	 DR Bracket: 0
	 Base: 3%
	 Effective Percent: 5,17%
Leech
	 Rating: 0
	 Multiplicative Factor: 0%
	 DR Bracket: 0
	 Base: 0%
	 Effective Percent: 0%
Avoidance
	 Rating: 2859
	 Multiplicative Factor: 0%
	 DR Bracket: 0
	 Base: 0%
	 Effective Percent: 5,26%
Mastery
	 Rating: 9325
	 Multiplicative Factor: 0%
	 DR Bracket: 0
	 Base: 19,8%
	 Effective Percent: 43,78%
----------------------
03:33,670

Intellect
	 Rating: 141249
	 Multiplicative Factor: 8,15%
Stamina
	 Rating: 876212
	 Multiplicative Factor: 11,3%
Crit
	 Rating: 30408
	 Multiplicative Factor: 0%
	 DR Bracket: 2
	 Base: 5%
	 Effective Percent: 46,75%
	 Crit Inc Heal: 2
	 Crit Inc Damage: 2
Haste
	 Rating: 26862
	 Multiplicative Factor: 0%
	 DR Bracket: 2
	 Base: 1%
	 Effective Percent: 40,96%
Vers
	 Rating: 1693
	 Multiplicative Factor: 0%
	 DR Bracket: 0
	 Base: 3%
	 Effective Percent: 5,17%
Leech
	 Rating: 0
	 Multiplicative Factor: 0%
	 DR Bracket: 0
	 Base: 0%
	 Effective Percent: 0%
Avoidance
	 Rating: 2859
	 Multiplicative Factor: 0%
	 DR Bracket: 0
	 Base: 0%
	 Effective Percent: 5,26%
Mastery
	 Rating: 9325
	 Multiplicative Factor: 0%
	 DR Bracket: 0
	 Base: 19,8%
	 Effective Percent: 43,78%
----------------------
03:34,645

Intellect
	 Rating: 141249
	 Multiplicative Factor: 8,15%
Stamina
	 Rating: 876212
	 Multiplicative Factor: 11,3%
Crit
	 Rating: 30408
	 Multiplicative Factor: 0%
	 DR Bracket: 2
	 Base: 5%
	 Effective Percent: 46,75%
	 Crit Inc Heal: 2
	 Crit Inc Damage: 2
Haste
	 Rating: 26862
	 Multiplicative Factor: 0%
	 DR Bracket: 2
	 Base: 0%
	 Effective Percent: 39,56%
Vers
	 Rating: 1693
	 Multiplicative Factor: 0%
	 DR Bracket: 0
	 Base: 3%
	 Effective Percent: 5,17%
Leech
	 Rating: 0
	 Multiplicative Factor: 0%
	 DR Bracket: 0
	 Base: 0%
	 Effective Percent: 0%
Avoidance
	 Rating: 2859
	 Multiplicative Factor: 0%
	 DR Bracket: 0
	 Base: 0%
	 Effective Percent: 5,26%
Mastery
	 Rating: 9325
	 Multiplicative Factor: 0%
	 DR Bracket: 0
	 Base: 19,8%
	 Effective Percent: 43,78%
