----------------------
00:06,778

Intellect
	 Rating: 143666
	 Multiplicative Factor: 12,48%
	 Eff: 143666
Stamina
	 Rating: 878116
	 Multiplicative Factor: 11,3%
	 Eff: 878116
Crit
	 Rating: 21617
	 Multiplicative Factor: 0%
	 Eff: 27855,3
	 DR Bracket: 1
	 Base: 9%
	 Effective Percent: 39,79%
	 Crit Inc Heal: 2
	 Crit Inc Damage: 2
Haste
	 Rating: 18285
	 Multiplicative Factor: 0%
	 Eff: 19127,85
	 DR Bracket: 0
	 Base: 1%
	 Effective Percent: 28,98%
Vers
	 Rating: 10607
	 Multiplicative Factor: 0%
	 Eff: 10607
	 DR Bracket: 0
	 Base: 0%
	 Effective Percent: 13,6%
Leech
	 Rating: 3978
	 Multiplicative Factor: 0%
	 Eff: 3978
	 DR Bracket: 0
	 Base: 0%
	 Effective Percent: 3,9%
Avoidance
	 Rating: 0
	 Multiplicative Factor: 0%
	 Eff: 0
	 DR Bracket: 0
	 Base: 0%
	 Effective Percent: 0%
Mastery
	 Rating: 12252
	 Multiplicative Factor: 0%
	 Eff: 22052
	 DR Bracket: 0
	 Base: 21%
	 Effective Percent: 47,25%
----------------------
00:06,814

Intellect
	 Rating: 143666
	 Multiplicative Factor: 12,48%
	 Eff: 143666
Stamina
	 Rating: 878116
	 Multiplicative Factor: 11,3%
	 Eff: 878116
Crit
	 Rating: 21617
	 Multiplicative Factor: 0%
	 Eff: 27855,3
	 DR Bracket: 1
	 Base: 9%
	 Effective Percent: 39,79%
	 Crit Inc Heal: 2
	 Crit Inc Damage: 2
Haste
	 Rating: 18285
	 Multiplicative Factor: 0%
	 Eff: 20813,55
	 DR Bracket: 0
	 Base: 3%
	 Effective Percent: 31,54%
Vers
	 Rating: 10607
	 Multiplicative Factor: 0%
	 Eff: 10607
	 DR Bracket: 0
	 Base: 0%
	 Effective Percent: 13,6%
Leech
	 Rating: 3978
	 Multiplicative Factor: 0%
	 Eff: 3978
	 DR Bracket: 0
	 Base: 0%
	 Effective Percent: 3,9%
Avoidance
	 Rating: 0
	 Multiplicative Factor: 0%
	 Eff: 0
	 DR Bracket: 0
	 Base: 0%
	 Effective Percent: 0%
Mastery
	 Rating: 12252
	 Multiplicative Factor: 0%
	 Eff: 22052
	 DR Bracket: 0
	 Base: 21%
	 Effective Percent: 47,25%
----------------------
00:07,519

Intellect
	 Rating: 143666
	 Multiplicative Factor: 12,48%
	 Eff: 143666
Stamina
	 Rating: 878116
	 Multiplicative Factor: 11,3%
	 Eff: 878116
Crit
	 Rating: 21617
	 Multiplicative Factor: 0%
	 Eff: 38355,3
	 DR Bracket: 1
	 Base: 24%
	 Effective Percent: 54,79%
	 Crit Inc Heal: 2
	 Crit Inc Damage: 2
Haste
	 Rating: 18285
	 Multiplicative Factor: 0%
	 Eff: 20813,55
	 DR Bracket: 0
	 Base: 3%
	 Effective Percent: 31,54%
Vers
	 Rating: 10607
	 Multiplicative Factor: 0%
	 Eff: 10607
	 DR Bracket: 0
	 Base: 0%
	 Effective Percent: 13,6%
Leech
	 Rating: 3978
	 Multiplicative Factor: 0%
	 Eff: 3978
	 DR Bracket: 0
	 Base: 0%
	 Effective Percent: 3,9%
Avoidance
	 Rating: 0
	 Multiplicative Factor: 0%
	 Eff: 0
	 DR Bracket: 0
	 Base: 0%
	 Effective Percent: 0%
Mastery
	 Rating: 12252
	 Multiplicative Factor: 0%
	 Eff: 22052
	 DR Bracket: 0
	 Base: 21%
	 Effective Percent: 47,25%
----------------------
00:07,562

Intellect
	 Rating: 143666
	 Multiplicative Factor: 12,48%
	 Eff: 143666
Stamina
	 Rating: 878116
	 Multiplicative Factor: 11,3%
	 Eff: 878116
Crit
	 Rating: 21617
	 Multiplicative Factor: 0%
	 Eff: 38355,3
	 DR Bracket: 1
	 Base: 24%
	 Effective Percent: 54,79%
	 Crit Inc Heal: 2
	 Crit Inc Damage: 2
Haste
	 Rating: 18285
	 Multiplicative Factor: 0%
	 Eff: 22499,25
	 DR Bracket: 0
	 Base: 5%
	 Effective Percent: 34,09%
Vers
	 Rating: 10607
	 Multiplicative Factor: 0%
	 Eff: 10607
	 DR Bracket: 0
	 Base: 0%
	 Effective Percent: 13,6%
Leech
	 Rating: 3978
	 Multiplicative Factor: 0%
	 Eff: 3978
	 DR Bracket: 0
	 Base: 0%
	 Effective Percent: 3,9%
Avoidance
	 Rating: 0
	 Multiplicative Factor: 0%
	 Eff: 0
	 DR Bracket: 0
	 Base: 0%
	 Effective Percent: 0%
Mastery
	 Rating: 12252
	 Multiplicative Factor: 0%
	 Eff: 22052
	 DR Bracket: 0
	 Base: 21%
	 Effective Percent: 47,25%
----------------------
00:07,563

Intellect
	 Rating: 143666
	 Multiplicative Factor: 12,48%
	 Eff: 143666
Stamina
	 Rating: 878116
	 Multiplicative Factor: 11,3%
	 Eff: 878116
Crit
	 Rating: 21617
	 Multiplicative Factor: 0%
	 Eff: 38355,3
	 DR Bracket: 1
	 Base: 24%
	 Effective Percent: 54,79%
	 Crit Inc Heal: 2
	 Crit Inc Damage: 2
Haste
	 Rating: 18285
	 Multiplicative Factor: 0%
	 Eff: 25870,65
	 DR Bracket: 0
	 Base: 9%
	 Effective Percent: 39,2%
Vers
	 Rating: 10607
	 Multiplicative Factor: 0%
	 Eff: 10607
	 DR Bracket: 0
	 Base: 0%
	 Effective Percent: 13,6%
Leech
	 Rating: 3978
	 Multiplicative Factor: 0%
	 Eff: 3978
	 DR Bracket: 0
	 Base: 0%
	 Effective Percent: 3,9%
Avoidance
	 Rating: 0
	 Multiplicative Factor: 0%
	 Eff: 0
	 DR Bracket: 0
	 Base: 0%
	 Effective Percent: 0%
Mastery
	 Rating: 12252
	 Multiplicative Factor: 0%
	 Eff: 22052
	 DR Bracket: 0
	 Base: 21%
	 Effective Percent: 47,25%
----------------------
00:07,563

Intellect
	 Rating: 143666
	 Multiplicative Factor: 12,48%
	 Eff: 143666
Stamina
	 Rating: 878116
	 Multiplicative Factor: 11,3%
	 Eff: 878116
Crit
	 Rating: 21617
	 Multiplicative Factor: 0%
	 Eff: 38355,3
	 DR Bracket: 1
	 Base: 24%
	 Effective Percent: 54,79%
	 Crit Inc Heal: 2
	 Crit Inc Damage: 2
Haste
	 Rating: 18285
	 Multiplicative Factor: 0%
	 Eff: 24184,95
	 DR Bracket: 0
	 Base: 7%
	 Effective Percent: 36,64%
Vers
	 Rating: 10607
	 Multiplicative Factor: 0%
	 Eff: 10607
	 DR Bracket: 0
	 Base: 0%
	 Effective Percent: 13,6%
Leech
	 Rating: 3978
	 Multiplicative Factor: 0%
	 Eff: 3978
	 DR Bracket: 0
	 Base: 0%
	 Effective Percent: 3,9%
Avoidance
	 Rating: 0
	 Multiplicative Factor: 0%
	 Eff: 0
	 DR Bracket: 0
	 Base: 0%
	 Effective Percent: 0%
Mastery
	 Rating: 12252
	 Multiplicative Factor: 0%
	 Eff: 22052
	 DR Bracket: 0
	 Base: 21%
	 Effective Percent: 47,25%
----------------------
00:07,563

Intellect
	 Rating: 143666
	 Multiplicative Factor: 12,48%
	 Eff: 143666
Stamina
	 Rating: 878116
	 Multiplicative Factor: 11,3%
	 Eff: 878116
Crit
	 Rating: 21617
	 Multiplicative Factor: 0%
	 Eff: 38355,3
	 DR Bracket: 1
	 Base: 24%
	 Effective Percent: 54,79%
	 Crit Inc Heal: 2
	 Crit Inc Damage: 2
Haste
	 Rating: 18285
	 Multiplicative Factor: 0%
	 Eff: 27556,35
	 DR Bracket: 0
	 Base: 11%
	 Effective Percent: 41,75%
Vers
	 Rating: 10607
	 Multiplicative Factor: 0%
	 Eff: 10607
	 DR Bracket: 0
	 Base: 0%
	 Effective Percent: 13,6%
Leech
	 Rating: 3978
	 Multiplicative Factor: 0%
	 Eff: 3978
	 DR Bracket: 0
	 Base: 0%
	 Effective Percent: 3,9%
Avoidance
	 Rating: 0
	 Multiplicative Factor: 0%
	 Eff: 0
	 DR Bracket: 0
	 Base: 0%
	 Effective Percent: 0%
Mastery
	 Rating: 12252
	 Multiplicative Factor: 0%
	 Eff: 22052
	 DR Bracket: 0
	 Base: 21%
	 Effective Percent: 47,25%
----------------------
00:10,057

Intellect
	 Rating: 143666
	 Multiplicative Factor: 12,48%
	 Eff: 143666
Stamina
	 Rating: 878116
	 Multiplicative Factor: 11,3%
	 Eff: 878116
Crit
	 Rating: 21617
	 Multiplicative Factor: 0%
	 Eff: 38355,3
	 DR Bracket: 1
	 Base: 24%
	 Effective Percent: 54,79%
	 Crit Inc Heal: 2
	 Crit Inc Damage: 2
Haste
	 Rating: 18285
	 Multiplicative Factor: 0%
	 Eff: 28399,2
	 DR Bracket: 0
	 Base: 12%
	 Effective Percent: 43,03%
Vers
	 Rating: 10607
	 Multiplicative Factor: 0%
	 Eff: 10607
	 DR Bracket: 0
	 Base: 0%
	 Effective Percent: 13,6%
Leech
	 Rating: 3978
	 Multiplicative Factor: 0%
	 Eff: 3978
	 DR Bracket: 0
	 Base: 0%
	 Effective Percent: 3,9%
Avoidance
	 Rating: 0
	 Multiplicative Factor: 0%
	 Eff: 0
	 DR Bracket: 0
	 Base: 0%
	 Effective Percent: 0%
Mastery
	 Rating: 12252
	 Multiplicative Factor: 0%
	 Eff: 22052
	 DR Bracket: 0
	 Base: 21%
	 Effective Percent: 47,25%
----------------------
00:10,112

Intellect
	 Rating: 143666
	 Multiplicative Factor: 12,48%
	 Eff: 143666
Stamina
	 Rating: 878116
	 Multiplicative Factor: 11,3%
	 Eff: 878116
Crit
	 Rating: 21617
	 Multiplicative Factor: 0%
	 Eff: 38355,3
	 DR Bracket: 1
	 Base: 24%
	 Effective Percent: 54,79%
	 Crit Inc Heal: 2
	 Crit Inc Damage: 2
Haste
	 Rating: 18285
	 Multiplicative Factor: 0%
	 Eff: 30084,9
	 DR Bracket: 0
	 Base: 14%
	 Effective Percent: 45,58%
Vers
	 Rating: 10607
	 Multiplicative Factor: 0%
	 Eff: 10607
	 DR Bracket: 0
	 Base: 0%
	 Effective Percent: 13,6%
Leech
	 Rating: 3978
	 Multiplicative Factor: 0%
	 Eff: 3978
	 DR Bracket: 0
	 Base: 0%
	 Effective Percent: 3,9%
Avoidance
	 Rating: 0
	 Multiplicative Factor: 0%
	 Eff: 0
	 DR Bracket: 0
	 Base: 0%
	 Effective Percent: 0%
Mastery
	 Rating: 12252
	 Multiplicative Factor: 0%
	 Eff: 22052
	 DR Bracket: 0
	 Base: 21%
	 Effective Percent: 47,25%
----------------------
00:12,173

Intellect
	 Rating: 143666
	 Multiplicative Factor: 12,48%
	 Eff: 143666
Stamina
	 Rating: 878116
	 Multiplicative Factor: 11,3%
	 Eff: 878116
Crit
	 Rating: 21617
	 Multiplicative Factor: 0%
	 Eff: 38355,3
	 DR Bracket: 1
	 Base: 24%
	 Effective Percent: 54,79%
	 Crit Inc Heal: 2
	 Crit Inc Damage: 2
Haste
	 Rating: 18285
	 Multiplicative Factor: 0%
	 Eff: 30927,75
	 DR Bracket: 0
	 Base: 15%
	 Effective Percent: 46,86%
Vers
	 Rating: 10607
	 Multiplicative Factor: 0%
	 Eff: 10607
	 DR Bracket: 0
	 Base: 0%
	 Effective Percent: 13,6%
Leech
	 Rating: 3978
	 Multiplicative Factor: 0%
	 Eff: 3978
	 DR Bracket: 0
	 Base: 0%
	 Effective Percent: 3,9%
Avoidance
	 Rating: 0
	 Multiplicative Factor: 0%
	 Eff: 0
	 DR Bracket: 0
	 Base: 0%
	 Effective Percent: 0%
Mastery
	 Rating: 12252
	 Multiplicative Factor: 0%
	 Eff: 22052
	 DR Bracket: 0
	 Base: 21%
	 Effective Percent: 47,25%
----------------------
00:16,238

Intellect
	 Rating: 143666
	 Multiplicative Factor: 12,48%
	 Eff: 143666
Stamina
	 Rating: 878116
	 Multiplicative Factor: 11,3%
	 Eff: 878116
Crit
	 Rating: 21617
	 Multiplicative Factor: 0%
	 Eff: 38355,3
	 DR Bracket: 1
	 Base: 24%
	 Effective Percent: 54,79%
	 Crit Inc Heal: 2
	 Crit Inc Damage: 2
Haste
	 Rating: 18285
	 Multiplicative Factor: 0%
	 Eff: 31770,6
	 DR Bracket: 0
	 Base: 16%
	 Effective Percent: 48,14%
Vers
	 Rating: 10607
	 Multiplicative Factor: 0%
	 Eff: 10607
	 DR Bracket: 0
	 Base: 0%
	 Effective Percent: 13,6%
Leech
	 Rating: 3978
	 Multiplicative Factor: 0%
	 Eff: 3978
	 DR Bracket: 0
	 Base: 0%
	 Effective Percent: 3,9%
Avoidance
	 Rating: 0
	 Multiplicative Factor: 0%
	 Eff: 0
	 DR Bracket: 0
	 Base: 0%
	 Effective Percent: 0%
Mastery
	 Rating: 12252
	 Multiplicative Factor: 0%
	 Eff: 22052
	 DR Bracket: 0
	 Base: 21%
	 Effective Percent: 47,25%
----------------------
00:17,416

Intellect
	 Rating: 143666
	 Multiplicative Factor: 12,48%
	 Eff: 143666
Stamina
	 Rating: 878116
	 Multiplicative Factor: 11,3%
	 Eff: 878116
Crit
	 Rating: 21617
	 Multiplicative Factor: 0%
	 Eff: 38355,3
	 DR Bracket: 1
	 Base: 24%
	 Effective Percent: 54,79%
	 Crit Inc Heal: 2
	 Crit Inc Damage: 2
Haste
	 Rating: 18285
	 Multiplicative Factor: 0%
	 Eff: 32613,45
	 DR Bracket: 0
	 Base: 17%
	 Effective Percent: 49,41%
Vers
	 Rating: 10607
	 Multiplicative Factor: 0%
	 Eff: 10607
	 DR Bracket: 0
	 Base: 0%
	 Effective Percent: 13,6%
Leech
	 Rating: 3978
	 Multiplicative Factor: 0%
	 Eff: 3978
	 DR Bracket: 0
	 Base: 0%
	 Effective Percent: 3,9%
Avoidance
	 Rating: 0
	 Multiplicative Factor: 0%
	 Eff: 0
	 DR Bracket: 0
	 Base: 0%
	 Effective Percent: 0%
Mastery
	 Rating: 12252
	 Multiplicative Factor: 0%
	 Eff: 22052
	 DR Bracket: 0
	 Base: 21%
	 Effective Percent: 47,25%
----------------------
00:18,819

Intellect
	 Rating: 143666
	 Multiplicative Factor: 12,48%
	 Eff: 143666
Stamina
	 Rating: 878116
	 Multiplicative Factor: 11,3%
	 Eff: 878116
Crit
	 Rating: 21617
	 Multiplicative Factor: 0%
	 Eff: 38355,3
	 DR Bracket: 1
	 Base: 24%
	 Effective Percent: 54,79%
	 Crit Inc Heal: 2
	 Crit Inc Damage: 2
Haste
	 Rating: 18285
	 Multiplicative Factor: 0%
	 Eff: 30927,75
	 DR Bracket: 0
	 Base: 15%
	 Effective Percent: 46,86%
Vers
	 Rating: 10607
	 Multiplicative Factor: 0%
	 Eff: 10607
	 DR Bracket: 0
	 Base: 0%
	 Effective Percent: 13,6%
Leech
	 Rating: 3978
	 Multiplicative Factor: 0%
	 Eff: 3978
	 DR Bracket: 0
	 Base: 0%
	 Effective Percent: 3,9%
Avoidance
	 Rating: 0
	 Multiplicative Factor: 0%
	 Eff: 0
	 DR Bracket: 0
	 Base: 0%
	 Effective Percent: 0%
Mastery
	 Rating: 12252
	 Multiplicative Factor: 0%
	 Eff: 22052
	 DR Bracket: 0
	 Base: 21%
	 Effective Percent: 47,25%
----------------------
00:19,579

Intellect
	 Rating: 143666
	 Multiplicative Factor: 12,48%
	 Eff: 143666
Stamina
	 Rating: 878116
	 Multiplicative Factor: 11,3%
	 Eff: 878116
Crit
	 Rating: 21617
	 Multiplicative Factor: 0%
	 Eff: 38355,3
	 DR Bracket: 1
	 Base: 24%
	 Effective Percent: 54,79%
	 Crit Inc Heal: 2
	 Crit Inc Damage: 2
Haste
	 Rating: 18285
	 Multiplicative Factor: 0%
	 Eff: 29242,050000000003
	 DR Bracket: 0
	 Base: 13%
	 Effective Percent: 44,31%
Vers
	 Rating: 10607
	 Multiplicative Factor: 0%
	 Eff: 10607
	 DR Bracket: 0
	 Base: 0%
	 Effective Percent: 13,6%
Leech
	 Rating: 3978
	 Multiplicative Factor: 0%
	 Eff: 3978
	 DR Bracket: 0
	 Base: 0%
	 Effective Percent: 3,9%
Avoidance
	 Rating: 0
	 Multiplicative Factor: 0%
	 Eff: 0
	 DR Bracket: 0
	 Base: 0%
	 Effective Percent: 0%
Mastery
	 Rating: 12252
	 Multiplicative Factor: 0%
	 Eff: 22052
	 DR Bracket: 0
	 Base: 21%
	 Effective Percent: 47,25%
----------------------
00:19,579

Intellect
	 Rating: 143666
	 Multiplicative Factor: 12,48%
	 Eff: 143666
Stamina
	 Rating: 878116
	 Multiplicative Factor: 11,3%
	 Eff: 878116
Crit
	 Rating: 21617
	 Multiplicative Factor: 0%
	 Eff: 38355,3
	 DR Bracket: 1
	 Base: 24%
	 Effective Percent: 54,79%
	 Crit Inc Heal: 2
	 Crit Inc Damage: 2
Haste
	 Rating: 18285
	 Multiplicative Factor: 0%
	 Eff: 27556,35
	 DR Bracket: 0
	 Base: 11%
	 Effective Percent: 41,75%
Vers
	 Rating: 10607
	 Multiplicative Factor: 0%
	 Eff: 10607
	 DR Bracket: 0
	 Base: 0%
	 Effective Percent: 13,6%
Leech
	 Rating: 3978
	 Multiplicative Factor: 0%
	 Eff: 3978
	 DR Bracket: 0
	 Base: 0%
	 Effective Percent: 3,9%
Avoidance
	 Rating: 0
	 Multiplicative Factor: 0%
	 Eff: 0
	 DR Bracket: 0
	 Base: 0%
	 Effective Percent: 0%
Mastery
	 Rating: 12252
	 Multiplicative Factor: 0%
	 Eff: 22052
	 DR Bracket: 0
	 Base: 21%
	 Effective Percent: 47,25%
----------------------
00:19,579

Intellect
	 Rating: 143666
	 Multiplicative Factor: 12,48%
	 Eff: 143666
Stamina
	 Rating: 878116
	 Multiplicative Factor: 11,3%
	 Eff: 878116
Crit
	 Rating: 21617
	 Multiplicative Factor: 0%
	 Eff: 38355,3
	 DR Bracket: 1
	 Base: 24%
	 Effective Percent: 54,79%
	 Crit Inc Heal: 2
	 Crit Inc Damage: 2
Haste
	 Rating: 18285
	 Multiplicative Factor: 0%
	 Eff: 25870,65
	 DR Bracket: 0
	 Base: 9%
	 Effective Percent: 39,2%
Vers
	 Rating: 10607
	 Multiplicative Factor: 0%
	 Eff: 10607
	 DR Bracket: 0
	 Base: 0%
	 Effective Percent: 13,6%
Leech
	 Rating: 3978
	 Multiplicative Factor: 0%
	 Eff: 3978
	 DR Bracket: 0
	 Base: 0%
	 Effective Percent: 3,9%
Avoidance
	 Rating: 0
	 Multiplicative Factor: 0%
	 Eff: 0
	 DR Bracket: 0
	 Base: 0%
	 Effective Percent: 0%
Mastery
	 Rating: 12252
	 Multiplicative Factor: 0%
	 Eff: 22052
	 DR Bracket: 0
	 Base: 21%
	 Effective Percent: 47,25%
----------------------
00:19,579

Intellect
	 Rating: 143666
	 Multiplicative Factor: 12,48%
	 Eff: 143666
Stamina
	 Rating: 878116
	 Multiplicative Factor: 11,3%
	 Eff: 878116
Crit
	 Rating: 21617
	 Multiplicative Factor: 0%
	 Eff: 38355,3
	 DR Bracket: 1
	 Base: 24%
	 Effective Percent: 54,79%
	 Crit Inc Heal: 2
	 Crit Inc Damage: 2
Haste
	 Rating: 18285
	 Multiplicative Factor: 0%
	 Eff: 24184,95
	 DR Bracket: 0
	 Base: 7%
	 Effective Percent: 36,64%
Vers
	 Rating: 10607
	 Multiplicative Factor: 0%
	 Eff: 10607
	 DR Bracket: 0
	 Base: 0%
	 Effective Percent: 13,6%
Leech
	 Rating: 3978
	 Multiplicative Factor: 0%
	 Eff: 3978
	 DR Bracket: 0
	 Base: 0%
	 Effective Percent: 3,9%
Avoidance
	 Rating: 0
	 Multiplicative Factor: 0%
	 Eff: 0
	 DR Bracket: 0
	 Base: 0%
	 Effective Percent: 0%
Mastery
	 Rating: 12252
	 Multiplicative Factor: 0%
	 Eff: 22052
	 DR Bracket: 0
	 Base: 21%
	 Effective Percent: 47,25%
----------------------
00:20,572

Intellect
	 Rating: 143666
	 Multiplicative Factor: 12,48%
	 Eff: 143666
Stamina
	 Rating: 878116
	 Multiplicative Factor: 11,3%
	 Eff: 878116
Crit
	 Rating: 27602
	 Multiplicative Factor: 0%
	 Eff: 43741,68901479505
	 DR Bracket: 1
	 Base: 24%
	 Effective Percent: 62,49%
	 Crit Inc Heal: 2
	 Crit Inc Damage: 2
Haste
	 Rating: 18285
	 Multiplicative Factor: 0%
	 Eff: 24184,95
	 DR Bracket: 0
	 Base: 7%
	 Effective Percent: 36,64%
Vers
	 Rating: 10607
	 Multiplicative Factor: 0%
	 Eff: 10607
	 DR Bracket: 0
	 Base: 0%
	 Effective Percent: 13,6%
Leech
	 Rating: 3978
	 Multiplicative Factor: 0%
	 Eff: 3978
	 DR Bracket: 0
	 Base: 0%
	 Effective Percent: 3,9%
Avoidance
	 Rating: 0
	 Multiplicative Factor: 0%
	 Eff: 0
	 DR Bracket: 0
	 Base: 0%
	 Effective Percent: 0%
Mastery
	 Rating: 12252
	 Multiplicative Factor: 0%
	 Eff: 22052
	 DR Bracket: 0
	 Base: 21%
	 Effective Percent: 47,25%
----------------------
00:22,114

Intellect
	 Rating: 143666
	 Multiplicative Factor: 12,48%
	 Eff: 143666
Stamina
	 Rating: 878116
	 Multiplicative Factor: 11,3%
	 Eff: 878116
Crit
	 Rating: 27602
	 Multiplicative Factor: 0%
	 Eff: 43741,68901479505
	 DR Bracket: 1
	 Base: 24%
	 Effective Percent: 62,49%
	 Crit Inc Heal: 2
	 Crit Inc Damage: 2
Haste
	 Rating: 18285
	 Multiplicative Factor: 0%
	 Eff: 22499,25
	 DR Bracket: 0
	 Base: 5%
	 Effective Percent: 34,09%
Vers
	 Rating: 10607
	 Multiplicative Factor: 0%
	 Eff: 10607
	 DR Bracket: 0
	 Base: 0%
	 Effective Percent: 13,6%
Leech
	 Rating: 3978
	 Multiplicative Factor: 0%
	 Eff: 3978
	 DR Bracket: 0
	 Base: 0%
	 Effective Percent: 3,9%
Avoidance
	 Rating: 0
	 Multiplicative Factor: 0%
	 Eff: 0
	 DR Bracket: 0
	 Base: 0%
	 Effective Percent: 0%
Mastery
	 Rating: 12252
	 Multiplicative Factor: 0%
	 Eff: 22052
	 DR Bracket: 0
	 Base: 21%
	 Effective Percent: 47,25%
----------------------
00:27,516

Intellect
	 Rating: 143666
	 Multiplicative Factor: 12,48%
	 Eff: 143666
Stamina
	 Rating: 878116
	 Multiplicative Factor: 11,3%
	 Eff: 878116
Crit
	 Rating: 27602
	 Multiplicative Factor: 0%
	 Eff: 33241,68901479505
	 DR Bracket: 1
	 Base: 9%
	 Effective Percent: 47,49%
	 Crit Inc Heal: 2
	 Crit Inc Damage: 2
Haste
	 Rating: 18285
	 Multiplicative Factor: 0%
	 Eff: 22499,25
	 DR Bracket: 0
	 Base: 5%
	 Effective Percent: 34,09%
Vers
	 Rating: 10607
	 Multiplicative Factor: 0%
	 Eff: 10607
	 DR Bracket: 0
	 Base: 0%
	 Effective Percent: 13,6%
Leech
	 Rating: 3978
	 Multiplicative Factor: 0%
	 Eff: 3978
	 DR Bracket: 0
	 Base: 0%
	 Effective Percent: 3,9%
Avoidance
	 Rating: 0
	 Multiplicative Factor: 0%
	 Eff: 0
	 DR Bracket: 0
	 Base: 0%
	 Effective Percent: 0%
Mastery
	 Rating: 12252
	 Multiplicative Factor: 0%
	 Eff: 22052
	 DR Bracket: 0
	 Base: 21%
	 Effective Percent: 47,25%
----------------------
00:28,854

Intellect
	 Rating: 143666
	 Multiplicative Factor: 12,48%
	 Eff: 143666
Stamina
	 Rating: 878116
	 Multiplicative Factor: 11,3%
	 Eff: 878116
Crit
	 Rating: 27602
	 Multiplicative Factor: 0%
	 Eff: 33241,68901479505
	 DR Bracket: 1
	 Base: 9%
	 Effective Percent: 47,49%
	 Crit Inc Heal: 2
	 Crit Inc Damage: 2
Haste
	 Rating: 18285
	 Multiplicative Factor: 0%
	 Eff: 24184,95
	 DR Bracket: 0
	 Base: 7%
	 Effective Percent: 36,64%
Vers
	 Rating: 10607
	 Multiplicative Factor: 0%
	 Eff: 10607
	 DR Bracket: 0
	 Base: 0%
	 Effective Percent: 13,6%
Leech
	 Rating: 3978
	 Multiplicative Factor: 0%
	 Eff: 3978
	 DR Bracket: 0
	 Base: 0%
	 Effective Percent: 3,9%
Avoidance
	 Rating: 0
	 Multiplicative Factor: 0%
	 Eff: 0
	 DR Bracket: 0
	 Base: 0%
	 Effective Percent: 0%
Mastery
	 Rating: 12252
	 Multiplicative Factor: 0%
	 Eff: 22052
	 DR Bracket: 0
	 Base: 21%
	 Effective Percent: 47,25%
----------------------
00:29,074

Intellect
	 Rating: 143666
	 Multiplicative Factor: 12,48%
	 Eff: 143666
Stamina
	 Rating: 878116
	 Multiplicative Factor: 11,3%
	 Eff: 878116
Crit
	 Rating: 33587
	 Multiplicative Factor: 0%
	 Eff: 38069,40269296897
	 DR Bracket: 2
	 Base: 9%
	 Effective Percent: 54,38%
	 Crit Inc Heal: 2
	 Crit Inc Damage: 2
Haste
	 Rating: 18285
	 Multiplicative Factor: 0%
	 Eff: 24184,95
	 DR Bracket: 0
	 Base: 7%
	 Effective Percent: 36,64%
Vers
	 Rating: 10607
	 Multiplicative Factor: 0%
	 Eff: 10607
	 DR Bracket: 0
	 Base: 0%
	 Effective Percent: 13,6%
Leech
	 Rating: 3978
	 Multiplicative Factor: 0%
	 Eff: 3978
	 DR Bracket: 0
	 Base: 0%
	 Effective Percent: 3,9%
Avoidance
	 Rating: 0
	 Multiplicative Factor: 0%
	 Eff: 0
	 DR Bracket: 0
	 Base: 0%
	 Effective Percent: 0%
Mastery
	 Rating: 12252
	 Multiplicative Factor: 0%
	 Eff: 22052
	 DR Bracket: 0
	 Base: 21%
	 Effective Percent: 47,25%
----------------------
00:30,574

Intellect
	 Rating: 143666
	 Multiplicative Factor: 12,48%
	 Eff: 143666
Stamina
	 Rating: 878116
	 Multiplicative Factor: 11,3%
	 Eff: 878116
Crit
	 Rating: 27602
	 Multiplicative Factor: 0%
	 Eff: 33241,68901479505
	 DR Bracket: 1
	 Base: 9%
	 Effective Percent: 47,49%
	 Crit Inc Heal: 2
	 Crit Inc Damage: 2
Haste
	 Rating: 18285
	 Multiplicative Factor: 0%
	 Eff: 24184,95
	 DR Bracket: 0
	 Base: 7%
	 Effective Percent: 36,64%
Vers
	 Rating: 10607
	 Multiplicative Factor: 0%
	 Eff: 10607
	 DR Bracket: 0
	 Base: 0%
	 Effective Percent: 13,6%
Leech
	 Rating: 3978
	 Multiplicative Factor: 0%
	 Eff: 3978
	 DR Bracket: 0
	 Base: 0%
	 Effective Percent: 3,9%
Avoidance
	 Rating: 0
	 Multiplicative Factor: 0%
	 Eff: 0
	 DR Bracket: 0
	 Base: 0%
	 Effective Percent: 0%
Mastery
	 Rating: 12252
	 Multiplicative Factor: 0%
	 Eff: 22052
	 DR Bracket: 0
	 Base: 21%
	 Effective Percent: 47,25%
----------------------
00:33,577

Intellect
	 Rating: 143666
	 Multiplicative Factor: 12,48%
	 Eff: 143666
Stamina
	 Rating: 878116
	 Multiplicative Factor: 11,3%
	 Eff: 878116
Crit
	 Rating: 27602
	 Multiplicative Factor: 0%
	 Eff: 33241,68901479505
	 DR Bracket: 1
	 Base: 9%
	 Effective Percent: 47,49%
	 Crit Inc Heal: 2
	 Crit Inc Damage: 2
Haste
	 Rating: 18285
	 Multiplicative Factor: 0%
	 Eff: 25870,65
	 DR Bracket: 0
	 Base: 9%
	 Effective Percent: 39,2%
Vers
	 Rating: 10607
	 Multiplicative Factor: 0%
	 Eff: 10607
	 DR Bracket: 0
	 Base: 0%
	 Effective Percent: 13,6%
Leech
	 Rating: 3978
	 Multiplicative Factor: 0%
	 Eff: 3978
	 DR Bracket: 0
	 Base: 0%
	 Effective Percent: 3,9%
Avoidance
	 Rating: 0
	 Multiplicative Factor: 0%
	 Eff: 0
	 DR Bracket: 0
	 Base: 0%
	 Effective Percent: 0%
Mastery
	 Rating: 12252
	 Multiplicative Factor: 0%
	 Eff: 22052
	 DR Bracket: 0
	 Base: 21%
	 Effective Percent: 47,25%
----------------------
00:34,431

Intellect
	 Rating: 143666
	 Multiplicative Factor: 12,48%
	 Eff: 143666
Stamina
	 Rating: 878116
	 Multiplicative Factor: 11,3%
	 Eff: 878116
Crit
	 Rating: 33587
	 Multiplicative Factor: 0%
	 Eff: 38069,40269296897
	 DR Bracket: 2
	 Base: 9%
	 Effective Percent: 54,38%
	 Crit Inc Heal: 2
	 Crit Inc Damage: 2
Haste
	 Rating: 18285
	 Multiplicative Factor: 0%
	 Eff: 25870,65
	 DR Bracket: 0
	 Base: 9%
	 Effective Percent: 39,2%
Vers
	 Rating: 10607
	 Multiplicative Factor: 0%
	 Eff: 10607
	 DR Bracket: 0
	 Base: 0%
	 Effective Percent: 13,6%
Leech
	 Rating: 3978
	 Multiplicative Factor: 0%
	 Eff: 3978
	 DR Bracket: 0
	 Base: 0%
	 Effective Percent: 3,9%
Avoidance
	 Rating: 0
	 Multiplicative Factor: 0%
	 Eff: 0
	 DR Bracket: 0
	 Base: 0%
	 Effective Percent: 0%
Mastery
	 Rating: 12252
	 Multiplicative Factor: 0%
	 Eff: 22052
	 DR Bracket: 0
	 Base: 21%
	 Effective Percent: 47,25%
----------------------
00:34,654

Intellect
	 Rating: 143666
	 Multiplicative Factor: 12,48%
	 Eff: 143666
Stamina
	 Rating: 878116
	 Multiplicative Factor: 11,3%
	 Eff: 878116
Crit
	 Rating: 33587
	 Multiplicative Factor: 0%
	 Eff: 38069,40269296897
	 DR Bracket: 2
	 Base: 9%
	 Effective Percent: 54,38%
	 Crit Inc Heal: 2
	 Crit Inc Damage: 2
Haste
	 Rating: 18285
	 Multiplicative Factor: 0%
	 Eff: 27556,35
	 DR Bracket: 0
	 Base: 11%
	 Effective Percent: 41,75%
Vers
	 Rating: 10607
	 Multiplicative Factor: 0%
	 Eff: 10607
	 DR Bracket: 0
	 Base: 0%
	 Effective Percent: 13,6%
Leech
	 Rating: 3978
	 Multiplicative Factor: 0%
	 Eff: 3978
	 DR Bracket: 0
	 Base: 0%
	 Effective Percent: 3,9%
Avoidance
	 Rating: 0
	 Multiplicative Factor: 0%
	 Eff: 0
	 DR Bracket: 0
	 Base: 0%
	 Effective Percent: 0%
Mastery
	 Rating: 12252
	 Multiplicative Factor: 0%
	 Eff: 22052
	 DR Bracket: 0
	 Base: 21%
	 Effective Percent: 47,25%
----------------------
00:39,089

Intellect
	 Rating: 143666
	 Multiplicative Factor: 12,48%
	 Eff: 143666
Stamina
	 Rating: 878116
	 Multiplicative Factor: 11,3%
	 Eff: 878116
Crit
	 Rating: 27602
	 Multiplicative Factor: 0%
	 Eff: 33241,68901479505
	 DR Bracket: 1
	 Base: 9%
	 Effective Percent: 47,49%
	 Crit Inc Heal: 2
	 Crit Inc Damage: 2
Haste
	 Rating: 18285
	 Multiplicative Factor: 0%
	 Eff: 27556,35
	 DR Bracket: 0
	 Base: 11%
	 Effective Percent: 41,75%
Vers
	 Rating: 10607
	 Multiplicative Factor: 0%
	 Eff: 10607
	 DR Bracket: 0
	 Base: 0%
	 Effective Percent: 13,6%
Leech
	 Rating: 3978
	 Multiplicative Factor: 0%
	 Eff: 3978
	 DR Bracket: 0
	 Base: 0%
	 Effective Percent: 3,9%
Avoidance
	 Rating: 0
	 Multiplicative Factor: 0%
	 Eff: 0
	 DR Bracket: 0
	 Base: 0%
	 Effective Percent: 0%
Mastery
	 Rating: 12252
	 Multiplicative Factor: 0%
	 Eff: 22052
	 DR Bracket: 0
	 Base: 21%
	 Effective Percent: 47,25%
----------------------
00:40,864

Intellect
	 Rating: 143666
	 Multiplicative Factor: 12,48%
	 Eff: 143666
Stamina
	 Rating: 878116
	 Multiplicative Factor: 11,3%
	 Eff: 878116
Crit
	 Rating: 27602
	 Multiplicative Factor: 0%
	 Eff: 33241,68901479505
	 DR Bracket: 1
	 Base: 9%
	 Effective Percent: 47,49%
	 Crit Inc Heal: 2
	 Crit Inc Damage: 2
Haste
	 Rating: 18285
	 Multiplicative Factor: 0%
	 Eff: 25870,65
	 DR Bracket: 0
	 Base: 9%
	 Effective Percent: 39,2%
Vers
	 Rating: 10607
	 Multiplicative Factor: 0%
	 Eff: 10607
	 DR Bracket: 0
	 Base: 0%
	 Effective Percent: 13,6%
Leech
	 Rating: 3978
	 Multiplicative Factor: 0%
	 Eff: 3978
	 DR Bracket: 0
	 Base: 0%
	 Effective Percent: 3,9%
Avoidance
	 Rating: 0
	 Multiplicative Factor: 0%
	 Eff: 0
	 DR Bracket: 0
	 Base: 0%
	 Effective Percent: 0%
Mastery
	 Rating: 12252
	 Multiplicative Factor: 0%
	 Eff: 22052
	 DR Bracket: 0
	 Base: 21%
	 Effective Percent: 47,25%
----------------------
00:42,096

Intellect
	 Rating: 143666
	 Multiplicative Factor: 12,48%
	 Eff: 143666
Stamina
	 Rating: 878116
	 Multiplicative Factor: 11,3%
	 Eff: 878116
Crit
	 Rating: 27602
	 Multiplicative Factor: 0%
	 Eff: 33241,68901479505
	 DR Bracket: 1
	 Base: 9%
	 Effective Percent: 47,49%
	 Crit Inc Heal: 2
	 Crit Inc Damage: 2
Haste
	 Rating: 18285
	 Multiplicative Factor: 0%
	 Eff: 27556,35
	 DR Bracket: 0
	 Base: 11%
	 Effective Percent: 41,75%
Vers
	 Rating: 10607
	 Multiplicative Factor: 0%
	 Eff: 10607
	 DR Bracket: 0
	 Base: 0%
	 Effective Percent: 13,6%
Leech
	 Rating: 3978
	 Multiplicative Factor: 0%
	 Eff: 3978
	 DR Bracket: 0
	 Base: 0%
	 Effective Percent: 3,9%
Avoidance
	 Rating: 0
	 Multiplicative Factor: 0%
	 Eff: 0
	 DR Bracket: 0
	 Base: 0%
	 Effective Percent: 0%
Mastery
	 Rating: 12252
	 Multiplicative Factor: 0%
	 Eff: 22052
	 DR Bracket: 0
	 Base: 21%
	 Effective Percent: 47,25%
----------------------
00:44,453

Intellect
	 Rating: 143666
	 Multiplicative Factor: 12,48%
	 Eff: 143666
Stamina
	 Rating: 878116
	 Multiplicative Factor: 11,3%
	 Eff: 878116
Crit
	 Rating: 21617
	 Multiplicative Factor: 0%
	 Eff: 27855,3
	 DR Bracket: 1
	 Base: 9%
	 Effective Percent: 39,79%
	 Crit Inc Heal: 2
	 Crit Inc Damage: 2
Haste
	 Rating: 18285
	 Multiplicative Factor: 0%
	 Eff: 27556,35
	 DR Bracket: 0
	 Base: 11%
	 Effective Percent: 41,75%
Vers
	 Rating: 10607
	 Multiplicative Factor: 0%
	 Eff: 10607
	 DR Bracket: 0
	 Base: 0%
	 Effective Percent: 13,6%
Leech
	 Rating: 3978
	 Multiplicative Factor: 0%
	 Eff: 3978
	 DR Bracket: 0
	 Base: 0%
	 Effective Percent: 3,9%
Avoidance
	 Rating: 0
	 Multiplicative Factor: 0%
	 Eff: 0
	 DR Bracket: 0
	 Base: 0%
	 Effective Percent: 0%
Mastery
	 Rating: 12252
	 Multiplicative Factor: 0%
	 Eff: 22052
	 DR Bracket: 0
	 Base: 21%
	 Effective Percent: 47,25%
----------------------
00:45,580

Intellect
	 Rating: 143666
	 Multiplicative Factor: 12,48%
	 Eff: 143666
Stamina
	 Rating: 878116
	 Multiplicative Factor: 11,3%
	 Eff: 878116
Crit
	 Rating: 21617
	 Multiplicative Factor: 0%
	 Eff: 27855,3
	 DR Bracket: 1
	 Base: 9%
	 Effective Percent: 39,79%
	 Crit Inc Heal: 2
	 Crit Inc Damage: 2
Haste
	 Rating: 18285
	 Multiplicative Factor: 0%
	 Eff: 25870,65
	 DR Bracket: 0
	 Base: 9%
	 Effective Percent: 39,2%
Vers
	 Rating: 10607
	 Multiplicative Factor: 0%
	 Eff: 10607
	 DR Bracket: 0
	 Base: 0%
	 Effective Percent: 13,6%
Leech
	 Rating: 3978
	 Multiplicative Factor: 0%
	 Eff: 3978
	 DR Bracket: 0
	 Base: 0%
	 Effective Percent: 3,9%
Avoidance
	 Rating: 0
	 Multiplicative Factor: 0%
	 Eff: 0
	 DR Bracket: 0
	 Base: 0%
	 Effective Percent: 0%
Mastery
	 Rating: 12252
	 Multiplicative Factor: 0%
	 Eff: 22052
	 DR Bracket: 0
	 Base: 21%
	 Effective Percent: 47,25%
----------------------
00:46,662

Intellect
	 Rating: 143666
	 Multiplicative Factor: 12,48%
	 Eff: 143666
Stamina
	 Rating: 878116
	 Multiplicative Factor: 11,3%
	 Eff: 878116
Crit
	 Rating: 21617
	 Multiplicative Factor: 0%
	 Eff: 27855,3
	 DR Bracket: 1
	 Base: 9%
	 Effective Percent: 39,79%
	 Crit Inc Heal: 2
	 Crit Inc Damage: 2
Haste
	 Rating: 18285
	 Multiplicative Factor: 0%
	 Eff: 24184,95
	 DR Bracket: 0
	 Base: 7%
	 Effective Percent: 36,64%
Vers
	 Rating: 10607
	 Multiplicative Factor: 0%
	 Eff: 10607
	 DR Bracket: 0
	 Base: 0%
	 Effective Percent: 13,6%
Leech
	 Rating: 3978
	 Multiplicative Factor: 0%
	 Eff: 3978
	 DR Bracket: 0
	 Base: 0%
	 Effective Percent: 3,9%
Avoidance
	 Rating: 0
	 Multiplicative Factor: 0%
	 Eff: 0
	 DR Bracket: 0
	 Base: 0%
	 Effective Percent: 0%
Mastery
	 Rating: 12252
	 Multiplicative Factor: 0%
	 Eff: 22052
	 DR Bracket: 0
	 Base: 21%
	 Effective Percent: 47,25%
----------------------
00:54,090

Intellect
	 Rating: 143666
	 Multiplicative Factor: 12,48%
	 Eff: 143666
Stamina
	 Rating: 878116
	 Multiplicative Factor: 11,3%
	 Eff: 878116
Crit
	 Rating: 21617
	 Multiplicative Factor: 0%
	 Eff: 27855,3
	 DR Bracket: 1
	 Base: 9%
	 Effective Percent: 39,79%
	 Crit Inc Heal: 2
	 Crit Inc Damage: 2
Haste
	 Rating: 18285
	 Multiplicative Factor: 0%
	 Eff: 22499,25
	 DR Bracket: 0
	 Base: 5%
	 Effective Percent: 34,09%
Vers
	 Rating: 10607
	 Multiplicative Factor: 0%
	 Eff: 10607
	 DR Bracket: 0
	 Base: 0%
	 Effective Percent: 13,6%
Leech
	 Rating: 3978
	 Multiplicative Factor: 0%
	 Eff: 3978
	 DR Bracket: 0
	 Base: 0%
	 Effective Percent: 3,9%
Avoidance
	 Rating: 0
	 Multiplicative Factor: 0%
	 Eff: 0
	 DR Bracket: 0
	 Base: 0%
	 Effective Percent: 0%
Mastery
	 Rating: 12252
	 Multiplicative Factor: 0%
	 Eff: 22052
	 DR Bracket: 0
	 Base: 21%
	 Effective Percent: 47,25%
----------------------
01:01,948

Intellect
	 Rating: 143666
	 Multiplicative Factor: 12,48%
	 Eff: 143666
Stamina
	 Rating: 878116
	 Multiplicative Factor: 11,3%
	 Eff: 878116
Crit
	 Rating: 21617
	 Multiplicative Factor: 0%
	 Eff: 38355,3
	 DR Bracket: 1
	 Base: 24%
	 Effective Percent: 54,79%
	 Crit Inc Heal: 2
	 Crit Inc Damage: 2
Haste
	 Rating: 18285
	 Multiplicative Factor: 0%
	 Eff: 22499,25
	 DR Bracket: 0
	 Base: 5%
	 Effective Percent: 34,09%
Vers
	 Rating: 10607
	 Multiplicative Factor: 0%
	 Eff: 10607
	 DR Bracket: 0
	 Base: 0%
	 Effective Percent: 13,6%
Leech
	 Rating: 3978
	 Multiplicative Factor: 0%
	 Eff: 3978
	 DR Bracket: 0
	 Base: 0%
	 Effective Percent: 3,9%
Avoidance
	 Rating: 0
	 Multiplicative Factor: 0%
	 Eff: 0
	 DR Bracket: 0
	 Base: 0%
	 Effective Percent: 0%
Mastery
	 Rating: 12252
	 Multiplicative Factor: 0%
	 Eff: 22052
	 DR Bracket: 0
	 Base: 21%
	 Effective Percent: 47,25%
----------------------
01:01,971

Intellect
	 Rating: 143666
	 Multiplicative Factor: 12,48%
	 Eff: 143666
Stamina
	 Rating: 878116
	 Multiplicative Factor: 11,3%
	 Eff: 878116
Crit
	 Rating: 21617
	 Multiplicative Factor: 0%
	 Eff: 38355,3
	 DR Bracket: 1
	 Base: 24%
	 Effective Percent: 54,79%
	 Crit Inc Heal: 2
	 Crit Inc Damage: 2
Haste
	 Rating: 18285
	 Multiplicative Factor: 0%
	 Eff: 24184,95
	 DR Bracket: 0
	 Base: 7%
	 Effective Percent: 36,64%
Vers
	 Rating: 10607
	 Multiplicative Factor: 0%
	 Eff: 10607
	 DR Bracket: 0
	 Base: 0%
	 Effective Percent: 13,6%
Leech
	 Rating: 3978
	 Multiplicative Factor: 0%
	 Eff: 3978
	 DR Bracket: 0
	 Base: 0%
	 Effective Percent: 3,9%
Avoidance
	 Rating: 0
	 Multiplicative Factor: 0%
	 Eff: 0
	 DR Bracket: 0
	 Base: 0%
	 Effective Percent: 0%
Mastery
	 Rating: 12252
	 Multiplicative Factor: 0%
	 Eff: 22052
	 DR Bracket: 0
	 Base: 21%
	 Effective Percent: 47,25%
----------------------
01:05,341

Intellect
	 Rating: 143666
	 Multiplicative Factor: 12,48%
	 Eff: 143666
Stamina
	 Rating: 878116
	 Multiplicative Factor: 11,3%
	 Eff: 878116
Crit
	 Rating: 21617
	 Multiplicative Factor: 0%
	 Eff: 38355,3
	 DR Bracket: 1
	 Base: 24%
	 Effective Percent: 54,79%
	 Crit Inc Heal: 2
	 Crit Inc Damage: 2
Haste
	 Rating: 18285
	 Multiplicative Factor: 0%
	 Eff: 25870,65
	 DR Bracket: 0
	 Base: 9%
	 Effective Percent: 39,2%
Vers
	 Rating: 10607
	 Multiplicative Factor: 0%
	 Eff: 10607
	 DR Bracket: 0
	 Base: 0%
	 Effective Percent: 13,6%
Leech
	 Rating: 3978
	 Multiplicative Factor: 0%
	 Eff: 3978
	 DR Bracket: 0
	 Base: 0%
	 Effective Percent: 3,9%
Avoidance
	 Rating: 0
	 Multiplicative Factor: 0%
	 Eff: 0
	 DR Bracket: 0
	 Base: 0%
	 Effective Percent: 0%
Mastery
	 Rating: 12252
	 Multiplicative Factor: 0%
	 Eff: 22052
	 DR Bracket: 0
	 Base: 21%
	 Effective Percent: 47,25%
----------------------
01:07,545

Intellect
	 Rating: 143666
	 Multiplicative Factor: 12,48%
	 Eff: 143666
Stamina
	 Rating: 878116
	 Multiplicative Factor: 11,3%
	 Eff: 878116
Crit
	 Rating: 21617
	 Multiplicative Factor: 0%
	 Eff: 38355,3
	 DR Bracket: 1
	 Base: 24%
	 Effective Percent: 54,79%
	 Crit Inc Heal: 2
	 Crit Inc Damage: 2
Haste
	 Rating: 18285
	 Multiplicative Factor: 0%
	 Eff: 27556,35
	 DR Bracket: 0
	 Base: 11%
	 Effective Percent: 41,75%
Vers
	 Rating: 10607
	 Multiplicative Factor: 0%
	 Eff: 10607
	 DR Bracket: 0
	 Base: 0%
	 Effective Percent: 13,6%
Leech
	 Rating: 3978
	 Multiplicative Factor: 0%
	 Eff: 3978
	 DR Bracket: 0
	 Base: 0%
	 Effective Percent: 3,9%
Avoidance
	 Rating: 0
	 Multiplicative Factor: 0%
	 Eff: 0
	 DR Bracket: 0
	 Base: 0%
	 Effective Percent: 0%
Mastery
	 Rating: 12252
	 Multiplicative Factor: 0%
	 Eff: 22052
	 DR Bracket: 0
	 Base: 21%
	 Effective Percent: 47,25%
----------------------
01:10,009

Intellect
	 Rating: 143666
	 Multiplicative Factor: 12,48%
	 Eff: 143666
Stamina
	 Rating: 878116
	 Multiplicative Factor: 11,3%
	 Eff: 878116
Crit
	 Rating: 27602
	 Multiplicative Factor: 0%
	 Eff: 43741,68901479505
	 DR Bracket: 1
	 Base: 24%
	 Effective Percent: 62,49%
	 Crit Inc Heal: 2
	 Crit Inc Damage: 2
Haste
	 Rating: 18285
	 Multiplicative Factor: 0%
	 Eff: 27556,35
	 DR Bracket: 0
	 Base: 11%
	 Effective Percent: 41,75%
Vers
	 Rating: 10607
	 Multiplicative Factor: 0%
	 Eff: 10607
	 DR Bracket: 0
	 Base: 0%
	 Effective Percent: 13,6%
Leech
	 Rating: 3978
	 Multiplicative Factor: 0%
	 Eff: 3978
	 DR Bracket: 0
	 Base: 0%
	 Effective Percent: 3,9%
Avoidance
	 Rating: 0
	 Multiplicative Factor: 0%
	 Eff: 0
	 DR Bracket: 0
	 Base: 0%
	 Effective Percent: 0%
Mastery
	 Rating: 12252
	 Multiplicative Factor: 0%
	 Eff: 22052
	 DR Bracket: 0
	 Base: 21%
	 Effective Percent: 47,25%
----------------------
01:13,956

Intellect
	 Rating: 143666
	 Multiplicative Factor: 12,48%
	 Eff: 143666
Stamina
	 Rating: 878116
	 Multiplicative Factor: 11,3%
	 Eff: 878116
Crit
	 Rating: 27602
	 Multiplicative Factor: 0%
	 Eff: 33241,68901479505
	 DR Bracket: 1
	 Base: 9%
	 Effective Percent: 47,49%
	 Crit Inc Heal: 2
	 Crit Inc Damage: 2
Haste
	 Rating: 18285
	 Multiplicative Factor: 0%
	 Eff: 27556,35
	 DR Bracket: 0
	 Base: 11%
	 Effective Percent: 41,75%
Vers
	 Rating: 10607
	 Multiplicative Factor: 0%
	 Eff: 10607
	 DR Bracket: 0
	 Base: 0%
	 Effective Percent: 13,6%
Leech
	 Rating: 3978
	 Multiplicative Factor: 0%
	 Eff: 3978
	 DR Bracket: 0
	 Base: 0%
	 Effective Percent: 3,9%
Avoidance
	 Rating: 0
	 Multiplicative Factor: 0%
	 Eff: 0
	 DR Bracket: 0
	 Base: 0%
	 Effective Percent: 0%
Mastery
	 Rating: 12252
	 Multiplicative Factor: 0%
	 Eff: 22052
	 DR Bracket: 0
	 Base: 21%
	 Effective Percent: 47,25%
----------------------
01:13,999

Intellect
	 Rating: 143666
	 Multiplicative Factor: 12,48%
	 Eff: 143666
Stamina
	 Rating: 878116
	 Multiplicative Factor: 11,3%
	 Eff: 878116
Crit
	 Rating: 27602
	 Multiplicative Factor: 0%
	 Eff: 33241,68901479505
	 DR Bracket: 1
	 Base: 9%
	 Effective Percent: 47,49%
	 Crit Inc Heal: 2
	 Crit Inc Damage: 2
Haste
	 Rating: 18285
	 Multiplicative Factor: 0%
	 Eff: 25870,65
	 DR Bracket: 0
	 Base: 9%
	 Effective Percent: 39,2%
Vers
	 Rating: 10607
	 Multiplicative Factor: 0%
	 Eff: 10607
	 DR Bracket: 0
	 Base: 0%
	 Effective Percent: 13,6%
Leech
	 Rating: 3978
	 Multiplicative Factor: 0%
	 Eff: 3978
	 DR Bracket: 0
	 Base: 0%
	 Effective Percent: 3,9%
Avoidance
	 Rating: 0
	 Multiplicative Factor: 0%
	 Eff: 0
	 DR Bracket: 0
	 Base: 0%
	 Effective Percent: 0%
Mastery
	 Rating: 12252
	 Multiplicative Factor: 0%
	 Eff: 22052
	 DR Bracket: 0
	 Base: 21%
	 Effective Percent: 47,25%
----------------------
01:14,257

Intellect
	 Rating: 143666
	 Multiplicative Factor: 12,48%
	 Eff: 143666
Stamina
	 Rating: 878116
	 Multiplicative Factor: 11,3%
	 Eff: 878116
Crit
	 Rating: 27602
	 Multiplicative Factor: 0%
	 Eff: 33241,68901479505
	 DR Bracket: 1
	 Base: 9%
	 Effective Percent: 47,49%
	 Crit Inc Heal: 2
	 Crit Inc Damage: 2
Haste
	 Rating: 18285
	 Multiplicative Factor: 0%
	 Eff: 27556,35
	 DR Bracket: 0
	 Base: 11%
	 Effective Percent: 41,75%
Vers
	 Rating: 10607
	 Multiplicative Factor: 0%
	 Eff: 10607
	 DR Bracket: 0
	 Base: 0%
	 Effective Percent: 13,6%
Leech
	 Rating: 3978
	 Multiplicative Factor: 0%
	 Eff: 3978
	 DR Bracket: 0
	 Base: 0%
	 Effective Percent: 3,9%
Avoidance
	 Rating: 0
	 Multiplicative Factor: 0%
	 Eff: 0
	 DR Bracket: 0
	 Base: 0%
	 Effective Percent: 0%
Mastery
	 Rating: 12252
	 Multiplicative Factor: 0%
	 Eff: 22052
	 DR Bracket: 0
	 Base: 21%
	 Effective Percent: 47,25%
----------------------
01:17,348

Intellect
	 Rating: 143666
	 Multiplicative Factor: 12,48%
	 Eff: 143666
Stamina
	 Rating: 878116
	 Multiplicative Factor: 11,3%
	 Eff: 878116
Crit
	 Rating: 27602
	 Multiplicative Factor: 0%
	 Eff: 33241,68901479505
	 DR Bracket: 1
	 Base: 9%
	 Effective Percent: 47,49%
	 Crit Inc Heal: 2
	 Crit Inc Damage: 2
Haste
	 Rating: 18285
	 Multiplicative Factor: 0%
	 Eff: 25870,65
	 DR Bracket: 0
	 Base: 9%
	 Effective Percent: 39,2%
Vers
	 Rating: 10607
	 Multiplicative Factor: 0%
	 Eff: 10607
	 DR Bracket: 0
	 Base: 0%
	 Effective Percent: 13,6%
Leech
	 Rating: 3978
	 Multiplicative Factor: 0%
	 Eff: 3978
	 DR Bracket: 0
	 Base: 0%
	 Effective Percent: 3,9%
Avoidance
	 Rating: 0
	 Multiplicative Factor: 0%
	 Eff: 0
	 DR Bracket: 0
	 Base: 0%
	 Effective Percent: 0%
Mastery
	 Rating: 12252
	 Multiplicative Factor: 0%
	 Eff: 22052
	 DR Bracket: 0
	 Base: 21%
	 Effective Percent: 47,25%
----------------------
01:19,548

Intellect
	 Rating: 143666
	 Multiplicative Factor: 12,48%
	 Eff: 143666
Stamina
	 Rating: 878116
	 Multiplicative Factor: 11,3%
	 Eff: 878116
Crit
	 Rating: 27602
	 Multiplicative Factor: 0%
	 Eff: 33241,68901479505
	 DR Bracket: 1
	 Base: 9%
	 Effective Percent: 47,49%
	 Crit Inc Heal: 2
	 Crit Inc Damage: 2
Haste
	 Rating: 18285
	 Multiplicative Factor: 0%
	 Eff: 24184,95
	 DR Bracket: 0
	 Base: 7%
	 Effective Percent: 36,64%
Vers
	 Rating: 10607
	 Multiplicative Factor: 0%
	 Eff: 10607
	 DR Bracket: 0
	 Base: 0%
	 Effective Percent: 13,6%
Leech
	 Rating: 3978
	 Multiplicative Factor: 0%
	 Eff: 3978
	 DR Bracket: 0
	 Base: 0%
	 Effective Percent: 3,9%
Avoidance
	 Rating: 0
	 Multiplicative Factor: 0%
	 Eff: 0
	 DR Bracket: 0
	 Base: 0%
	 Effective Percent: 0%
Mastery
	 Rating: 12252
	 Multiplicative Factor: 0%
	 Eff: 22052
	 DR Bracket: 0
	 Base: 21%
	 Effective Percent: 47,25%
----------------------
01:20,019

Intellect
	 Rating: 143666
	 Multiplicative Factor: 12,48%
	 Eff: 143666
Stamina
	 Rating: 878116
	 Multiplicative Factor: 11,3%
	 Eff: 878116
Crit
	 Rating: 21617
	 Multiplicative Factor: 0%
	 Eff: 27855,3
	 DR Bracket: 1
	 Base: 9%
	 Effective Percent: 39,79%
	 Crit Inc Heal: 2
	 Crit Inc Damage: 2
Haste
	 Rating: 18285
	 Multiplicative Factor: 0%
	 Eff: 24184,95
	 DR Bracket: 0
	 Base: 7%
	 Effective Percent: 36,64%
Vers
	 Rating: 10607
	 Multiplicative Factor: 0%
	 Eff: 10607
	 DR Bracket: 0
	 Base: 0%
	 Effective Percent: 13,6%
Leech
	 Rating: 3978
	 Multiplicative Factor: 0%
	 Eff: 3978
	 DR Bracket: 0
	 Base: 0%
	 Effective Percent: 3,9%
Avoidance
	 Rating: 0
	 Multiplicative Factor: 0%
	 Eff: 0
	 DR Bracket: 0
	 Base: 0%
	 Effective Percent: 0%
Mastery
	 Rating: 12252
	 Multiplicative Factor: 0%
	 Eff: 22052
	 DR Bracket: 0
	 Base: 21%
	 Effective Percent: 47,25%
----------------------
01:26,242

Intellect
	 Rating: 143666
	 Multiplicative Factor: 12,48%
	 Eff: 143666
Stamina
	 Rating: 878116
	 Multiplicative Factor: 11,3%
	 Eff: 878116
Crit
	 Rating: 21617
	 Multiplicative Factor: 0%
	 Eff: 27855,3
	 DR Bracket: 1
	 Base: 9%
	 Effective Percent: 39,79%
	 Crit Inc Heal: 2
	 Crit Inc Damage: 2
Haste
	 Rating: 18285
	 Multiplicative Factor: 0%
	 Eff: 22499,25
	 DR Bracket: 0
	 Base: 5%
	 Effective Percent: 34,09%
Vers
	 Rating: 10607
	 Multiplicative Factor: 0%
	 Eff: 10607
	 DR Bracket: 0
	 Base: 0%
	 Effective Percent: 13,6%
Leech
	 Rating: 3978
	 Multiplicative Factor: 0%
	 Eff: 3978
	 DR Bracket: 0
	 Base: 0%
	 Effective Percent: 3,9%
Avoidance
	 Rating: 0
	 Multiplicative Factor: 0%
	 Eff: 0
	 DR Bracket: 0
	 Base: 0%
	 Effective Percent: 0%
Mastery
	 Rating: 12252
	 Multiplicative Factor: 0%
	 Eff: 22052
	 DR Bracket: 0
	 Base: 21%
	 Effective Percent: 47,25%
----------------------
01:41,316

Intellect
	 Rating: 143666
	 Multiplicative Factor: 12,48%
	 Eff: 143666
Stamina
	 Rating: 878116
	 Multiplicative Factor: 11,3%
	 Eff: 878116
Crit
	 Rating: 21617
	 Multiplicative Factor: 0%
	 Eff: 27855,3
	 DR Bracket: 1
	 Base: 9%
	 Effective Percent: 39,79%
	 Crit Inc Heal: 2
	 Crit Inc Damage: 2
Haste
	 Rating: 18285
	 Multiplicative Factor: 0%
	 Eff: 24184,95
	 DR Bracket: 0
	 Base: 7%
	 Effective Percent: 36,64%
Vers
	 Rating: 10607
	 Multiplicative Factor: 0%
	 Eff: 10607
	 DR Bracket: 0
	 Base: 0%
	 Effective Percent: 13,6%
Leech
	 Rating: 3978
	 Multiplicative Factor: 0%
	 Eff: 3978
	 DR Bracket: 0
	 Base: 0%
	 Effective Percent: 3,9%
Avoidance
	 Rating: 0
	 Multiplicative Factor: 0%
	 Eff: 0
	 DR Bracket: 0
	 Base: 0%
	 Effective Percent: 0%
Mastery
	 Rating: 12252
	 Multiplicative Factor: 0%
	 Eff: 22052
	 DR Bracket: 0
	 Base: 21%
	 Effective Percent: 47,25%
----------------------
01:42,449

Intellect
	 Rating: 143666
	 Multiplicative Factor: 12,48%
	 Eff: 143666
Stamina
	 Rating: 878116
	 Multiplicative Factor: 11,3%
	 Eff: 878116
Crit
	 Rating: 21617
	 Multiplicative Factor: 0%
	 Eff: 27855,3
	 DR Bracket: 1
	 Base: 9%
	 Effective Percent: 39,79%
	 Crit Inc Heal: 2
	 Crit Inc Damage: 2
Haste
	 Rating: 18285
	 Multiplicative Factor: 0%
	 Eff: 25870,65
	 DR Bracket: 0
	 Base: 9%
	 Effective Percent: 39,2%
Vers
	 Rating: 10607
	 Multiplicative Factor: 0%
	 Eff: 10607
	 DR Bracket: 0
	 Base: 0%
	 Effective Percent: 13,6%
Leech
	 Rating: 3978
	 Multiplicative Factor: 0%
	 Eff: 3978
	 DR Bracket: 0
	 Base: 0%
	 Effective Percent: 3,9%
Avoidance
	 Rating: 0
	 Multiplicative Factor: 0%
	 Eff: 0
	 DR Bracket: 0
	 Base: 0%
	 Effective Percent: 0%
Mastery
	 Rating: 12252
	 Multiplicative Factor: 0%
	 Eff: 22052
	 DR Bracket: 0
	 Base: 21%
	 Effective Percent: 47,25%
----------------------
01:44,567

Intellect
	 Rating: 143666
	 Multiplicative Factor: 12,48%
	 Eff: 143666
Stamina
	 Rating: 878116
	 Multiplicative Factor: 11,3%
	 Eff: 878116
Crit
	 Rating: 27602
	 Multiplicative Factor: 0%
	 Eff: 33241,68901479505
	 DR Bracket: 1
	 Base: 9%
	 Effective Percent: 47,49%
	 Crit Inc Heal: 2
	 Crit Inc Damage: 2
Haste
	 Rating: 18285
	 Multiplicative Factor: 0%
	 Eff: 25870,65
	 DR Bracket: 0
	 Base: 9%
	 Effective Percent: 39,2%
Vers
	 Rating: 10607
	 Multiplicative Factor: 0%
	 Eff: 10607
	 DR Bracket: 0
	 Base: 0%
	 Effective Percent: 13,6%
Leech
	 Rating: 3978
	 Multiplicative Factor: 0%
	 Eff: 3978
	 DR Bracket: 0
	 Base: 0%
	 Effective Percent: 3,9%
Avoidance
	 Rating: 0
	 Multiplicative Factor: 0%
	 Eff: 0
	 DR Bracket: 0
	 Base: 0%
	 Effective Percent: 0%
Mastery
	 Rating: 12252
	 Multiplicative Factor: 0%
	 Eff: 22052
	 DR Bracket: 0
	 Base: 21%
	 Effective Percent: 47,25%
----------------------
01:53,320

Intellect
	 Rating: 143666
	 Multiplicative Factor: 12,48%
	 Eff: 143666
Stamina
	 Rating: 878116
	 Multiplicative Factor: 11,3%
	 Eff: 878116
Crit
	 Rating: 27602
	 Multiplicative Factor: 0%
	 Eff: 33241,68901479505
	 DR Bracket: 1
	 Base: 9%
	 Effective Percent: 47,49%
	 Crit Inc Heal: 2
	 Crit Inc Damage: 2
Haste
	 Rating: 18285
	 Multiplicative Factor: 0%
	 Eff: 24184,95
	 DR Bracket: 0
	 Base: 7%
	 Effective Percent: 36,64%
Vers
	 Rating: 10607
	 Multiplicative Factor: 0%
	 Eff: 10607
	 DR Bracket: 0
	 Base: 0%
	 Effective Percent: 13,6%
Leech
	 Rating: 3978
	 Multiplicative Factor: 0%
	 Eff: 3978
	 DR Bracket: 0
	 Base: 0%
	 Effective Percent: 3,9%
Avoidance
	 Rating: 0
	 Multiplicative Factor: 0%
	 Eff: 0
	 DR Bracket: 0
	 Base: 0%
	 Effective Percent: 0%
Mastery
	 Rating: 12252
	 Multiplicative Factor: 0%
	 Eff: 22052
	 DR Bracket: 0
	 Base: 21%
	 Effective Percent: 47,25%
----------------------
01:54,444

Intellect
	 Rating: 143666
	 Multiplicative Factor: 12,48%
	 Eff: 143666
Stamina
	 Rating: 878116
	 Multiplicative Factor: 11,3%
	 Eff: 878116
Crit
	 Rating: 27602
	 Multiplicative Factor: 0%
	 Eff: 33241,68901479505
	 DR Bracket: 1
	 Base: 9%
	 Effective Percent: 47,49%
	 Crit Inc Heal: 2
	 Crit Inc Damage: 2
Haste
	 Rating: 18285
	 Multiplicative Factor: 0%
	 Eff: 22499,25
	 DR Bracket: 0
	 Base: 5%
	 Effective Percent: 34,09%
Vers
	 Rating: 10607
	 Multiplicative Factor: 0%
	 Eff: 10607
	 DR Bracket: 0
	 Base: 0%
	 Effective Percent: 13,6%
Leech
	 Rating: 3978
	 Multiplicative Factor: 0%
	 Eff: 3978
	 DR Bracket: 0
	 Base: 0%
	 Effective Percent: 3,9%
Avoidance
	 Rating: 0
	 Multiplicative Factor: 0%
	 Eff: 0
	 DR Bracket: 0
	 Base: 0%
	 Effective Percent: 0%
Mastery
	 Rating: 12252
	 Multiplicative Factor: 0%
	 Eff: 22052
	 DR Bracket: 0
	 Base: 21%
	 Effective Percent: 47,25%
----------------------
01:54,559

Intellect
	 Rating: 143666
	 Multiplicative Factor: 12,48%
	 Eff: 143666
Stamina
	 Rating: 878116
	 Multiplicative Factor: 11,3%
	 Eff: 878116
Crit
	 Rating: 21617
	 Multiplicative Factor: 0%
	 Eff: 27855,3
	 DR Bracket: 1
	 Base: 9%
	 Effective Percent: 39,79%
	 Crit Inc Heal: 2
	 Crit Inc Damage: 2
Haste
	 Rating: 18285
	 Multiplicative Factor: 0%
	 Eff: 22499,25
	 DR Bracket: 0
	 Base: 5%
	 Effective Percent: 34,09%
Vers
	 Rating: 10607
	 Multiplicative Factor: 0%
	 Eff: 10607
	 DR Bracket: 0
	 Base: 0%
	 Effective Percent: 13,6%
Leech
	 Rating: 3978
	 Multiplicative Factor: 0%
	 Eff: 3978
	 DR Bracket: 0
	 Base: 0%
	 Effective Percent: 3,9%
Avoidance
	 Rating: 0
	 Multiplicative Factor: 0%
	 Eff: 0
	 DR Bracket: 0
	 Base: 0%
	 Effective Percent: 0%
Mastery
	 Rating: 12252
	 Multiplicative Factor: 0%
	 Eff: 22052
	 DR Bracket: 0
	 Base: 21%
	 Effective Percent: 47,25%
----------------------
02:01,496

Intellect
	 Rating: 143666
	 Multiplicative Factor: 12,48%
	 Eff: 143666
Stamina
	 Rating: 878116
	 Multiplicative Factor: 11,3%
	 Eff: 878116
Crit
	 Rating: 27602
	 Multiplicative Factor: 0%
	 Eff: 33241,68901479505
	 DR Bracket: 1
	 Base: 9%
	 Effective Percent: 47,49%
	 Crit Inc Heal: 2
	 Crit Inc Damage: 2
Haste
	 Rating: 18285
	 Multiplicative Factor: 0%
	 Eff: 22499,25
	 DR Bracket: 0
	 Base: 5%
	 Effective Percent: 34,09%
Vers
	 Rating: 10607
	 Multiplicative Factor: 0%
	 Eff: 10607
	 DR Bracket: 0
	 Base: 0%
	 Effective Percent: 13,6%
Leech
	 Rating: 3978
	 Multiplicative Factor: 0%
	 Eff: 3978
	 DR Bracket: 0
	 Base: 0%
	 Effective Percent: 3,9%
Avoidance
	 Rating: 0
	 Multiplicative Factor: 0%
	 Eff: 0
	 DR Bracket: 0
	 Base: 0%
	 Effective Percent: 0%
Mastery
	 Rating: 12252
	 Multiplicative Factor: 0%
	 Eff: 22052
	 DR Bracket: 0
	 Base: 21%
	 Effective Percent: 47,25%
----------------------
02:05,196

Intellect
	 Rating: 143666
	 Multiplicative Factor: 12,48%
	 Eff: 143666
Stamina
	 Rating: 878116
	 Multiplicative Factor: 11,3%
	 Eff: 878116
Crit
	 Rating: 27602
	 Multiplicative Factor: 0%
	 Eff: 43741,68901479505
	 DR Bracket: 1
	 Base: 24%
	 Effective Percent: 62,49%
	 Crit Inc Heal: 2
	 Crit Inc Damage: 2
Haste
	 Rating: 18285
	 Multiplicative Factor: 0%
	 Eff: 22499,25
	 DR Bracket: 0
	 Base: 5%
	 Effective Percent: 34,09%
Vers
	 Rating: 10607
	 Multiplicative Factor: 0%
	 Eff: 10607
	 DR Bracket: 0
	 Base: 0%
	 Effective Percent: 13,6%
Leech
	 Rating: 3978
	 Multiplicative Factor: 0%
	 Eff: 3978
	 DR Bracket: 0
	 Base: 0%
	 Effective Percent: 3,9%
Avoidance
	 Rating: 0
	 Multiplicative Factor: 0%
	 Eff: 0
	 DR Bracket: 0
	 Base: 0%
	 Effective Percent: 0%
Mastery
	 Rating: 12252
	 Multiplicative Factor: 0%
	 Eff: 22052
	 DR Bracket: 0
	 Base: 21%
	 Effective Percent: 47,25%
----------------------
02:05,238

Intellect
	 Rating: 143666
	 Multiplicative Factor: 12,48%
	 Eff: 143666
Stamina
	 Rating: 878116
	 Multiplicative Factor: 11,3%
	 Eff: 878116
Crit
	 Rating: 27602
	 Multiplicative Factor: 0%
	 Eff: 43741,68901479505
	 DR Bracket: 1
	 Base: 24%
	 Effective Percent: 62,49%
	 Crit Inc Heal: 2
	 Crit Inc Damage: 2
Haste
	 Rating: 18285
	 Multiplicative Factor: 0%
	 Eff: 24184,95
	 DR Bracket: 0
	 Base: 7%
	 Effective Percent: 36,64%
Vers
	 Rating: 10607
	 Multiplicative Factor: 0%
	 Eff: 10607
	 DR Bracket: 0
	 Base: 0%
	 Effective Percent: 13,6%
Leech
	 Rating: 3978
	 Multiplicative Factor: 0%
	 Eff: 3978
	 DR Bracket: 0
	 Base: 0%
	 Effective Percent: 3,9%
Avoidance
	 Rating: 0
	 Multiplicative Factor: 0%
	 Eff: 0
	 DR Bracket: 0
	 Base: 0%
	 Effective Percent: 0%
Mastery
	 Rating: 12252
	 Multiplicative Factor: 0%
	 Eff: 22052
	 DR Bracket: 0
	 Base: 21%
	 Effective Percent: 47,25%
----------------------
02:11,501

Intellect
	 Rating: 143666
	 Multiplicative Factor: 12,48%
	 Eff: 143666
Stamina
	 Rating: 878116
	 Multiplicative Factor: 11,3%
	 Eff: 878116
Crit
	 Rating: 21617
	 Multiplicative Factor: 0%
	 Eff: 38355,3
	 DR Bracket: 1
	 Base: 24%
	 Effective Percent: 54,79%
	 Crit Inc Heal: 2
	 Crit Inc Damage: 2
Haste
	 Rating: 18285
	 Multiplicative Factor: 0%
	 Eff: 24184,95
	 DR Bracket: 0
	 Base: 7%
	 Effective Percent: 36,64%
Vers
	 Rating: 10607
	 Multiplicative Factor: 0%
	 Eff: 10607
	 DR Bracket: 0
	 Base: 0%
	 Effective Percent: 13,6%
Leech
	 Rating: 3978
	 Multiplicative Factor: 0%
	 Eff: 3978
	 DR Bracket: 0
	 Base: 0%
	 Effective Percent: 3,9%
Avoidance
	 Rating: 0
	 Multiplicative Factor: 0%
	 Eff: 0
	 DR Bracket: 0
	 Base: 0%
	 Effective Percent: 0%
Mastery
	 Rating: 12252
	 Multiplicative Factor: 0%
	 Eff: 22052
	 DR Bracket: 0
	 Base: 21%
	 Effective Percent: 47,25%
----------------------
02:12,078

Intellect
	 Rating: 143666
	 Multiplicative Factor: 12,48%
	 Eff: 143666
Stamina
	 Rating: 878116
	 Multiplicative Factor: 11,3%
	 Eff: 878116
Crit
	 Rating: 21617
	 Multiplicative Factor: 0%
	 Eff: 38355,3
	 DR Bracket: 1
	 Base: 24%
	 Effective Percent: 54,79%
	 Crit Inc Heal: 2
	 Crit Inc Damage: 2
Haste
	 Rating: 18285
	 Multiplicative Factor: 0%
	 Eff: 25870,65
	 DR Bracket: 0
	 Base: 9%
	 Effective Percent: 39,2%
Vers
	 Rating: 10607
	 Multiplicative Factor: 0%
	 Eff: 10607
	 DR Bracket: 0
	 Base: 0%
	 Effective Percent: 13,6%
Leech
	 Rating: 3978
	 Multiplicative Factor: 0%
	 Eff: 3978
	 DR Bracket: 0
	 Base: 0%
	 Effective Percent: 3,9%
Avoidance
	 Rating: 0
	 Multiplicative Factor: 0%
	 Eff: 0
	 DR Bracket: 0
	 Base: 0%
	 Effective Percent: 0%
Mastery
	 Rating: 12252
	 Multiplicative Factor: 0%
	 Eff: 22052
	 DR Bracket: 0
	 Base: 21%
	 Effective Percent: 47,25%
----------------------
02:13,414

Intellect
	 Rating: 143666
	 Multiplicative Factor: 12,48%
	 Eff: 143666
Stamina
	 Rating: 878116
	 Multiplicative Factor: 11,3%
	 Eff: 878116
Crit
	 Rating: 27602
	 Multiplicative Factor: 0%
	 Eff: 43741,68901479505
	 DR Bracket: 1
	 Base: 24%
	 Effective Percent: 62,49%
	 Crit Inc Heal: 2
	 Crit Inc Damage: 2
Haste
	 Rating: 18285
	 Multiplicative Factor: 0%
	 Eff: 25870,65
	 DR Bracket: 0
	 Base: 9%
	 Effective Percent: 39,2%
Vers
	 Rating: 10607
	 Multiplicative Factor: 0%
	 Eff: 10607
	 DR Bracket: 0
	 Base: 0%
	 Effective Percent: 13,6%
Leech
	 Rating: 3978
	 Multiplicative Factor: 0%
	 Eff: 3978
	 DR Bracket: 0
	 Base: 0%
	 Effective Percent: 3,9%
Avoidance
	 Rating: 0
	 Multiplicative Factor: 0%
	 Eff: 0
	 DR Bracket: 0
	 Base: 0%
	 Effective Percent: 0%
Mastery
	 Rating: 12252
	 Multiplicative Factor: 0%
	 Eff: 22052
	 DR Bracket: 0
	 Base: 21%
	 Effective Percent: 47,25%
----------------------
02:14,226

Intellect
	 Rating: 143666
	 Multiplicative Factor: 12,48%
	 Eff: 143666
Stamina
	 Rating: 878116
	 Multiplicative Factor: 11,3%
	 Eff: 878116
Crit
	 Rating: 27602
	 Multiplicative Factor: 0%
	 Eff: 43741,68901479505
	 DR Bracket: 1
	 Base: 24%
	 Effective Percent: 62,49%
	 Crit Inc Heal: 2
	 Crit Inc Damage: 2
Haste
	 Rating: 18285
	 Multiplicative Factor: 0%
	 Eff: 27556,35
	 DR Bracket: 0
	 Base: 11%
	 Effective Percent: 41,75%
Vers
	 Rating: 10607
	 Multiplicative Factor: 0%
	 Eff: 10607
	 DR Bracket: 0
	 Base: 0%
	 Effective Percent: 13,6%
Leech
	 Rating: 3978
	 Multiplicative Factor: 0%
	 Eff: 3978
	 DR Bracket: 0
	 Base: 0%
	 Effective Percent: 3,9%
Avoidance
	 Rating: 0
	 Multiplicative Factor: 0%
	 Eff: 0
	 DR Bracket: 0
	 Base: 0%
	 Effective Percent: 0%
Mastery
	 Rating: 12252
	 Multiplicative Factor: 0%
	 Eff: 22052
	 DR Bracket: 0
	 Base: 21%
	 Effective Percent: 47,25%
----------------------
02:17,213

Intellect
	 Rating: 143666
	 Multiplicative Factor: 12,48%
	 Eff: 143666
Stamina
	 Rating: 878116
	 Multiplicative Factor: 11,3%
	 Eff: 878116
Crit
	 Rating: 27602
	 Multiplicative Factor: 0%
	 Eff: 33241,68901479505
	 DR Bracket: 1
	 Base: 9%
	 Effective Percent: 47,49%
	 Crit Inc Heal: 2
	 Crit Inc Damage: 2
Haste
	 Rating: 18285
	 Multiplicative Factor: 0%
	 Eff: 27556,35
	 DR Bracket: 0
	 Base: 11%
	 Effective Percent: 41,75%
Vers
	 Rating: 10607
	 Multiplicative Factor: 0%
	 Eff: 10607
	 DR Bracket: 0
	 Base: 0%
	 Effective Percent: 13,6%
Leech
	 Rating: 3978
	 Multiplicative Factor: 0%
	 Eff: 3978
	 DR Bracket: 0
	 Base: 0%
	 Effective Percent: 3,9%
Avoidance
	 Rating: 0
	 Multiplicative Factor: 0%
	 Eff: 0
	 DR Bracket: 0
	 Base: 0%
	 Effective Percent: 0%
Mastery
	 Rating: 12252
	 Multiplicative Factor: 0%
	 Eff: 22052
	 DR Bracket: 0
	 Base: 21%
	 Effective Percent: 47,25%
----------------------
02:17,269

Intellect
	 Rating: 143666
	 Multiplicative Factor: 12,48%
	 Eff: 143666
Stamina
	 Rating: 878116
	 Multiplicative Factor: 11,3%
	 Eff: 878116
Crit
	 Rating: 27602
	 Multiplicative Factor: 0%
	 Eff: 33241,68901479505
	 DR Bracket: 1
	 Base: 9%
	 Effective Percent: 47,49%
	 Crit Inc Heal: 2
	 Crit Inc Damage: 2
Haste
	 Rating: 18285
	 Multiplicative Factor: 0%
	 Eff: 25870,65
	 DR Bracket: 0
	 Base: 9%
	 Effective Percent: 39,2%
Vers
	 Rating: 10607
	 Multiplicative Factor: 0%
	 Eff: 10607
	 DR Bracket: 0
	 Base: 0%
	 Effective Percent: 13,6%
Leech
	 Rating: 3978
	 Multiplicative Factor: 0%
	 Eff: 3978
	 DR Bracket: 0
	 Base: 0%
	 Effective Percent: 3,9%
Avoidance
	 Rating: 0
	 Multiplicative Factor: 0%
	 Eff: 0
	 DR Bracket: 0
	 Base: 0%
	 Effective Percent: 0%
Mastery
	 Rating: 12252
	 Multiplicative Factor: 0%
	 Eff: 22052
	 DR Bracket: 0
	 Base: 21%
	 Effective Percent: 47,25%
----------------------
02:19,150

Intellect
	 Rating: 143666
	 Multiplicative Factor: 12,48%
	 Eff: 143666
Stamina
	 Rating: 878116
	 Multiplicative Factor: 11,3%
	 Eff: 878116
Crit
	 Rating: 27602
	 Multiplicative Factor: 0%
	 Eff: 33241,68901479505
	 DR Bracket: 1
	 Base: 9%
	 Effective Percent: 47,49%
	 Crit Inc Heal: 2
	 Crit Inc Damage: 2
Haste
	 Rating: 18285
	 Multiplicative Factor: 0%
	 Eff: 27556,35
	 DR Bracket: 0
	 Base: 11%
	 Effective Percent: 41,75%
Vers
	 Rating: 10607
	 Multiplicative Factor: 0%
	 Eff: 10607
	 DR Bracket: 0
	 Base: 0%
	 Effective Percent: 13,6%
Leech
	 Rating: 3978
	 Multiplicative Factor: 0%
	 Eff: 3978
	 DR Bracket: 0
	 Base: 0%
	 Effective Percent: 3,9%
Avoidance
	 Rating: 0
	 Multiplicative Factor: 0%
	 Eff: 0
	 DR Bracket: 0
	 Base: 0%
	 Effective Percent: 0%
Mastery
	 Rating: 12252
	 Multiplicative Factor: 0%
	 Eff: 22052
	 DR Bracket: 0
	 Base: 21%
	 Effective Percent: 47,25%
----------------------
02:20,910

Intellect
	 Rating: 143666
	 Multiplicative Factor: 12,48%
	 Eff: 143666
Stamina
	 Rating: 878116
	 Multiplicative Factor: 11,3%
	 Eff: 878116
Crit
	 Rating: 27602
	 Multiplicative Factor: 0%
	 Eff: 43741,68901479505
	 DR Bracket: 1
	 Base: 24%
	 Effective Percent: 62,49%
	 Crit Inc Heal: 2
	 Crit Inc Damage: 2
Haste
	 Rating: 18285
	 Multiplicative Factor: 0%
	 Eff: 27556,35
	 DR Bracket: 0
	 Base: 11%
	 Effective Percent: 41,75%
Vers
	 Rating: 10607
	 Multiplicative Factor: 0%
	 Eff: 10607
	 DR Bracket: 0
	 Base: 0%
	 Effective Percent: 13,6%
Leech
	 Rating: 3978
	 Multiplicative Factor: 0%
	 Eff: 3978
	 DR Bracket: 0
	 Base: 0%
	 Effective Percent: 3,9%
Avoidance
	 Rating: 0
	 Multiplicative Factor: 0%
	 Eff: 0
	 DR Bracket: 0
	 Base: 0%
	 Effective Percent: 0%
Mastery
	 Rating: 12252
	 Multiplicative Factor: 0%
	 Eff: 22052
	 DR Bracket: 0
	 Base: 21%
	 Effective Percent: 47,25%
----------------------
02:20,912

Intellect
	 Rating: 143666
	 Multiplicative Factor: 12,48%
	 Eff: 143666
Stamina
	 Rating: 878116
	 Multiplicative Factor: 11,3%
	 Eff: 878116
Crit
	 Rating: 27602
	 Multiplicative Factor: 0%
	 Eff: 43741,68901479505
	 DR Bracket: 1
	 Base: 24%
	 Effective Percent: 62,49%
	 Crit Inc Heal: 2
	 Crit Inc Damage: 2
Haste
	 Rating: 18285
	 Multiplicative Factor: 0%
	 Eff: 29242,050000000003
	 DR Bracket: 0
	 Base: 13%
	 Effective Percent: 44,31%
Vers
	 Rating: 10607
	 Multiplicative Factor: 0%
	 Eff: 10607
	 DR Bracket: 0
	 Base: 0%
	 Effective Percent: 13,6%
Leech
	 Rating: 3978
	 Multiplicative Factor: 0%
	 Eff: 3978
	 DR Bracket: 0
	 Base: 0%
	 Effective Percent: 3,9%
Avoidance
	 Rating: 0
	 Multiplicative Factor: 0%
	 Eff: 0
	 DR Bracket: 0
	 Base: 0%
	 Effective Percent: 0%
Mastery
	 Rating: 12252
	 Multiplicative Factor: 0%
	 Eff: 22052
	 DR Bracket: 0
	 Base: 21%
	 Effective Percent: 47,25%
----------------------
02:20,960

Intellect
	 Rating: 143666
	 Multiplicative Factor: 12,48%
	 Eff: 143666
Stamina
	 Rating: 878116
	 Multiplicative Factor: 11,3%
	 Eff: 878116
Crit
	 Rating: 27602
	 Multiplicative Factor: 0%
	 Eff: 43741,68901479505
	 DR Bracket: 1
	 Base: 24%
	 Effective Percent: 62,49%
	 Crit Inc Heal: 2
	 Crit Inc Damage: 2
Haste
	 Rating: 18285
	 Multiplicative Factor: 0%
	 Eff: 30927,75
	 DR Bracket: 0
	 Base: 15%
	 Effective Percent: 46,86%
Vers
	 Rating: 10607
	 Multiplicative Factor: 0%
	 Eff: 10607
	 DR Bracket: 0
	 Base: 0%
	 Effective Percent: 13,6%
Leech
	 Rating: 3978
	 Multiplicative Factor: 0%
	 Eff: 3978
	 DR Bracket: 0
	 Base: 0%
	 Effective Percent: 3,9%
Avoidance
	 Rating: 0
	 Multiplicative Factor: 0%
	 Eff: 0
	 DR Bracket: 0
	 Base: 0%
	 Effective Percent: 0%
Mastery
	 Rating: 12252
	 Multiplicative Factor: 0%
	 Eff: 22052
	 DR Bracket: 0
	 Base: 21%
	 Effective Percent: 47,25%
----------------------
02:20,961

Intellect
	 Rating: 143666
	 Multiplicative Factor: 12,48%
	 Eff: 143666
Stamina
	 Rating: 878116
	 Multiplicative Factor: 11,3%
	 Eff: 878116
Crit
	 Rating: 27602
	 Multiplicative Factor: 0%
	 Eff: 43741,68901479505
	 DR Bracket: 1
	 Base: 24%
	 Effective Percent: 62,49%
	 Crit Inc Heal: 2
	 Crit Inc Damage: 2
Haste
	 Rating: 18285
	 Multiplicative Factor: 0%
	 Eff: 32613,45
	 DR Bracket: 0
	 Base: 17%
	 Effective Percent: 49,41%
Vers
	 Rating: 10607
	 Multiplicative Factor: 0%
	 Eff: 10607
	 DR Bracket: 0
	 Base: 0%
	 Effective Percent: 13,6%
Leech
	 Rating: 3978
	 Multiplicative Factor: 0%
	 Eff: 3978
	 DR Bracket: 0
	 Base: 0%
	 Effective Percent: 3,9%
Avoidance
	 Rating: 0
	 Multiplicative Factor: 0%
	 Eff: 0
	 DR Bracket: 0
	 Base: 0%
	 Effective Percent: 0%
Mastery
	 Rating: 12252
	 Multiplicative Factor: 0%
	 Eff: 22052
	 DR Bracket: 0
	 Base: 21%
	 Effective Percent: 47,25%
----------------------
02:20,961

Intellect
	 Rating: 143666
	 Multiplicative Factor: 12,48%
	 Eff: 143666
Stamina
	 Rating: 878116
	 Multiplicative Factor: 11,3%
	 Eff: 878116
Crit
	 Rating: 27602
	 Multiplicative Factor: 0%
	 Eff: 43741,68901479505
	 DR Bracket: 1
	 Base: 24%
	 Effective Percent: 62,49%
	 Crit Inc Heal: 2
	 Crit Inc Damage: 2
Haste
	 Rating: 18285
	 Multiplicative Factor: 0%
	 Eff: 34299,15
	 DR Bracket: 0
	 Base: 19%
	 Effective Percent: 51,97%
Vers
	 Rating: 10607
	 Multiplicative Factor: 0%
	 Eff: 10607
	 DR Bracket: 0
	 Base: 0%
	 Effective Percent: 13,6%
Leech
	 Rating: 3978
	 Multiplicative Factor: 0%
	 Eff: 3978
	 DR Bracket: 0
	 Base: 0%
	 Effective Percent: 3,9%
Avoidance
	 Rating: 0
	 Multiplicative Factor: 0%
	 Eff: 0
	 DR Bracket: 0
	 Base: 0%
	 Effective Percent: 0%
Mastery
	 Rating: 12252
	 Multiplicative Factor: 0%
	 Eff: 22052
	 DR Bracket: 0
	 Base: 21%
	 Effective Percent: 47,25%
----------------------
02:23,413

Intellect
	 Rating: 143666
	 Multiplicative Factor: 12,48%
	 Eff: 143666
Stamina
	 Rating: 878116
	 Multiplicative Factor: 11,3%
	 Eff: 878116
Crit
	 Rating: 21617
	 Multiplicative Factor: 0%
	 Eff: 38355,3
	 DR Bracket: 1
	 Base: 24%
	 Effective Percent: 54,79%
	 Crit Inc Heal: 2
	 Crit Inc Damage: 2
Haste
	 Rating: 18285
	 Multiplicative Factor: 0%
	 Eff: 34299,15
	 DR Bracket: 0
	 Base: 19%
	 Effective Percent: 51,97%
Vers
	 Rating: 10607
	 Multiplicative Factor: 0%
	 Eff: 10607
	 DR Bracket: 0
	 Base: 0%
	 Effective Percent: 13,6%
Leech
	 Rating: 3978
	 Multiplicative Factor: 0%
	 Eff: 3978
	 DR Bracket: 0
	 Base: 0%
	 Effective Percent: 3,9%
Avoidance
	 Rating: 0
	 Multiplicative Factor: 0%
	 Eff: 0
	 DR Bracket: 0
	 Base: 0%
	 Effective Percent: 0%
Mastery
	 Rating: 12252
	 Multiplicative Factor: 0%
	 Eff: 22052
	 DR Bracket: 0
	 Base: 21%
	 Effective Percent: 47,25%
----------------------
02:24,048

Intellect
	 Rating: 143666
	 Multiplicative Factor: 12,48%
	 Eff: 143666
Stamina
	 Rating: 878116
	 Multiplicative Factor: 11,3%
	 Eff: 878116
Crit
	 Rating: 21617
	 Multiplicative Factor: 0%
	 Eff: 38355,3
	 DR Bracket: 1
	 Base: 24%
	 Effective Percent: 54,79%
	 Crit Inc Heal: 2
	 Crit Inc Damage: 2
Haste
	 Rating: 18285
	 Multiplicative Factor: 0%
	 Eff: 32613,45
	 DR Bracket: 0
	 Base: 17%
	 Effective Percent: 49,41%
Vers
	 Rating: 10607
	 Multiplicative Factor: 0%
	 Eff: 10607
	 DR Bracket: 0
	 Base: 0%
	 Effective Percent: 13,6%
Leech
	 Rating: 3978
	 Multiplicative Factor: 0%
	 Eff: 3978
	 DR Bracket: 0
	 Base: 0%
	 Effective Percent: 3,9%
Avoidance
	 Rating: 0
	 Multiplicative Factor: 0%
	 Eff: 0
	 DR Bracket: 0
	 Base: 0%
	 Effective Percent: 0%
Mastery
	 Rating: 12252
	 Multiplicative Factor: 0%
	 Eff: 22052
	 DR Bracket: 0
	 Base: 21%
	 Effective Percent: 47,25%
----------------------
02:26,231

Intellect
	 Rating: 143666
	 Multiplicative Factor: 12,48%
	 Eff: 143666
Stamina
	 Rating: 878116
	 Multiplicative Factor: 11,3%
	 Eff: 878116
Crit
	 Rating: 21617
	 Multiplicative Factor: 0%
	 Eff: 38355,3
	 DR Bracket: 1
	 Base: 24%
	 Effective Percent: 54,79%
	 Crit Inc Heal: 2
	 Crit Inc Damage: 2
Haste
	 Rating: 18285
	 Multiplicative Factor: 0%
	 Eff: 30927,75
	 DR Bracket: 0
	 Base: 15%
	 Effective Percent: 46,86%
Vers
	 Rating: 10607
	 Multiplicative Factor: 0%
	 Eff: 10607
	 DR Bracket: 0
	 Base: 0%
	 Effective Percent: 13,6%
Leech
	 Rating: 3978
	 Multiplicative Factor: 0%
	 Eff: 3978
	 DR Bracket: 0
	 Base: 0%
	 Effective Percent: 3,9%
Avoidance
	 Rating: 0
	 Multiplicative Factor: 0%
	 Eff: 0
	 DR Bracket: 0
	 Base: 0%
	 Effective Percent: 0%
Mastery
	 Rating: 12252
	 Multiplicative Factor: 0%
	 Eff: 22052
	 DR Bracket: 0
	 Base: 21%
	 Effective Percent: 47,25%
----------------------
02:27,356

Intellect
	 Rating: 143666
	 Multiplicative Factor: 12,48%
	 Eff: 143666
Stamina
	 Rating: 878116
	 Multiplicative Factor: 11,3%
	 Eff: 878116
Crit
	 Rating: 27602
	 Multiplicative Factor: 0%
	 Eff: 43741,68901479505
	 DR Bracket: 1
	 Base: 24%
	 Effective Percent: 62,49%
	 Crit Inc Heal: 2
	 Crit Inc Damage: 2
Haste
	 Rating: 18285
	 Multiplicative Factor: 0%
	 Eff: 30927,75
	 DR Bracket: 0
	 Base: 15%
	 Effective Percent: 46,86%
Vers
	 Rating: 10607
	 Multiplicative Factor: 0%
	 Eff: 10607
	 DR Bracket: 0
	 Base: 0%
	 Effective Percent: 13,6%
Leech
	 Rating: 3978
	 Multiplicative Factor: 0%
	 Eff: 3978
	 DR Bracket: 0
	 Base: 0%
	 Effective Percent: 3,9%
Avoidance
	 Rating: 0
	 Multiplicative Factor: 0%
	 Eff: 0
	 DR Bracket: 0
	 Base: 0%
	 Effective Percent: 0%
Mastery
	 Rating: 12252
	 Multiplicative Factor: 0%
	 Eff: 22052
	 DR Bracket: 0
	 Base: 21%
	 Effective Percent: 47,25%
----------------------
02:31,151

Intellect
	 Rating: 143666
	 Multiplicative Factor: 12,48%
	 Eff: 143666
Stamina
	 Rating: 878116
	 Multiplicative Factor: 11,3%
	 Eff: 878116
Crit
	 Rating: 27602
	 Multiplicative Factor: 0%
	 Eff: 43741,68901479505
	 DR Bracket: 1
	 Base: 24%
	 Effective Percent: 62,49%
	 Crit Inc Heal: 2
	 Crit Inc Damage: 2
Haste
	 Rating: 18285
	 Multiplicative Factor: 0%
	 Eff: 29242,050000000003
	 DR Bracket: 0
	 Base: 13%
	 Effective Percent: 44,31%
Vers
	 Rating: 10607
	 Multiplicative Factor: 0%
	 Eff: 10607
	 DR Bracket: 0
	 Base: 0%
	 Effective Percent: 13,6%
Leech
	 Rating: 3978
	 Multiplicative Factor: 0%
	 Eff: 3978
	 DR Bracket: 0
	 Base: 0%
	 Effective Percent: 3,9%
Avoidance
	 Rating: 0
	 Multiplicative Factor: 0%
	 Eff: 0
	 DR Bracket: 0
	 Base: 0%
	 Effective Percent: 0%
Mastery
	 Rating: 12252
	 Multiplicative Factor: 0%
	 Eff: 22052
	 DR Bracket: 0
	 Base: 21%
	 Effective Percent: 47,25%
----------------------
02:32,938

Intellect
	 Rating: 143666
	 Multiplicative Factor: 12,48%
	 Eff: 143666
Stamina
	 Rating: 878116
	 Multiplicative Factor: 11,3%
	 Eff: 878116
Crit
	 Rating: 27602
	 Multiplicative Factor: 0%
	 Eff: 43741,68901479505
	 DR Bracket: 1
	 Base: 24%
	 Effective Percent: 62,49%
	 Crit Inc Heal: 2
	 Crit Inc Damage: 2
Haste
	 Rating: 18285
	 Multiplicative Factor: 0%
	 Eff: 27556,35
	 DR Bracket: 0
	 Base: 11%
	 Effective Percent: 41,75%
Vers
	 Rating: 10607
	 Multiplicative Factor: 0%
	 Eff: 10607
	 DR Bracket: 0
	 Base: 0%
	 Effective Percent: 13,6%
Leech
	 Rating: 3978
	 Multiplicative Factor: 0%
	 Eff: 3978
	 DR Bracket: 0
	 Base: 0%
	 Effective Percent: 3,9%
Avoidance
	 Rating: 0
	 Multiplicative Factor: 0%
	 Eff: 0
	 DR Bracket: 0
	 Base: 0%
	 Effective Percent: 0%
Mastery
	 Rating: 12252
	 Multiplicative Factor: 0%
	 Eff: 22052
	 DR Bracket: 0
	 Base: 21%
	 Effective Percent: 47,25%
----------------------
02:32,963

Intellect
	 Rating: 143666
	 Multiplicative Factor: 12,48%
	 Eff: 143666
Stamina
	 Rating: 878116
	 Multiplicative Factor: 11,3%
	 Eff: 878116
Crit
	 Rating: 27602
	 Multiplicative Factor: 0%
	 Eff: 43741,68901479505
	 DR Bracket: 1
	 Base: 24%
	 Effective Percent: 62,49%
	 Crit Inc Heal: 2
	 Crit Inc Damage: 2
Haste
	 Rating: 18285
	 Multiplicative Factor: 0%
	 Eff: 22499,25
	 DR Bracket: 0
	 Base: 5%
	 Effective Percent: 34,09%
Vers
	 Rating: 10607
	 Multiplicative Factor: 0%
	 Eff: 10607
	 DR Bracket: 0
	 Base: 0%
	 Effective Percent: 13,6%
Leech
	 Rating: 3978
	 Multiplicative Factor: 0%
	 Eff: 3978
	 DR Bracket: 0
	 Base: 0%
	 Effective Percent: 3,9%
Avoidance
	 Rating: 0
	 Multiplicative Factor: 0%
	 Eff: 0
	 DR Bracket: 0
	 Base: 0%
	 Effective Percent: 0%
Mastery
	 Rating: 12252
	 Multiplicative Factor: 0%
	 Eff: 22052
	 DR Bracket: 0
	 Base: 21%
	 Effective Percent: 47,25%
----------------------
02:37,370

Intellect
	 Rating: 143666
	 Multiplicative Factor: 12,48%
	 Eff: 143666
Stamina
	 Rating: 878116
	 Multiplicative Factor: 11,3%
	 Eff: 878116
Crit
	 Rating: 21617
	 Multiplicative Factor: 0%
	 Eff: 38355,3
	 DR Bracket: 1
	 Base: 24%
	 Effective Percent: 54,79%
	 Crit Inc Heal: 2
	 Crit Inc Damage: 2
Haste
	 Rating: 18285
	 Multiplicative Factor: 0%
	 Eff: 22499,25
	 DR Bracket: 0
	 Base: 5%
	 Effective Percent: 34,09%
Vers
	 Rating: 10607
	 Multiplicative Factor: 0%
	 Eff: 10607
	 DR Bracket: 0
	 Base: 0%
	 Effective Percent: 13,6%
Leech
	 Rating: 3978
	 Multiplicative Factor: 0%
	 Eff: 3978
	 DR Bracket: 0
	 Base: 0%
	 Effective Percent: 3,9%
Avoidance
	 Rating: 0
	 Multiplicative Factor: 0%
	 Eff: 0
	 DR Bracket: 0
	 Base: 0%
	 Effective Percent: 0%
Mastery
	 Rating: 12252
	 Multiplicative Factor: 0%
	 Eff: 22052
	 DR Bracket: 0
	 Base: 21%
	 Effective Percent: 47,25%
----------------------
02:40,009

Intellect
	 Rating: 139482
	 Multiplicative Factor: 9,2%
	 Eff: 139481,55339805823
Stamina
	 Rating: 878116
	 Multiplicative Factor: 11,3%
	 Eff: 878116
Crit
	 Rating: 21617
	 Multiplicative Factor: 0%
	 Eff: 38355,3
	 DR Bracket: 1
	 Base: 24%
	 Effective Percent: 54,79%
	 Crit Inc Heal: 2
	 Crit Inc Damage: 2
Haste
	 Rating: 18285
	 Multiplicative Factor: 0%
	 Eff: 22499,25
	 DR Bracket: 0
	 Base: 5%
	 Effective Percent: 34,09%
Vers
	 Rating: 10607
	 Multiplicative Factor: 0%
	 Eff: 10607
	 DR Bracket: 0
	 Base: 0%
	 Effective Percent: 13,6%
Leech
	 Rating: 3978
	 Multiplicative Factor: 0%
	 Eff: 3978
	 DR Bracket: 0
	 Base: 0%
	 Effective Percent: 3,9%
Avoidance
	 Rating: 0
	 Multiplicative Factor: 0%
	 Eff: 0
	 DR Bracket: 0
	 Base: 0%
	 Effective Percent: 0%
Mastery
	 Rating: 12252
	 Multiplicative Factor: 0%
	 Eff: 22052
	 DR Bracket: 0
	 Base: 21%
	 Effective Percent: 47,25%
----------------------
02:40,009

Intellect
	 Rating: 143666
	 Multiplicative Factor: 12,48%
	 Eff: 143665,99999999997
Stamina
	 Rating: 878116
	 Multiplicative Factor: 11,3%
	 Eff: 878116
Crit
	 Rating: 21617
	 Multiplicative Factor: 0%
	 Eff: 38355,3
	 DR Bracket: 1
	 Base: 24%
	 Effective Percent: 54,79%
	 Crit Inc Heal: 2
	 Crit Inc Damage: 2
Haste
	 Rating: 18285
	 Multiplicative Factor: 0%
	 Eff: 22499,25
	 DR Bracket: 0
	 Base: 5%
	 Effective Percent: 34,09%
Vers
	 Rating: 10607
	 Multiplicative Factor: 0%
	 Eff: 10607
	 DR Bracket: 0
	 Base: 0%
	 Effective Percent: 13,6%
Leech
	 Rating: 3978
	 Multiplicative Factor: 0%
	 Eff: 3978
	 DR Bracket: 0
	 Base: 0%
	 Effective Percent: 3,9%
Avoidance
	 Rating: 0
	 Multiplicative Factor: 0%
	 Eff: 0
	 DR Bracket: 0
	 Base: 0%
	 Effective Percent: 0%
Mastery
	 Rating: 12252
	 Multiplicative Factor: 0%
	 Eff: 22052
	 DR Bracket: 0
	 Base: 21%
	 Effective Percent: 47,25%
----------------------
02:40,919

Intellect
	 Rating: 143666
	 Multiplicative Factor: 12,48%
	 Eff: 143665,99999999997
Stamina
	 Rating: 878116
	 Multiplicative Factor: 11,3%
	 Eff: 878116
Crit
	 Rating: 21617
	 Multiplicative Factor: 0%
	 Eff: 27855,3
	 DR Bracket: 1
	 Base: 9%
	 Effective Percent: 39,79%
	 Crit Inc Heal: 2
	 Crit Inc Damage: 2
Haste
	 Rating: 18285
	 Multiplicative Factor: 0%
	 Eff: 22499,25
	 DR Bracket: 0
	 Base: 5%
	 Effective Percent: 34,09%
Vers
	 Rating: 10607
	 Multiplicative Factor: 0%
	 Eff: 10607
	 DR Bracket: 0
	 Base: 0%
	 Effective Percent: 13,6%
Leech
	 Rating: 3978
	 Multiplicative Factor: 0%
	 Eff: 3978
	 DR Bracket: 0
	 Base: 0%
	 Effective Percent: 3,9%
Avoidance
	 Rating: 0
	 Multiplicative Factor: 0%
	 Eff: 0
	 DR Bracket: 0
	 Base: 0%
	 Effective Percent: 0%
Mastery
	 Rating: 12252
	 Multiplicative Factor: 0%
	 Eff: 22052
	 DR Bracket: 0
	 Base: 21%
	 Effective Percent: 47,25%
----------------------
02:41,747

Intellect
	 Rating: 139482
	 Multiplicative Factor: 9,2%
	 Eff: 139481,5533980582
Stamina
	 Rating: 878116
	 Multiplicative Factor: 11,3%
	 Eff: 878116
Crit
	 Rating: 21617
	 Multiplicative Factor: 0%
	 Eff: 27855,3
	 DR Bracket: 1
	 Base: 9%
	 Effective Percent: 39,79%
	 Crit Inc Heal: 2
	 Crit Inc Damage: 2
Haste
	 Rating: 18285
	 Multiplicative Factor: 0%
	 Eff: 22499,25
	 DR Bracket: 0
	 Base: 5%
	 Effective Percent: 34,09%
Vers
	 Rating: 10607
	 Multiplicative Factor: 0%
	 Eff: 10607
	 DR Bracket: 0
	 Base: 0%
	 Effective Percent: 13,6%
Leech
	 Rating: 3978
	 Multiplicative Factor: 0%
	 Eff: 3978
	 DR Bracket: 0
	 Base: 0%
	 Effective Percent: 3,9%
Avoidance
	 Rating: 0
	 Multiplicative Factor: 0%
	 Eff: 0
	 DR Bracket: 0
	 Base: 0%
	 Effective Percent: 0%
Mastery
	 Rating: 12252
	 Multiplicative Factor: 0%
	 Eff: 22052
	 DR Bracket: 0
	 Base: 21%
	 Effective Percent: 47,25%
----------------------
02:41,747

Intellect
	 Rating: 143666
	 Multiplicative Factor: 12,48%
	 Eff: 143665,99999999994
Stamina
	 Rating: 878116
	 Multiplicative Factor: 11,3%
	 Eff: 878116
Crit
	 Rating: 21617
	 Multiplicative Factor: 0%
	 Eff: 27855,3
	 DR Bracket: 1
	 Base: 9%
	 Effective Percent: 39,79%
	 Crit Inc Heal: 2
	 Crit Inc Damage: 2
Haste
	 Rating: 18285
	 Multiplicative Factor: 0%
	 Eff: 22499,25
	 DR Bracket: 0
	 Base: 5%
	 Effective Percent: 34,09%
Vers
	 Rating: 10607
	 Multiplicative Factor: 0%
	 Eff: 10607
	 DR Bracket: 0
	 Base: 0%
	 Effective Percent: 13,6%
Leech
	 Rating: 3978
	 Multiplicative Factor: 0%
	 Eff: 3978
	 DR Bracket: 0
	 Base: 0%
	 Effective Percent: 3,9%
Avoidance
	 Rating: 0
	 Multiplicative Factor: 0%
	 Eff: 0
	 DR Bracket: 0
	 Base: 0%
	 Effective Percent: 0%
Mastery
	 Rating: 12252
	 Multiplicative Factor: 0%
	 Eff: 22052
	 DR Bracket: 0
	 Base: 21%
	 Effective Percent: 47,25%
----------------------
02:48,873

Intellect
	 Rating: 143666
	 Multiplicative Factor: 12,48%
	 Eff: 143665,99999999994
Stamina
	 Rating: 878116
	 Multiplicative Factor: 11,3%
	 Eff: 878116
Crit
	 Rating: 21617
	 Multiplicative Factor: 0%
	 Eff: 27855,3
	 DR Bracket: 1
	 Base: 9%
	 Effective Percent: 39,79%
	 Crit Inc Heal: 2
	 Crit Inc Damage: 2
Haste
	 Rating: 18285
	 Multiplicative Factor: 0%
	 Eff: 24184,95
	 DR Bracket: 0
	 Base: 7%
	 Effective Percent: 36,64%
Vers
	 Rating: 10607
	 Multiplicative Factor: 0%
	 Eff: 10607
	 DR Bracket: 0
	 Base: 0%
	 Effective Percent: 13,6%
Leech
	 Rating: 3978
	 Multiplicative Factor: 0%
	 Eff: 3978
	 DR Bracket: 0
	 Base: 0%
	 Effective Percent: 3,9%
Avoidance
	 Rating: 0
	 Multiplicative Factor: 0%
	 Eff: 0
	 DR Bracket: 0
	 Base: 0%
	 Effective Percent: 0%
Mastery
	 Rating: 12252
	 Multiplicative Factor: 0%
	 Eff: 22052
	 DR Bracket: 0
	 Base: 21%
	 Effective Percent: 47,25%
----------------------
02:49,979

Intellect
	 Rating: 143666
	 Multiplicative Factor: 12,48%
	 Eff: 143665,99999999994
Stamina
	 Rating: 878116
	 Multiplicative Factor: 11,3%
	 Eff: 878116
Crit
	 Rating: 21617
	 Multiplicative Factor: 0%
	 Eff: 27855,3
	 DR Bracket: 1
	 Base: 9%
	 Effective Percent: 39,79%
	 Crit Inc Heal: 2
	 Crit Inc Damage: 2
Haste
	 Rating: 18285
	 Multiplicative Factor: 0%
	 Eff: 25870,65
	 DR Bracket: 0
	 Base: 9%
	 Effective Percent: 39,2%
Vers
	 Rating: 10607
	 Multiplicative Factor: 0%
	 Eff: 10607
	 DR Bracket: 0
	 Base: 0%
	 Effective Percent: 13,6%
Leech
	 Rating: 3978
	 Multiplicative Factor: 0%
	 Eff: 3978
	 DR Bracket: 0
	 Base: 0%
	 Effective Percent: 3,9%
Avoidance
	 Rating: 0
	 Multiplicative Factor: 0%
	 Eff: 0
	 DR Bracket: 0
	 Base: 0%
	 Effective Percent: 0%
Mastery
	 Rating: 12252
	 Multiplicative Factor: 0%
	 Eff: 22052
	 DR Bracket: 0
	 Base: 21%
	 Effective Percent: 47,25%
----------------------
02:56,537

Intellect
	 Rating: 143666
	 Multiplicative Factor: 12,48%
	 Eff: 143665,99999999994
Stamina
	 Rating: 878116
	 Multiplicative Factor: 11,3%
	 Eff: 878116
Crit
	 Rating: 21617
	 Multiplicative Factor: 0%
	 Eff: 27855,3
	 DR Bracket: 1
	 Base: 9%
	 Effective Percent: 39,79%
	 Crit Inc Heal: 2
	 Crit Inc Damage: 2
Haste
	 Rating: 18285
	 Multiplicative Factor: 0%
	 Eff: 27556,35
	 DR Bracket: 0
	 Base: 11%
	 Effective Percent: 41,75%
Vers
	 Rating: 10607
	 Multiplicative Factor: 0%
	 Eff: 10607
	 DR Bracket: 0
	 Base: 0%
	 Effective Percent: 13,6%
Leech
	 Rating: 3978
	 Multiplicative Factor: 0%
	 Eff: 3978
	 DR Bracket: 0
	 Base: 0%
	 Effective Percent: 3,9%
Avoidance
	 Rating: 0
	 Multiplicative Factor: 0%
	 Eff: 0
	 DR Bracket: 0
	 Base: 0%
	 Effective Percent: 0%
Mastery
	 Rating: 12252
	 Multiplicative Factor: 0%
	 Eff: 22052
	 DR Bracket: 0
	 Base: 21%
	 Effective Percent: 47,25%
----------------------
03:00,900

Intellect
	 Rating: 143666
	 Multiplicative Factor: 12,48%
	 Eff: 143665,99999999994
Stamina
	 Rating: 878116
	 Multiplicative Factor: 11,3%
	 Eff: 878116
Crit
	 Rating: 21617
	 Multiplicative Factor: 0%
	 Eff: 27855,3
	 DR Bracket: 1
	 Base: 9%
	 Effective Percent: 39,79%
	 Crit Inc Heal: 2
	 Crit Inc Damage: 2
Haste
	 Rating: 18285
	 Multiplicative Factor: 0%
	 Eff: 25870,65
	 DR Bracket: 0
	 Base: 9%
	 Effective Percent: 39,2%
Vers
	 Rating: 10607
	 Multiplicative Factor: 0%
	 Eff: 10607
	 DR Bracket: 0
	 Base: 0%
	 Effective Percent: 13,6%
Leech
	 Rating: 3978
	 Multiplicative Factor: 0%
	 Eff: 3978
	 DR Bracket: 0
	 Base: 0%
	 Effective Percent: 3,9%
Avoidance
	 Rating: 0
	 Multiplicative Factor: 0%
	 Eff: 0
	 DR Bracket: 0
	 Base: 0%
	 Effective Percent: 0%
Mastery
	 Rating: 12252
	 Multiplicative Factor: 0%
	 Eff: 22052
	 DR Bracket: 0
	 Base: 21%
	 Effective Percent: 47,25%
----------------------
03:01,855

Intellect
	 Rating: 143666
	 Multiplicative Factor: 12,48%
	 Eff: 143665,99999999994
Stamina
	 Rating: 878116
	 Multiplicative Factor: 11,3%
	 Eff: 878116
Crit
	 Rating: 21617
	 Multiplicative Factor: 0%
	 Eff: 27855,3
	 DR Bracket: 1
	 Base: 9%
	 Effective Percent: 39,79%
	 Crit Inc Heal: 2
	 Crit Inc Damage: 2
Haste
	 Rating: 18285
	 Multiplicative Factor: 0%
	 Eff: 27556,35
	 DR Bracket: 0
	 Base: 11%
	 Effective Percent: 41,75%
Vers
	 Rating: 10607
	 Multiplicative Factor: 0%
	 Eff: 10607
	 DR Bracket: 0
	 Base: 0%
	 Effective Percent: 13,6%
Leech
	 Rating: 3978
	 Multiplicative Factor: 0%
	 Eff: 3978
	 DR Bracket: 0
	 Base: 0%
	 Effective Percent: 3,9%
Avoidance
	 Rating: 0
	 Multiplicative Factor: 0%
	 Eff: 0
	 DR Bracket: 0
	 Base: 0%
	 Effective Percent: 0%
Mastery
	 Rating: 12252
	 Multiplicative Factor: 0%
	 Eff: 22052
	 DR Bracket: 0
	 Base: 21%
	 Effective Percent: 47,25%
----------------------
03:01,997

Intellect
	 Rating: 143666
	 Multiplicative Factor: 12,48%
	 Eff: 143665,99999999994
Stamina
	 Rating: 878116
	 Multiplicative Factor: 11,3%
	 Eff: 878116
Crit
	 Rating: 21617
	 Multiplicative Factor: 0%
	 Eff: 27855,3
	 DR Bracket: 1
	 Base: 9%
	 Effective Percent: 39,79%
	 Crit Inc Heal: 2
	 Crit Inc Damage: 2
Haste
	 Rating: 18285
	 Multiplicative Factor: 0%
	 Eff: 25870,65
	 DR Bracket: 0
	 Base: 9%
	 Effective Percent: 39,2%
Vers
	 Rating: 10607
	 Multiplicative Factor: 0%
	 Eff: 10607
	 DR Bracket: 0
	 Base: 0%
	 Effective Percent: 13,6%
Leech
	 Rating: 3978
	 Multiplicative Factor: 0%
	 Eff: 3978
	 DR Bracket: 0
	 Base: 0%
	 Effective Percent: 3,9%
Avoidance
	 Rating: 0
	 Multiplicative Factor: 0%
	 Eff: 0
	 DR Bracket: 0
	 Base: 0%
	 Effective Percent: 0%
Mastery
	 Rating: 12252
	 Multiplicative Factor: 0%
	 Eff: 22052
	 DR Bracket: 0
	 Base: 21%
	 Effective Percent: 47,25%
----------------------
03:07,502

Intellect
	 Rating: 143666
	 Multiplicative Factor: 12,48%
	 Eff: 143665,99999999994
Stamina
	 Rating: 878116
	 Multiplicative Factor: 11,3%
	 Eff: 878116
Crit
	 Rating: 21617
	 Multiplicative Factor: 0%
	 Eff: 38355,3
	 DR Bracket: 1
	 Base: 24%
	 Effective Percent: 54,79%
	 Crit Inc Heal: 2
	 Crit Inc Damage: 2
Haste
	 Rating: 18285
	 Multiplicative Factor: 0%
	 Eff: 25870,65
	 DR Bracket: 0
	 Base: 9%
	 Effective Percent: 39,2%
Vers
	 Rating: 10607
	 Multiplicative Factor: 0%
	 Eff: 10607
	 DR Bracket: 0
	 Base: 0%
	 Effective Percent: 13,6%
Leech
	 Rating: 3978
	 Multiplicative Factor: 0%
	 Eff: 3978
	 DR Bracket: 0
	 Base: 0%
	 Effective Percent: 3,9%
Avoidance
	 Rating: 0
	 Multiplicative Factor: 0%
	 Eff: 0
	 DR Bracket: 0
	 Base: 0%
	 Effective Percent: 0%
Mastery
	 Rating: 12252
	 Multiplicative Factor: 0%
	 Eff: 22052
	 DR Bracket: 0
	 Base: 21%
	 Effective Percent: 47,25%
----------------------
03:07,550

Intellect
	 Rating: 143666
	 Multiplicative Factor: 12,48%
	 Eff: 143665,99999999994
Stamina
	 Rating: 878116
	 Multiplicative Factor: 11,3%
	 Eff: 878116
Crit
	 Rating: 21617
	 Multiplicative Factor: 0%
	 Eff: 38355,3
	 DR Bracket: 1
	 Base: 24%
	 Effective Percent: 54,79%
	 Crit Inc Heal: 2
	 Crit Inc Damage: 2
Haste
	 Rating: 18285
	 Multiplicative Factor: 0%
	 Eff: 27556,35
	 DR Bracket: 0
	 Base: 11%
	 Effective Percent: 41,75%
Vers
	 Rating: 10607
	 Multiplicative Factor: 0%
	 Eff: 10607
	 DR Bracket: 0
	 Base: 0%
	 Effective Percent: 13,6%
Leech
	 Rating: 3978
	 Multiplicative Factor: 0%
	 Eff: 3978
	 DR Bracket: 0
	 Base: 0%
	 Effective Percent: 3,9%
Avoidance
	 Rating: 0
	 Multiplicative Factor: 0%
	 Eff: 0
	 DR Bracket: 0
	 Base: 0%
	 Effective Percent: 0%
Mastery
	 Rating: 12252
	 Multiplicative Factor: 0%
	 Eff: 22052
	 DR Bracket: 0
	 Base: 21%
	 Effective Percent: 47,25%
----------------------
03:08,526

Intellect
	 Rating: 143666
	 Multiplicative Factor: 12,48%
	 Eff: 143665,99999999994
Stamina
	 Rating: 878116
	 Multiplicative Factor: 11,3%
	 Eff: 878116
Crit
	 Rating: 21617
	 Multiplicative Factor: 0%
	 Eff: 38355,3
	 DR Bracket: 1
	 Base: 24%
	 Effective Percent: 54,79%
	 Crit Inc Heal: 2
	 Crit Inc Damage: 2
Haste
	 Rating: 18285
	 Multiplicative Factor: 0%
	 Eff: 25870,65
	 DR Bracket: 0
	 Base: 9%
	 Effective Percent: 39,2%
Vers
	 Rating: 10607
	 Multiplicative Factor: 0%
	 Eff: 10607
	 DR Bracket: 0
	 Base: 0%
	 Effective Percent: 13,6%
Leech
	 Rating: 3978
	 Multiplicative Factor: 0%
	 Eff: 3978
	 DR Bracket: 0
	 Base: 0%
	 Effective Percent: 3,9%
Avoidance
	 Rating: 0
	 Multiplicative Factor: 0%
	 Eff: 0
	 DR Bracket: 0
	 Base: 0%
	 Effective Percent: 0%
Mastery
	 Rating: 12252
	 Multiplicative Factor: 0%
	 Eff: 22052
	 DR Bracket: 0
	 Base: 21%
	 Effective Percent: 47,25%
----------------------
03:13,871

Intellect
	 Rating: 143666
	 Multiplicative Factor: 12,48%
	 Eff: 143665,99999999994
Stamina
	 Rating: 878116
	 Multiplicative Factor: 11,3%
	 Eff: 878116
Crit
	 Rating: 21617
	 Multiplicative Factor: 0%
	 Eff: 38355,3
	 DR Bracket: 1
	 Base: 24%
	 Effective Percent: 54,79%
	 Crit Inc Heal: 2
	 Crit Inc Damage: 2
Haste
	 Rating: 18285
	 Multiplicative Factor: 0%
	 Eff: 24184,95
	 DR Bracket: 0
	 Base: 7%
	 Effective Percent: 36,64%
Vers
	 Rating: 10607
	 Multiplicative Factor: 0%
	 Eff: 10607
	 DR Bracket: 0
	 Base: 0%
	 Effective Percent: 13,6%
Leech
	 Rating: 3978
	 Multiplicative Factor: 0%
	 Eff: 3978
	 DR Bracket: 0
	 Base: 0%
	 Effective Percent: 3,9%
Avoidance
	 Rating: 0
	 Multiplicative Factor: 0%
	 Eff: 0
	 DR Bracket: 0
	 Base: 0%
	 Effective Percent: 0%
Mastery
	 Rating: 12252
	 Multiplicative Factor: 0%
	 Eff: 22052
	 DR Bracket: 0
	 Base: 21%
	 Effective Percent: 47,25%
----------------------
03:17,905

Intellect
	 Rating: 143666
	 Multiplicative Factor: 12,48%
	 Eff: 143665,99999999994
Stamina
	 Rating: 878116
	 Multiplicative Factor: 11,3%
	 Eff: 878116
Crit
	 Rating: 27602
	 Multiplicative Factor: 0%
	 Eff: 43741,68901479505
	 DR Bracket: 1
	 Base: 24%
	 Effective Percent: 62,49%
	 Crit Inc Heal: 2
	 Crit Inc Damage: 2
Haste
	 Rating: 18285
	 Multiplicative Factor: 0%
	 Eff: 24184,95
	 DR Bracket: 0
	 Base: 7%
	 Effective Percent: 36,64%
Vers
	 Rating: 10607
	 Multiplicative Factor: 0%
	 Eff: 10607
	 DR Bracket: 0
	 Base: 0%
	 Effective Percent: 13,6%
Leech
	 Rating: 3978
	 Multiplicative Factor: 0%
	 Eff: 3978
	 DR Bracket: 0
	 Base: 0%
	 Effective Percent: 3,9%
Avoidance
	 Rating: 0
	 Multiplicative Factor: 0%
	 Eff: 0
	 DR Bracket: 0
	 Base: 0%
	 Effective Percent: 0%
Mastery
	 Rating: 12252
	 Multiplicative Factor: 0%
	 Eff: 22052
	 DR Bracket: 0
	 Base: 21%
	 Effective Percent: 47,25%
----------------------
03:19,428

Intellect
	 Rating: 143666
	 Multiplicative Factor: 12,48%
	 Eff: 143665,99999999994
Stamina
	 Rating: 878116
	 Multiplicative Factor: 11,3%
	 Eff: 878116
Crit
	 Rating: 27602
	 Multiplicative Factor: 0%
	 Eff: 43741,68901479505
	 DR Bracket: 1
	 Base: 24%
	 Effective Percent: 62,49%
	 Crit Inc Heal: 2
	 Crit Inc Damage: 2
Haste
	 Rating: 18285
	 Multiplicative Factor: 0%
	 Eff: 25870,65
	 DR Bracket: 0
	 Base: 9%
	 Effective Percent: 39,2%
Vers
	 Rating: 10607
	 Multiplicative Factor: 0%
	 Eff: 10607
	 DR Bracket: 0
	 Base: 0%
	 Effective Percent: 13,6%
Leech
	 Rating: 3978
	 Multiplicative Factor: 0%
	 Eff: 3978
	 DR Bracket: 0
	 Base: 0%
	 Effective Percent: 3,9%
Avoidance
	 Rating: 0
	 Multiplicative Factor: 0%
	 Eff: 0
	 DR Bracket: 0
	 Base: 0%
	 Effective Percent: 0%
Mastery
	 Rating: 12252
	 Multiplicative Factor: 0%
	 Eff: 22052
	 DR Bracket: 0
	 Base: 21%
	 Effective Percent: 47,25%
----------------------
03:19,537

Intellect
	 Rating: 143666
	 Multiplicative Factor: 12,48%
	 Eff: 143665,99999999994
Stamina
	 Rating: 878116
	 Multiplicative Factor: 11,3%
	 Eff: 878116
Crit
	 Rating: 27602
	 Multiplicative Factor: 0%
	 Eff: 33241,68901479505
	 DR Bracket: 1
	 Base: 9%
	 Effective Percent: 47,49%
	 Crit Inc Heal: 2
	 Crit Inc Damage: 2
Haste
	 Rating: 18285
	 Multiplicative Factor: 0%
	 Eff: 25870,65
	 DR Bracket: 0
	 Base: 9%
	 Effective Percent: 39,2%
Vers
	 Rating: 10607
	 Multiplicative Factor: 0%
	 Eff: 10607
	 DR Bracket: 0
	 Base: 0%
	 Effective Percent: 13,6%
Leech
	 Rating: 3978
	 Multiplicative Factor: 0%
	 Eff: 3978
	 DR Bracket: 0
	 Base: 0%
	 Effective Percent: 3,9%
Avoidance
	 Rating: 0
	 Multiplicative Factor: 0%
	 Eff: 0
	 DR Bracket: 0
	 Base: 0%
	 Effective Percent: 0%
Mastery
	 Rating: 12252
	 Multiplicative Factor: 0%
	 Eff: 22052
	 DR Bracket: 0
	 Base: 21%
	 Effective Percent: 47,25%
----------------------
03:19,568

Intellect
	 Rating: 143666
	 Multiplicative Factor: 12,48%
	 Eff: 143665,99999999994
Stamina
	 Rating: 878116
	 Multiplicative Factor: 11,3%
	 Eff: 878116
Crit
	 Rating: 27602
	 Multiplicative Factor: 0%
	 Eff: 33241,68901479505
	 DR Bracket: 1
	 Base: 9%
	 Effective Percent: 47,49%
	 Crit Inc Heal: 2
	 Crit Inc Damage: 2
Haste
	 Rating: 18285
	 Multiplicative Factor: 0%
	 Eff: 24184,95
	 DR Bracket: 0
	 Base: 7%
	 Effective Percent: 36,64%
Vers
	 Rating: 10607
	 Multiplicative Factor: 0%
	 Eff: 10607
	 DR Bracket: 0
	 Base: 0%
	 Effective Percent: 13,6%
Leech
	 Rating: 3978
	 Multiplicative Factor: 0%
	 Eff: 3978
	 DR Bracket: 0
	 Base: 0%
	 Effective Percent: 3,9%
Avoidance
	 Rating: 0
	 Multiplicative Factor: 0%
	 Eff: 0
	 DR Bracket: 0
	 Base: 0%
	 Effective Percent: 0%
Mastery
	 Rating: 12252
	 Multiplicative Factor: 0%
	 Eff: 22052
	 DR Bracket: 0
	 Base: 21%
	 Effective Percent: 47,25%
----------------------
03:21,622

Intellect
	 Rating: 143666
	 Multiplicative Factor: 12,48%
	 Eff: 143665,99999999994
Stamina
	 Rating: 878116
	 Multiplicative Factor: 11,3%
	 Eff: 878116
Crit
	 Rating: 27602
	 Multiplicative Factor: 0%
	 Eff: 33241,68901479505
	 DR Bracket: 1
	 Base: 9%
	 Effective Percent: 47,49%
	 Crit Inc Heal: 2
	 Crit Inc Damage: 2
Haste
	 Rating: 18285
	 Multiplicative Factor: 0%
	 Eff: 25870,65
	 DR Bracket: 0
	 Base: 9%
	 Effective Percent: 39,2%
Vers
	 Rating: 10607
	 Multiplicative Factor: 0%
	 Eff: 10607
	 DR Bracket: 0
	 Base: 0%
	 Effective Percent: 13,6%
Leech
	 Rating: 3978
	 Multiplicative Factor: 0%
	 Eff: 3978
	 DR Bracket: 0
	 Base: 0%
	 Effective Percent: 3,9%
Avoidance
	 Rating: 0
	 Multiplicative Factor: 0%
	 Eff: 0
	 DR Bracket: 0
	 Base: 0%
	 Effective Percent: 0%
Mastery
	 Rating: 12252
	 Multiplicative Factor: 0%
	 Eff: 22052
	 DR Bracket: 0
	 Base: 21%
	 Effective Percent: 47,25%
----------------------
03:24,935

Intellect
	 Rating: 143666
	 Multiplicative Factor: 12,48%
	 Eff: 143665,99999999994
Stamina
	 Rating: 878116
	 Multiplicative Factor: 11,3%
	 Eff: 878116
Crit
	 Rating: 27602
	 Multiplicative Factor: 0%
	 Eff: 33241,68901479505
	 DR Bracket: 1
	 Base: 9%
	 Effective Percent: 47,49%
	 Crit Inc Heal: 2
	 Crit Inc Damage: 2
Haste
	 Rating: 18285
	 Multiplicative Factor: 0%
	 Eff: 27556,35
	 DR Bracket: 0
	 Base: 11%
	 Effective Percent: 41,75%
Vers
	 Rating: 10607
	 Multiplicative Factor: 0%
	 Eff: 10607
	 DR Bracket: 0
	 Base: 0%
	 Effective Percent: 13,6%
Leech
	 Rating: 3978
	 Multiplicative Factor: 0%
	 Eff: 3978
	 DR Bracket: 0
	 Base: 0%
	 Effective Percent: 3,9%
Avoidance
	 Rating: 0
	 Multiplicative Factor: 0%
	 Eff: 0
	 DR Bracket: 0
	 Base: 0%
	 Effective Percent: 0%
Mastery
	 Rating: 12252
	 Multiplicative Factor: 0%
	 Eff: 22052
	 DR Bracket: 0
	 Base: 21%
	 Effective Percent: 47,25%
----------------------
03:27,893

Intellect
	 Rating: 143666
	 Multiplicative Factor: 12,48%
	 Eff: 143665,99999999994
Stamina
	 Rating: 878116
	 Multiplicative Factor: 11,3%
	 Eff: 878116
Crit
	 Rating: 21617
	 Multiplicative Factor: 0%
	 Eff: 27855,3
	 DR Bracket: 1
	 Base: 9%
	 Effective Percent: 39,79%
	 Crit Inc Heal: 2
	 Crit Inc Damage: 2
Haste
	 Rating: 18285
	 Multiplicative Factor: 0%
	 Eff: 27556,35
	 DR Bracket: 0
	 Base: 11%
	 Effective Percent: 41,75%
Vers
	 Rating: 10607
	 Multiplicative Factor: 0%
	 Eff: 10607
	 DR Bracket: 0
	 Base: 0%
	 Effective Percent: 13,6%
Leech
	 Rating: 3978
	 Multiplicative Factor: 0%
	 Eff: 3978
	 DR Bracket: 0
	 Base: 0%
	 Effective Percent: 3,9%
Avoidance
	 Rating: 0
	 Multiplicative Factor: 0%
	 Eff: 0
	 DR Bracket: 0
	 Base: 0%
	 Effective Percent: 0%
Mastery
	 Rating: 12252
	 Multiplicative Factor: 0%
	 Eff: 22052
	 DR Bracket: 0
	 Base: 21%
	 Effective Percent: 47,25%
----------------------
03:31,424

Intellect
	 Rating: 143666
	 Multiplicative Factor: 12,48%
	 Eff: 143665,99999999994
Stamina
	 Rating: 878116
	 Multiplicative Factor: 11,3%
	 Eff: 878116
Crit
	 Rating: 21617
	 Multiplicative Factor: 0%
	 Eff: 27855,3
	 DR Bracket: 1
	 Base: 9%
	 Effective Percent: 39,79%
	 Crit Inc Heal: 2
	 Crit Inc Damage: 2
Haste
	 Rating: 18285
	 Multiplicative Factor: 0%
	 Eff: 25870,65
	 DR Bracket: 0
	 Base: 9%
	 Effective Percent: 39,2%
Vers
	 Rating: 10607
	 Multiplicative Factor: 0%
	 Eff: 10607
	 DR Bracket: 0
	 Base: 0%
	 Effective Percent: 13,6%
Leech
	 Rating: 3978
	 Multiplicative Factor: 0%
	 Eff: 3978
	 DR Bracket: 0
	 Base: 0%
	 Effective Percent: 3,9%
Avoidance
	 Rating: 0
	 Multiplicative Factor: 0%
	 Eff: 0
	 DR Bracket: 0
	 Base: 0%
	 Effective Percent: 0%
Mastery
	 Rating: 12252
	 Multiplicative Factor: 0%
	 Eff: 22052
	 DR Bracket: 0
	 Base: 21%
	 Effective Percent: 47,25%
----------------------
03:33,650

Intellect
	 Rating: 143666
	 Multiplicative Factor: 12,48%
	 Eff: 143665,99999999994
Stamina
	 Rating: 878116
	 Multiplicative Factor: 11,3%
	 Eff: 878116
Crit
	 Rating: 21617
	 Multiplicative Factor: 0%
	 Eff: 27855,3
	 DR Bracket: 1
	 Base: 9%
	 Effective Percent: 39,79%
	 Crit Inc Heal: 2
	 Crit Inc Damage: 2
Haste
	 Rating: 18285
	 Multiplicative Factor: 0%
	 Eff: 24184,95
	 DR Bracket: 0
	 Base: 7%
	 Effective Percent: 36,64%
Vers
	 Rating: 10607
	 Multiplicative Factor: 0%
	 Eff: 10607
	 DR Bracket: 0
	 Base: 0%
	 Effective Percent: 13,6%
Leech
	 Rating: 3978
	 Multiplicative Factor: 0%
	 Eff: 3978
	 DR Bracket: 0
	 Base: 0%
	 Effective Percent: 3,9%
Avoidance
	 Rating: 0
	 Multiplicative Factor: 0%
	 Eff: 0
	 DR Bracket: 0
	 Base: 0%
	 Effective Percent: 0%
Mastery
	 Rating: 12252
	 Multiplicative Factor: 0%
	 Eff: 22052
	 DR Bracket: 0
	 Base: 21%
	 Effective Percent: 47,25%
----------------------
03:36,933

Intellect
	 Rating: 143666
	 Multiplicative Factor: 12,48%
	 Eff: 143665,99999999994
Stamina
	 Rating: 878116
	 Multiplicative Factor: 11,3%
	 Eff: 878116
Crit
	 Rating: 21617
	 Multiplicative Factor: 0%
	 Eff: 27855,3
	 DR Bracket: 1
	 Base: 9%
	 Effective Percent: 39,79%
	 Crit Inc Heal: 2
	 Crit Inc Damage: 2
Haste
	 Rating: 18285
	 Multiplicative Factor: 0%
	 Eff: 22499,25
	 DR Bracket: 0
	 Base: 5%
	 Effective Percent: 34,09%
Vers
	 Rating: 10607
	 Multiplicative Factor: 0%
	 Eff: 10607
	 DR Bracket: 0
	 Base: 0%
	 Effective Percent: 13,6%
Leech
	 Rating: 3978
	 Multiplicative Factor: 0%
	 Eff: 3978
	 DR Bracket: 0
	 Base: 0%
	 Effective Percent: 3,9%
Avoidance
	 Rating: 0
	 Multiplicative Factor: 0%
	 Eff: 0
	 DR Bracket: 0
	 Base: 0%
	 Effective Percent: 0%
Mastery
	 Rating: 12252
	 Multiplicative Factor: 0%
	 Eff: 22052
	 DR Bracket: 0
	 Base: 21%
	 Effective Percent: 47,25%
----------------------
03:51,947

Intellect
	 Rating: 143666
	 Multiplicative Factor: 12,48%
	 Eff: 143665,99999999994
Stamina
	 Rating: 878116
	 Multiplicative Factor: 11,3%
	 Eff: 878116
Crit
	 Rating: 21617
	 Multiplicative Factor: 0%
	 Eff: 27855,3
	 DR Bracket: 1
	 Base: 9%
	 Effective Percent: 39,79%
	 Crit Inc Heal: 2
	 Crit Inc Damage: 2
Haste
	 Rating: 18285
	 Multiplicative Factor: 0%
	 Eff: 24184,95
	 DR Bracket: 0
	 Base: 7%
	 Effective Percent: 36,64%
Vers
	 Rating: 10607
	 Multiplicative Factor: 0%
	 Eff: 10607
	 DR Bracket: 0
	 Base: 0%
	 Effective Percent: 13,6%
Leech
	 Rating: 3978
	 Multiplicative Factor: 0%
	 Eff: 3978
	 DR Bracket: 0
	 Base: 0%
	 Effective Percent: 3,9%
Avoidance
	 Rating: 0
	 Multiplicative Factor: 0%
	 Eff: 0
	 DR Bracket: 0
	 Base: 0%
	 Effective Percent: 0%
Mastery
	 Rating: 12252
	 Multiplicative Factor: 0%
	 Eff: 22052
	 DR Bracket: 0
	 Base: 21%
	 Effective Percent: 47,25%
----------------------
03:57,685

Intellect
	 Rating: 143666
	 Multiplicative Factor: 12,48%
	 Eff: 143665,99999999994
Stamina
	 Rating: 878116
	 Multiplicative Factor: 11,3%
	 Eff: 878116
Crit
	 Rating: 21617
	 Multiplicative Factor: 0%
	 Eff: 27855,3
	 DR Bracket: 1
	 Base: 9%
	 Effective Percent: 39,79%
	 Crit Inc Heal: 2
	 Crit Inc Damage: 2
Haste
	 Rating: 18285
	 Multiplicative Factor: 0%
	 Eff: 25870,65
	 DR Bracket: 0
	 Base: 9%
	 Effective Percent: 39,2%
Vers
	 Rating: 10607
	 Multiplicative Factor: 0%
	 Eff: 10607
	 DR Bracket: 0
	 Base: 0%
	 Effective Percent: 13,6%
Leech
	 Rating: 3978
	 Multiplicative Factor: 0%
	 Eff: 3978
	 DR Bracket: 0
	 Base: 0%
	 Effective Percent: 3,9%
Avoidance
	 Rating: 0
	 Multiplicative Factor: 0%
	 Eff: 0
	 DR Bracket: 0
	 Base: 0%
	 Effective Percent: 0%
Mastery
	 Rating: 12252
	 Multiplicative Factor: 0%
	 Eff: 22052
	 DR Bracket: 0
	 Base: 21%
	 Effective Percent: 47,25%
----------------------
04:03,536

Intellect
	 Rating: 143666
	 Multiplicative Factor: 12,48%
	 Eff: 143665,99999999994
Stamina
	 Rating: 878116
	 Multiplicative Factor: 11,3%
	 Eff: 878116
Crit
	 Rating: 27602
	 Multiplicative Factor: 0%
	 Eff: 33241,68901479505
	 DR Bracket: 1
	 Base: 9%
	 Effective Percent: 47,49%
	 Crit Inc Heal: 2
	 Crit Inc Damage: 2
Haste
	 Rating: 18285
	 Multiplicative Factor: 0%
	 Eff: 25870,65
	 DR Bracket: 0
	 Base: 9%
	 Effective Percent: 39,2%
Vers
	 Rating: 10607
	 Multiplicative Factor: 0%
	 Eff: 10607
	 DR Bracket: 0
	 Base: 0%
	 Effective Percent: 13,6%
Leech
	 Rating: 3978
	 Multiplicative Factor: 0%
	 Eff: 3978
	 DR Bracket: 0
	 Base: 0%
	 Effective Percent: 3,9%
Avoidance
	 Rating: 0
	 Multiplicative Factor: 0%
	 Eff: 0
	 DR Bracket: 0
	 Base: 0%
	 Effective Percent: 0%
Mastery
	 Rating: 12252
	 Multiplicative Factor: 0%
	 Eff: 22052
	 DR Bracket: 0
	 Base: 21%
	 Effective Percent: 47,25%
----------------------
04:03,968

Intellect
	 Rating: 143666
	 Multiplicative Factor: 12,48%
	 Eff: 143665,99999999994
Stamina
	 Rating: 878116
	 Multiplicative Factor: 11,3%
	 Eff: 878116
Crit
	 Rating: 27602
	 Multiplicative Factor: 0%
	 Eff: 33241,68901479505
	 DR Bracket: 1
	 Base: 9%
	 Effective Percent: 47,49%
	 Crit Inc Heal: 2
	 Crit Inc Damage: 2
Haste
	 Rating: 18285
	 Multiplicative Factor: 0%
	 Eff: 24184,95
	 DR Bracket: 0
	 Base: 7%
	 Effective Percent: 36,64%
Vers
	 Rating: 10607
	 Multiplicative Factor: 0%
	 Eff: 10607
	 DR Bracket: 0
	 Base: 0%
	 Effective Percent: 13,6%
Leech
	 Rating: 3978
	 Multiplicative Factor: 0%
	 Eff: 3978
	 DR Bracket: 0
	 Base: 0%
	 Effective Percent: 3,9%
Avoidance
	 Rating: 0
	 Multiplicative Factor: 0%
	 Eff: 0
	 DR Bracket: 0
	 Base: 0%
	 Effective Percent: 0%
Mastery
	 Rating: 12252
	 Multiplicative Factor: 0%
	 Eff: 22052
	 DR Bracket: 0
	 Base: 21%
	 Effective Percent: 47,25%
----------------------
04:09,695

Intellect
	 Rating: 143666
	 Multiplicative Factor: 12,48%
	 Eff: 143665,99999999994
Stamina
	 Rating: 878116
	 Multiplicative Factor: 11,3%
	 Eff: 878116
Crit
	 Rating: 27602
	 Multiplicative Factor: 0%
	 Eff: 33241,68901479505
	 DR Bracket: 1
	 Base: 9%
	 Effective Percent: 47,49%
	 Crit Inc Heal: 2
	 Crit Inc Damage: 2
Haste
	 Rating: 18285
	 Multiplicative Factor: 0%
	 Eff: 22499,25
	 DR Bracket: 0
	 Base: 5%
	 Effective Percent: 34,09%
Vers
	 Rating: 10607
	 Multiplicative Factor: 0%
	 Eff: 10607
	 DR Bracket: 0
	 Base: 0%
	 Effective Percent: 13,6%
Leech
	 Rating: 3978
	 Multiplicative Factor: 0%
	 Eff: 3978
	 DR Bracket: 0
	 Base: 0%
	 Effective Percent: 3,9%
Avoidance
	 Rating: 0
	 Multiplicative Factor: 0%
	 Eff: 0
	 DR Bracket: 0
	 Base: 0%
	 Effective Percent: 0%
Mastery
	 Rating: 12252
	 Multiplicative Factor: 0%
	 Eff: 22052
	 DR Bracket: 0
	 Base: 21%
	 Effective Percent: 47,25%
----------------------
04:09,731

Intellect
	 Rating: 143666
	 Multiplicative Factor: 12,48%
	 Eff: 143665,99999999994
Stamina
	 Rating: 878116
	 Multiplicative Factor: 11,3%
	 Eff: 878116
Crit
	 Rating: 27602
	 Multiplicative Factor: 0%
	 Eff: 43741,68901479505
	 DR Bracket: 1
	 Base: 24%
	 Effective Percent: 62,49%
	 Crit Inc Heal: 2
	 Crit Inc Damage: 2
Haste
	 Rating: 18285
	 Multiplicative Factor: 0%
	 Eff: 22499,25
	 DR Bracket: 0
	 Base: 5%
	 Effective Percent: 34,09%
Vers
	 Rating: 10607
	 Multiplicative Factor: 0%
	 Eff: 10607
	 DR Bracket: 0
	 Base: 0%
	 Effective Percent: 13,6%
Leech
	 Rating: 3978
	 Multiplicative Factor: 0%
	 Eff: 3978
	 DR Bracket: 0
	 Base: 0%
	 Effective Percent: 3,9%
Avoidance
	 Rating: 0
	 Multiplicative Factor: 0%
	 Eff: 0
	 DR Bracket: 0
	 Base: 0%
	 Effective Percent: 0%
Mastery
	 Rating: 12252
	 Multiplicative Factor: 0%
	 Eff: 22052
	 DR Bracket: 0
	 Base: 21%
	 Effective Percent: 47,25%
----------------------
04:09,768

Intellect
	 Rating: 143666
	 Multiplicative Factor: 12,48%
	 Eff: 143665,99999999994
Stamina
	 Rating: 878116
	 Multiplicative Factor: 11,3%
	 Eff: 878116
Crit
	 Rating: 27602
	 Multiplicative Factor: 0%
	 Eff: 43741,68901479505
	 DR Bracket: 1
	 Base: 24%
	 Effective Percent: 62,49%
	 Crit Inc Heal: 2
	 Crit Inc Damage: 2
Haste
	 Rating: 18285
	 Multiplicative Factor: 0%
	 Eff: 24184,95
	 DR Bracket: 0
	 Base: 7%
	 Effective Percent: 36,64%
Vers
	 Rating: 10607
	 Multiplicative Factor: 0%
	 Eff: 10607
	 DR Bracket: 0
	 Base: 0%
	 Effective Percent: 13,6%
Leech
	 Rating: 3978
	 Multiplicative Factor: 0%
	 Eff: 3978
	 DR Bracket: 0
	 Base: 0%
	 Effective Percent: 3,9%
Avoidance
	 Rating: 0
	 Multiplicative Factor: 0%
	 Eff: 0
	 DR Bracket: 0
	 Base: 0%
	 Effective Percent: 0%
Mastery
	 Rating: 12252
	 Multiplicative Factor: 0%
	 Eff: 22052
	 DR Bracket: 0
	 Base: 21%
	 Effective Percent: 47,25%
----------------------
04:13,535

Intellect
	 Rating: 143666
	 Multiplicative Factor: 12,48%
	 Eff: 143665,99999999994
Stamina
	 Rating: 878116
	 Multiplicative Factor: 11,3%
	 Eff: 878116
Crit
	 Rating: 21617
	 Multiplicative Factor: 0%
	 Eff: 38355,3
	 DR Bracket: 1
	 Base: 24%
	 Effective Percent: 54,79%
	 Crit Inc Heal: 2
	 Crit Inc Damage: 2
Haste
	 Rating: 18285
	 Multiplicative Factor: 0%
	 Eff: 24184,95
	 DR Bracket: 0
	 Base: 7%
	 Effective Percent: 36,64%
Vers
	 Rating: 10607
	 Multiplicative Factor: 0%
	 Eff: 10607
	 DR Bracket: 0
	 Base: 0%
	 Effective Percent: 13,6%
Leech
	 Rating: 3978
	 Multiplicative Factor: 0%
	 Eff: 3978
	 DR Bracket: 0
	 Base: 0%
	 Effective Percent: 3,9%
Avoidance
	 Rating: 0
	 Multiplicative Factor: 0%
	 Eff: 0
	 DR Bracket: 0
	 Base: 0%
	 Effective Percent: 0%
Mastery
	 Rating: 12252
	 Multiplicative Factor: 0%
	 Eff: 22052
	 DR Bracket: 0
	 Base: 21%
	 Effective Percent: 47,25%
----------------------
04:21,718

Intellect
	 Rating: 143666
	 Multiplicative Factor: 12,48%
	 Eff: 143665,99999999994
Stamina
	 Rating: 878116
	 Multiplicative Factor: 11,3%
	 Eff: 878116
Crit
	 Rating: 21617
	 Multiplicative Factor: 0%
	 Eff: 27855,3
	 DR Bracket: 1
	 Base: 9%
	 Effective Percent: 39,79%
	 Crit Inc Heal: 2
	 Crit Inc Damage: 2
Haste
	 Rating: 18285
	 Multiplicative Factor: 0%
	 Eff: 24184,95
	 DR Bracket: 0
	 Base: 7%
	 Effective Percent: 36,64%
Vers
	 Rating: 10607
	 Multiplicative Factor: 0%
	 Eff: 10607
	 DR Bracket: 0
	 Base: 0%
	 Effective Percent: 13,6%
Leech
	 Rating: 3978
	 Multiplicative Factor: 0%
	 Eff: 3978
	 DR Bracket: 0
	 Base: 0%
	 Effective Percent: 3,9%
Avoidance
	 Rating: 0
	 Multiplicative Factor: 0%
	 Eff: 0
	 DR Bracket: 0
	 Base: 0%
	 Effective Percent: 0%
Mastery
	 Rating: 12252
	 Multiplicative Factor: 0%
	 Eff: 22052
	 DR Bracket: 0
	 Base: 21%
	 Effective Percent: 47,25%
----------------------
04:21,769

Intellect
	 Rating: 143666
	 Multiplicative Factor: 12,48%
	 Eff: 143665,99999999994
Stamina
	 Rating: 878116
	 Multiplicative Factor: 11,3%
	 Eff: 878116
Crit
	 Rating: 21617
	 Multiplicative Factor: 0%
	 Eff: 27855,3
	 DR Bracket: 1
	 Base: 9%
	 Effective Percent: 39,79%
	 Crit Inc Heal: 2
	 Crit Inc Damage: 2
Haste
	 Rating: 18285
	 Multiplicative Factor: 0%
	 Eff: 22499,25
	 DR Bracket: 0
	 Base: 5%
	 Effective Percent: 34,09%
Vers
	 Rating: 10607
	 Multiplicative Factor: 0%
	 Eff: 10607
	 DR Bracket: 0
	 Base: 0%
	 Effective Percent: 13,6%
Leech
	 Rating: 3978
	 Multiplicative Factor: 0%
	 Eff: 3978
	 DR Bracket: 0
	 Base: 0%
	 Effective Percent: 3,9%
Avoidance
	 Rating: 0
	 Multiplicative Factor: 0%
	 Eff: 0
	 DR Bracket: 0
	 Base: 0%
	 Effective Percent: 0%
Mastery
	 Rating: 12252
	 Multiplicative Factor: 0%
	 Eff: 22052
	 DR Bracket: 0
	 Base: 21%
	 Effective Percent: 47,25%
----------------------
04:23,007

Intellect
	 Rating: 143666
	 Multiplicative Factor: 12,48%
	 Eff: 143665,99999999994
Stamina
	 Rating: 878116
	 Multiplicative Factor: 11,3%
	 Eff: 878116
Crit
	 Rating: 21617
	 Multiplicative Factor: 0%
	 Eff: 27855,3
	 DR Bracket: 1
	 Base: 9%
	 Effective Percent: 39,79%
	 Crit Inc Heal: 2
	 Crit Inc Damage: 2
Haste
	 Rating: 18285
	 Multiplicative Factor: 0%
	 Eff: 47784,75
	 DR Bracket: 0
	 Base: 35%
	 Effective Percent: 72,4%
Vers
	 Rating: 10607
	 Multiplicative Factor: 0%
	 Eff: 10607
	 DR Bracket: 0
	 Base: 0%
	 Effective Percent: 13,6%
Leech
	 Rating: 3978
	 Multiplicative Factor: 0%
	 Eff: 3978
	 DR Bracket: 0
	 Base: 0%
	 Effective Percent: 3,9%
Avoidance
	 Rating: 0
	 Multiplicative Factor: 0%
	 Eff: 0
	 DR Bracket: 0
	 Base: 0%
	 Effective Percent: 0%
Mastery
	 Rating: 12252
	 Multiplicative Factor: 0%
	 Eff: 22052
	 DR Bracket: 0
	 Base: 21%
	 Effective Percent: 47,25%
----------------------
04:23,508

Intellect
	 Rating: 143666
	 Multiplicative Factor: 12,48%
	 Eff: 143665,99999999994
Stamina
	 Rating: 878116
	 Multiplicative Factor: 11,3%
	 Eff: 878116
Crit
	 Rating: 27602
	 Multiplicative Factor: 0%
	 Eff: 33241,68901479505
	 DR Bracket: 1
	 Base: 9%
	 Effective Percent: 47,49%
	 Crit Inc Heal: 2
	 Crit Inc Damage: 2
Haste
	 Rating: 18285
	 Multiplicative Factor: 0%
	 Eff: 47784,75
	 DR Bracket: 0
	 Base: 35%
	 Effective Percent: 72,4%
Vers
	 Rating: 10607
	 Multiplicative Factor: 0%
	 Eff: 10607
	 DR Bracket: 0
	 Base: 0%
	 Effective Percent: 13,6%
Leech
	 Rating: 3978
	 Multiplicative Factor: 0%
	 Eff: 3978
	 DR Bracket: 0
	 Base: 0%
	 Effective Percent: 3,9%
Avoidance
	 Rating: 0
	 Multiplicative Factor: 0%
	 Eff: 0
	 DR Bracket: 0
	 Base: 0%
	 Effective Percent: 0%
Mastery
	 Rating: 12252
	 Multiplicative Factor: 0%
	 Eff: 22052
	 DR Bracket: 0
	 Base: 21%
	 Effective Percent: 47,25%
----------------------
04:23,532

Intellect
	 Rating: 143666
	 Multiplicative Factor: 12,48%
	 Eff: 143665,99999999994
Stamina
	 Rating: 878116
	 Multiplicative Factor: 11,3%
	 Eff: 878116
Crit
	 Rating: 27602
	 Multiplicative Factor: 0%
	 Eff: 33241,68901479505
	 DR Bracket: 1
	 Base: 9%
	 Effective Percent: 47,49%
	 Crit Inc Heal: 2
	 Crit Inc Damage: 2
Haste
	 Rating: 18285
	 Multiplicative Factor: 0%
	 Eff: 49470,45
	 DR Bracket: 0
	 Base: 37%
	 Effective Percent: 74,96%
Vers
	 Rating: 10607
	 Multiplicative Factor: 0%
	 Eff: 10607
	 DR Bracket: 0
	 Base: 0%
	 Effective Percent: 13,6%
Leech
	 Rating: 3978
	 Multiplicative Factor: 0%
	 Eff: 3978
	 DR Bracket: 0
	 Base: 0%
	 Effective Percent: 3,9%
Avoidance
	 Rating: 0
	 Multiplicative Factor: 0%
	 Eff: 0
	 DR Bracket: 0
	 Base: 0%
	 Effective Percent: 0%
Mastery
	 Rating: 12252
	 Multiplicative Factor: 0%
	 Eff: 22052
	 DR Bracket: 0
	 Base: 21%
	 Effective Percent: 47,25%
----------------------
04:26,378

Intellect
	 Rating: 143666
	 Multiplicative Factor: 12,48%
	 Eff: 143665,99999999994
Stamina
	 Rating: 878116
	 Multiplicative Factor: 11,3%
	 Eff: 878116
Crit
	 Rating: 27602
	 Multiplicative Factor: 0%
	 Eff: 43741,68901479505
	 DR Bracket: 1
	 Base: 24%
	 Effective Percent: 62,49%
	 Crit Inc Heal: 2
	 Crit Inc Damage: 2
Haste
	 Rating: 18285
	 Multiplicative Factor: 0%
	 Eff: 49470,45
	 DR Bracket: 0
	 Base: 37%
	 Effective Percent: 74,96%
Vers
	 Rating: 10607
	 Multiplicative Factor: 0%
	 Eff: 10607
	 DR Bracket: 0
	 Base: 0%
	 Effective Percent: 13,6%
Leech
	 Rating: 3978
	 Multiplicative Factor: 0%
	 Eff: 3978
	 DR Bracket: 0
	 Base: 0%
	 Effective Percent: 3,9%
Avoidance
	 Rating: 0
	 Multiplicative Factor: 0%
	 Eff: 0
	 DR Bracket: 0
	 Base: 0%
	 Effective Percent: 0%
Mastery
	 Rating: 12252
	 Multiplicative Factor: 0%
	 Eff: 22052
	 DR Bracket: 0
	 Base: 21%
	 Effective Percent: 47,25%
----------------------
04:26,413

Intellect
	 Rating: 143666
	 Multiplicative Factor: 12,48%
	 Eff: 143665,99999999994
Stamina
	 Rating: 878116
	 Multiplicative Factor: 11,3%
	 Eff: 878116
Crit
	 Rating: 27602
	 Multiplicative Factor: 0%
	 Eff: 43741,68901479505
	 DR Bracket: 1
	 Base: 24%
	 Effective Percent: 62,49%
	 Crit Inc Heal: 2
	 Crit Inc Damage: 2
Haste
	 Rating: 18285
	 Multiplicative Factor: 0%
	 Eff: 51156,15
	 DR Bracket: 0
	 Base: 39%
	 Effective Percent: 77,51%
Vers
	 Rating: 10607
	 Multiplicative Factor: 0%
	 Eff: 10607
	 DR Bracket: 0
	 Base: 0%
	 Effective Percent: 13,6%
Leech
	 Rating: 3978
	 Multiplicative Factor: 0%
	 Eff: 3978
	 DR Bracket: 0
	 Base: 0%
	 Effective Percent: 3,9%
Avoidance
	 Rating: 0
	 Multiplicative Factor: 0%
	 Eff: 0
	 DR Bracket: 0
	 Base: 0%
	 Effective Percent: 0%
Mastery
	 Rating: 12252
	 Multiplicative Factor: 0%
	 Eff: 22052
	 DR Bracket: 0
	 Base: 21%
	 Effective Percent: 47,25%
----------------------
04:26,413

Intellect
	 Rating: 143666
	 Multiplicative Factor: 12,48%
	 Eff: 143665,99999999994
Stamina
	 Rating: 878116
	 Multiplicative Factor: 11,3%
	 Eff: 878116
Crit
	 Rating: 27602
	 Multiplicative Factor: 0%
	 Eff: 43741,68901479505
	 DR Bracket: 1
	 Base: 24%
	 Effective Percent: 62,49%
	 Crit Inc Heal: 2
	 Crit Inc Damage: 2
Haste
	 Rating: 18285
	 Multiplicative Factor: 0%
	 Eff: 52841,85
	 DR Bracket: 0
	 Base: 41%
	 Effective Percent: 80,06%
Vers
	 Rating: 10607
	 Multiplicative Factor: 0%
	 Eff: 10607
	 DR Bracket: 0
	 Base: 0%
	 Effective Percent: 13,6%
Leech
	 Rating: 3978
	 Multiplicative Factor: 0%
	 Eff: 3978
	 DR Bracket: 0
	 Base: 0%
	 Effective Percent: 3,9%
Avoidance
	 Rating: 0
	 Multiplicative Factor: 0%
	 Eff: 0
	 DR Bracket: 0
	 Base: 0%
	 Effective Percent: 0%
Mastery
	 Rating: 12252
	 Multiplicative Factor: 0%
	 Eff: 22052
	 DR Bracket: 0
	 Base: 21%
	 Effective Percent: 47,25%
----------------------
04:26,413

Intellect
	 Rating: 143666
	 Multiplicative Factor: 12,48%
	 Eff: 143665,99999999994
Stamina
	 Rating: 878116
	 Multiplicative Factor: 11,3%
	 Eff: 878116
Crit
	 Rating: 27602
	 Multiplicative Factor: 0%
	 Eff: 43741,68901479505
	 DR Bracket: 1
	 Base: 24%
	 Effective Percent: 62,49%
	 Crit Inc Heal: 2
	 Crit Inc Damage: 2
Haste
	 Rating: 18285
	 Multiplicative Factor: 0%
	 Eff: 54527,55
	 DR Bracket: 0
	 Base: 43%
	 Effective Percent: 82,62%
Vers
	 Rating: 10607
	 Multiplicative Factor: 0%
	 Eff: 10607
	 DR Bracket: 0
	 Base: 0%
	 Effective Percent: 13,6%
Leech
	 Rating: 3978
	 Multiplicative Factor: 0%
	 Eff: 3978
	 DR Bracket: 0
	 Base: 0%
	 Effective Percent: 3,9%
Avoidance
	 Rating: 0
	 Multiplicative Factor: 0%
	 Eff: 0
	 DR Bracket: 0
	 Base: 0%
	 Effective Percent: 0%
Mastery
	 Rating: 12252
	 Multiplicative Factor: 0%
	 Eff: 22052
	 DR Bracket: 0
	 Base: 21%
	 Effective Percent: 47,25%
----------------------
04:26,442

Intellect
	 Rating: 143666
	 Multiplicative Factor: 12,48%
	 Eff: 143665,99999999994
Stamina
	 Rating: 878116
	 Multiplicative Factor: 11,3%
	 Eff: 878116
Crit
	 Rating: 27602
	 Multiplicative Factor: 0%
	 Eff: 43741,68901479505
	 DR Bracket: 1
	 Base: 24%
	 Effective Percent: 62,49%
	 Crit Inc Heal: 2
	 Crit Inc Damage: 2
Haste
	 Rating: 18285
	 Multiplicative Factor: 0%
	 Eff: 56213,25
	 DR Bracket: 0
	 Base: 45%
	 Effective Percent: 85,17%
Vers
	 Rating: 10607
	 Multiplicative Factor: 0%
	 Eff: 10607
	 DR Bracket: 0
	 Base: 0%
	 Effective Percent: 13,6%
Leech
	 Rating: 3978
	 Multiplicative Factor: 0%
	 Eff: 3978
	 DR Bracket: 0
	 Base: 0%
	 Effective Percent: 3,9%
Avoidance
	 Rating: 0
	 Multiplicative Factor: 0%
	 Eff: 0
	 DR Bracket: 0
	 Base: 0%
	 Effective Percent: 0%
Mastery
	 Rating: 12252
	 Multiplicative Factor: 0%
	 Eff: 22052
	 DR Bracket: 0
	 Base: 21%
	 Effective Percent: 47,25%
----------------------
04:27,854

Intellect
	 Rating: 143666
	 Multiplicative Factor: 12,48%
	 Eff: 143665,99999999994
Stamina
	 Rating: 878116
	 Multiplicative Factor: 11,3%
	 Eff: 878116
Crit
	 Rating: 27602
	 Multiplicative Factor: 0%
	 Eff: 43741,68901479505
	 DR Bracket: 1
	 Base: 24%
	 Effective Percent: 62,49%
	 Crit Inc Heal: 2
	 Crit Inc Damage: 2
Haste
	 Rating: 18285
	 Multiplicative Factor: 0%
	 Eff: 57898,950000000004
	 DR Bracket: 0
	 Base: 47%
	 Effective Percent: 87,73%
Vers
	 Rating: 10607
	 Multiplicative Factor: 0%
	 Eff: 10607
	 DR Bracket: 0
	 Base: 0%
	 Effective Percent: 13,6%
Leech
	 Rating: 3978
	 Multiplicative Factor: 0%
	 Eff: 3978
	 DR Bracket: 0
	 Base: 0%
	 Effective Percent: 3,9%
Avoidance
	 Rating: 0
	 Multiplicative Factor: 0%
	 Eff: 0
	 DR Bracket: 0
	 Base: 0%
	 Effective Percent: 0%
Mastery
	 Rating: 12252
	 Multiplicative Factor: 0%
	 Eff: 22052
	 DR Bracket: 0
	 Base: 21%
	 Effective Percent: 47,25%
----------------------
04:33,342

Intellect
	 Rating: 143666
	 Multiplicative Factor: 12,48%
	 Eff: 143665,99999999994
Stamina
	 Rating: 878116
	 Multiplicative Factor: 11,3%
	 Eff: 878116
Crit
	 Rating: 27602
	 Multiplicative Factor: 0%
	 Eff: 43741,68901479505
	 DR Bracket: 1
	 Base: 24%
	 Effective Percent: 62,49%
	 Crit Inc Heal: 2
	 Crit Inc Damage: 2
Haste
	 Rating: 18285
	 Multiplicative Factor: 0%
	 Eff: 59584,65
	 DR Bracket: 0
	 Base: 49%
	 Effective Percent: 90,28%
Vers
	 Rating: 10607
	 Multiplicative Factor: 0%
	 Eff: 10607
	 DR Bracket: 0
	 Base: 0%
	 Effective Percent: 13,6%
Leech
	 Rating: 3978
	 Multiplicative Factor: 0%
	 Eff: 3978
	 DR Bracket: 0
	 Base: 0%
	 Effective Percent: 3,9%
Avoidance
	 Rating: 0
	 Multiplicative Factor: 0%
	 Eff: 0
	 DR Bracket: 0
	 Base: 0%
	 Effective Percent: 0%
Mastery
	 Rating: 12252
	 Multiplicative Factor: 0%
	 Eff: 22052
	 DR Bracket: 0
	 Base: 21%
	 Effective Percent: 47,25%
----------------------
04:33,551

Intellect
	 Rating: 143666
	 Multiplicative Factor: 12,48%
	 Eff: 143665,99999999994
Stamina
	 Rating: 878116
	 Multiplicative Factor: 11,3%
	 Eff: 878116
Crit
	 Rating: 21617
	 Multiplicative Factor: 0%
	 Eff: 38355,3
	 DR Bracket: 1
	 Base: 24%
	 Effective Percent: 54,79%
	 Crit Inc Heal: 2
	 Crit Inc Damage: 2
Haste
	 Rating: 18285
	 Multiplicative Factor: 0%
	 Eff: 59584,65
	 DR Bracket: 0
	 Base: 49%
	 Effective Percent: 90,28%
Vers
	 Rating: 10607
	 Multiplicative Factor: 0%
	 Eff: 10607
	 DR Bracket: 0
	 Base: 0%
	 Effective Percent: 13,6%
Leech
	 Rating: 3978
	 Multiplicative Factor: 0%
	 Eff: 3978
	 DR Bracket: 0
	 Base: 0%
	 Effective Percent: 3,9%
Avoidance
	 Rating: 0
	 Multiplicative Factor: 0%
	 Eff: 0
	 DR Bracket: 0
	 Base: 0%
	 Effective Percent: 0%
Mastery
	 Rating: 12252
	 Multiplicative Factor: 0%
	 Eff: 22052
	 DR Bracket: 0
	 Base: 21%
	 Effective Percent: 47,25%
----------------------
04:35,563

Intellect
	 Rating: 143666
	 Multiplicative Factor: 12,48%
	 Eff: 143665,99999999994
Stamina
	 Rating: 878116
	 Multiplicative Factor: 11,3%
	 Eff: 878116
Crit
	 Rating: 21617
	 Multiplicative Factor: 0%
	 Eff: 38355,3
	 DR Bracket: 1
	 Base: 24%
	 Effective Percent: 54,79%
	 Crit Inc Heal: 2
	 Crit Inc Damage: 2
Haste
	 Rating: 18285
	 Multiplicative Factor: 0%
	 Eff: 57898,950000000004
	 DR Bracket: 0
	 Base: 47%
	 Effective Percent: 87,73%
Vers
	 Rating: 10607
	 Multiplicative Factor: 0%
	 Eff: 10607
	 DR Bracket: 0
	 Base: 0%
	 Effective Percent: 13,6%
Leech
	 Rating: 3978
	 Multiplicative Factor: 0%
	 Eff: 3978
	 DR Bracket: 0
	 Base: 0%
	 Effective Percent: 3,9%
Avoidance
	 Rating: 0
	 Multiplicative Factor: 0%
	 Eff: 0
	 DR Bracket: 0
	 Base: 0%
	 Effective Percent: 0%
Mastery
	 Rating: 12252
	 Multiplicative Factor: 0%
	 Eff: 22052
	 DR Bracket: 0
	 Base: 21%
	 Effective Percent: 47,25%
----------------------
04:38,423

Intellect
	 Rating: 143666
	 Multiplicative Factor: 12,48%
	 Eff: 143665,99999999994
Stamina
	 Rating: 878116
	 Multiplicative Factor: 11,3%
	 Eff: 878116
Crit
	 Rating: 21617
	 Multiplicative Factor: 0%
	 Eff: 38355,3
	 DR Bracket: 1
	 Base: 24%
	 Effective Percent: 54,79%
	 Crit Inc Heal: 2
	 Crit Inc Damage: 2
Haste
	 Rating: 18285
	 Multiplicative Factor: 0%
	 Eff: 54527,55
	 DR Bracket: 0
	 Base: 43%
	 Effective Percent: 82,62%
Vers
	 Rating: 10607
	 Multiplicative Factor: 0%
	 Eff: 10607
	 DR Bracket: 0
	 Base: 0%
	 Effective Percent: 13,6%
Leech
	 Rating: 3978
	 Multiplicative Factor: 0%
	 Eff: 3978
	 DR Bracket: 0
	 Base: 0%
	 Effective Percent: 3,9%
Avoidance
	 Rating: 0
	 Multiplicative Factor: 0%
	 Eff: 0
	 DR Bracket: 0
	 Base: 0%
	 Effective Percent: 0%
Mastery
	 Rating: 12252
	 Multiplicative Factor: 0%
	 Eff: 22052
	 DR Bracket: 0
	 Base: 21%
	 Effective Percent: 47,25%
----------------------
04:38,423

Intellect
	 Rating: 143666
	 Multiplicative Factor: 12,48%
	 Eff: 143665,99999999994
Stamina
	 Rating: 878116
	 Multiplicative Factor: 11,3%
	 Eff: 878116
Crit
	 Rating: 21617
	 Multiplicative Factor: 0%
	 Eff: 38355,3
	 DR Bracket: 1
	 Base: 24%
	 Effective Percent: 54,79%
	 Crit Inc Heal: 2
	 Crit Inc Damage: 2
Haste
	 Rating: 18285
	 Multiplicative Factor: 0%
	 Eff: 51156,15
	 DR Bracket: 0
	 Base: 39%
	 Effective Percent: 77,51%
Vers
	 Rating: 10607
	 Multiplicative Factor: 0%
	 Eff: 10607
	 DR Bracket: 0
	 Base: 0%
	 Effective Percent: 13,6%
Leech
	 Rating: 3978
	 Multiplicative Factor: 0%
	 Eff: 3978
	 DR Bracket: 0
	 Base: 0%
	 Effective Percent: 3,9%
Avoidance
	 Rating: 0
	 Multiplicative Factor: 0%
	 Eff: 0
	 DR Bracket: 0
	 Base: 0%
	 Effective Percent: 0%
Mastery
	 Rating: 12252
	 Multiplicative Factor: 0%
	 Eff: 22052
	 DR Bracket: 0
	 Base: 21%
	 Effective Percent: 47,25%
----------------------
04:38,423

Intellect
	 Rating: 143666
	 Multiplicative Factor: 12,48%
	 Eff: 143665,99999999994
Stamina
	 Rating: 878116
	 Multiplicative Factor: 11,3%
	 Eff: 878116
Crit
	 Rating: 21617
	 Multiplicative Factor: 0%
	 Eff: 38355,3
	 DR Bracket: 1
	 Base: 24%
	 Effective Percent: 54,79%
	 Crit Inc Heal: 2
	 Crit Inc Damage: 2
Haste
	 Rating: 18285
	 Multiplicative Factor: 0%
	 Eff: 52841,85
	 DR Bracket: 0
	 Base: 41%
	 Effective Percent: 80,06%
Vers
	 Rating: 10607
	 Multiplicative Factor: 0%
	 Eff: 10607
	 DR Bracket: 0
	 Base: 0%
	 Effective Percent: 13,6%
Leech
	 Rating: 3978
	 Multiplicative Factor: 0%
	 Eff: 3978
	 DR Bracket: 0
	 Base: 0%
	 Effective Percent: 3,9%
Avoidance
	 Rating: 0
	 Multiplicative Factor: 0%
	 Eff: 0
	 DR Bracket: 0
	 Base: 0%
	 Effective Percent: 0%
Mastery
	 Rating: 12252
	 Multiplicative Factor: 0%
	 Eff: 22052
	 DR Bracket: 0
	 Base: 21%
	 Effective Percent: 47,25%
----------------------
04:38,423

Intellect
	 Rating: 143666
	 Multiplicative Factor: 12,48%
	 Eff: 143665,99999999994
Stamina
	 Rating: 878116
	 Multiplicative Factor: 11,3%
	 Eff: 878116
Crit
	 Rating: 21617
	 Multiplicative Factor: 0%
	 Eff: 38355,3
	 DR Bracket: 1
	 Base: 24%
	 Effective Percent: 54,79%
	 Crit Inc Heal: 2
	 Crit Inc Damage: 2
Haste
	 Rating: 18285
	 Multiplicative Factor: 0%
	 Eff: 56213,25
	 DR Bracket: 0
	 Base: 45%
	 Effective Percent: 85,17%
Vers
	 Rating: 10607
	 Multiplicative Factor: 0%
	 Eff: 10607
	 DR Bracket: 0
	 Base: 0%
	 Effective Percent: 13,6%
Leech
	 Rating: 3978
	 Multiplicative Factor: 0%
	 Eff: 3978
	 DR Bracket: 0
	 Base: 0%
	 Effective Percent: 3,9%
Avoidance
	 Rating: 0
	 Multiplicative Factor: 0%
	 Eff: 0
	 DR Bracket: 0
	 Base: 0%
	 Effective Percent: 0%
Mastery
	 Rating: 12252
	 Multiplicative Factor: 0%
	 Eff: 22052
	 DR Bracket: 0
	 Base: 21%
	 Effective Percent: 47,25%
----------------------
04:39,854

Intellect
	 Rating: 143666
	 Multiplicative Factor: 12,48%
	 Eff: 143665,99999999994
Stamina
	 Rating: 878116
	 Multiplicative Factor: 11,3%
	 Eff: 878116
Crit
	 Rating: 21617
	 Multiplicative Factor: 0%
	 Eff: 38355,3
	 DR Bracket: 1
	 Base: 24%
	 Effective Percent: 54,79%
	 Crit Inc Heal: 2
	 Crit Inc Damage: 2
Haste
	 Rating: 18285
	 Multiplicative Factor: 0%
	 Eff: 49470,45
	 DR Bracket: 0
	 Base: 37%
	 Effective Percent: 74,96%
Vers
	 Rating: 10607
	 Multiplicative Factor: 0%
	 Eff: 10607
	 DR Bracket: 0
	 Base: 0%
	 Effective Percent: 13,6%
Leech
	 Rating: 3978
	 Multiplicative Factor: 0%
	 Eff: 3978
	 DR Bracket: 0
	 Base: 0%
	 Effective Percent: 3,9%
Avoidance
	 Rating: 0
	 Multiplicative Factor: 0%
	 Eff: 0
	 DR Bracket: 0
	 Base: 0%
	 Effective Percent: 0%
Mastery
	 Rating: 12252
	 Multiplicative Factor: 0%
	 Eff: 22052
	 DR Bracket: 0
	 Base: 21%
	 Effective Percent: 47,25%
----------------------
04:45,325

Intellect
	 Rating: 143666
	 Multiplicative Factor: 12,48%
	 Eff: 143665,99999999994
Stamina
	 Rating: 878116
	 Multiplicative Factor: 11,3%
	 Eff: 878116
Crit
	 Rating: 21617
	 Multiplicative Factor: 0%
	 Eff: 38355,3
	 DR Bracket: 1
	 Base: 24%
	 Effective Percent: 54,79%
	 Crit Inc Heal: 2
	 Crit Inc Damage: 2
Haste
	 Rating: 18285
	 Multiplicative Factor: 0%
	 Eff: 47784,75
	 DR Bracket: 0
	 Base: 35%
	 Effective Percent: 72,4%
Vers
	 Rating: 10607
	 Multiplicative Factor: 0%
	 Eff: 10607
	 DR Bracket: 0
	 Base: 0%
	 Effective Percent: 13,6%
Leech
	 Rating: 3978
	 Multiplicative Factor: 0%
	 Eff: 3978
	 DR Bracket: 0
	 Base: 0%
	 Effective Percent: 3,9%
Avoidance
	 Rating: 0
	 Multiplicative Factor: 0%
	 Eff: 0
	 DR Bracket: 0
	 Base: 0%
	 Effective Percent: 0%
Mastery
	 Rating: 12252
	 Multiplicative Factor: 0%
	 Eff: 22052
	 DR Bracket: 0
	 Base: 21%
	 Effective Percent: 47,25%
----------------------
04:46,395

Intellect
	 Rating: 143666
	 Multiplicative Factor: 12,48%
	 Eff: 143665,99999999994
Stamina
	 Rating: 878116
	 Multiplicative Factor: 11,3%
	 Eff: 878116
Crit
	 Rating: 21617
	 Multiplicative Factor: 0%
	 Eff: 27855,3
	 DR Bracket: 1
	 Base: 9%
	 Effective Percent: 39,79%
	 Crit Inc Heal: 2
	 Crit Inc Damage: 2
Haste
	 Rating: 18285
	 Multiplicative Factor: 0%
	 Eff: 47784,75
	 DR Bracket: 0
	 Base: 35%
	 Effective Percent: 72,4%
Vers
	 Rating: 10607
	 Multiplicative Factor: 0%
	 Eff: 10607
	 DR Bracket: 0
	 Base: 0%
	 Effective Percent: 13,6%
Leech
	 Rating: 3978
	 Multiplicative Factor: 0%
	 Eff: 3978
	 DR Bracket: 0
	 Base: 0%
	 Effective Percent: 3,9%
Avoidance
	 Rating: 0
	 Multiplicative Factor: 0%
	 Eff: 0
	 DR Bracket: 0
	 Base: 0%
	 Effective Percent: 0%
Mastery
	 Rating: 12252
	 Multiplicative Factor: 0%
	 Eff: 22052
	 DR Bracket: 0
	 Base: 21%
	 Effective Percent: 47,25%
----------------------
04:48,302

Intellect
	 Rating: 143666
	 Multiplicative Factor: 12,48%
	 Eff: 143665,99999999994
Stamina
	 Rating: 878116
	 Multiplicative Factor: 11,3%
	 Eff: 878116
Crit
	 Rating: 21617
	 Multiplicative Factor: 0%
	 Eff: 27855,3
	 DR Bracket: 1
	 Base: 9%
	 Effective Percent: 39,79%
	 Crit Inc Heal: 2
	 Crit Inc Damage: 2
Haste
	 Rating: 18285
	 Multiplicative Factor: 0%
	 Eff: 49470,45
	 DR Bracket: 0
	 Base: 37%
	 Effective Percent: 74,96%
Vers
	 Rating: 10607
	 Multiplicative Factor: 0%
	 Eff: 10607
	 DR Bracket: 0
	 Base: 0%
	 Effective Percent: 13,6%
Leech
	 Rating: 3978
	 Multiplicative Factor: 0%
	 Eff: 3978
	 DR Bracket: 0
	 Base: 0%
	 Effective Percent: 3,9%
Avoidance
	 Rating: 0
	 Multiplicative Factor: 0%
	 Eff: 0
	 DR Bracket: 0
	 Base: 0%
	 Effective Percent: 0%
Mastery
	 Rating: 12252
	 Multiplicative Factor: 0%
	 Eff: 22052
	 DR Bracket: 0
	 Base: 21%
	 Effective Percent: 47,25%
----------------------
04:51,451

Intellect
	 Rating: 143666
	 Multiplicative Factor: 12,48%
	 Eff: 143665,99999999994
Stamina
	 Rating: 878116
	 Multiplicative Factor: 11,3%
	 Eff: 878116
Crit
	 Rating: 21617
	 Multiplicative Factor: 0%
	 Eff: 27855,3
	 DR Bracket: 1
	 Base: 9%
	 Effective Percent: 39,79%
	 Crit Inc Heal: 2
	 Crit Inc Damage: 2
Haste
	 Rating: 18285
	 Multiplicative Factor: 0%
	 Eff: 51156,15
	 DR Bracket: 0
	 Base: 39%
	 Effective Percent: 77,51%
Vers
	 Rating: 10607
	 Multiplicative Factor: 0%
	 Eff: 10607
	 DR Bracket: 0
	 Base: 0%
	 Effective Percent: 13,6%
Leech
	 Rating: 3978
	 Multiplicative Factor: 0%
	 Eff: 3978
	 DR Bracket: 0
	 Base: 0%
	 Effective Percent: 3,9%
Avoidance
	 Rating: 0
	 Multiplicative Factor: 0%
	 Eff: 0
	 DR Bracket: 0
	 Base: 0%
	 Effective Percent: 0%
Mastery
	 Rating: 12252
	 Multiplicative Factor: 0%
	 Eff: 22052
	 DR Bracket: 0
	 Base: 21%
	 Effective Percent: 47,25%
----------------------
04:53,338

Intellect
	 Rating: 143666
	 Multiplicative Factor: 12,48%
	 Eff: 143665,99999999994
Stamina
	 Rating: 878116
	 Multiplicative Factor: 11,3%
	 Eff: 878116
Crit
	 Rating: 21617
	 Multiplicative Factor: 0%
	 Eff: 27855,3
	 DR Bracket: 1
	 Base: 9%
	 Effective Percent: 39,79%
	 Crit Inc Heal: 2
	 Crit Inc Damage: 2
Haste
	 Rating: 18285
	 Multiplicative Factor: 0%
	 Eff: 52841,85
	 DR Bracket: 0
	 Base: 41%
	 Effective Percent: 80,06%
Vers
	 Rating: 10607
	 Multiplicative Factor: 0%
	 Eff: 10607
	 DR Bracket: 0
	 Base: 0%
	 Effective Percent: 13,6%
Leech
	 Rating: 3978
	 Multiplicative Factor: 0%
	 Eff: 3978
	 DR Bracket: 0
	 Base: 0%
	 Effective Percent: 3,9%
Avoidance
	 Rating: 0
	 Multiplicative Factor: 0%
	 Eff: 0
	 DR Bracket: 0
	 Base: 0%
	 Effective Percent: 0%
Mastery
	 Rating: 12252
	 Multiplicative Factor: 0%
	 Eff: 22052
	 DR Bracket: 0
	 Base: 21%
	 Effective Percent: 47,25%
----------------------
04:59,622

Intellect
	 Rating: 143666
	 Multiplicative Factor: 12,48%
	 Eff: 143665,99999999994
Stamina
	 Rating: 878116
	 Multiplicative Factor: 11,3%
	 Eff: 878116
Crit
	 Rating: 21617
	 Multiplicative Factor: 0%
	 Eff: 27855,3
	 DR Bracket: 1
	 Base: 9%
	 Effective Percent: 39,79%
	 Crit Inc Heal: 2
	 Crit Inc Damage: 2
Haste
	 Rating: 18285
	 Multiplicative Factor: 0%
	 Eff: 54527,55
	 DR Bracket: 0
	 Base: 43%
	 Effective Percent: 82,62%
Vers
	 Rating: 10607
	 Multiplicative Factor: 0%
	 Eff: 10607
	 DR Bracket: 0
	 Base: 0%
	 Effective Percent: 13,6%
Leech
	 Rating: 3978
	 Multiplicative Factor: 0%
	 Eff: 3978
	 DR Bracket: 0
	 Base: 0%
	 Effective Percent: 3,9%
Avoidance
	 Rating: 0
	 Multiplicative Factor: 0%
	 Eff: 0
	 DR Bracket: 0
	 Base: 0%
	 Effective Percent: 0%
Mastery
	 Rating: 12252
	 Multiplicative Factor: 0%
	 Eff: 22052
	 DR Bracket: 0
	 Base: 21%
	 Effective Percent: 47,25%
----------------------
05:00,297

Intellect
	 Rating: 143666
	 Multiplicative Factor: 12,48%
	 Eff: 143665,99999999994
Stamina
	 Rating: 878116
	 Multiplicative Factor: 11,3%
	 Eff: 878116
Crit
	 Rating: 21617
	 Multiplicative Factor: 0%
	 Eff: 27855,3
	 DR Bracket: 1
	 Base: 9%
	 Effective Percent: 39,79%
	 Crit Inc Heal: 2
	 Crit Inc Damage: 2
Haste
	 Rating: 18285
	 Multiplicative Factor: 0%
	 Eff: 52841,85
	 DR Bracket: 0
	 Base: 41%
	 Effective Percent: 80,06%
Vers
	 Rating: 10607
	 Multiplicative Factor: 0%
	 Eff: 10607
	 DR Bracket: 0
	 Base: 0%
	 Effective Percent: 13,6%
Leech
	 Rating: 3978
	 Multiplicative Factor: 0%
	 Eff: 3978
	 DR Bracket: 0
	 Base: 0%
	 Effective Percent: 3,9%
Avoidance
	 Rating: 0
	 Multiplicative Factor: 0%
	 Eff: 0
	 DR Bracket: 0
	 Base: 0%
	 Effective Percent: 0%
Mastery
	 Rating: 12252
	 Multiplicative Factor: 0%
	 Eff: 22052
	 DR Bracket: 0
	 Base: 21%
	 Effective Percent: 47,25%
----------------------
05:02,994

Intellect
	 Rating: 143666
	 Multiplicative Factor: 12,48%
	 Eff: 143665,99999999994
Stamina
	 Rating: 878116
	 Multiplicative Factor: 11,3%
	 Eff: 878116
Crit
	 Rating: 21617
	 Multiplicative Factor: 0%
	 Eff: 27855,3
	 DR Bracket: 1
	 Base: 9%
	 Effective Percent: 39,79%
	 Crit Inc Heal: 2
	 Crit Inc Damage: 2
Haste
	 Rating: 18285
	 Multiplicative Factor: 0%
	 Eff: 27556,35
	 DR Bracket: 0
	 Base: 11%
	 Effective Percent: 41,75%
Vers
	 Rating: 10607
	 Multiplicative Factor: 0%
	 Eff: 10607
	 DR Bracket: 0
	 Base: 0%
	 Effective Percent: 13,6%
Leech
	 Rating: 3978
	 Multiplicative Factor: 0%
	 Eff: 3978
	 DR Bracket: 0
	 Base: 0%
	 Effective Percent: 3,9%
Avoidance
	 Rating: 0
	 Multiplicative Factor: 0%
	 Eff: 0
	 DR Bracket: 0
	 Base: 0%
	 Effective Percent: 0%
Mastery
	 Rating: 12252
	 Multiplicative Factor: 0%
	 Eff: 22052
	 DR Bracket: 0
	 Base: 21%
	 Effective Percent: 47,25%
----------------------
05:03,449

Intellect
	 Rating: 143666
	 Multiplicative Factor: 12,48%
	 Eff: 143665,99999999994
Stamina
	 Rating: 878116
	 Multiplicative Factor: 11,3%
	 Eff: 878116
Crit
	 Rating: 21617
	 Multiplicative Factor: 0%
	 Eff: 27855,3
	 DR Bracket: 1
	 Base: 9%
	 Effective Percent: 39,79%
	 Crit Inc Heal: 2
	 Crit Inc Damage: 2
Haste
	 Rating: 18285
	 Multiplicative Factor: 0%
	 Eff: 25870,65
	 DR Bracket: 0
	 Base: 9%
	 Effective Percent: 39,2%
Vers
	 Rating: 10607
	 Multiplicative Factor: 0%
	 Eff: 10607
	 DR Bracket: 0
	 Base: 0%
	 Effective Percent: 13,6%
Leech
	 Rating: 3978
	 Multiplicative Factor: 0%
	 Eff: 3978
	 DR Bracket: 0
	 Base: 0%
	 Effective Percent: 3,9%
Avoidance
	 Rating: 0
	 Multiplicative Factor: 0%
	 Eff: 0
	 DR Bracket: 0
	 Base: 0%
	 Effective Percent: 0%
Mastery
	 Rating: 12252
	 Multiplicative Factor: 0%
	 Eff: 22052
	 DR Bracket: 0
	 Base: 21%
	 Effective Percent: 47,25%
----------------------
05:05,344

Intellect
	 Rating: 143666
	 Multiplicative Factor: 12,48%
	 Eff: 143665,99999999994
Stamina
	 Rating: 878116
	 Multiplicative Factor: 11,3%
	 Eff: 878116
Crit
	 Rating: 21617
	 Multiplicative Factor: 0%
	 Eff: 27855,3
	 DR Bracket: 1
	 Base: 9%
	 Effective Percent: 39,79%
	 Crit Inc Heal: 2
	 Crit Inc Damage: 2
Haste
	 Rating: 18285
	 Multiplicative Factor: 0%
	 Eff: 24184,95
	 DR Bracket: 0
	 Base: 7%
	 Effective Percent: 36,64%
Vers
	 Rating: 10607
	 Multiplicative Factor: 0%
	 Eff: 10607
	 DR Bracket: 0
	 Base: 0%
	 Effective Percent: 13,6%
Leech
	 Rating: 3978
	 Multiplicative Factor: 0%
	 Eff: 3978
	 DR Bracket: 0
	 Base: 0%
	 Effective Percent: 3,9%
Avoidance
	 Rating: 0
	 Multiplicative Factor: 0%
	 Eff: 0
	 DR Bracket: 0
	 Base: 0%
	 Effective Percent: 0%
Mastery
	 Rating: 12252
	 Multiplicative Factor: 0%
	 Eff: 22052
	 DR Bracket: 0
	 Base: 21%
	 Effective Percent: 47,25%
----------------------
05:07,119

Intellect
	 Rating: 143666
	 Multiplicative Factor: 12,48%
	 Eff: 143665,99999999994
Stamina
	 Rating: 878116
	 Multiplicative Factor: 11,3%
	 Eff: 878116
Crit
	 Rating: 27602
	 Multiplicative Factor: 0%
	 Eff: 33241,68901479505
	 DR Bracket: 1
	 Base: 9%
	 Effective Percent: 47,49%
	 Crit Inc Heal: 2
	 Crit Inc Damage: 2
Haste
	 Rating: 18285
	 Multiplicative Factor: 0%
	 Eff: 24184,95
	 DR Bracket: 0
	 Base: 7%
	 Effective Percent: 36,64%
Vers
	 Rating: 10607
	 Multiplicative Factor: 0%
	 Eff: 10607
	 DR Bracket: 0
	 Base: 0%
	 Effective Percent: 13,6%
Leech
	 Rating: 3978
	 Multiplicative Factor: 0%
	 Eff: 3978
	 DR Bracket: 0
	 Base: 0%
	 Effective Percent: 3,9%
Avoidance
	 Rating: 0
	 Multiplicative Factor: 0%
	 Eff: 0
	 DR Bracket: 0
	 Base: 0%
	 Effective Percent: 0%
Mastery
	 Rating: 12252
	 Multiplicative Factor: 0%
	 Eff: 22052
	 DR Bracket: 0
	 Base: 21%
	 Effective Percent: 47,25%
----------------------
05:10,081

Intellect
	 Rating: 143666
	 Multiplicative Factor: 12,48%
	 Eff: 143665,99999999994
Stamina
	 Rating: 878116
	 Multiplicative Factor: 11,3%
	 Eff: 878116
Crit
	 Rating: 27602
	 Multiplicative Factor: 0%
	 Eff: 43741,68901479505
	 DR Bracket: 1
	 Base: 24%
	 Effective Percent: 62,49%
	 Crit Inc Heal: 2
	 Crit Inc Damage: 2
Haste
	 Rating: 18285
	 Multiplicative Factor: 0%
	 Eff: 24184,95
	 DR Bracket: 0
	 Base: 7%
	 Effective Percent: 36,64%
Vers
	 Rating: 10607
	 Multiplicative Factor: 0%
	 Eff: 10607
	 DR Bracket: 0
	 Base: 0%
	 Effective Percent: 13,6%
Leech
	 Rating: 3978
	 Multiplicative Factor: 0%
	 Eff: 3978
	 DR Bracket: 0
	 Base: 0%
	 Effective Percent: 3,9%
Avoidance
	 Rating: 0
	 Multiplicative Factor: 0%
	 Eff: 0
	 DR Bracket: 0
	 Base: 0%
	 Effective Percent: 0%
Mastery
	 Rating: 12252
	 Multiplicative Factor: 0%
	 Eff: 22052
	 DR Bracket: 0
	 Base: 21%
	 Effective Percent: 47,25%
----------------------
05:10,119

Intellect
	 Rating: 143666
	 Multiplicative Factor: 12,48%
	 Eff: 143665,99999999994
Stamina
	 Rating: 878116
	 Multiplicative Factor: 11,3%
	 Eff: 878116
Crit
	 Rating: 27602
	 Multiplicative Factor: 0%
	 Eff: 43741,68901479505
	 DR Bracket: 1
	 Base: 24%
	 Effective Percent: 62,49%
	 Crit Inc Heal: 2
	 Crit Inc Damage: 2
Haste
	 Rating: 18285
	 Multiplicative Factor: 0%
	 Eff: 25870,65
	 DR Bracket: 0
	 Base: 9%
	 Effective Percent: 39,2%
Vers
	 Rating: 10607
	 Multiplicative Factor: 0%
	 Eff: 10607
	 DR Bracket: 0
	 Base: 0%
	 Effective Percent: 13,6%
Leech
	 Rating: 3978
	 Multiplicative Factor: 0%
	 Eff: 3978
	 DR Bracket: 0
	 Base: 0%
	 Effective Percent: 3,9%
Avoidance
	 Rating: 0
	 Multiplicative Factor: 0%
	 Eff: 0
	 DR Bracket: 0
	 Base: 0%
	 Effective Percent: 0%
Mastery
	 Rating: 12252
	 Multiplicative Factor: 0%
	 Eff: 22052
	 DR Bracket: 0
	 Base: 21%
	 Effective Percent: 47,25%
----------------------
05:11,628

Intellect
	 Rating: 143666
	 Multiplicative Factor: 12,48%
	 Eff: 143665,99999999994
Stamina
	 Rating: 878116
	 Multiplicative Factor: 11,3%
	 Eff: 878116
Crit
	 Rating: 27602
	 Multiplicative Factor: 0%
	 Eff: 43741,68901479505
	 DR Bracket: 1
	 Base: 24%
	 Effective Percent: 62,49%
	 Crit Inc Heal: 2
	 Crit Inc Damage: 2
Haste
	 Rating: 18285
	 Multiplicative Factor: 0%
	 Eff: 24184,95
	 DR Bracket: 0
	 Base: 7%
	 Effective Percent: 36,64%
Vers
	 Rating: 10607
	 Multiplicative Factor: 0%
	 Eff: 10607
	 DR Bracket: 0
	 Base: 0%
	 Effective Percent: 13,6%
Leech
	 Rating: 3978
	 Multiplicative Factor: 0%
	 Eff: 3978
	 DR Bracket: 0
	 Base: 0%
	 Effective Percent: 3,9%
Avoidance
	 Rating: 0
	 Multiplicative Factor: 0%
	 Eff: 0
	 DR Bracket: 0
	 Base: 0%
	 Effective Percent: 0%
Mastery
	 Rating: 12252
	 Multiplicative Factor: 0%
	 Eff: 22052
	 DR Bracket: 0
	 Base: 21%
	 Effective Percent: 47,25%
----------------------
05:17,112

Intellect
	 Rating: 143666
	 Multiplicative Factor: 12,48%
	 Eff: 143665,99999999994
Stamina
	 Rating: 878116
	 Multiplicative Factor: 11,3%
	 Eff: 878116
Crit
	 Rating: 21617
	 Multiplicative Factor: 0%
	 Eff: 38355,3
	 DR Bracket: 1
	 Base: 24%
	 Effective Percent: 54,79%
	 Crit Inc Heal: 2
	 Crit Inc Damage: 2
Haste
	 Rating: 18285
	 Multiplicative Factor: 0%
	 Eff: 24184,95
	 DR Bracket: 0
	 Base: 7%
	 Effective Percent: 36,64%
Vers
	 Rating: 10607
	 Multiplicative Factor: 0%
	 Eff: 10607
	 DR Bracket: 0
	 Base: 0%
	 Effective Percent: 13,6%
Leech
	 Rating: 3978
	 Multiplicative Factor: 0%
	 Eff: 3978
	 DR Bracket: 0
	 Base: 0%
	 Effective Percent: 3,9%
Avoidance
	 Rating: 0
	 Multiplicative Factor: 0%
	 Eff: 0
	 DR Bracket: 0
	 Base: 0%
	 Effective Percent: 0%
Mastery
	 Rating: 12252
	 Multiplicative Factor: 0%
	 Eff: 22052
	 DR Bracket: 0
	 Base: 21%
	 Effective Percent: 47,25%
----------------------
05:19,673

Intellect
	 Rating: 143666
	 Multiplicative Factor: 12,48%
	 Eff: 143665,99999999994
Stamina
	 Rating: 878116
	 Multiplicative Factor: 11,3%
	 Eff: 878116
Crit
	 Rating: 27602
	 Multiplicative Factor: 0%
	 Eff: 43741,68901479505
	 DR Bracket: 1
	 Base: 24%
	 Effective Percent: 62,49%
	 Crit Inc Heal: 2
	 Crit Inc Damage: 2
Haste
	 Rating: 18285
	 Multiplicative Factor: 0%
	 Eff: 24184,95
	 DR Bracket: 0
	 Base: 7%
	 Effective Percent: 36,64%
Vers
	 Rating: 10607
	 Multiplicative Factor: 0%
	 Eff: 10607
	 DR Bracket: 0
	 Base: 0%
	 Effective Percent: 13,6%
Leech
	 Rating: 3978
	 Multiplicative Factor: 0%
	 Eff: 3978
	 DR Bracket: 0
	 Base: 0%
	 Effective Percent: 3,9%
Avoidance
	 Rating: 0
	 Multiplicative Factor: 0%
	 Eff: 0
	 DR Bracket: 0
	 Base: 0%
	 Effective Percent: 0%
Mastery
	 Rating: 12252
	 Multiplicative Factor: 0%
	 Eff: 22052
	 DR Bracket: 0
	 Base: 21%
	 Effective Percent: 47,25%
----------------------
05:20,473

Intellect
	 Rating: 143666
	 Multiplicative Factor: 12,48%
	 Eff: 143665,99999999994
Stamina
	 Rating: 878116
	 Multiplicative Factor: 11,3%
	 Eff: 878116
Crit
	 Rating: 33587
	 Multiplicative Factor: 0%
	 Eff: 48569,40269296897
	 DR Bracket: 2
	 Base: 24%
	 Effective Percent: 69,38%
	 Crit Inc Heal: 2
	 Crit Inc Damage: 2
Haste
	 Rating: 18285
	 Multiplicative Factor: 0%
	 Eff: 24184,95
	 DR Bracket: 0
	 Base: 7%
	 Effective Percent: 36,64%
Vers
	 Rating: 10607
	 Multiplicative Factor: 0%
	 Eff: 10607
	 DR Bracket: 0
	 Base: 0%
	 Effective Percent: 13,6%
Leech
	 Rating: 3978
	 Multiplicative Factor: 0%
	 Eff: 3978
	 DR Bracket: 0
	 Base: 0%
	 Effective Percent: 3,9%
Avoidance
	 Rating: 0
	 Multiplicative Factor: 0%
	 Eff: 0
	 DR Bracket: 0
	 Base: 0%
	 Effective Percent: 0%
Mastery
	 Rating: 12252
	 Multiplicative Factor: 0%
	 Eff: 22052
	 DR Bracket: 0
	 Base: 21%
	 Effective Percent: 47,25%
----------------------
05:22,084

Intellect
	 Rating: 143666
	 Multiplicative Factor: 12,48%
	 Eff: 143665,99999999994
Stamina
	 Rating: 878116
	 Multiplicative Factor: 11,3%
	 Eff: 878116
Crit
	 Rating: 33587
	 Multiplicative Factor: 0%
	 Eff: 38069,40269296897
	 DR Bracket: 2
	 Base: 9%
	 Effective Percent: 54,38%
	 Crit Inc Heal: 2
	 Crit Inc Damage: 2
Haste
	 Rating: 18285
	 Multiplicative Factor: 0%
	 Eff: 24184,95
	 DR Bracket: 0
	 Base: 7%
	 Effective Percent: 36,64%
Vers
	 Rating: 10607
	 Multiplicative Factor: 0%
	 Eff: 10607
	 DR Bracket: 0
	 Base: 0%
	 Effective Percent: 13,6%
Leech
	 Rating: 3978
	 Multiplicative Factor: 0%
	 Eff: 3978
	 DR Bracket: 0
	 Base: 0%
	 Effective Percent: 3,9%
Avoidance
	 Rating: 0
	 Multiplicative Factor: 0%
	 Eff: 0
	 DR Bracket: 0
	 Base: 0%
	 Effective Percent: 0%
Mastery
	 Rating: 12252
	 Multiplicative Factor: 0%
	 Eff: 22052
	 DR Bracket: 0
	 Base: 21%
	 Effective Percent: 47,25%
----------------------
05:22,110

Intellect
	 Rating: 143666
	 Multiplicative Factor: 12,48%
	 Eff: 143665,99999999994
Stamina
	 Rating: 878116
	 Multiplicative Factor: 11,3%
	 Eff: 878116
Crit
	 Rating: 33587
	 Multiplicative Factor: 0%
	 Eff: 38069,40269296897
	 DR Bracket: 2
	 Base: 9%
	 Effective Percent: 54,38%
	 Crit Inc Heal: 2
	 Crit Inc Damage: 2
Haste
	 Rating: 18285
	 Multiplicative Factor: 0%
	 Eff: 22499,25
	 DR Bracket: 0
	 Base: 5%
	 Effective Percent: 34,09%
Vers
	 Rating: 10607
	 Multiplicative Factor: 0%
	 Eff: 10607
	 DR Bracket: 0
	 Base: 0%
	 Effective Percent: 13,6%
Leech
	 Rating: 3978
	 Multiplicative Factor: 0%
	 Eff: 3978
	 DR Bracket: 0
	 Base: 0%
	 Effective Percent: 3,9%
Avoidance
	 Rating: 0
	 Multiplicative Factor: 0%
	 Eff: 0
	 DR Bracket: 0
	 Base: 0%
	 Effective Percent: 0%
Mastery
	 Rating: 12252
	 Multiplicative Factor: 0%
	 Eff: 22052
	 DR Bracket: 0
	 Base: 21%
	 Effective Percent: 47,25%
----------------------
05:25,788

Intellect
	 Rating: 143666
	 Multiplicative Factor: 12,48%
	 Eff: 143665,99999999994
Stamina
	 Rating: 878116
	 Multiplicative Factor: 11,3%
	 Eff: 878116
Crit
	 Rating: 33587
	 Multiplicative Factor: 0%
	 Eff: 38069,40269296897
	 DR Bracket: 2
	 Base: 9%
	 Effective Percent: 54,38%
	 Crit Inc Heal: 2
	 Crit Inc Damage: 2
Haste
	 Rating: 18285
	 Multiplicative Factor: 0%
	 Eff: 24184,95
	 DR Bracket: 0
	 Base: 7%
	 Effective Percent: 36,64%
Vers
	 Rating: 10607
	 Multiplicative Factor: 0%
	 Eff: 10607
	 DR Bracket: 0
	 Base: 0%
	 Effective Percent: 13,6%
Leech
	 Rating: 3978
	 Multiplicative Factor: 0%
	 Eff: 3978
	 DR Bracket: 0
	 Base: 0%
	 Effective Percent: 3,9%
Avoidance
	 Rating: 0
	 Multiplicative Factor: 0%
	 Eff: 0
	 DR Bracket: 0
	 Base: 0%
	 Effective Percent: 0%
Mastery
	 Rating: 12252
	 Multiplicative Factor: 0%
	 Eff: 22052
	 DR Bracket: 0
	 Base: 21%
	 Effective Percent: 47,25%
----------------------
05:29,669

Intellect
	 Rating: 143666
	 Multiplicative Factor: 12,48%
	 Eff: 143665,99999999994
Stamina
	 Rating: 878116
	 Multiplicative Factor: 11,3%
	 Eff: 878116
Crit
	 Rating: 27602
	 Multiplicative Factor: 0%
	 Eff: 33241,68901479505
	 DR Bracket: 1
	 Base: 9%
	 Effective Percent: 47,49%
	 Crit Inc Heal: 2
	 Crit Inc Damage: 2
Haste
	 Rating: 18285
	 Multiplicative Factor: 0%
	 Eff: 24184,95
	 DR Bracket: 0
	 Base: 7%
	 Effective Percent: 36,64%
Vers
	 Rating: 10607
	 Multiplicative Factor: 0%
	 Eff: 10607
	 DR Bracket: 0
	 Base: 0%
	 Effective Percent: 13,6%
Leech
	 Rating: 3978
	 Multiplicative Factor: 0%
	 Eff: 3978
	 DR Bracket: 0
	 Base: 0%
	 Effective Percent: 3,9%
Avoidance
	 Rating: 0
	 Multiplicative Factor: 0%
	 Eff: 0
	 DR Bracket: 0
	 Base: 0%
	 Effective Percent: 0%
Mastery
	 Rating: 12252
	 Multiplicative Factor: 0%
	 Eff: 22052
	 DR Bracket: 0
	 Base: 21%
	 Effective Percent: 47,25%
----------------------
05:30,462

Intellect
	 Rating: 143666
	 Multiplicative Factor: 12,48%
	 Eff: 143665,99999999994
Stamina
	 Rating: 878116
	 Multiplicative Factor: 11,3%
	 Eff: 878116
Crit
	 Rating: 21617
	 Multiplicative Factor: 0%
	 Eff: 27855,3
	 DR Bracket: 1
	 Base: 9%
	 Effective Percent: 39,79%
	 Crit Inc Heal: 2
	 Crit Inc Damage: 2
Haste
	 Rating: 18285
	 Multiplicative Factor: 0%
	 Eff: 24184,95
	 DR Bracket: 0
	 Base: 7%
	 Effective Percent: 36,64%
Vers
	 Rating: 10607
	 Multiplicative Factor: 0%
	 Eff: 10607
	 DR Bracket: 0
	 Base: 0%
	 Effective Percent: 13,6%
Leech
	 Rating: 3978
	 Multiplicative Factor: 0%
	 Eff: 3978
	 DR Bracket: 0
	 Base: 0%
	 Effective Percent: 3,9%
Avoidance
	 Rating: 0
	 Multiplicative Factor: 0%
	 Eff: 0
	 DR Bracket: 0
	 Base: 0%
	 Effective Percent: 0%
Mastery
	 Rating: 12252
	 Multiplicative Factor: 0%
	 Eff: 22052
	 DR Bracket: 0
	 Base: 21%
	 Effective Percent: 47,25%
----------------------
05:32,287

Intellect
	 Rating: 143666
	 Multiplicative Factor: 12,48%
	 Eff: 143665,99999999994
Stamina
	 Rating: 878116
	 Multiplicative Factor: 11,3%
	 Eff: 878116
Crit
	 Rating: 21617
	 Multiplicative Factor: 0%
	 Eff: 27855,3
	 DR Bracket: 1
	 Base: 9%
	 Effective Percent: 39,79%
	 Crit Inc Heal: 2
	 Crit Inc Damage: 2
Haste
	 Rating: 18285
	 Multiplicative Factor: 0%
	 Eff: 25870,65
	 DR Bracket: 0
	 Base: 9%
	 Effective Percent: 39,2%
Vers
	 Rating: 10607
	 Multiplicative Factor: 0%
	 Eff: 10607
	 DR Bracket: 0
	 Base: 0%
	 Effective Percent: 13,6%
Leech
	 Rating: 3978
	 Multiplicative Factor: 0%
	 Eff: 3978
	 DR Bracket: 0
	 Base: 0%
	 Effective Percent: 3,9%
Avoidance
	 Rating: 0
	 Multiplicative Factor: 0%
	 Eff: 0
	 DR Bracket: 0
	 Base: 0%
	 Effective Percent: 0%
Mastery
	 Rating: 12252
	 Multiplicative Factor: 0%
	 Eff: 22052
	 DR Bracket: 0
	 Base: 21%
	 Effective Percent: 47,25%
----------------------
05:36,690

Intellect
	 Rating: 143666
	 Multiplicative Factor: 12,48%
	 Eff: 143665,99999999994
Stamina
	 Rating: 878116
	 Multiplicative Factor: 11,3%
	 Eff: 878116
Crit
	 Rating: 21617
	 Multiplicative Factor: 0%
	 Eff: 27855,3
	 DR Bracket: 1
	 Base: 9%
	 Effective Percent: 39,79%
	 Crit Inc Heal: 2
	 Crit Inc Damage: 2
Haste
	 Rating: 18285
	 Multiplicative Factor: 0%
	 Eff: 27556,35
	 DR Bracket: 0
	 Base: 11%
	 Effective Percent: 41,75%
Vers
	 Rating: 10607
	 Multiplicative Factor: 0%
	 Eff: 10607
	 DR Bracket: 0
	 Base: 0%
	 Effective Percent: 13,6%
Leech
	 Rating: 3978
	 Multiplicative Factor: 0%
	 Eff: 3978
	 DR Bracket: 0
	 Base: 0%
	 Effective Percent: 3,9%
Avoidance
	 Rating: 0
	 Multiplicative Factor: 0%
	 Eff: 0
	 DR Bracket: 0
	 Base: 0%
	 Effective Percent: 0%
Mastery
	 Rating: 12252
	 Multiplicative Factor: 0%
	 Eff: 22052
	 DR Bracket: 0
	 Base: 21%
	 Effective Percent: 47,25%
----------------------
05:37,803

Intellect
	 Rating: 143666
	 Multiplicative Factor: 12,48%
	 Eff: 143665,99999999994
Stamina
	 Rating: 878116
	 Multiplicative Factor: 11,3%
	 Eff: 878116
Crit
	 Rating: 21617
	 Multiplicative Factor: 0%
	 Eff: 27855,3
	 DR Bracket: 1
	 Base: 9%
	 Effective Percent: 39,79%
	 Crit Inc Heal: 2
	 Crit Inc Damage: 2
Haste
	 Rating: 18285
	 Multiplicative Factor: 0%
	 Eff: 25870,65
	 DR Bracket: 0
	 Base: 9%
	 Effective Percent: 39,2%
Vers
	 Rating: 10607
	 Multiplicative Factor: 0%
	 Eff: 10607
	 DR Bracket: 0
	 Base: 0%
	 Effective Percent: 13,6%
Leech
	 Rating: 3978
	 Multiplicative Factor: 0%
	 Eff: 3978
	 DR Bracket: 0
	 Base: 0%
	 Effective Percent: 3,9%
Avoidance
	 Rating: 0
	 Multiplicative Factor: 0%
	 Eff: 0
	 DR Bracket: 0
	 Base: 0%
	 Effective Percent: 0%
Mastery
	 Rating: 12252
	 Multiplicative Factor: 0%
	 Eff: 22052
	 DR Bracket: 0
	 Base: 21%
	 Effective Percent: 47,25%
----------------------
05:44,287

Intellect
	 Rating: 143666
	 Multiplicative Factor: 12,48%
	 Eff: 143665,99999999994
Stamina
	 Rating: 878116
	 Multiplicative Factor: 11,3%
	 Eff: 878116
Crit
	 Rating: 21617
	 Multiplicative Factor: 0%
	 Eff: 27855,3
	 DR Bracket: 1
	 Base: 9%
	 Effective Percent: 39,79%
	 Crit Inc Heal: 2
	 Crit Inc Damage: 2
Haste
	 Rating: 18285
	 Multiplicative Factor: 0%
	 Eff: 24184,95
	 DR Bracket: 0
	 Base: 7%
	 Effective Percent: 36,64%
Vers
	 Rating: 10607
	 Multiplicative Factor: 0%
	 Eff: 10607
	 DR Bracket: 0
	 Base: 0%
	 Effective Percent: 13,6%
Leech
	 Rating: 3978
	 Multiplicative Factor: 0%
	 Eff: 3978
	 DR Bracket: 0
	 Base: 0%
	 Effective Percent: 3,9%
Avoidance
	 Rating: 0
	 Multiplicative Factor: 0%
	 Eff: 0
	 DR Bracket: 0
	 Base: 0%
	 Effective Percent: 0%
Mastery
	 Rating: 12252
	 Multiplicative Factor: 0%
	 Eff: 22052
	 DR Bracket: 0
	 Base: 21%
	 Effective Percent: 47,25%
----------------------
05:48,680

Intellect
	 Rating: 143666
	 Multiplicative Factor: 12,48%
	 Eff: 143665,99999999994
Stamina
	 Rating: 878116
	 Multiplicative Factor: 11,3%
	 Eff: 878116
Crit
	 Rating: 21617
	 Multiplicative Factor: 0%
	 Eff: 27855,3
	 DR Bracket: 1
	 Base: 9%
	 Effective Percent: 39,79%
	 Crit Inc Heal: 2
	 Crit Inc Damage: 2
Haste
	 Rating: 18285
	 Multiplicative Factor: 0%
	 Eff: 22499,25
	 DR Bracket: 0
	 Base: 5%
	 Effective Percent: 34,09%
Vers
	 Rating: 10607
	 Multiplicative Factor: 0%
	 Eff: 10607
	 DR Bracket: 0
	 Base: 0%
	 Effective Percent: 13,6%
Leech
	 Rating: 3978
	 Multiplicative Factor: 0%
	 Eff: 3978
	 DR Bracket: 0
	 Base: 0%
	 Effective Percent: 3,9%
Avoidance
	 Rating: 0
	 Multiplicative Factor: 0%
	 Eff: 0
	 DR Bracket: 0
	 Base: 0%
	 Effective Percent: 0%
Mastery
	 Rating: 12252
	 Multiplicative Factor: 0%
	 Eff: 22052
	 DR Bracket: 0
	 Base: 21%
	 Effective Percent: 47,25%
----------------------
05:54,869

Intellect
	 Rating: 143666
	 Multiplicative Factor: 12,48%
	 Eff: 143665,99999999994
Stamina
	 Rating: 878116
	 Multiplicative Factor: 11,3%
	 Eff: 878116
Crit
	 Rating: 21617
	 Multiplicative Factor: 0%
	 Eff: 27855,3
	 DR Bracket: 1
	 Base: 9%
	 Effective Percent: 39,79%
	 Crit Inc Heal: 2
	 Crit Inc Damage: 2
Haste
	 Rating: 18285
	 Multiplicative Factor: 0%
	 Eff: 18285
	 DR Bracket: 0
	 Base: 0%
	 Effective Percent: 27,7%
Vers
	 Rating: 10607
	 Multiplicative Factor: 0%
	 Eff: 10607
	 DR Bracket: 0
	 Base: 0%
	 Effective Percent: 13,6%
Leech
	 Rating: 3978
	 Multiplicative Factor: 0%
	 Eff: 3978
	 DR Bracket: 0
	 Base: 0%
	 Effective Percent: 3,9%
Avoidance
	 Rating: 0
	 Multiplicative Factor: 0%
	 Eff: 0
	 DR Bracket: 0
	 Base: 0%
	 Effective Percent: 0%
Mastery
	 Rating: 12252
	 Multiplicative Factor: 0%
	 Eff: 22052
	 DR Bracket: 0
	 Base: 21%
	 Effective Percent: 47,25%
----------------------
05:55,537

Intellect
	 Rating: 143666
	 Multiplicative Factor: 12,48%
	 Eff: 143665,99999999994
Stamina
	 Rating: 878116
	 Multiplicative Factor: 11,3%
	 Eff: 878116
Crit
	 Rating: 21617
	 Multiplicative Factor: 0%
	 Eff: 27855,3
	 DR Bracket: 1
	 Base: 9%
	 Effective Percent: 39,79%
	 Crit Inc Heal: 2
	 Crit Inc Damage: 2
Haste
	 Rating: 18285
	 Multiplicative Factor: 0%
	 Eff: 19127,85
	 DR Bracket: 0
	 Base: 1%
	 Effective Percent: 28,98%
Vers
	 Rating: 10607
	 Multiplicative Factor: 0%
	 Eff: 10607
	 DR Bracket: 0
	 Base: 0%
	 Effective Percent: 13,6%
Leech
	 Rating: 3978
	 Multiplicative Factor: 0%
	 Eff: 3978
	 DR Bracket: 0
	 Base: 0%
	 Effective Percent: 3,9%
Avoidance
	 Rating: 0
	 Multiplicative Factor: 0%
	 Eff: 0
	 DR Bracket: 0
	 Base: 0%
	 Effective Percent: 0%
Mastery
	 Rating: 12252
	 Multiplicative Factor: 0%
	 Eff: 22052
	 DR Bracket: 0
	 Base: 21%
	 Effective Percent: 47,25%
----------------------
05:57,884

Intellect
	 Rating: 143666
	 Multiplicative Factor: 12,48%
	 Eff: 143665,99999999994
Stamina
	 Rating: 878116
	 Multiplicative Factor: 11,3%
	 Eff: 878116
Crit
	 Rating: 21617
	 Multiplicative Factor: 0%
	 Eff: 27855,3
	 DR Bracket: 1
	 Base: 9%
	 Effective Percent: 39,79%
	 Crit Inc Heal: 2
	 Crit Inc Damage: 2
Haste
	 Rating: 18285
	 Multiplicative Factor: 0%
	 Eff: 19970,7
	 DR Bracket: 0
	 Base: 2%
	 Effective Percent: 30,26%
Vers
	 Rating: 10607
	 Multiplicative Factor: 0%
	 Eff: 10607
	 DR Bracket: 0
	 Base: 0%
	 Effective Percent: 13,6%
Leech
	 Rating: 3978
	 Multiplicative Factor: 0%
	 Eff: 3978
	 DR Bracket: 0
	 Base: 0%
	 Effective Percent: 3,9%
Avoidance
	 Rating: 0
	 Multiplicative Factor: 0%
	 Eff: 0
	 DR Bracket: 0
	 Base: 0%
	 Effective Percent: 0%
Mastery
	 Rating: 12252
	 Multiplicative Factor: 0%
	 Eff: 22052
	 DR Bracket: 0
	 Base: 21%
	 Effective Percent: 47,25%
----------------------
05:57,935

Intellect
	 Rating: 143666
	 Multiplicative Factor: 12,48%
	 Eff: 143665,99999999994
Stamina
	 Rating: 878116
	 Multiplicative Factor: 11,3%
	 Eff: 878116
Crit
	 Rating: 21617
	 Multiplicative Factor: 0%
	 Eff: 27855,3
	 DR Bracket: 1
	 Base: 9%
	 Effective Percent: 39,79%
	 Crit Inc Heal: 2
	 Crit Inc Damage: 2
Haste
	 Rating: 18285
	 Multiplicative Factor: 0%
	 Eff: 21656,4
	 DR Bracket: 0
	 Base: 4%
	 Effective Percent: 32,81%
Vers
	 Rating: 10607
	 Multiplicative Factor: 0%
	 Eff: 10607
	 DR Bracket: 0
	 Base: 0%
	 Effective Percent: 13,6%
Leech
	 Rating: 3978
	 Multiplicative Factor: 0%
	 Eff: 3978
	 DR Bracket: 0
	 Base: 0%
	 Effective Percent: 3,9%
Avoidance
	 Rating: 0
	 Multiplicative Factor: 0%
	 Eff: 0
	 DR Bracket: 0
	 Base: 0%
	 Effective Percent: 0%
Mastery
	 Rating: 12252
	 Multiplicative Factor: 0%
	 Eff: 22052
	 DR Bracket: 0
	 Base: 21%
	 Effective Percent: 47,25%
----------------------
05:58,890

Intellect
	 Rating: 143666
	 Multiplicative Factor: 12,48%
	 Eff: 143665,99999999994
Stamina
	 Rating: 878116
	 Multiplicative Factor: 11,3%
	 Eff: 878116
Crit
	 Rating: 27602
	 Multiplicative Factor: 0%
	 Eff: 33241,68901479505
	 DR Bracket: 1
	 Base: 9%
	 Effective Percent: 47,49%
	 Crit Inc Heal: 2
	 Crit Inc Damage: 2
Haste
	 Rating: 18285
	 Multiplicative Factor: 0%
	 Eff: 21656,4
	 DR Bracket: 0
	 Base: 4%
	 Effective Percent: 32,81%
Vers
	 Rating: 10607
	 Multiplicative Factor: 0%
	 Eff: 10607
	 DR Bracket: 0
	 Base: 0%
	 Effective Percent: 13,6%
Leech
	 Rating: 3978
	 Multiplicative Factor: 0%
	 Eff: 3978
	 DR Bracket: 0
	 Base: 0%
	 Effective Percent: 3,9%
Avoidance
	 Rating: 0
	 Multiplicative Factor: 0%
	 Eff: 0
	 DR Bracket: 0
	 Base: 0%
	 Effective Percent: 0%
Mastery
	 Rating: 12252
	 Multiplicative Factor: 0%
	 Eff: 22052
	 DR Bracket: 0
	 Base: 21%
	 Effective Percent: 47,25%
----------------------
06:00,168

Intellect
	 Rating: 143666
	 Multiplicative Factor: 12,48%
	 Eff: 143665,99999999994
Stamina
	 Rating: 878116
	 Multiplicative Factor: 11,3%
	 Eff: 878116
Crit
	 Rating: 27602
	 Multiplicative Factor: 0%
	 Eff: 33241,68901479505
	 DR Bracket: 1
	 Base: 9%
	 Effective Percent: 47,49%
	 Crit Inc Heal: 2
	 Crit Inc Damage: 2
Haste
	 Rating: 18285
	 Multiplicative Factor: 0%
	 Eff: 22499,25
	 DR Bracket: 0
	 Base: 5%
	 Effective Percent: 34,09%
Vers
	 Rating: 10607
	 Multiplicative Factor: 0%
	 Eff: 10607
	 DR Bracket: 0
	 Base: 0%
	 Effective Percent: 13,6%
Leech
	 Rating: 3978
	 Multiplicative Factor: 0%
	 Eff: 3978
	 DR Bracket: 0
	 Base: 0%
	 Effective Percent: 3,9%
Avoidance
	 Rating: 0
	 Multiplicative Factor: 0%
	 Eff: 0
	 DR Bracket: 0
	 Base: 0%
	 Effective Percent: 0%
Mastery
	 Rating: 12252
	 Multiplicative Factor: 0%
	 Eff: 22052
	 DR Bracket: 0
	 Base: 21%
	 Effective Percent: 47,25%
----------------------
06:00,233

Intellect
	 Rating: 143666
	 Multiplicative Factor: 12,48%
	 Eff: 143665,99999999994
Stamina
	 Rating: 878116
	 Multiplicative Factor: 11,3%
	 Eff: 878116
Crit
	 Rating: 27602
	 Multiplicative Factor: 0%
	 Eff: 33241,68901479505
	 DR Bracket: 1
	 Base: 9%
	 Effective Percent: 47,49%
	 Crit Inc Heal: 2
	 Crit Inc Damage: 2
Haste
	 Rating: 18285
	 Multiplicative Factor: 0%
	 Eff: 24184,95
	 DR Bracket: 0
	 Base: 7%
	 Effective Percent: 36,64%
Vers
	 Rating: 10607
	 Multiplicative Factor: 0%
	 Eff: 10607
	 DR Bracket: 0
	 Base: 0%
	 Effective Percent: 13,6%
Leech
	 Rating: 3978
	 Multiplicative Factor: 0%
	 Eff: 3978
	 DR Bracket: 0
	 Base: 0%
	 Effective Percent: 3,9%
Avoidance
	 Rating: 0
	 Multiplicative Factor: 0%
	 Eff: 0
	 DR Bracket: 0
	 Base: 0%
	 Effective Percent: 0%
Mastery
	 Rating: 12252
	 Multiplicative Factor: 0%
	 Eff: 22052
	 DR Bracket: 0
	 Base: 21%
	 Effective Percent: 47,25%
----------------------
06:02,391

Intellect
	 Rating: 143666
	 Multiplicative Factor: 12,48%
	 Eff: 143665,99999999994
Stamina
	 Rating: 878116
	 Multiplicative Factor: 11,3%
	 Eff: 878116
Crit
	 Rating: 27602
	 Multiplicative Factor: 0%
	 Eff: 33241,68901479505
	 DR Bracket: 1
	 Base: 9%
	 Effective Percent: 47,49%
	 Crit Inc Heal: 2
	 Crit Inc Damage: 2
Haste
	 Rating: 18285
	 Multiplicative Factor: 0%
	 Eff: 25027,8
	 DR Bracket: 0
	 Base: 8%
	 Effective Percent: 37,92%
Vers
	 Rating: 10607
	 Multiplicative Factor: 0%
	 Eff: 10607
	 DR Bracket: 0
	 Base: 0%
	 Effective Percent: 13,6%
Leech
	 Rating: 3978
	 Multiplicative Factor: 0%
	 Eff: 3978
	 DR Bracket: 0
	 Base: 0%
	 Effective Percent: 3,9%
Avoidance
	 Rating: 0
	 Multiplicative Factor: 0%
	 Eff: 0
	 DR Bracket: 0
	 Base: 0%
	 Effective Percent: 0%
Mastery
	 Rating: 12252
	 Multiplicative Factor: 0%
	 Eff: 22052
	 DR Bracket: 0
	 Base: 21%
	 Effective Percent: 47,25%
----------------------
06:03,975

Intellect
	 Rating: 143666
	 Multiplicative Factor: 12,48%
	 Eff: 143665,99999999994
Stamina
	 Rating: 878116
	 Multiplicative Factor: 11,3%
	 Eff: 878116
Crit
	 Rating: 27602
	 Multiplicative Factor: 0%
	 Eff: 43741,68901479505
	 DR Bracket: 1
	 Base: 24%
	 Effective Percent: 62,49%
	 Crit Inc Heal: 2
	 Crit Inc Damage: 2
Haste
	 Rating: 18285
	 Multiplicative Factor: 0%
	 Eff: 25027,8
	 DR Bracket: 0
	 Base: 8%
	 Effective Percent: 37,92%
Vers
	 Rating: 10607
	 Multiplicative Factor: 0%
	 Eff: 10607
	 DR Bracket: 0
	 Base: 0%
	 Effective Percent: 13,6%
Leech
	 Rating: 3978
	 Multiplicative Factor: 0%
	 Eff: 3978
	 DR Bracket: 0
	 Base: 0%
	 Effective Percent: 3,9%
Avoidance
	 Rating: 0
	 Multiplicative Factor: 0%
	 Eff: 0
	 DR Bracket: 0
	 Base: 0%
	 Effective Percent: 0%
Mastery
	 Rating: 12252
	 Multiplicative Factor: 0%
	 Eff: 22052
	 DR Bracket: 0
	 Base: 21%
	 Effective Percent: 47,25%
----------------------
06:04,000

Intellect
	 Rating: 143666
	 Multiplicative Factor: 12,48%
	 Eff: 143665,99999999994
Stamina
	 Rating: 878116
	 Multiplicative Factor: 11,3%
	 Eff: 878116
Crit
	 Rating: 27602
	 Multiplicative Factor: 0%
	 Eff: 43741,68901479505
	 DR Bracket: 1
	 Base: 24%
	 Effective Percent: 62,49%
	 Crit Inc Heal: 2
	 Crit Inc Damage: 2
Haste
	 Rating: 18285
	 Multiplicative Factor: 0%
	 Eff: 26713,5
	 DR Bracket: 0
	 Base: 10%
	 Effective Percent: 40,48%
Vers
	 Rating: 10607
	 Multiplicative Factor: 0%
	 Eff: 10607
	 DR Bracket: 0
	 Base: 0%
	 Effective Percent: 13,6%
Leech
	 Rating: 3978
	 Multiplicative Factor: 0%
	 Eff: 3978
	 DR Bracket: 0
	 Base: 0%
	 Effective Percent: 3,9%
Avoidance
	 Rating: 0
	 Multiplicative Factor: 0%
	 Eff: 0
	 DR Bracket: 0
	 Base: 0%
	 Effective Percent: 0%
Mastery
	 Rating: 12252
	 Multiplicative Factor: 0%
	 Eff: 22052
	 DR Bracket: 0
	 Base: 21%
	 Effective Percent: 47,25%
----------------------
06:05,008

Intellect
	 Rating: 143666
	 Multiplicative Factor: 12,48%
	 Eff: 143665,99999999994
Stamina
	 Rating: 878116
	 Multiplicative Factor: 11,3%
	 Eff: 878116
Crit
	 Rating: 33587
	 Multiplicative Factor: 0%
	 Eff: 48569,40269296897
	 DR Bracket: 2
	 Base: 24%
	 Effective Percent: 69,38%
	 Crit Inc Heal: 2
	 Crit Inc Damage: 2
Haste
	 Rating: 18285
	 Multiplicative Factor: 0%
	 Eff: 26713,5
	 DR Bracket: 0
	 Base: 10%
	 Effective Percent: 40,48%
Vers
	 Rating: 10607
	 Multiplicative Factor: 0%
	 Eff: 10607
	 DR Bracket: 0
	 Base: 0%
	 Effective Percent: 13,6%
Leech
	 Rating: 3978
	 Multiplicative Factor: 0%
	 Eff: 3978
	 DR Bracket: 0
	 Base: 0%
	 Effective Percent: 3,9%
Avoidance
	 Rating: 0
	 Multiplicative Factor: 0%
	 Eff: 0
	 DR Bracket: 0
	 Base: 0%
	 Effective Percent: 0%
Mastery
	 Rating: 12252
	 Multiplicative Factor: 0%
	 Eff: 22052
	 DR Bracket: 0
	 Base: 21%
	 Effective Percent: 47,25%
----------------------
06:08,108

Intellect
	 Rating: 143666
	 Multiplicative Factor: 12,48%
	 Eff: 143665,99999999994
Stamina
	 Rating: 878116
	 Multiplicative Factor: 11,3%
	 Eff: 878116
Crit
	 Rating: 33587
	 Multiplicative Factor: 0%
	 Eff: 48569,40269296897
	 DR Bracket: 2
	 Base: 24%
	 Effective Percent: 69,38%
	 Crit Inc Heal: 2
	 Crit Inc Damage: 2
Haste
	 Rating: 18285
	 Multiplicative Factor: 0%
	 Eff: 27556,35
	 DR Bracket: 0
	 Base: 11%
	 Effective Percent: 41,75%
Vers
	 Rating: 10607
	 Multiplicative Factor: 0%
	 Eff: 10607
	 DR Bracket: 0
	 Base: 0%
	 Effective Percent: 13,6%
Leech
	 Rating: 3978
	 Multiplicative Factor: 0%
	 Eff: 3978
	 DR Bracket: 0
	 Base: 0%
	 Effective Percent: 3,9%
Avoidance
	 Rating: 0
	 Multiplicative Factor: 0%
	 Eff: 0
	 DR Bracket: 0
	 Base: 0%
	 Effective Percent: 0%
Mastery
	 Rating: 12252
	 Multiplicative Factor: 0%
	 Eff: 22052
	 DR Bracket: 0
	 Base: 21%
	 Effective Percent: 47,25%
----------------------
06:08,877

Intellect
	 Rating: 143666
	 Multiplicative Factor: 12,48%
	 Eff: 143665,99999999994
Stamina
	 Rating: 878116
	 Multiplicative Factor: 11,3%
	 Eff: 878116
Crit
	 Rating: 27602
	 Multiplicative Factor: 0%
	 Eff: 43741,68901479505
	 DR Bracket: 1
	 Base: 24%
	 Effective Percent: 62,49%
	 Crit Inc Heal: 2
	 Crit Inc Damage: 2
Haste
	 Rating: 18285
	 Multiplicative Factor: 0%
	 Eff: 27556,35
	 DR Bracket: 0
	 Base: 11%
	 Effective Percent: 41,75%
Vers
	 Rating: 10607
	 Multiplicative Factor: 0%
	 Eff: 10607
	 DR Bracket: 0
	 Base: 0%
	 Effective Percent: 13,6%
Leech
	 Rating: 3978
	 Multiplicative Factor: 0%
	 Eff: 3978
	 DR Bracket: 0
	 Base: 0%
	 Effective Percent: 3,9%
Avoidance
	 Rating: 0
	 Multiplicative Factor: 0%
	 Eff: 0
	 DR Bracket: 0
	 Base: 0%
	 Effective Percent: 0%
Mastery
	 Rating: 12252
	 Multiplicative Factor: 0%
	 Eff: 22052
	 DR Bracket: 0
	 Base: 21%
	 Effective Percent: 47,25%
----------------------
06:09,929

Intellect
	 Rating: 143666
	 Multiplicative Factor: 12,48%
	 Eff: 143665,99999999994
Stamina
	 Rating: 878116
	 Multiplicative Factor: 11,3%
	 Eff: 878116
Crit
	 Rating: 27602
	 Multiplicative Factor: 0%
	 Eff: 43741,68901479505
	 DR Bracket: 1
	 Base: 24%
	 Effective Percent: 62,49%
	 Crit Inc Heal: 2
	 Crit Inc Damage: 2
Haste
	 Rating: 18285
	 Multiplicative Factor: 0%
	 Eff: 25870,65
	 DR Bracket: 0
	 Base: 9%
	 Effective Percent: 39,2%
Vers
	 Rating: 10607
	 Multiplicative Factor: 0%
	 Eff: 10607
	 DR Bracket: 0
	 Base: 0%
	 Effective Percent: 13,6%
Leech
	 Rating: 3978
	 Multiplicative Factor: 0%
	 Eff: 3978
	 DR Bracket: 0
	 Base: 0%
	 Effective Percent: 3,9%
Avoidance
	 Rating: 0
	 Multiplicative Factor: 0%
	 Eff: 0
	 DR Bracket: 0
	 Base: 0%
	 Effective Percent: 0%
Mastery
	 Rating: 12252
	 Multiplicative Factor: 0%
	 Eff: 22052
	 DR Bracket: 0
	 Base: 21%
	 Effective Percent: 47,25%
----------------------
06:12,249

Intellect
	 Rating: 143666
	 Multiplicative Factor: 12,48%
	 Eff: 143665,99999999994
Stamina
	 Rating: 878116
	 Multiplicative Factor: 11,3%
	 Eff: 878116
Crit
	 Rating: 27602
	 Multiplicative Factor: 0%
	 Eff: 43741,68901479505
	 DR Bracket: 1
	 Base: 24%
	 Effective Percent: 62,49%
	 Crit Inc Heal: 2
	 Crit Inc Damage: 2
Haste
	 Rating: 18285
	 Multiplicative Factor: 0%
	 Eff: 24184,95
	 DR Bracket: 0
	 Base: 7%
	 Effective Percent: 36,64%
Vers
	 Rating: 10607
	 Multiplicative Factor: 0%
	 Eff: 10607
	 DR Bracket: 0
	 Base: 0%
	 Effective Percent: 13,6%
Leech
	 Rating: 3978
	 Multiplicative Factor: 0%
	 Eff: 3978
	 DR Bracket: 0
	 Base: 0%
	 Effective Percent: 3,9%
Avoidance
	 Rating: 0
	 Multiplicative Factor: 0%
	 Eff: 0
	 DR Bracket: 0
	 Base: 0%
	 Effective Percent: 0%
Mastery
	 Rating: 12252
	 Multiplicative Factor: 0%
	 Eff: 22052
	 DR Bracket: 0
	 Base: 21%
	 Effective Percent: 47,25%
----------------------
06:15,036

Intellect
	 Rating: 143666
	 Multiplicative Factor: 12,48%
	 Eff: 143665,99999999994
Stamina
	 Rating: 878116
	 Multiplicative Factor: 11,3%
	 Eff: 878116
Crit
	 Rating: 21617
	 Multiplicative Factor: 0%
	 Eff: 38355,3
	 DR Bracket: 1
	 Base: 24%
	 Effective Percent: 54,79%
	 Crit Inc Heal: 2
	 Crit Inc Damage: 2
Haste
	 Rating: 18285
	 Multiplicative Factor: 0%
	 Eff: 24184,95
	 DR Bracket: 0
	 Base: 7%
	 Effective Percent: 36,64%
Vers
	 Rating: 10607
	 Multiplicative Factor: 0%
	 Eff: 10607
	 DR Bracket: 0
	 Base: 0%
	 Effective Percent: 13,6%
Leech
	 Rating: 3978
	 Multiplicative Factor: 0%
	 Eff: 3978
	 DR Bracket: 0
	 Base: 0%
	 Effective Percent: 3,9%
Avoidance
	 Rating: 0
	 Multiplicative Factor: 0%
	 Eff: 0
	 DR Bracket: 0
	 Base: 0%
	 Effective Percent: 0%
Mastery
	 Rating: 12252
	 Multiplicative Factor: 0%
	 Eff: 22052
	 DR Bracket: 0
	 Base: 21%
	 Effective Percent: 47,25%
----------------------
06:15,229

Intellect
	 Rating: 143666
	 Multiplicative Factor: 12,48%
	 Eff: 143665,99999999994
Stamina
	 Rating: 878116
	 Multiplicative Factor: 11,3%
	 Eff: 878116
Crit
	 Rating: 27602
	 Multiplicative Factor: 0%
	 Eff: 43741,68901479505
	 DR Bracket: 1
	 Base: 24%
	 Effective Percent: 62,49%
	 Crit Inc Heal: 2
	 Crit Inc Damage: 2
Haste
	 Rating: 18285
	 Multiplicative Factor: 0%
	 Eff: 24184,95
	 DR Bracket: 0
	 Base: 7%
	 Effective Percent: 36,64%
Vers
	 Rating: 10607
	 Multiplicative Factor: 0%
	 Eff: 10607
	 DR Bracket: 0
	 Base: 0%
	 Effective Percent: 13,6%
Leech
	 Rating: 3978
	 Multiplicative Factor: 0%
	 Eff: 3978
	 DR Bracket: 0
	 Base: 0%
	 Effective Percent: 3,9%
Avoidance
	 Rating: 0
	 Multiplicative Factor: 0%
	 Eff: 0
	 DR Bracket: 0
	 Base: 0%
	 Effective Percent: 0%
Mastery
	 Rating: 12252
	 Multiplicative Factor: 0%
	 Eff: 22052
	 DR Bracket: 0
	 Base: 21%
	 Effective Percent: 47,25%
----------------------
06:15,970

Intellect
	 Rating: 143666
	 Multiplicative Factor: 12,48%
	 Eff: 143665,99999999994
Stamina
	 Rating: 878116
	 Multiplicative Factor: 11,3%
	 Eff: 878116
Crit
	 Rating: 27602
	 Multiplicative Factor: 0%
	 Eff: 33241,68901479505
	 DR Bracket: 1
	 Base: 9%
	 Effective Percent: 47,49%
	 Crit Inc Heal: 2
	 Crit Inc Damage: 2
Haste
	 Rating: 18285
	 Multiplicative Factor: 0%
	 Eff: 24184,95
	 DR Bracket: 0
	 Base: 7%
	 Effective Percent: 36,64%
Vers
	 Rating: 10607
	 Multiplicative Factor: 0%
	 Eff: 10607
	 DR Bracket: 0
	 Base: 0%
	 Effective Percent: 13,6%
Leech
	 Rating: 3978
	 Multiplicative Factor: 0%
	 Eff: 3978
	 DR Bracket: 0
	 Base: 0%
	 Effective Percent: 3,9%
Avoidance
	 Rating: 0
	 Multiplicative Factor: 0%
	 Eff: 0
	 DR Bracket: 0
	 Base: 0%
	 Effective Percent: 0%
Mastery
	 Rating: 12252
	 Multiplicative Factor: 0%
	 Eff: 22052
	 DR Bracket: 0
	 Base: 21%
	 Effective Percent: 47,25%
----------------------
06:15,996

Intellect
	 Rating: 143666
	 Multiplicative Factor: 12,48%
	 Eff: 143665,99999999994
Stamina
	 Rating: 878116
	 Multiplicative Factor: 11,3%
	 Eff: 878116
Crit
	 Rating: 27602
	 Multiplicative Factor: 0%
	 Eff: 33241,68901479505
	 DR Bracket: 1
	 Base: 9%
	 Effective Percent: 47,49%
	 Crit Inc Heal: 2
	 Crit Inc Damage: 2
Haste
	 Rating: 18285
	 Multiplicative Factor: 0%
	 Eff: 22499,25
	 DR Bracket: 0
	 Base: 5%
	 Effective Percent: 34,09%
Vers
	 Rating: 10607
	 Multiplicative Factor: 0%
	 Eff: 10607
	 DR Bracket: 0
	 Base: 0%
	 Effective Percent: 13,6%
Leech
	 Rating: 3978
	 Multiplicative Factor: 0%
	 Eff: 3978
	 DR Bracket: 0
	 Base: 0%
	 Effective Percent: 3,9%
Avoidance
	 Rating: 0
	 Multiplicative Factor: 0%
	 Eff: 0
	 DR Bracket: 0
	 Base: 0%
	 Effective Percent: 0%
Mastery
	 Rating: 12252
	 Multiplicative Factor: 0%
	 Eff: 22052
	 DR Bracket: 0
	 Base: 21%
	 Effective Percent: 47,25%
----------------------
06:16,093

Intellect
	 Rating: 143666
	 Multiplicative Factor: 12,48%
	 Eff: 143665,99999999994
Stamina
	 Rating: 878116
	 Multiplicative Factor: 11,3%
	 Eff: 878116
Crit
	 Rating: 27602
	 Multiplicative Factor: 0%
	 Eff: 33241,68901479505
	 DR Bracket: 1
	 Base: 9%
	 Effective Percent: 47,49%
	 Crit Inc Heal: 2
	 Crit Inc Damage: 2
Haste
	 Rating: 18285
	 Multiplicative Factor: 0%
	 Eff: 24184,95
	 DR Bracket: 0
	 Base: 7%
	 Effective Percent: 36,64%
Vers
	 Rating: 10607
	 Multiplicative Factor: 0%
	 Eff: 10607
	 DR Bracket: 0
	 Base: 0%
	 Effective Percent: 13,6%
Leech
	 Rating: 3978
	 Multiplicative Factor: 0%
	 Eff: 3978
	 DR Bracket: 0
	 Base: 0%
	 Effective Percent: 3,9%
Avoidance
	 Rating: 0
	 Multiplicative Factor: 0%
	 Eff: 0
	 DR Bracket: 0
	 Base: 0%
	 Effective Percent: 0%
Mastery
	 Rating: 12252
	 Multiplicative Factor: 0%
	 Eff: 22052
	 DR Bracket: 0
	 Base: 21%
	 Effective Percent: 47,25%
----------------------
06:25,218

Intellect
	 Rating: 143666
	 Multiplicative Factor: 12,48%
	 Eff: 143665,99999999994
Stamina
	 Rating: 878116
	 Multiplicative Factor: 11,3%
	 Eff: 878116
Crit
	 Rating: 21617
	 Multiplicative Factor: 0%
	 Eff: 27855,3
	 DR Bracket: 1
	 Base: 9%
	 Effective Percent: 39,79%
	 Crit Inc Heal: 2
	 Crit Inc Damage: 2
Haste
	 Rating: 18285
	 Multiplicative Factor: 0%
	 Eff: 24184,95
	 DR Bracket: 0
	 Base: 7%
	 Effective Percent: 36,64%
Vers
	 Rating: 10607
	 Multiplicative Factor: 0%
	 Eff: 10607
	 DR Bracket: 0
	 Base: 0%
	 Effective Percent: 13,6%
Leech
	 Rating: 3978
	 Multiplicative Factor: 0%
	 Eff: 3978
	 DR Bracket: 0
	 Base: 0%
	 Effective Percent: 3,9%
Avoidance
	 Rating: 0
	 Multiplicative Factor: 0%
	 Eff: 0
	 DR Bracket: 0
	 Base: 0%
	 Effective Percent: 0%
Mastery
	 Rating: 12252
	 Multiplicative Factor: 0%
	 Eff: 22052
	 DR Bracket: 0
	 Base: 21%
	 Effective Percent: 47,25%
----------------------
06:28,092

Intellect
	 Rating: 143666
	 Multiplicative Factor: 12,48%
	 Eff: 143665,99999999994
Stamina
	 Rating: 878116
	 Multiplicative Factor: 11,3%
	 Eff: 878116
Crit
	 Rating: 21617
	 Multiplicative Factor: 0%
	 Eff: 27855,3
	 DR Bracket: 1
	 Base: 9%
	 Effective Percent: 39,79%
	 Crit Inc Heal: 2
	 Crit Inc Damage: 2
Haste
	 Rating: 18285
	 Multiplicative Factor: 0%
	 Eff: 22499,25
	 DR Bracket: 0
	 Base: 5%
	 Effective Percent: 34,09%
Vers
	 Rating: 10607
	 Multiplicative Factor: 0%
	 Eff: 10607
	 DR Bracket: 0
	 Base: 0%
	 Effective Percent: 13,6%
Leech
	 Rating: 3978
	 Multiplicative Factor: 0%
	 Eff: 3978
	 DR Bracket: 0
	 Base: 0%
	 Effective Percent: 3,9%
Avoidance
	 Rating: 0
	 Multiplicative Factor: 0%
	 Eff: 0
	 DR Bracket: 0
	 Base: 0%
	 Effective Percent: 0%
Mastery
	 Rating: 12252
	 Multiplicative Factor: 0%
	 Eff: 22052
	 DR Bracket: 0
	 Base: 21%
	 Effective Percent: 47,25%
----------------------
06:28,177

Intellect
	 Rating: 143666
	 Multiplicative Factor: 12,48%
	 Eff: 143665,99999999994
Stamina
	 Rating: 878116
	 Multiplicative Factor: 11,3%
	 Eff: 878116
Crit
	 Rating: 21617
	 Multiplicative Factor: 0%
	 Eff: 27855,3
	 DR Bracket: 1
	 Base: 9%
	 Effective Percent: 39,79%
	 Crit Inc Heal: 2
	 Crit Inc Damage: 2
Haste
	 Rating: 18285
	 Multiplicative Factor: 0%
	 Eff: 24184,95
	 DR Bracket: 0
	 Base: 7%
	 Effective Percent: 36,64%
Vers
	 Rating: 10607
	 Multiplicative Factor: 0%
	 Eff: 10607
	 DR Bracket: 0
	 Base: 0%
	 Effective Percent: 13,6%
Leech
	 Rating: 3978
	 Multiplicative Factor: 0%
	 Eff: 3978
	 DR Bracket: 0
	 Base: 0%
	 Effective Percent: 3,9%
Avoidance
	 Rating: 0
	 Multiplicative Factor: 0%
	 Eff: 0
	 DR Bracket: 0
	 Base: 0%
	 Effective Percent: 0%
Mastery
	 Rating: 12252
	 Multiplicative Factor: 0%
	 Eff: 22052
	 DR Bracket: 0
	 Base: 21%
	 Effective Percent: 47,25%
----------------------
06:32,711

Intellect
	 Rating: 143666
	 Multiplicative Factor: 12,48%
	 Eff: 143665,99999999994
Stamina
	 Rating: 878116
	 Multiplicative Factor: 11,3%
	 Eff: 878116
Crit
	 Rating: 21617
	 Multiplicative Factor: 0%
	 Eff: 38355,3
	 DR Bracket: 1
	 Base: 24%
	 Effective Percent: 54,79%
	 Crit Inc Heal: 2
	 Crit Inc Damage: 2
Haste
	 Rating: 18285
	 Multiplicative Factor: 0%
	 Eff: 24184,95
	 DR Bracket: 0
	 Base: 7%
	 Effective Percent: 36,64%
Vers
	 Rating: 10607
	 Multiplicative Factor: 0%
	 Eff: 10607
	 DR Bracket: 0
	 Base: 0%
	 Effective Percent: 13,6%
Leech
	 Rating: 3978
	 Multiplicative Factor: 0%
	 Eff: 3978
	 DR Bracket: 0
	 Base: 0%
	 Effective Percent: 3,9%
Avoidance
	 Rating: 0
	 Multiplicative Factor: 0%
	 Eff: 0
	 DR Bracket: 0
	 Base: 0%
	 Effective Percent: 0%
Mastery
	 Rating: 12252
	 Multiplicative Factor: 0%
	 Eff: 22052
	 DR Bracket: 0
	 Base: 21%
	 Effective Percent: 47,25%
----------------------
06:32,738

Intellect
	 Rating: 143666
	 Multiplicative Factor: 12,48%
	 Eff: 143665,99999999994
Stamina
	 Rating: 878116
	 Multiplicative Factor: 11,3%
	 Eff: 878116
Crit
	 Rating: 21617
	 Multiplicative Factor: 0%
	 Eff: 38355,3
	 DR Bracket: 1
	 Base: 24%
	 Effective Percent: 54,79%
	 Crit Inc Heal: 2
	 Crit Inc Damage: 2
Haste
	 Rating: 18285
	 Multiplicative Factor: 0%
	 Eff: 27556,35
	 DR Bracket: 0
	 Base: 11%
	 Effective Percent: 41,75%
Vers
	 Rating: 10607
	 Multiplicative Factor: 0%
	 Eff: 10607
	 DR Bracket: 0
	 Base: 0%
	 Effective Percent: 13,6%
Leech
	 Rating: 3978
	 Multiplicative Factor: 0%
	 Eff: 3978
	 DR Bracket: 0
	 Base: 0%
	 Effective Percent: 3,9%
Avoidance
	 Rating: 0
	 Multiplicative Factor: 0%
	 Eff: 0
	 DR Bracket: 0
	 Base: 0%
	 Effective Percent: 0%
Mastery
	 Rating: 12252
	 Multiplicative Factor: 0%
	 Eff: 22052
	 DR Bracket: 0
	 Base: 21%
	 Effective Percent: 47,25%
----------------------
06:32,738

Intellect
	 Rating: 143666
	 Multiplicative Factor: 12,48%
	 Eff: 143665,99999999994
Stamina
	 Rating: 878116
	 Multiplicative Factor: 11,3%
	 Eff: 878116
Crit
	 Rating: 21617
	 Multiplicative Factor: 0%
	 Eff: 38355,3
	 DR Bracket: 1
	 Base: 24%
	 Effective Percent: 54,79%
	 Crit Inc Heal: 2
	 Crit Inc Damage: 2
Haste
	 Rating: 18285
	 Multiplicative Factor: 0%
	 Eff: 25870,65
	 DR Bracket: 0
	 Base: 9%
	 Effective Percent: 39,2%
Vers
	 Rating: 10607
	 Multiplicative Factor: 0%
	 Eff: 10607
	 DR Bracket: 0
	 Base: 0%
	 Effective Percent: 13,6%
Leech
	 Rating: 3978
	 Multiplicative Factor: 0%
	 Eff: 3978
	 DR Bracket: 0
	 Base: 0%
	 Effective Percent: 3,9%
Avoidance
	 Rating: 0
	 Multiplicative Factor: 0%
	 Eff: 0
	 DR Bracket: 0
	 Base: 0%
	 Effective Percent: 0%
Mastery
	 Rating: 12252
	 Multiplicative Factor: 0%
	 Eff: 22052
	 DR Bracket: 0
	 Base: 21%
	 Effective Percent: 47,25%
----------------------
06:32,771

Intellect
	 Rating: 143666
	 Multiplicative Factor: 12,48%
	 Eff: 143665,99999999994
Stamina
	 Rating: 878116
	 Multiplicative Factor: 11,3%
	 Eff: 878116
Crit
	 Rating: 21617
	 Multiplicative Factor: 0%
	 Eff: 38355,3
	 DR Bracket: 1
	 Base: 24%
	 Effective Percent: 54,79%
	 Crit Inc Heal: 2
	 Crit Inc Damage: 2
Haste
	 Rating: 18285
	 Multiplicative Factor: 0%
	 Eff: 30927,75
	 DR Bracket: 0
	 Base: 15%
	 Effective Percent: 46,86%
Vers
	 Rating: 10607
	 Multiplicative Factor: 0%
	 Eff: 10607
	 DR Bracket: 0
	 Base: 0%
	 Effective Percent: 13,6%
Leech
	 Rating: 3978
	 Multiplicative Factor: 0%
	 Eff: 3978
	 DR Bracket: 0
	 Base: 0%
	 Effective Percent: 3,9%
Avoidance
	 Rating: 0
	 Multiplicative Factor: 0%
	 Eff: 0
	 DR Bracket: 0
	 Base: 0%
	 Effective Percent: 0%
Mastery
	 Rating: 12252
	 Multiplicative Factor: 0%
	 Eff: 22052
	 DR Bracket: 0
	 Base: 21%
	 Effective Percent: 47,25%
----------------------
06:32,771

Intellect
	 Rating: 143666
	 Multiplicative Factor: 12,48%
	 Eff: 143665,99999999994
Stamina
	 Rating: 878116
	 Multiplicative Factor: 11,3%
	 Eff: 878116
Crit
	 Rating: 21617
	 Multiplicative Factor: 0%
	 Eff: 38355,3
	 DR Bracket: 1
	 Base: 24%
	 Effective Percent: 54,79%
	 Crit Inc Heal: 2
	 Crit Inc Damage: 2
Haste
	 Rating: 18285
	 Multiplicative Factor: 0%
	 Eff: 29242,050000000003
	 DR Bracket: 0
	 Base: 13%
	 Effective Percent: 44,31%
Vers
	 Rating: 10607
	 Multiplicative Factor: 0%
	 Eff: 10607
	 DR Bracket: 0
	 Base: 0%
	 Effective Percent: 13,6%
Leech
	 Rating: 3978
	 Multiplicative Factor: 0%
	 Eff: 3978
	 DR Bracket: 0
	 Base: 0%
	 Effective Percent: 3,9%
Avoidance
	 Rating: 0
	 Multiplicative Factor: 0%
	 Eff: 0
	 DR Bracket: 0
	 Base: 0%
	 Effective Percent: 0%
Mastery
	 Rating: 12252
	 Multiplicative Factor: 0%
	 Eff: 22052
	 DR Bracket: 0
	 Base: 21%
	 Effective Percent: 47,25%
----------------------
06:34,708

Intellect
	 Rating: 143666
	 Multiplicative Factor: 12,48%
	 Eff: 143665,99999999994
Stamina
	 Rating: 878116
	 Multiplicative Factor: 11,3%
	 Eff: 878116
Crit
	 Rating: 21617
	 Multiplicative Factor: 0%
	 Eff: 38355,3
	 DR Bracket: 1
	 Base: 24%
	 Effective Percent: 54,79%
	 Crit Inc Heal: 2
	 Crit Inc Damage: 2
Haste
	 Rating: 18285
	 Multiplicative Factor: 0%
	 Eff: 32613,45
	 DR Bracket: 0
	 Base: 17%
	 Effective Percent: 49,41%
Vers
	 Rating: 10607
	 Multiplicative Factor: 0%
	 Eff: 10607
	 DR Bracket: 0
	 Base: 0%
	 Effective Percent: 13,6%
Leech
	 Rating: 3978
	 Multiplicative Factor: 0%
	 Eff: 3978
	 DR Bracket: 0
	 Base: 0%
	 Effective Percent: 3,9%
Avoidance
	 Rating: 0
	 Multiplicative Factor: 0%
	 Eff: 0
	 DR Bracket: 0
	 Base: 0%
	 Effective Percent: 0%
Mastery
	 Rating: 12252
	 Multiplicative Factor: 0%
	 Eff: 22052
	 DR Bracket: 0
	 Base: 21%
	 Effective Percent: 47,25%
----------------------
06:40,208

Intellect
	 Rating: 143666
	 Multiplicative Factor: 12,48%
	 Eff: 143665,99999999994
Stamina
	 Rating: 878116
	 Multiplicative Factor: 11,3%
	 Eff: 878116
Crit
	 Rating: 21617
	 Multiplicative Factor: 0%
	 Eff: 38355,3
	 DR Bracket: 1
	 Base: 24%
	 Effective Percent: 54,79%
	 Crit Inc Heal: 2
	 Crit Inc Damage: 2
Haste
	 Rating: 18285
	 Multiplicative Factor: 0%
	 Eff: 30927,75
	 DR Bracket: 0
	 Base: 15%
	 Effective Percent: 46,86%
Vers
	 Rating: 10607
	 Multiplicative Factor: 0%
	 Eff: 10607
	 DR Bracket: 0
	 Base: 0%
	 Effective Percent: 13,6%
Leech
	 Rating: 3978
	 Multiplicative Factor: 0%
	 Eff: 3978
	 DR Bracket: 0
	 Base: 0%
	 Effective Percent: 3,9%
Avoidance
	 Rating: 0
	 Multiplicative Factor: 0%
	 Eff: 0
	 DR Bracket: 0
	 Base: 0%
	 Effective Percent: 0%
Mastery
	 Rating: 12252
	 Multiplicative Factor: 0%
	 Eff: 22052
	 DR Bracket: 0
	 Base: 21%
	 Effective Percent: 47,25%
----------------------
06:44,766

Intellect
	 Rating: 143666
	 Multiplicative Factor: 12,48%
	 Eff: 143665,99999999994
Stamina
	 Rating: 878116
	 Multiplicative Factor: 11,3%
	 Eff: 878116
Crit
	 Rating: 21617
	 Multiplicative Factor: 0%
	 Eff: 38355,3
	 DR Bracket: 1
	 Base: 24%
	 Effective Percent: 54,79%
	 Crit Inc Heal: 2
	 Crit Inc Damage: 2
Haste
	 Rating: 18285
	 Multiplicative Factor: 0%
	 Eff: 29242,050000000003
	 DR Bracket: 0
	 Base: 13%
	 Effective Percent: 44,31%
Vers
	 Rating: 10607
	 Multiplicative Factor: 0%
	 Eff: 10607
	 DR Bracket: 0
	 Base: 0%
	 Effective Percent: 13,6%
Leech
	 Rating: 3978
	 Multiplicative Factor: 0%
	 Eff: 3978
	 DR Bracket: 0
	 Base: 0%
	 Effective Percent: 3,9%
Avoidance
	 Rating: 0
	 Multiplicative Factor: 0%
	 Eff: 0
	 DR Bracket: 0
	 Base: 0%
	 Effective Percent: 0%
Mastery
	 Rating: 12252
	 Multiplicative Factor: 0%
	 Eff: 22052
	 DR Bracket: 0
	 Base: 21%
	 Effective Percent: 47,25%
----------------------
06:44,766

Intellect
	 Rating: 143666
	 Multiplicative Factor: 12,48%
	 Eff: 143665,99999999994
Stamina
	 Rating: 878116
	 Multiplicative Factor: 11,3%
	 Eff: 878116
Crit
	 Rating: 21617
	 Multiplicative Factor: 0%
	 Eff: 38355,3
	 DR Bracket: 1
	 Base: 24%
	 Effective Percent: 54,79%
	 Crit Inc Heal: 2
	 Crit Inc Damage: 2
Haste
	 Rating: 18285
	 Multiplicative Factor: 0%
	 Eff: 27556,35
	 DR Bracket: 0
	 Base: 11%
	 Effective Percent: 41,75%
Vers
	 Rating: 10607
	 Multiplicative Factor: 0%
	 Eff: 10607
	 DR Bracket: 0
	 Base: 0%
	 Effective Percent: 13,6%
Leech
	 Rating: 3978
	 Multiplicative Factor: 0%
	 Eff: 3978
	 DR Bracket: 0
	 Base: 0%
	 Effective Percent: 3,9%
Avoidance
	 Rating: 0
	 Multiplicative Factor: 0%
	 Eff: 0
	 DR Bracket: 0
	 Base: 0%
	 Effective Percent: 0%
Mastery
	 Rating: 12252
	 Multiplicative Factor: 0%
	 Eff: 22052
	 DR Bracket: 0
	 Base: 21%
	 Effective Percent: 47,25%
----------------------
06:44,767

Intellect
	 Rating: 143666
	 Multiplicative Factor: 12,48%
	 Eff: 143665,99999999994
Stamina
	 Rating: 878116
	 Multiplicative Factor: 11,3%
	 Eff: 878116
Crit
	 Rating: 21617
	 Multiplicative Factor: 0%
	 Eff: 38355,3
	 DR Bracket: 1
	 Base: 24%
	 Effective Percent: 54,79%
	 Crit Inc Heal: 2
	 Crit Inc Damage: 2
Haste
	 Rating: 18285
	 Multiplicative Factor: 0%
	 Eff: 25870,65
	 DR Bracket: 0
	 Base: 9%
	 Effective Percent: 39,2%
Vers
	 Rating: 10607
	 Multiplicative Factor: 0%
	 Eff: 10607
	 DR Bracket: 0
	 Base: 0%
	 Effective Percent: 13,6%
Leech
	 Rating: 3978
	 Multiplicative Factor: 0%
	 Eff: 3978
	 DR Bracket: 0
	 Base: 0%
	 Effective Percent: 3,9%
Avoidance
	 Rating: 0
	 Multiplicative Factor: 0%
	 Eff: 0
	 DR Bracket: 0
	 Base: 0%
	 Effective Percent: 0%
Mastery
	 Rating: 12252
	 Multiplicative Factor: 0%
	 Eff: 22052
	 DR Bracket: 0
	 Base: 21%
	 Effective Percent: 47,25%
----------------------
06:44,767

Intellect
	 Rating: 143666
	 Multiplicative Factor: 12,48%
	 Eff: 143665,99999999994
Stamina
	 Rating: 878116
	 Multiplicative Factor: 11,3%
	 Eff: 878116
Crit
	 Rating: 21617
	 Multiplicative Factor: 0%
	 Eff: 38355,3
	 DR Bracket: 1
	 Base: 24%
	 Effective Percent: 54,79%
	 Crit Inc Heal: 2
	 Crit Inc Damage: 2
Haste
	 Rating: 18285
	 Multiplicative Factor: 0%
	 Eff: 24184,95
	 DR Bracket: 0
	 Base: 7%
	 Effective Percent: 36,64%
Vers
	 Rating: 10607
	 Multiplicative Factor: 0%
	 Eff: 10607
	 DR Bracket: 0
	 Base: 0%
	 Effective Percent: 13,6%
Leech
	 Rating: 3978
	 Multiplicative Factor: 0%
	 Eff: 3978
	 DR Bracket: 0
	 Base: 0%
	 Effective Percent: 3,9%
Avoidance
	 Rating: 0
	 Multiplicative Factor: 0%
	 Eff: 0
	 DR Bracket: 0
	 Base: 0%
	 Effective Percent: 0%
Mastery
	 Rating: 12252
	 Multiplicative Factor: 0%
	 Eff: 22052
	 DR Bracket: 0
	 Base: 21%
	 Effective Percent: 47,25%
----------------------
06:46,695

Intellect
	 Rating: 143666
	 Multiplicative Factor: 12,48%
	 Eff: 143665,99999999994
Stamina
	 Rating: 878116
	 Multiplicative Factor: 11,3%
	 Eff: 878116
Crit
	 Rating: 21617
	 Multiplicative Factor: 0%
	 Eff: 38355,3
	 DR Bracket: 1
	 Base: 24%
	 Effective Percent: 54,79%
	 Crit Inc Heal: 2
	 Crit Inc Damage: 2
Haste
	 Rating: 18285
	 Multiplicative Factor: 0%
	 Eff: 22499,25
	 DR Bracket: 0
	 Base: 5%
	 Effective Percent: 34,09%
Vers
	 Rating: 10607
	 Multiplicative Factor: 0%
	 Eff: 10607
	 DR Bracket: 0
	 Base: 0%
	 Effective Percent: 13,6%
Leech
	 Rating: 3978
	 Multiplicative Factor: 0%
	 Eff: 3978
	 DR Bracket: 0
	 Base: 0%
	 Effective Percent: 3,9%
Avoidance
	 Rating: 0
	 Multiplicative Factor: 0%
	 Eff: 0
	 DR Bracket: 0
	 Base: 0%
	 Effective Percent: 0%
Mastery
	 Rating: 12252
	 Multiplicative Factor: 0%
	 Eff: 22052
	 DR Bracket: 0
	 Base: 21%
	 Effective Percent: 47,25%
----------------------
06:52,700

Intellect
	 Rating: 143666
	 Multiplicative Factor: 12,48%
	 Eff: 143665,99999999994
Stamina
	 Rating: 878116
	 Multiplicative Factor: 11,3%
	 Eff: 878116
Crit
	 Rating: 21617
	 Multiplicative Factor: 0%
	 Eff: 27855,3
	 DR Bracket: 1
	 Base: 9%
	 Effective Percent: 39,79%
	 Crit Inc Heal: 2
	 Crit Inc Damage: 2
Haste
	 Rating: 18285
	 Multiplicative Factor: 0%
	 Eff: 22499,25
	 DR Bracket: 0
	 Base: 5%
	 Effective Percent: 34,09%
Vers
	 Rating: 10607
	 Multiplicative Factor: 0%
	 Eff: 10607
	 DR Bracket: 0
	 Base: 0%
	 Effective Percent: 13,6%
Leech
	 Rating: 3978
	 Multiplicative Factor: 0%
	 Eff: 3978
	 DR Bracket: 0
	 Base: 0%
	 Effective Percent: 3,9%
Avoidance
	 Rating: 0
	 Multiplicative Factor: 0%
	 Eff: 0
	 DR Bracket: 0
	 Base: 0%
	 Effective Percent: 0%
Mastery
	 Rating: 12252
	 Multiplicative Factor: 0%
	 Eff: 22052
	 DR Bracket: 0
	 Base: 21%
	 Effective Percent: 47,25%
----------------------
06:55,039

Intellect
	 Rating: 143666
	 Multiplicative Factor: 12,48%
	 Eff: 143665,99999999994
Stamina
	 Rating: 878116
	 Multiplicative Factor: 11,3%
	 Eff: 878116
Crit
	 Rating: 27602
	 Multiplicative Factor: 0%
	 Eff: 33241,68901479505
	 DR Bracket: 1
	 Base: 9%
	 Effective Percent: 47,49%
	 Crit Inc Heal: 2
	 Crit Inc Damage: 2
Haste
	 Rating: 18285
	 Multiplicative Factor: 0%
	 Eff: 22499,25
	 DR Bracket: 0
	 Base: 5%
	 Effective Percent: 34,09%
Vers
	 Rating: 10607
	 Multiplicative Factor: 0%
	 Eff: 10607
	 DR Bracket: 0
	 Base: 0%
	 Effective Percent: 13,6%
Leech
	 Rating: 3978
	 Multiplicative Factor: 0%
	 Eff: 3978
	 DR Bracket: 0
	 Base: 0%
	 Effective Percent: 3,9%
Avoidance
	 Rating: 0
	 Multiplicative Factor: 0%
	 Eff: 0
	 DR Bracket: 0
	 Base: 0%
	 Effective Percent: 0%
Mastery
	 Rating: 12252
	 Multiplicative Factor: 0%
	 Eff: 22052
	 DR Bracket: 0
	 Base: 21%
	 Effective Percent: 47,25%
----------------------
06:55,515

Intellect
	 Rating: 143666
	 Multiplicative Factor: 12,48%
	 Eff: 143665,99999999994
Stamina
	 Rating: 878116
	 Multiplicative Factor: 11,3%
	 Eff: 878116
Crit
	 Rating: 27602
	 Multiplicative Factor: 0%
	 Eff: 33241,68901479505
	 DR Bracket: 1
	 Base: 9%
	 Effective Percent: 47,49%
	 Crit Inc Heal: 2
	 Crit Inc Damage: 2
Haste
	 Rating: 18285
	 Multiplicative Factor: 0%
	 Eff: 24184,95
	 DR Bracket: 0
	 Base: 7%
	 Effective Percent: 36,64%
Vers
	 Rating: 10607
	 Multiplicative Factor: 0%
	 Eff: 10607
	 DR Bracket: 0
	 Base: 0%
	 Effective Percent: 13,6%
Leech
	 Rating: 3978
	 Multiplicative Factor: 0%
	 Eff: 3978
	 DR Bracket: 0
	 Base: 0%
	 Effective Percent: 3,9%
Avoidance
	 Rating: 0
	 Multiplicative Factor: 0%
	 Eff: 0
	 DR Bracket: 0
	 Base: 0%
	 Effective Percent: 0%
Mastery
	 Rating: 12252
	 Multiplicative Factor: 0%
	 Eff: 22052
	 DR Bracket: 0
	 Base: 21%
	 Effective Percent: 47,25%
----------------------
06:56,658

Intellect
	 Rating: 143666
	 Multiplicative Factor: 12,48%
	 Eff: 143665,99999999994
Stamina
	 Rating: 878116
	 Multiplicative Factor: 11,3%
	 Eff: 878116
Crit
	 Rating: 27602
	 Multiplicative Factor: 0%
	 Eff: 33241,68901479505
	 DR Bracket: 1
	 Base: 9%
	 Effective Percent: 47,49%
	 Crit Inc Heal: 2
	 Crit Inc Damage: 2
Haste
	 Rating: 18285
	 Multiplicative Factor: 0%
	 Eff: 25870,65
	 DR Bracket: 0
	 Base: 9%
	 Effective Percent: 39,2%
Vers
	 Rating: 10607
	 Multiplicative Factor: 0%
	 Eff: 10607
	 DR Bracket: 0
	 Base: 0%
	 Effective Percent: 13,6%
Leech
	 Rating: 3978
	 Multiplicative Factor: 0%
	 Eff: 3978
	 DR Bracket: 0
	 Base: 0%
	 Effective Percent: 3,9%
Avoidance
	 Rating: 0
	 Multiplicative Factor: 0%
	 Eff: 0
	 DR Bracket: 0
	 Base: 0%
	 Effective Percent: 0%
Mastery
	 Rating: 12252
	 Multiplicative Factor: 0%
	 Eff: 22052
	 DR Bracket: 0
	 Base: 21%
	 Effective Percent: 47,25%
----------------------
07:02,013

Intellect
	 Rating: 143666
	 Multiplicative Factor: 12,48%
	 Eff: 143665,99999999994
Stamina
	 Rating: 878116
	 Multiplicative Factor: 11,3%
	 Eff: 878116
Crit
	 Rating: 27602
	 Multiplicative Factor: 0%
	 Eff: 43741,68901479505
	 DR Bracket: 1
	 Base: 24%
	 Effective Percent: 62,49%
	 Crit Inc Heal: 2
	 Crit Inc Damage: 2
Haste
	 Rating: 18285
	 Multiplicative Factor: 0%
	 Eff: 25870,65
	 DR Bracket: 0
	 Base: 9%
	 Effective Percent: 39,2%
Vers
	 Rating: 10607
	 Multiplicative Factor: 0%
	 Eff: 10607
	 DR Bracket: 0
	 Base: 0%
	 Effective Percent: 13,6%
Leech
	 Rating: 3978
	 Multiplicative Factor: 0%
	 Eff: 3978
	 DR Bracket: 0
	 Base: 0%
	 Effective Percent: 3,9%
Avoidance
	 Rating: 0
	 Multiplicative Factor: 0%
	 Eff: 0
	 DR Bracket: 0
	 Base: 0%
	 Effective Percent: 0%
Mastery
	 Rating: 12252
	 Multiplicative Factor: 0%
	 Eff: 22052
	 DR Bracket: 0
	 Base: 21%
	 Effective Percent: 47,25%
----------------------
07:02,058

Intellect
	 Rating: 143666
	 Multiplicative Factor: 12,48%
	 Eff: 143665,99999999994
Stamina
	 Rating: 878116
	 Multiplicative Factor: 11,3%
	 Eff: 878116
Crit
	 Rating: 27602
	 Multiplicative Factor: 0%
	 Eff: 43741,68901479505
	 DR Bracket: 1
	 Base: 24%
	 Effective Percent: 62,49%
	 Crit Inc Heal: 2
	 Crit Inc Damage: 2
Haste
	 Rating: 18285
	 Multiplicative Factor: 0%
	 Eff: 27556,35
	 DR Bracket: 0
	 Base: 11%
	 Effective Percent: 41,75%
Vers
	 Rating: 10607
	 Multiplicative Factor: 0%
	 Eff: 10607
	 DR Bracket: 0
	 Base: 0%
	 Effective Percent: 13,6%
Leech
	 Rating: 3978
	 Multiplicative Factor: 0%
	 Eff: 3978
	 DR Bracket: 0
	 Base: 0%
	 Effective Percent: 3,9%
Avoidance
	 Rating: 0
	 Multiplicative Factor: 0%
	 Eff: 0
	 DR Bracket: 0
	 Base: 0%
	 Effective Percent: 0%
Mastery
	 Rating: 12252
	 Multiplicative Factor: 0%
	 Eff: 22052
	 DR Bracket: 0
	 Base: 21%
	 Effective Percent: 47,25%
----------------------
07:03,523

Intellect
	 Rating: 143666
	 Multiplicative Factor: 12,48%
	 Eff: 143665,99999999994
Stamina
	 Rating: 878116
	 Multiplicative Factor: 11,3%
	 Eff: 878116
Crit
	 Rating: 27602
	 Multiplicative Factor: 0%
	 Eff: 43741,68901479505
	 DR Bracket: 1
	 Base: 24%
	 Effective Percent: 62,49%
	 Crit Inc Heal: 2
	 Crit Inc Damage: 2
Haste
	 Rating: 18285
	 Multiplicative Factor: 0%
	 Eff: 29242,050000000003
	 DR Bracket: 0
	 Base: 13%
	 Effective Percent: 44,31%
Vers
	 Rating: 10607
	 Multiplicative Factor: 0%
	 Eff: 10607
	 DR Bracket: 0
	 Base: 0%
	 Effective Percent: 13,6%
Leech
	 Rating: 3978
	 Multiplicative Factor: 0%
	 Eff: 3978
	 DR Bracket: 0
	 Base: 0%
	 Effective Percent: 3,9%
Avoidance
	 Rating: 0
	 Multiplicative Factor: 0%
	 Eff: 0
	 DR Bracket: 0
	 Base: 0%
	 Effective Percent: 0%
Mastery
	 Rating: 12252
	 Multiplicative Factor: 0%
	 Eff: 22052
	 DR Bracket: 0
	 Base: 21%
	 Effective Percent: 47,25%
----------------------
07:05,052

Intellect
	 Rating: 143666
	 Multiplicative Factor: 12,48%
	 Eff: 143665,99999999994
Stamina
	 Rating: 878116
	 Multiplicative Factor: 11,3%
	 Eff: 878116
Crit
	 Rating: 21617
	 Multiplicative Factor: 0%
	 Eff: 38355,3
	 DR Bracket: 1
	 Base: 24%
	 Effective Percent: 54,79%
	 Crit Inc Heal: 2
	 Crit Inc Damage: 2
Haste
	 Rating: 18285
	 Multiplicative Factor: 0%
	 Eff: 29242,050000000003
	 DR Bracket: 0
	 Base: 13%
	 Effective Percent: 44,31%
Vers
	 Rating: 10607
	 Multiplicative Factor: 0%
	 Eff: 10607
	 DR Bracket: 0
	 Base: 0%
	 Effective Percent: 13,6%
Leech
	 Rating: 3978
	 Multiplicative Factor: 0%
	 Eff: 3978
	 DR Bracket: 0
	 Base: 0%
	 Effective Percent: 3,9%
Avoidance
	 Rating: 0
	 Multiplicative Factor: 0%
	 Eff: 0
	 DR Bracket: 0
	 Base: 0%
	 Effective Percent: 0%
Mastery
	 Rating: 12252
	 Multiplicative Factor: 0%
	 Eff: 22052
	 DR Bracket: 0
	 Base: 21%
	 Effective Percent: 47,25%
----------------------
07:05,654

Intellect
	 Rating: 143666
	 Multiplicative Factor: 12,48%
	 Eff: 143665,99999999994
Stamina
	 Rating: 878116
	 Multiplicative Factor: 11,3%
	 Eff: 878116
Crit
	 Rating: 21617
	 Multiplicative Factor: 0%
	 Eff: 38355,3
	 DR Bracket: 1
	 Base: 24%
	 Effective Percent: 54,79%
	 Crit Inc Heal: 2
	 Crit Inc Damage: 2
Haste
	 Rating: 18285
	 Multiplicative Factor: 0%
	 Eff: 30927,75
	 DR Bracket: 0
	 Base: 15%
	 Effective Percent: 46,86%
Vers
	 Rating: 10607
	 Multiplicative Factor: 0%
	 Eff: 10607
	 DR Bracket: 0
	 Base: 0%
	 Effective Percent: 13,6%
Leech
	 Rating: 3978
	 Multiplicative Factor: 0%
	 Eff: 3978
	 DR Bracket: 0
	 Base: 0%
	 Effective Percent: 3,9%
Avoidance
	 Rating: 0
	 Multiplicative Factor: 0%
	 Eff: 0
	 DR Bracket: 0
	 Base: 0%
	 Effective Percent: 0%
Mastery
	 Rating: 12252
	 Multiplicative Factor: 0%
	 Eff: 22052
	 DR Bracket: 0
	 Base: 21%
	 Effective Percent: 47,25%
----------------------
07:07,534

Intellect
	 Rating: 143666
	 Multiplicative Factor: 12,48%
	 Eff: 143665,99999999994
Stamina
	 Rating: 878116
	 Multiplicative Factor: 11,3%
	 Eff: 878116
Crit
	 Rating: 21617
	 Multiplicative Factor: 0%
	 Eff: 38355,3
	 DR Bracket: 1
	 Base: 24%
	 Effective Percent: 54,79%
	 Crit Inc Heal: 2
	 Crit Inc Damage: 2
Haste
	 Rating: 18285
	 Multiplicative Factor: 0%
	 Eff: 29242,050000000003
	 DR Bracket: 0
	 Base: 13%
	 Effective Percent: 44,31%
Vers
	 Rating: 10607
	 Multiplicative Factor: 0%
	 Eff: 10607
	 DR Bracket: 0
	 Base: 0%
	 Effective Percent: 13,6%
Leech
	 Rating: 3978
	 Multiplicative Factor: 0%
	 Eff: 3978
	 DR Bracket: 0
	 Base: 0%
	 Effective Percent: 3,9%
Avoidance
	 Rating: 0
	 Multiplicative Factor: 0%
	 Eff: 0
	 DR Bracket: 0
	 Base: 0%
	 Effective Percent: 0%
Mastery
	 Rating: 12252
	 Multiplicative Factor: 0%
	 Eff: 22052
	 DR Bracket: 0
	 Base: 21%
	 Effective Percent: 47,25%
